Zeit (TT-MM hh:mm),profile_share
01-01 00:00,1.9188628051471574e-05
01-01 01:00,1.9188628051471574e-05
01-01 02:00,1.535090244117726e-05
01-01 03:00,1.535090244117726e-05
01-01 04:00,1.535090244117726e-05
01-01 05:00,1.535090244117726e-05
01-01 06:00,1.535090244117726e-05
01-01 07:00,2.68640792720602e-05
01-01 08:00,5.37281585441204e-05
01-01 09:00,6.140360976470904e-05
01-01 10:00,6.140360976470904e-05
01-01 11:00,5.37281585441204e-05
01-01 12:00,4.6052707323531776e-05
01-01 13:00,3.4539530492648835e-05
01-01 14:00,2.68640792720602e-05
01-01 15:00,2.3026353661765888e-05
01-01 16:00,2.3026353661765888e-05
01-01 17:00,2.3026353661765888e-05
01-01 18:00,2.3026353661765888e-05
01-01 19:00,2.3026353661765888e-05
01-01 20:00,2.3026353661765888e-05
01-01 21:00,2.3026353661765888e-05
01-01 22:00,2.3026353661765888e-05
01-01 23:00,3.070180488235452e-05
02-01 00:00,9.978086586765219e-05
02-01 01:00,9.978086586765219e-05
02-01 02:00,9.210541464706355e-05
02-01 03:00,0.0001036185914779465
02-01 04:00,0.00011129404269853513
02-01 05:00,0.0001535090244117726
02-01 06:00,0.0002494521646691305
02-01 07:00,0.0002302635366176589
02-01 08:00,0.00016118447563236122
02-01 09:00,0.00014583357319118397
02-01 10:00,0.00025328989027942475
02-01 11:00,0.00019956173173530438
02-01 12:00,0.00019188628051471573
02-01 13:00,0.0001535090244117726
02-01 14:00,0.00014583357319118397
02-01 15:00,0.00014967129880147828
02-01 16:00,0.00020339945734559867
02-01 17:00,0.000207237182955893
02-01 18:00,0.00026864079272060205
02-01 19:00,0.00026480306711030774
02-01 20:00,0.00026864079272060205
02-01 21:00,0.00032620667687501676
02-01 22:00,0.0002571276158897191
02-01 23:00,0.0002839916951617793
03-01 00:00,0.00036074620736766563
03-01 01:00,0.0003338821280956054
03-01 02:00,0.000341557579316194
03-01 03:00,0.0002878294207720736
03-01 04:00,0.0003338821280956054
03-01 05:00,0.000414474365911786
03-01 06:00,0.0005411193110514984
03-01 07:00,0.0005180929573897325
03-01 08:00,0.0004336629939632576
03-01 09:00,0.00033771985370589975
03-01 10:00,0.0003722593841985485
03-01 11:00,0.0003338821280956054
03-01 12:00,0.00032236895126472244
03-01 13:00,0.0002839916951617793
03-01 14:00,0.00029550487199266225
03-01 15:00,0.000280153969551485
03-01 16:00,0.00034923303053678264
03-01 17:00,0.00038377256102943146
03-01 18:00,0.00036074620736766563
03-01 19:00,0.0004413384451838462
03-01 20:00,0.00044517617079414053
03-01 21:00,0.00042214981713237465
03-01 22:00,0.0003645839329779599
03-01 23:00,0.0003031803232132509
04-01 00:00,0.000280153969551485
04-01 01:00,0.00027247851833089637
04-01 02:00,0.0002878294207720736
04-01 03:00,0.0002878294207720736
04-01 04:00,0.00029550487199266225
04-01 05:00,0.0003569084817573713
04-01 06:00,0.0003914480122500201
04-01 07:00,0.0004336629939632576
04-01 08:00,0.00036074620736766563
04-01 09:00,0.0003070180488235452
04-01 10:00,0.000280153969551485
04-01 11:00,0.0002302635366176589
04-01 12:00,0.00022258808539707027
04-01 13:00,0.00021875035978677595
04-01 14:00,0.00017653537807353848
04-01 15:00,0.00017653537807353848
04-01 16:00,0.00019956173173530438
04-01 17:00,0.00019572400612501004
04-01 18:00,0.00016118447563236122
04-01 19:00,0.00016885992685294988
04-01 20:00,0.0001842108292941271
04-01 21:00,0.00017653537807353848
04-01 22:00,0.0001036185914779465
04-01 23:00,7.291678659559198e-05
05-01 00:00,1.9188628051471574e-05
05-01 01:00,1.9188628051471574e-05
05-01 02:00,1.535090244117726e-05
05-01 03:00,1.535090244117726e-05
05-01 04:00,1.535090244117726e-05
05-01 05:00,2.68640792720602e-05
05-01 06:00,5.756588415441472e-05
05-01 07:00,6.524133537500336e-05
05-01 08:00,4.9890432933826096e-05
05-01 09:00,4.221498171323747e-05
05-01 10:00,3.837725610294315e-05
05-01 11:00,3.070180488235452e-05
05-01 12:00,2.3026353661765888e-05
05-01 13:00,2.3026353661765888e-05
05-01 14:00,2.3026353661765888e-05
05-01 15:00,2.3026353661765888e-05
05-01 16:00,2.68640792720602e-05
05-01 17:00,2.68640792720602e-05
05-01 18:00,3.070180488235452e-05
05-01 19:00,3.070180488235452e-05
05-01 20:00,3.4539530492648835e-05
05-01 21:00,4.221498171323747e-05
05-01 22:00,7.291678659559198e-05
05-01 23:00,0.00011513176830882945
06-01 00:00,0.0001036185914779465
06-01 01:00,0.0001036185914779465
06-01 02:00,9.210541464706355e-05
06-01 03:00,0.00013815812197059534
06-01 04:00,0.00016118447563236122
06-01 05:00,0.00019572400612501004
06-01 06:00,0.00023793898783824752
06-01 07:00,0.00023793898783824752
06-01 08:00,0.00024177671344854183
06-01 09:00,0.0002571276158897191
06-01 10:00,0.0002456144390588362
06-01 11:00,0.00019572400612501004
06-01 12:00,0.00016502220124265554
06-01 13:00,0.00016118447563236122
06-01 14:00,0.00016118447563236122
06-01 15:00,0.0001573467500220669
06-01 16:00,0.0001573467500220669
06-01 17:00,0.00021107490856618732
06-01 18:00,0.00021875035978677595
06-01 19:00,0.00021875035978677595
06-01 20:00,0.0002302635366176589
06-01 21:00,0.00022258808539707027
06-01 22:00,0.0001573467500220669
06-01 23:00,0.00020339945734559867
07-01 00:00,0.00017269765246324416
07-01 01:00,0.00022642581100736458
07-01 02:00,0.00021875035978677595
07-01 03:00,0.00022258808539707027
07-01 04:00,0.00023793898783824752
07-01 05:00,0.00026480306711030774
07-01 06:00,0.00033004440248531107
07-01 07:00,0.00029166714638236794
07-01 08:00,0.0003146935000441338
07-01 09:00,0.000280153969551485
07-01 10:00,0.00023793898783824752
07-01 11:00,0.00019572400612501004
07-01 12:00,0.00018037310368383282
07-01 13:00,0.00012664494513971237
07-01 14:00,9.594314025735786e-05
07-01 15:00,0.0001074563170882408
07-01 16:00,0.00011129404269853513
07-01 17:00,0.00011896949391912376
07-01 18:00,0.00013432039636030103
07-01 19:00,0.00014199584758088965
07-01 20:00,0.00013432039636030103
07-01 21:00,0.00012664494513971237
07-01 22:00,6.907906098529767e-05
07-01 23:00,5.756588415441472e-05
08-01 00:00,1.9188628051471574e-05
08-01 01:00,1.9188628051471574e-05
08-01 02:00,1.535090244117726e-05
08-01 03:00,1.535090244117726e-05
08-01 04:00,1.535090244117726e-05
08-01 05:00,3.070180488235452e-05
08-01 06:00,5.756588415441472e-05
08-01 07:00,6.907906098529767e-05
08-01 08:00,5.756588415441472e-05
08-01 09:00,4.9890432933826096e-05
08-01 10:00,4.221498171323747e-05
08-01 11:00,3.4539530492648835e-05
08-01 12:00,2.68640792720602e-05
08-01 13:00,2.3026353661765888e-05
08-01 14:00,2.3026353661765888e-05
08-01 15:00,2.3026353661765888e-05
08-01 16:00,3.070180488235452e-05
08-01 17:00,3.070180488235452e-05
08-01 18:00,4.221498171323747e-05
08-01 19:00,4.221498171323747e-05
08-01 20:00,9.210541464706355e-05
08-01 21:00,8.826768903676924e-05
08-01 22:00,8.059223781618061e-05
08-01 23:00,7.67545122058863e-05
09-01 00:00,0.00013815812197059534
09-01 01:00,0.00012664494513971237
09-01 02:00,0.00014199584758088965
09-01 03:00,0.00014199584758088965
09-01 04:00,0.00014967129880147828
09-01 05:00,0.0001842108292941271
09-01 06:00,0.000280153969551485
09-01 07:00,0.0002839916951617793
09-01 08:00,0.00024177671344854183
09-01 09:00,0.0002341012622279532
09-01 10:00,0.00026096534150001343
09-01 11:00,0.00021107490856618732
09-01 12:00,0.00018804855490442144
09-01 13:00,0.00019188628051471573
09-01 14:00,0.0001573467500220669
09-01 15:00,0.00014199584758088965
09-01 16:00,0.00019572400612501004
09-01 17:00,0.00019956173173530438
09-01 18:00,0.00022258808539707027
09-01 19:00,0.0002302635366176589
09-01 20:00,0.0001842108292941271
09-01 21:00,0.0001842108292941271
09-01 22:00,0.00014199584758088965
09-01 23:00,0.00011129404269853513
10-01 00:00,0.00011129404269853513
10-01 01:00,0.00014583357319118397
10-01 02:00,0.00014583357319118397
10-01 03:00,0.00016502220124265554
10-01 04:00,0.00016885992685294988
10-01 05:00,0.00022642581100736458
10-01 06:00,0.00033771985370589975
10-01 07:00,0.0003722593841985485
10-01 08:00,0.00032620667687501676
10-01 09:00,0.0003108557744338395
10-01 10:00,0.0003031803232132509
10-01 11:00,0.0002839916951617793
10-01 12:00,0.00024177671344854183
10-01 13:00,0.00021875035978677595
10-01 14:00,0.00024177671344854183
10-01 15:00,0.000207237182955893
10-01 16:00,0.000280153969551485
10-01 17:00,0.00029550487199266225
10-01 18:00,0.00033004440248531107
10-01 19:00,0.00036074620736766563
10-01 20:00,0.0003338821280956054
10-01 21:00,0.0003760971098088429
10-01 22:00,0.0002763162439411907
10-01 23:00,0.0002494521646691305
11-01 00:00,0.00023793898783824752
11-01 01:00,0.0002302635366176589
11-01 02:00,0.00022642581100736458
11-01 03:00,0.00026864079272060205
11-01 04:00,0.00024177671344854183
11-01 05:00,0.0003070180488235452
11-01 06:00,0.0004336629939632576
11-01 07:00,0.0003876102866397258
11-01 08:00,0.0003569084817573713
11-01 09:00,0.00033004440248531107
11-01 10:00,0.0003108557744338395
11-01 11:00,0.00033771985370589975
11-01 12:00,0.00026096534150001343
11-01 13:00,0.00022258808539707027
11-01 14:00,0.000207237182955893
11-01 15:00,0.00016118447563236122
11-01 16:00,0.00014199584758088965
11-01 17:00,0.00014967129880147828
11-01 18:00,0.0001573467500220669
11-01 19:00,0.00016502220124265554
11-01 20:00,0.00017269765246324416
11-01 21:00,0.00014583357319118397
11-01 22:00,9.594314025735786e-05
11-01 23:00,6.907906098529767e-05
12-01 00:00,1.535090244117726e-05
12-01 01:00,1.1513176830882944e-05
12-01 02:00,1.1513176830882944e-05
12-01 03:00,1.1513176830882944e-05
12-01 04:00,1.9188628051471574e-05
12-01 05:00,3.070180488235452e-05
12-01 06:00,5.756588415441472e-05
12-01 07:00,5.756588415441472e-05
12-01 08:00,5.756588415441472e-05
12-01 09:00,4.9890432933826096e-05
12-01 10:00,4.221498171323747e-05
12-01 11:00,2.68640792720602e-05
12-01 12:00,2.3026353661765888e-05
12-01 13:00,1.9188628051471574e-05
12-01 14:00,1.9188628051471574e-05
12-01 15:00,1.9188628051471574e-05
12-01 16:00,3.070180488235452e-05
12-01 17:00,3.070180488235452e-05
12-01 18:00,2.68640792720602e-05
12-01 19:00,2.68640792720602e-05
12-01 20:00,2.68640792720602e-05
12-01 21:00,2.68640792720602e-05
12-01 22:00,2.68640792720602e-05
12-01 23:00,2.3026353661765888e-05
13-01 00:00,1.9188628051471574e-05
13-01 01:00,1.9188628051471574e-05
13-01 02:00,1.535090244117726e-05
13-01 03:00,1.535090244117726e-05
13-01 04:00,1.535090244117726e-05
13-01 05:00,1.535090244117726e-05
13-01 06:00,1.535090244117726e-05
13-01 07:00,2.68640792720602e-05
13-01 08:00,5.37281585441204e-05
13-01 09:00,5.756588415441472e-05
13-01 10:00,5.756588415441472e-05
13-01 11:00,5.37281585441204e-05
13-01 12:00,4.6052707323531776e-05
13-01 13:00,3.837725610294315e-05
13-01 14:00,2.68640792720602e-05
13-01 15:00,1.9188628051471574e-05
13-01 16:00,2.3026353661765888e-05
13-01 17:00,2.3026353661765888e-05
13-01 18:00,2.3026353661765888e-05
13-01 19:00,2.3026353661765888e-05
13-01 20:00,2.3026353661765888e-05
13-01 21:00,2.3026353661765888e-05
13-01 22:00,2.3026353661765888e-05
13-01 23:00,1.9188628051471574e-05
14-01 00:00,4.9890432933826096e-05
14-01 01:00,4.6052707323531776e-05
14-01 02:00,4.6052707323531776e-05
14-01 03:00,4.6052707323531776e-05
14-01 04:00,5.756588415441472e-05
14-01 05:00,9.978086586765219e-05
14-01 06:00,0.00018804855490442144
14-01 07:00,0.00017653537807353848
14-01 08:00,0.0002149126341764816
14-01 09:00,0.0002494521646691305
14-01 10:00,0.0002494521646691305
14-01 11:00,0.00018804855490442144
14-01 12:00,0.0001842108292941271
14-01 13:00,0.00016885992685294988
14-01 14:00,0.00014199584758088965
14-01 15:00,0.00019572400612501004
14-01 16:00,0.000207237182955893
14-01 17:00,0.0002571276158897191
14-01 18:00,0.0002456144390588362
14-01 19:00,0.0002494521646691305
14-01 20:00,0.0002763162439411907
14-01 21:00,0.00026096534150001343
14-01 22:00,0.00021107490856618732
14-01 23:00,0.00019188628051471573
15-01 00:00,0.00016502220124265554
15-01 01:00,0.0001228072195294181
15-01 02:00,0.00011129404269853513
15-01 03:00,0.00011513176830882945
15-01 04:00,0.00013432039636030103
15-01 05:00,0.00016118447563236122
15-01 06:00,0.00016118447563236122
15-01 07:00,0.0001573467500220669
15-01 08:00,0.00013815812197059534
15-01 09:00,0.00013432039636030103
15-01 10:00,0.00012664494513971237
15-01 11:00,0.0001228072195294181
15-01 12:00,9.594314025735786e-05
15-01 13:00,6.524133537500336e-05
15-01 14:00,6.140360976470904e-05
15-01 15:00,6.140360976470904e-05
15-01 16:00,7.291678659559198e-05
15-01 17:00,6.524133537500336e-05
15-01 18:00,6.907906098529767e-05
15-01 19:00,8.059223781618061e-05
15-01 20:00,7.67545122058863e-05
15-01 21:00,8.442996342647494e-05
15-01 22:00,5.37281585441204e-05
15-01 23:00,4.221498171323747e-05
16-01 00:00,1.9188628051471574e-05
16-01 01:00,1.535090244117726e-05
16-01 02:00,1.1513176830882944e-05
16-01 03:00,1.1513176830882944e-05
16-01 04:00,1.1513176830882944e-05
16-01 05:00,1.9188628051471574e-05
16-01 06:00,4.9890432933826096e-05
16-01 07:00,5.37281585441204e-05
16-01 08:00,4.6052707323531776e-05
16-01 09:00,3.837725610294315e-05
16-01 10:00,3.070180488235452e-05
16-01 11:00,2.3026353661765888e-05
16-01 12:00,1.9188628051471574e-05
16-01 13:00,1.535090244117726e-05
16-01 14:00,1.535090244117726e-05
16-01 15:00,1.535090244117726e-05
16-01 16:00,1.9188628051471574e-05
16-01 17:00,1.9188628051471574e-05
16-01 18:00,1.9188628051471574e-05
16-01 19:00,2.3026353661765888e-05
16-01 20:00,2.3026353661765888e-05
16-01 21:00,2.68640792720602e-05
16-01 22:00,3.4539530492648835e-05
16-01 23:00,3.070180488235452e-05
17-01 00:00,7.67545122058863e-05
17-01 01:00,6.524133537500336e-05
17-01 02:00,7.291678659559198e-05
17-01 03:00,6.907906098529767e-05
17-01 04:00,3.4539530492648835e-05
17-01 05:00,5.37281585441204e-05
17-01 06:00,8.826768903676924e-05
17-01 07:00,9.594314025735786e-05
17-01 08:00,8.059223781618061e-05
17-01 09:00,6.907906098529767e-05
17-01 10:00,6.140360976470904e-05
17-01 11:00,5.37281585441204e-05
17-01 12:00,4.6052707323531776e-05
17-01 13:00,4.221498171323747e-05
17-01 14:00,4.221498171323747e-05
17-01 15:00,4.221498171323747e-05
17-01 16:00,4.9890432933826096e-05
17-01 17:00,4.9890432933826096e-05
17-01 18:00,6.140360976470904e-05
17-01 19:00,0.0001573467500220669
17-01 20:00,0.00016502220124265554
17-01 21:00,0.00013815812197059534
17-01 22:00,9.594314025735786e-05
17-01 23:00,0.00013048267075000671
18-01 00:00,0.00017269765246324416
18-01 01:00,0.00021107490856618732
18-01 02:00,0.00020339945734559867
18-01 03:00,0.00025328989027942475
18-01 04:00,0.0003146935000441338
18-01 05:00,0.000341557579316194
18-01 06:00,0.0004682025244559064
18-01 07:00,0.0004490138964044348
18-01 08:00,0.00045668934762502347
18-01 09:00,0.0004259875427426689
18-01 10:00,0.0003453953049264883
18-01 11:00,0.0003338821280956054
18-01 12:00,0.0003146935000441338
18-01 13:00,0.0002571276158897191
18-01 14:00,0.00026096534150001343
18-01 15:00,0.00024177671344854183
18-01 16:00,0.0003799348354191372
18-01 17:00,0.0003760971098088429
18-01 18:00,0.0003645839329779599
18-01 19:00,0.00034923303053678264
18-01 20:00,0.00040679891469119734
18-01 21:00,0.0003722593841985485
18-01 22:00,0.00025328989027942475
18-01 23:00,0.0002302635366176589
19-01 00:00,0.00021875035978677595
19-01 01:00,0.00022258808539707027
19-01 02:00,0.00020339945734559867
19-01 03:00,0.00024177671344854183
19-01 04:00,0.00026480306711030774
19-01 05:00,0.0003645839329779599
19-01 06:00,0.00048355342689708367
19-01 07:00,0.0005449570366617927
19-01 08:00,0.0005065797805588495
19-01 09:00,0.0004643647988456121
19-01 10:00,0.00042214981713237465
19-01 11:00,0.00036074620736766563
19-01 12:00,0.00029166714638236794
19-01 13:00,0.00029934259760295656
19-01 14:00,0.00029166714638236794
19-01 15:00,0.00032236895126472244
19-01 16:00,0.0003684216585882542
19-01 17:00,0.0003876102866397258
19-01 18:00,0.0005027420549485552
19-01 19:00,0.000498904329338261
19-01 20:00,0.0005180929573897325
19-01 21:00,0.0005679833903235586
19-01 22:00,0.0004298252683529632
19-01 23:00,0.00045285162201472916
20-01 00:00,0.0005372815854412041
20-01 01:00,0.0005219306830000269
20-01 02:00,0.0005756588415441472
20-01 03:00,0.0005564702134926757
20-01 04:00,0.0005986851952059131
20-01 05:00,0.0008750014391471038
20-01 06:00,0.0009786200306250504
20-01 07:00,0.001013159561117699
20-01 08:00,0.0009709445794044616
20-01 09:00,0.0008442996342647493
20-01 10:00,0.0008366241830441607
20-01 11:00,0.0006677642561912108
20-01 12:00,0.0005641456647132643
20-01 13:00,0.000498904329338261
20-01 14:00,0.000498904329338261
20-01 15:00,0.000548794762272087
20-01 16:00,0.0007023037866838597
20-01 17:00,0.0006677642561912108
20-01 18:00,0.0006946283354632711
20-01 19:00,0.0007675451220588629
20-01 20:00,0.0008481373598750436
20-01 21:00,0.0008059223781618062
20-01 22:00,0.0005449570366617927
20-01 23:00,0.0004643647988456121
21-01 00:00,0.00045668934762502347
21-01 01:00,0.00045285162201472916
21-01 02:00,0.00045285162201472916
21-01 03:00,0.0004912288781176723
21-01 04:00,0.0005257684086103211
21-01 05:00,0.0006677642561912108
21-01 06:00,0.0008941900671985754
21-01 07:00,0.0008673259879265152
21-01 08:00,0.0008903523415882811
21-01 09:00,0.0007637073964485686
21-01 10:00,0.0007406810427868028
21-01 11:00,0.0007637073964485686
21-01 12:00,0.0007023037866838597
21-01 13:00,0.0007099792379044482
21-01 14:00,0.0006907906098529766
21-01 15:00,0.0006869528842426823
21-01 16:00,0.0007138169635147426
21-01 17:00,0.0007253301403456255
21-01 18:00,0.0008519750854853378
21-01 19:00,0.000828948731823572
21-01 20:00,0.0008327864574338662
21-01 21:00,0.0008212732806029833
21-01 22:00,0.0005986851952059131
21-01 23:00,0.0005449570366617927
22-01 00:00,0.000548794762272087
22-01 01:00,0.0005641456647132643
22-01 02:00,0.0005641456647132643
22-01 03:00,0.0006600888049706221
22-01 04:00,0.000683115158632388
22-01 05:00,0.0008327864574338662
22-01 06:00,0.0010054841098971104
22-01 07:00,0.0009479182257426958
22-01 08:00,0.0008596505367059264
22-01 09:00,0.0008251110062132777
22-01 10:00,0.0007828960245000402
22-01 11:00,0.0007406810427868028
22-01 12:00,0.000548794762272087
22-01 13:00,0.0005296061342206155
22-01 14:00,0.000548794762272087
22-01 15:00,0.0005526324878823814
22-01 16:00,0.0006409001769191506
22-01 17:00,0.0006524133537500335
22-01 18:00,0.000779058298889746
22-01 19:00,0.0007713828476691573
22-01 20:00,0.0008327864574338662
22-01 21:00,0.0009095409696397526
22-01 22:00,0.0005833342927647359
22-01 23:00,0.0005871720183750302
23-01 00:00,0.0005871720183750302
23-01 01:00,0.0005756588415441472
23-01 02:00,0.0006600888049706221
23-01 03:00,0.0006063606464265018
23-01 04:00,0.0006716019818015051
23-01 05:00,0.0009057032440294583
23-01 06:00,0.0012127212928530035
23-01 07:00,0.0011436422318677059
23-01 08:00,0.0009632691281838731
23-01 09:00,0.0009364050489118128
23-01 10:00,0.0009939709330662274
23-01 11:00,0.0009364050489118128
23-01 12:00,0.0008212732806029833
23-01 13:00,0.0008404619086544549
23-01 14:00,0.0008327864574338662
23-01 15:00,0.0008596505367059264
23-01 16:00,0.0009517559513529901
23-01 17:00,0.0009709445794044616
23-01 18:00,0.000901865518419164
23-01 19:00,0.0009479182257426958
23-01 20:00,0.0009671068537941673
23-01 21:00,0.0009248918720809299
23-01 22:00,0.0006562510793603279
23-01 23:00,0.00056030793910297
24-01 00:00,0.0004375007195735519
24-01 01:00,0.00045285162201472916
24-01 02:00,0.00044517617079414053
24-01 03:00,0.0004490138964044348
24-01 04:00,0.0004950666037279667
24-01 05:00,0.0007214924147353313
24-01 06:00,0.0009709445794044616
24-01 07:00,0.0008865146159779867
24-01 08:00,0.000828948731823572
24-01 09:00,0.00075603194522798
24-01 10:00,0.0007521942196176858
24-01 11:00,0.0006600888049706221
24-01 12:00,0.0007214924147353313
24-01 13:00,0.0007330055915662142
24-01 14:00,0.0007253301403456255
24-01 15:00,0.0007061415122941539
24-01 16:00,0.0007214924147353313
24-01 17:00,0.0007291678659559198
24-01 18:00,0.000779058298889746
24-01 19:00,0.000744518768397097
24-01 20:00,0.0007406810427868028
24-01 21:00,0.0007867337501103346
24-01 22:00,0.0006140360976470904
24-01 23:00,0.0004720402500662008
25-01 00:00,0.0005065797805588495
25-01 01:00,0.0005334438598309098
25-01 02:00,0.0005142552317794382
25-01 03:00,0.0005180929573897325
25-01 04:00,0.0005372815854412041
25-01 05:00,0.0006907906098529766
25-01 06:00,0.0009555936769632844
25-01 07:00,0.0009555936769632844
25-01 08:00,0.0008596505367059264
25-01 09:00,0.0006984660610735653
25-01 10:00,0.0007099792379044482
25-01 11:00,0.0007330055915662142
25-01 12:00,0.0006447379025294449
25-01 13:00,0.0007214924147353313
25-01 14:00,0.0006754397074117995
25-01 15:00,0.0006025229208162074
25-01 16:00,0.0007061415122941539
25-01 17:00,0.0007406810427868028
25-01 18:00,0.0007406810427868028
25-01 19:00,0.0007944092013309231
25-01 20:00,0.0007368433171765084
25-01 21:00,0.0007828960245000402
25-01 22:00,0.0005526324878823814
25-01 23:00,0.00045285162201472916
26-01 00:00,0.0003645839329779599
26-01 01:00,0.00035307075614707695
26-01 02:00,0.000341557579316194
26-01 03:00,0.00035307075614707695
26-01 04:00,0.00035307075614707695
26-01 05:00,0.0004490138964044348
26-01 06:00,0.00056030793910297
26-01 07:00,0.0005219306830000269
26-01 08:00,0.0004336629939632576
26-01 09:00,0.00039528573786031445
26-01 10:00,0.00032236895126472244
26-01 11:00,0.00033004440248531107
26-01 12:00,0.000280153969551485
26-01 13:00,0.00025328989027942475
26-01 14:00,0.0002763162439411907
26-01 15:00,0.00026096534150001343
26-01 16:00,0.0002839916951617793
26-01 17:00,0.00036074620736766563
26-01 18:00,0.00036074620736766563
26-01 19:00,0.0003338821280956054
26-01 20:00,0.00032620667687501676
26-01 21:00,0.00033771985370589975
26-01 22:00,0.00017653537807353848
26-01 23:00,0.00013815812197059534
27-01 00:00,3.4539530492648835e-05
27-01 01:00,3.4539530492648835e-05
27-01 02:00,7.67545122058863e-05
27-01 03:00,7.291678659559198e-05
27-01 04:00,8.059223781618061e-05
27-01 05:00,0.00013815812197059534
27-01 06:00,0.0001535090244117726
27-01 07:00,0.00011513176830882945
27-01 08:00,0.00013815812197059534
27-01 09:00,0.00013432039636030103
27-01 10:00,0.00013048267075000671
27-01 11:00,7.67545122058863e-05
27-01 12:00,7.291678659559198e-05
27-01 13:00,6.524133537500336e-05
27-01 14:00,5.37281585441204e-05
27-01 15:00,4.9890432933826096e-05
27-01 16:00,5.756588415441472e-05
27-01 17:00,4.9890432933826096e-05
27-01 18:00,6.907906098529767e-05
27-01 19:00,5.756588415441472e-05
27-01 20:00,6.524133537500336e-05
27-01 21:00,5.756588415441472e-05
27-01 22:00,4.6052707323531776e-05
27-01 23:00,3.837725610294315e-05
28-01 00:00,4.9890432933826096e-05
28-01 01:00,4.221498171323747e-05
28-01 02:00,4.6052707323531776e-05
28-01 03:00,4.6052707323531776e-05
28-01 04:00,9.210541464706355e-05
28-01 05:00,0.0001228072195294181
28-01 06:00,0.00022642581100736458
28-01 07:00,0.0002494521646691305
28-01 08:00,0.0002494521646691305
28-01 09:00,0.00022642581100736458
28-01 10:00,0.00017653537807353848
28-01 11:00,0.00012664494513971237
28-01 12:00,0.00011129404269853513
28-01 13:00,9.210541464706355e-05
28-01 14:00,7.67545122058863e-05
28-01 15:00,7.291678659559198e-05
28-01 16:00,9.210541464706355e-05
28-01 17:00,0.00013815812197059534
28-01 18:00,0.0001842108292941271
28-01 19:00,0.00020339945734559867
28-01 20:00,0.00019188628051471573
28-01 21:00,0.0001842108292941271
28-01 22:00,0.00014583357319118397
28-01 23:00,0.00013815812197059534
29-01 00:00,0.00022642581100736458
29-01 01:00,0.00016502220124265554
29-01 02:00,0.00018804855490442144
29-01 03:00,0.0002149126341764816
29-01 04:00,0.00022642581100736458
29-01 05:00,0.0003453953049264883
29-01 06:00,0.00045285162201472916
29-01 07:00,0.0004682025244559064
29-01 08:00,0.0004336629939632576
29-01 09:00,0.0003876102866397258
29-01 10:00,0.000341557579316194
29-01 11:00,0.00029934259760295656
29-01 12:00,0.0002494521646691305
29-01 13:00,0.0002456144390588362
29-01 14:00,0.00019572400612501004
29-01 15:00,0.00024177671344854183
29-01 16:00,0.0002571276158897191
29-01 17:00,0.00026480306711030774
29-01 18:00,0.0003070180488235452
29-01 19:00,0.00032620667687501676
29-01 20:00,0.0003760971098088429
29-01 21:00,0.0004413384451838462
29-01 22:00,0.00029934259760295656
29-01 23:00,0.0003108557744338395
30-01 00:00,0.00033771985370589975
30-01 01:00,0.00039528573786031445
30-01 02:00,0.0003684216585882542
30-01 03:00,0.0004029611890809031
30-01 04:00,0.0004259875427426689
30-01 05:00,0.0005564702134926757
30-01 06:00,0.0006409001769191506
30-01 07:00,0.0006409001769191506
30-01 08:00,0.0005679833903235586
30-01 09:00,0.00048355342689708367
30-01 10:00,0.00044517617079414053
30-01 11:00,0.0003799348354191372
30-01 12:00,0.0003185312256544282
30-01 13:00,0.0003108557744338395
30-01 14:00,0.0003031803232132509
30-01 15:00,0.0003108557744338395
30-01 16:00,0.00039912346347060877
30-01 17:00,0.00039528573786031445
30-01 18:00,0.00040679891469119734
30-01 19:00,0.000498904329338261
30-01 20:00,0.0004720402500662008
30-01 21:00,0.00042214981713237465
30-01 22:00,0.00029934259760295656
30-01 23:00,0.00032236895126472244
31-01 00:00,0.0003070180488235452
31-01 01:00,0.00029166714638236794
31-01 02:00,0.00029934259760295656
31-01 03:00,0.0003108557744338395
31-01 04:00,0.00033771985370589975
31-01 05:00,0.0004259875427426689
31-01 06:00,0.0005718211159338529
31-01 07:00,0.0005526324878823814
31-01 08:00,0.0004950666037279667
31-01 09:00,0.0004413384451838462
31-01 10:00,0.00041831209152208034
31-01 11:00,0.00032620667687501676
31-01 12:00,0.0002839916951617793
31-01 13:00,0.000207237182955893
31-01 14:00,0.0002149126341764816
31-01 15:00,0.00026864079272060205
31-01 16:00,0.00026864079272060205
31-01 17:00,0.0003645839329779599
31-01 18:00,0.00044517617079414053
31-01 19:00,0.0005180929573897325
31-01 20:00,0.0005257684086103211
31-01 21:00,0.0006101983720367961
31-01 22:00,0.0005372815854412041
31-01 23:00,0.0005910097439853245
01-02 00:00,0.0007406810427868028
01-02 01:00,0.00075603194522798
01-02 02:00,0.0007214924147353313
01-02 03:00,0.0007061415122941539
01-02 04:00,0.0007637073964485686
01-02 05:00,0.0009632691281838731
01-02 06:00,0.0012395853721250635
01-02 07:00,0.0011666685855294717
01-02 08:00,0.001047699091610348
01-02 09:00,0.000878839164757398
01-02 10:00,0.0008481373598750436
01-02 11:00,0.0007214924147353313
01-02 12:00,0.0005986851952059131
01-02 13:00,0.0005871720183750302
01-02 14:00,0.0005679833903235586
01-02 15:00,0.0005756588415441472
01-02 16:00,0.0006524133537500335
01-02 17:00,0.0006946283354632711
01-02 18:00,0.0006792774330220937
01-02 19:00,0.0006562510793603279
01-02 20:00,0.0007253301403456255
01-02 21:00,0.0007521942196176858
01-02 22:00,0.00045285162201472916
01-02 23:00,0.00040679891469119734
02-02 00:00,0.00029550487199266225
02-02 01:00,0.00025328989027942475
02-02 02:00,0.00029166714638236794
02-02 03:00,0.0002839916951617793
02-02 04:00,0.0003185312256544282
02-02 05:00,0.00032236895126472244
02-02 06:00,0.0004643647988456121
02-02 07:00,0.0004375007195735519
02-02 08:00,0.00032620667687501676
02-02 09:00,0.0003185312256544282
02-02 10:00,0.0003146935000441338
02-02 11:00,0.0003185312256544282
02-02 12:00,0.00026864079272060205
02-02 13:00,0.00024177671344854183
02-02 14:00,0.00025328989027942475
02-02 15:00,0.00025328989027942475
02-02 16:00,0.0002571276158897191
02-02 17:00,0.00033004440248531107
02-02 18:00,0.0003146935000441338
02-02 19:00,0.00032620667687501676
02-02 20:00,0.00036074620736766563
02-02 21:00,0.00029934259760295656
02-02 22:00,0.00020339945734559867
02-02 23:00,0.00016502220124265554
03-02 00:00,0.00013815812197059534
03-02 01:00,0.00017653537807353848
03-02 02:00,0.00017269765246324416
03-02 03:00,0.00016885992685294988
03-02 04:00,0.00017653537807353848
03-02 05:00,0.00020339945734559867
03-02 06:00,0.00025328989027942475
03-02 07:00,0.0002494521646691305
03-02 08:00,0.0002149126341764816
03-02 09:00,0.0002149126341764816
03-02 10:00,0.00016118447563236122
03-02 11:00,0.00011513176830882945
03-02 12:00,9.978086586765219e-05
03-02 13:00,8.826768903676924e-05
03-02 14:00,7.67545122058863e-05
03-02 15:00,8.059223781618061e-05
03-02 16:00,8.442996342647494e-05
03-02 17:00,8.442996342647494e-05
03-02 18:00,8.826768903676924e-05
03-02 19:00,0.0001036185914779465
03-02 20:00,9.978086586765219e-05
03-02 21:00,9.594314025735786e-05
03-02 22:00,5.37281585441204e-05
03-02 23:00,4.6052707323531776e-05
04-02 00:00,7.67545122058863e-05
04-02 01:00,0.0001228072195294181
04-02 02:00,0.00014583357319118397
04-02 03:00,0.00017269765246324416
04-02 04:00,0.00018037310368383282
04-02 05:00,0.0002341012622279532
04-02 06:00,0.00038377256102943146
04-02 07:00,0.000414474365911786
04-02 08:00,0.00038377256102943146
04-02 09:00,0.00035307075614707695
04-02 10:00,0.00034923303053678264
04-02 11:00,0.0003453953049264883
04-02 12:00,0.00034923303053678264
04-02 13:00,0.0003146935000441338
04-02 14:00,0.00029934259760295656
04-02 15:00,0.00029934259760295656
04-02 16:00,0.0003070180488235452
04-02 17:00,0.0003453953049264883
04-02 18:00,0.0003760971098088429
04-02 19:00,0.00041831209152208034
04-02 20:00,0.0003684216585882542
04-02 21:00,0.0003799348354191372
04-02 22:00,0.00026096534150001343
04-02 23:00,0.0002456144390588362
05-02 00:00,0.00025328989027942475
05-02 01:00,0.00025328989027942475
05-02 02:00,0.0002456144390588362
05-02 03:00,0.00025328989027942475
05-02 04:00,0.00026864079272060205
05-02 05:00,0.00040679891469119734
05-02 06:00,0.0005641456647132643
05-02 07:00,0.0005794965671544416
05-02 08:00,0.0004950666037279667
05-02 09:00,0.00041063664030149165
05-02 10:00,0.0003914480122500201
05-02 11:00,0.0003722593841985485
05-02 12:00,0.0003338821280956054
05-02 13:00,0.0003185312256544282
05-02 14:00,0.00033004440248531107
05-02 15:00,0.0003453953049264883
05-02 16:00,0.00041063664030149165
05-02 17:00,0.0003914480122500201
05-02 18:00,0.000487391152507378
05-02 19:00,0.0004605270732353178
05-02 20:00,0.00048355342689708367
05-02 21:00,0.00047971570128678935
05-02 22:00,0.0003645839329779599
05-02 23:00,0.00032620667687501676
06-02 00:00,0.0003146935000441338
06-02 01:00,0.00034923303053678264
06-02 02:00,0.00034923303053678264
06-02 03:00,0.00035307075614707695
06-02 04:00,0.0003799348354191372
06-02 05:00,0.0005372815854412041
06-02 06:00,0.0006984660610735653
06-02 07:00,0.0006984660610735653
06-02 08:00,0.0006025229208162074
06-02 09:00,0.0005794965671544416
06-02 10:00,0.0006101983720367961
06-02 11:00,0.0005219306830000269
06-02 12:00,0.00048355342689708367
06-02 13:00,0.0005142552317794382
06-02 14:00,0.0005027420549485552
06-02 15:00,0.000498904329338261
06-02 16:00,0.0005334438598309098
06-02 17:00,0.0005526324878823814
06-02 18:00,0.0006025229208162074
06-02 19:00,0.000683115158632388
06-02 20:00,0.000683115158632388
06-02 21:00,0.000683115158632388
06-02 22:00,0.0005411193110514984
06-02 23:00,0.0004682025244559064
07-02 00:00,0.0005296061342206155
07-02 01:00,0.0005296061342206155
07-02 02:00,0.00047587797567649504
07-02 03:00,0.0006178738232573847
07-02 04:00,0.0006025229208162074
07-02 05:00,0.0008634882623162209
07-02 06:00,0.0012203967440735921
07-02 07:00,0.0011781817623603547
07-02 08:00,0.0009786200306250504
07-02 09:00,0.0010093218355074049
07-02 10:00,0.0009479182257426958
07-02 11:00,0.0009671068537941673
07-02 12:00,0.0008596505367059264
07-02 13:00,0.0008558128110956322
07-02 14:00,0.0008558128110956322
07-02 15:00,0.0008711637135368095
07-02 16:00,0.0008980277928088696
07-02 17:00,0.0009479182257426958
07-02 18:00,0.0009824577562353447
07-02 19:00,0.0009594314025735787
07-02 20:00,0.001109102701375057
07-02 21:00,0.0010553745428309366
07-02 22:00,0.0006792774330220937
07-02 23:00,0.0006792774330220937
08-02 00:00,0.0007214924147353313
08-02 01:00,0.0007061415122941539
08-02 02:00,0.0007023037866838597
08-02 03:00,0.0007713828476691573
08-02 04:00,0.0008174355549926891
08-02 05:00,0.0012203967440735921
08-02 06:00,0.0015274147928971372
08-02 07:00,0.0015005507136250772
08-02 08:00,0.0013086644331103613
08-02 09:00,0.0012894758050588898
08-02 10:00,0.0011551554086985888
08-02 11:00,0.001132129055036823
08-02 12:00,0.001231909920904475
08-02 13:00,0.0013125021587206559
08-02 14:00,0.0011052649757647627
08-02 15:00,0.0010822386221029968
08-02 16:00,0.0011628308599191774
08-02 17:00,0.0012395853721250635
08-02 18:00,0.0012971512562794784
08-02 19:00,0.0013470416892133045
08-02 20:00,0.0014353093782500737
08-02 21:00,0.0014583357319118396
08-02 22:00,0.0009709445794044616
08-02 23:00,0.0009364050489118128
09-02 00:00,0.0008941900671985754
09-02 01:00,0.0008097601037721005
09-02 02:00,0.0008135978293823947
09-02 03:00,0.0008558128110956322
09-02 04:00,0.0008826768903676924
09-02 05:00,0.001231909920904475
09-02 06:00,0.0016003315794927294
09-02 07:00,0.0014122830245883078
09-02 08:00,0.0012702871770074182
09-02 09:00,0.0012203967440735921
09-02 10:00,0.0011282913294265286
09-02 11:00,0.0011474799574780002
09-02 12:00,0.0010169972867279935
09-02 13:00,0.0011398045062574115
09-02 14:00,0.0010745631708824082
09-02 15:00,0.0009632691281838731
09-02 16:00,0.0011014272501544684
09-02 17:00,0.0011589931343088831
09-02 18:00,0.0012012081160221206
09-02 19:00,0.001097589524544174
09-02 20:00,0.0012933135306691843
09-02 21:00,0.001266449451397124
09-02 22:00,0.0009172164208603411
09-02 23:00,0.0008481373598750436
10-02 00:00,0.0008135978293823947
10-02 01:00,0.0008020846525515117
10-02 02:00,0.0007867337501103346
10-02 03:00,0.0007023037866838597
10-02 04:00,0.0008404619086544549
10-02 05:00,0.0011014272501544684
10-02 06:00,0.001462173457522134
10-02 07:00,0.0014698489087427225
10-02 08:00,0.0012894758050588898
10-02 09:00,0.0012127212928530035
10-02 10:00,0.0011973703904118262
10-02 11:00,0.001097589524544174
10-02 12:00,0.0010515368172206421
10-02 13:00,0.001059212268441231
10-02 14:00,0.0009555936769632844
10-02 15:00,0.0010937517989338798
10-02 16:00,0.0010553745428309366
10-02 17:00,0.0012050458416324149
10-02 18:00,0.0011589931343088831
10-02 19:00,0.0012127212928530035
10-02 20:00,0.0013854189453162476
10-02 21:00,0.0013240153355515386
10-02 22:00,0.0009479182257426958
10-02 23:00,0.0008135978293823947
11-02 00:00,0.0007905714757206289
11-02 01:00,0.0007138169635147426
11-02 02:00,0.0005910097439853245
11-02 03:00,0.0007138169635147426
11-02 04:00,0.0008059223781618062
11-02 05:00,0.0010016463842868163
11-02 06:00,0.0012088835672427092
11-02 07:00,0.0011781817623603547
11-02 08:00,0.0010246727379485821
11-02 09:00,0.0009517559513529901
11-02 10:00,0.0008941900671985754
11-02 11:00,0.0008750014391471038
11-02 12:00,0.0007944092013309231
11-02 13:00,0.0007982469269412175
11-02 14:00,0.0008327864574338662
11-02 15:00,0.0007406810427868028
11-02 16:00,0.0008519750854853378
11-02 17:00,0.0008711637135368095
11-02 18:00,0.0008865146159779867
11-02 19:00,0.0009555936769632844
11-02 20:00,0.0011014272501544684
11-02 21:00,0.0010208350123382878
11-02 22:00,0.0008212732806029833
11-02 23:00,0.00075603194522798
12-02 00:00,0.0007291678659559198
12-02 01:00,0.0007214924147353313
12-02 02:00,0.0007368433171765084
12-02 03:00,0.0007637073964485686
12-02 04:00,0.0008174355549926891
12-02 05:00,0.0009939709330662274
12-02 06:00,0.0013470416892133045
12-02 07:00,0.0013930943965368362
12-02 08:00,0.001243423097735358
12-02 09:00,0.001193532664801532
12-02 10:00,0.0011052649757647627
12-02 11:00,0.0009632691281838731
12-02 12:00,0.0008404619086544549
12-02 13:00,0.0008366241830441607
12-02 14:00,0.0007982469269412175
12-02 15:00,0.0008097601037721005
12-02 16:00,0.0008558128110956322
12-02 17:00,0.0010285104635588765
12-02 18:00,0.001170506311139766
12-02 19:00,0.0011858572135809433
12-02 20:00,0.0012088835672427092
12-02 21:00,0.0011359667806471172
12-02 22:00,0.0008481373598750436
12-02 23:00,0.0008519750854853378
13-02 00:00,0.0007944092013309231
13-02 01:00,0.0008135978293823947
13-02 02:00,0.0007905714757206289
13-02 03:00,0.0007982469269412175
13-02 04:00,0.0008711637135368095
13-02 05:00,0.0011014272501544684
13-02 06:00,0.0013969321221471306
13-02 07:00,0.0014544980063015453
13-02 08:00,0.0012549362745662412
13-02 09:00,0.001182019487970649
13-02 10:00,0.0009440805001324016
13-02 11:00,0.000878839164757398
13-02 12:00,0.0007253301403456255
13-02 13:00,0.0006946283354632711
13-02 14:00,0.0007253301403456255
13-02 15:00,0.0007061415122941539
13-02 16:00,0.000828948731823572
13-02 17:00,0.0008711637135368095
13-02 18:00,0.001036185914779465
13-02 19:00,0.001036185914779465
13-02 20:00,0.0010784008964927025
13-02 21:00,0.0012012081160221206
13-02 22:00,0.0009402427745221071
13-02 23:00,0.0008673259879265152
14-02 00:00,0.0008097601037721005
14-02 01:00,0.0007368433171765084
14-02 02:00,0.0006447379025294449
14-02 03:00,0.0005833342927647359
14-02 04:00,0.0006869528842426823
14-02 05:00,0.0009594314025735787
14-02 06:00,0.001170506311139766
14-02 07:00,0.0011167781525956457
14-02 08:00,0.0009901332074559333
14-02 09:00,0.0010246727379485821
14-02 10:00,0.0009939709330662274
14-02 11:00,0.0009248918720809299
14-02 12:00,0.0008941900671985754
14-02 13:00,0.0008059223781618062
14-02 14:00,0.0007828960245000402
14-02 15:00,0.0007214924147353313
14-02 16:00,0.0007982469269412175
14-02 17:00,0.0008750014391471038
14-02 18:00,0.0009440805001324016
14-02 19:00,0.0010553745428309366
14-02 20:00,0.001193532664801532
14-02 21:00,0.0011896949391912376
14-02 22:00,0.0009594314025735787
14-02 23:00,0.0008826768903676924
15-02 00:00,0.0009133786952500469
15-02 01:00,0.0009671068537941673
15-02 02:00,0.0008750014391471038
15-02 03:00,0.0009555936769632844
15-02 04:00,0.0009824577562353447
15-02 05:00,0.0012549362745662412
15-02 06:00,0.001462173457522134
15-02 07:00,0.0013892566709265421
15-02 08:00,0.0012818003538383011
15-02 09:00,0.0010822386221029968
15-02 10:00,0.0009095409696397526
15-02 11:00,0.0008135978293823947
15-02 12:00,0.0006639265305809165
15-02 13:00,0.0006447379025294449
15-02 14:00,0.0005948474695956188
15-02 15:00,0.000621711548867679
15-02 16:00,0.0006792774330220937
15-02 17:00,0.0006716019818015051
15-02 18:00,0.0006946283354632711
15-02 19:00,0.0008135978293823947
15-02 20:00,0.0008711637135368095
15-02 21:00,0.0008251110062132777
15-02 22:00,0.0005564702134926757
15-02 23:00,0.00045285162201472916
16-02 00:00,0.0003108557744338395
16-02 01:00,0.00033004440248531107
16-02 02:00,0.0003338821280956054
16-02 03:00,0.0003185312256544282
16-02 04:00,0.00029550487199266225
16-02 05:00,0.0003108557744338395
16-02 06:00,0.0004413384451838462
16-02 07:00,0.0003722593841985485
16-02 08:00,0.00032236895126472244
16-02 09:00,0.0003070180488235452
16-02 10:00,0.00029166714638236794
16-02 11:00,0.00026864079272060205
16-02 12:00,0.0002494521646691305
16-02 13:00,0.00019572400612501004
16-02 14:00,0.00020339945734559867
16-02 15:00,0.00019572400612501004
16-02 16:00,0.0002149126341764816
16-02 17:00,0.00021107490856618732
16-02 18:00,0.0002341012622279532
16-02 19:00,0.0003031803232132509
16-02 20:00,0.00029934259760295656
16-02 21:00,0.00026480306711030774
16-02 22:00,0.00019956173173530438
16-02 23:00,0.00016885992685294988
17-02 00:00,0.00012664494513971237
17-02 01:00,0.00013432039636030103
17-02 02:00,0.00012664494513971237
17-02 03:00,0.00011896949391912376
17-02 04:00,0.00012664494513971237
17-02 05:00,0.00014583357319118397
17-02 06:00,0.00012664494513971237
17-02 07:00,0.00013048267075000671
17-02 08:00,0.0001573467500220669
17-02 09:00,9.978086586765219e-05
17-02 10:00,9.978086586765219e-05
17-02 11:00,9.210541464706355e-05
17-02 12:00,8.442996342647494e-05
17-02 13:00,6.907906098529767e-05
17-02 14:00,6.524133537500336e-05
17-02 15:00,5.756588415441472e-05
17-02 16:00,6.140360976470904e-05
17-02 17:00,6.140360976470904e-05
17-02 18:00,6.524133537500336e-05
17-02 19:00,6.907906098529767e-05
17-02 20:00,7.291678659559198e-05
17-02 21:00,7.67545122058863e-05
17-02 22:00,9.210541464706355e-05
17-02 23:00,8.826768903676924e-05
18-02 00:00,3.070180488235452e-05
18-02 01:00,7.291678659559198e-05
18-02 02:00,7.291678659559198e-05
18-02 03:00,7.291678659559198e-05
18-02 04:00,7.67545122058863e-05
18-02 05:00,8.059223781618061e-05
18-02 06:00,9.594314025735786e-05
18-02 07:00,0.0001036185914779465
18-02 08:00,8.059223781618061e-05
18-02 09:00,7.67545122058863e-05
18-02 10:00,7.67545122058863e-05
18-02 11:00,6.524133537500336e-05
18-02 12:00,6.140360976470904e-05
18-02 13:00,4.9890432933826096e-05
18-02 14:00,4.221498171323747e-05
18-02 15:00,3.837725610294315e-05
18-02 16:00,4.221498171323747e-05
18-02 17:00,4.221498171323747e-05
18-02 18:00,4.221498171323747e-05
18-02 19:00,4.6052707323531776e-05
18-02 20:00,4.6052707323531776e-05
18-02 21:00,4.6052707323531776e-05
18-02 22:00,3.4539530492648835e-05
18-02 23:00,2.68640792720602e-05
19-02 00:00,2.3026353661765888e-05
19-02 01:00,2.3026353661765888e-05
19-02 02:00,1.9188628051471574e-05
19-02 03:00,1.9188628051471574e-05
19-02 04:00,2.3026353661765888e-05
19-02 05:00,4.221498171323747e-05
19-02 06:00,8.059223781618061e-05
19-02 07:00,8.442996342647494e-05
19-02 08:00,8.059223781618061e-05
19-02 09:00,5.756588415441472e-05
19-02 10:00,5.37281585441204e-05
19-02 11:00,4.9890432933826096e-05
19-02 12:00,4.221498171323747e-05
19-02 13:00,3.837725610294315e-05
19-02 14:00,3.837725610294315e-05
19-02 15:00,3.4539530492648835e-05
19-02 16:00,4.221498171323747e-05
19-02 17:00,4.6052707323531776e-05
19-02 18:00,4.6052707323531776e-05
19-02 19:00,9.210541464706355e-05
19-02 20:00,0.00012664494513971237
19-02 21:00,0.00016885992685294988
19-02 22:00,0.00018037310368383282
19-02 23:00,0.00020339945734559867
20-02 00:00,0.00021875035978677595
20-02 01:00,0.00018037310368383282
20-02 02:00,0.00016885992685294988
20-02 03:00,0.0001842108292941271
20-02 04:00,0.00017653537807353848
20-02 05:00,0.00021107490856618732
20-02 06:00,0.0002839916951617793
20-02 07:00,0.0002763162439411907
20-02 08:00,0.00025328989027942475
20-02 09:00,0.00017269765246324416
20-02 10:00,9.978086586765219e-05
20-02 11:00,8.826768903676924e-05
20-02 12:00,7.67545122058863e-05
20-02 13:00,7.291678659559198e-05
20-02 14:00,7.291678659559198e-05
20-02 15:00,7.291678659559198e-05
20-02 16:00,7.67545122058863e-05
20-02 17:00,8.059223781618061e-05
20-02 18:00,8.826768903676924e-05
20-02 19:00,9.594314025735786e-05
20-02 20:00,9.978086586765219e-05
20-02 21:00,9.594314025735786e-05
20-02 22:00,6.140360976470904e-05
20-02 23:00,4.221498171323747e-05
21-02 00:00,1.9188628051471574e-05
21-02 01:00,1.9188628051471574e-05
21-02 02:00,1.535090244117726e-05
21-02 03:00,2.3026353661765888e-05
21-02 04:00,3.070180488235452e-05
21-02 05:00,5.37281585441204e-05
21-02 06:00,8.826768903676924e-05
21-02 07:00,0.0001074563170882408
21-02 08:00,9.594314025735786e-05
21-02 09:00,4.6052707323531776e-05
21-02 10:00,3.4539530492648835e-05
21-02 11:00,3.070180488235452e-05
21-02 12:00,2.68640792720602e-05
21-02 13:00,2.68640792720602e-05
21-02 14:00,2.3026353661765888e-05
21-02 15:00,2.68640792720602e-05
21-02 16:00,2.68640792720602e-05
21-02 17:00,2.68640792720602e-05
21-02 18:00,2.68640792720602e-05
21-02 19:00,3.070180488235452e-05
21-02 20:00,3.070180488235452e-05
21-02 21:00,3.837725610294315e-05
21-02 22:00,3.070180488235452e-05
21-02 23:00,3.4539530492648835e-05
22-02 00:00,8.442996342647494e-05
22-02 01:00,0.00011896949391912376
22-02 02:00,0.00012664494513971237
22-02 03:00,0.00016502220124265554
22-02 04:00,0.00017653537807353848
22-02 05:00,0.00020339945734559867
22-02 06:00,0.0002494521646691305
22-02 07:00,0.00029550487199266225
22-02 08:00,0.00017269765246324416
22-02 09:00,9.594314025735786e-05
22-02 10:00,8.442996342647494e-05
22-02 11:00,7.291678659559198e-05
22-02 12:00,6.907906098529767e-05
22-02 13:00,6.140360976470904e-05
22-02 14:00,6.524133537500336e-05
22-02 15:00,6.140360976470904e-05
22-02 16:00,6.524133537500336e-05
22-02 17:00,7.67545122058863e-05
22-02 18:00,7.67545122058863e-05
22-02 19:00,8.826768903676924e-05
22-02 20:00,8.826768903676924e-05
22-02 21:00,9.978086586765219e-05
22-02 22:00,6.524133537500336e-05
22-02 23:00,0.00013815812197059534
23-02 00:00,7.291678659559198e-05
23-02 01:00,7.291678659559198e-05
23-02 02:00,6.907906098529767e-05
23-02 03:00,6.524133537500336e-05
23-02 04:00,6.524133537500336e-05
23-02 05:00,8.442996342647494e-05
23-02 06:00,0.00011513176830882945
23-02 07:00,8.059223781618061e-05
23-02 08:00,6.524133537500336e-05
23-02 09:00,5.37281585441204e-05
23-02 10:00,4.6052707323531776e-05
23-02 11:00,3.837725610294315e-05
23-02 12:00,3.4539530492648835e-05
23-02 13:00,3.070180488235452e-05
23-02 14:00,3.070180488235452e-05
23-02 15:00,3.070180488235452e-05
23-02 16:00,3.070180488235452e-05
23-02 17:00,3.4539530492648835e-05
23-02 18:00,3.837725610294315e-05
23-02 19:00,4.221498171323747e-05
23-02 20:00,4.221498171323747e-05
23-02 21:00,4.6052707323531776e-05
23-02 22:00,3.4539530492648835e-05
23-02 23:00,3.070180488235452e-05
24-02 00:00,1.535090244117726e-05
24-02 01:00,1.535090244117726e-05
24-02 02:00,1.535090244117726e-05
24-02 03:00,1.535090244117726e-05
24-02 04:00,1.535090244117726e-05
24-02 05:00,1.535090244117726e-05
24-02 06:00,1.535090244117726e-05
24-02 07:00,2.68640792720602e-05
24-02 08:00,4.9890432933826096e-05
24-02 09:00,5.756588415441472e-05
24-02 10:00,5.756588415441472e-05
24-02 11:00,4.9890432933826096e-05
24-02 12:00,4.6052707323531776e-05
24-02 13:00,3.837725610294315e-05
24-02 14:00,2.3026353661765888e-05
24-02 15:00,2.3026353661765888e-05
24-02 16:00,2.3026353661765888e-05
24-02 17:00,2.3026353661765888e-05
24-02 18:00,2.3026353661765888e-05
24-02 19:00,2.3026353661765888e-05
24-02 20:00,2.3026353661765888e-05
24-02 21:00,2.3026353661765888e-05
24-02 22:00,2.3026353661765888e-05
24-02 23:00,2.3026353661765888e-05
25-02 00:00,1.9188628051471574e-05
25-02 01:00,1.535090244117726e-05
25-02 02:00,1.535090244117726e-05
25-02 03:00,1.535090244117726e-05
25-02 04:00,1.535090244117726e-05
25-02 05:00,1.535090244117726e-05
25-02 06:00,2.3026353661765888e-05
25-02 07:00,2.68640792720602e-05
25-02 08:00,4.9890432933826096e-05
25-02 09:00,5.756588415441472e-05
25-02 10:00,5.37281585441204e-05
25-02 11:00,4.9890432933826096e-05
25-02 12:00,4.6052707323531776e-05
25-02 13:00,3.4539530492648835e-05
25-02 14:00,2.68640792720602e-05
25-02 15:00,1.9188628051471574e-05
25-02 16:00,2.3026353661765888e-05
25-02 17:00,2.3026353661765888e-05
25-02 18:00,2.3026353661765888e-05
25-02 19:00,2.3026353661765888e-05
25-02 20:00,2.3026353661765888e-05
25-02 21:00,2.3026353661765888e-05
25-02 22:00,2.3026353661765888e-05
25-02 23:00,2.3026353661765888e-05
26-02 00:00,1.535090244117726e-05
26-02 01:00,1.1513176830882944e-05
26-02 02:00,1.1513176830882944e-05
26-02 03:00,1.1513176830882944e-05
26-02 04:00,1.1513176830882944e-05
26-02 05:00,2.3026353661765888e-05
26-02 06:00,4.6052707323531776e-05
26-02 07:00,4.6052707323531776e-05
26-02 08:00,4.221498171323747e-05
26-02 09:00,3.4539530492648835e-05
26-02 10:00,3.070180488235452e-05
26-02 11:00,1.9188628051471574e-05
26-02 12:00,1.535090244117726e-05
26-02 13:00,1.535090244117726e-05
26-02 14:00,1.535090244117726e-05
26-02 15:00,1.535090244117726e-05
26-02 16:00,1.9188628051471574e-05
26-02 17:00,1.9188628051471574e-05
26-02 18:00,1.9188628051471574e-05
26-02 19:00,2.3026353661765888e-05
26-02 20:00,2.3026353661765888e-05
26-02 21:00,2.3026353661765888e-05
26-02 22:00,2.3026353661765888e-05
26-02 23:00,2.3026353661765888e-05
27-02 00:00,2.3026353661765888e-05
27-02 01:00,2.3026353661765888e-05
27-02 02:00,1.9188628051471574e-05
27-02 03:00,2.3026353661765888e-05
27-02 04:00,2.3026353661765888e-05
27-02 05:00,4.221498171323747e-05
27-02 06:00,8.442996342647494e-05
27-02 07:00,8.442996342647494e-05
27-02 08:00,7.67545122058863e-05
27-02 09:00,6.140360976470904e-05
27-02 10:00,5.756588415441472e-05
27-02 11:00,4.6052707323531776e-05
27-02 12:00,4.221498171323747e-05
27-02 13:00,3.837725610294315e-05
27-02 14:00,3.837725610294315e-05
27-02 15:00,3.837725610294315e-05
27-02 16:00,4.6052707323531776e-05
27-02 17:00,4.6052707323531776e-05
27-02 18:00,5.37281585441204e-05
27-02 19:00,6.140360976470904e-05
27-02 20:00,0.00018804855490442144
27-02 21:00,0.0001842108292941271
27-02 22:00,0.00013815812197059534
27-02 23:00,0.000207237182955893
28-02 00:00,0.00023793898783824752
28-02 01:00,0.0002302635366176589
28-02 02:00,0.00023793898783824752
28-02 03:00,0.00026096534150001343
28-02 04:00,0.00026480306711030774
28-02 05:00,0.0003185312256544282
28-02 06:00,0.00041831209152208034
28-02 07:00,0.0004336629939632576
28-02 08:00,0.00027247851833089637
28-02 09:00,0.0002571276158897191
28-02 10:00,0.00023793898783824752
28-02 11:00,0.0002456144390588362
28-02 12:00,0.0002341012622279532
28-02 13:00,0.00022258808539707027
28-02 14:00,0.00017653537807353848
28-02 15:00,0.0001842108292941271
28-02 16:00,0.00021107490856618732
28-02 17:00,0.00016502220124265554
28-02 18:00,0.00019188628051471573
28-02 19:00,0.0002149126341764816
28-02 20:00,0.0002341012622279532
28-02 21:00,0.000280153969551485
28-02 22:00,0.0002341012622279532
28-02 23:00,0.00022642581100736458
01-03 00:00,0.00026864079272060205
01-03 01:00,0.0002571276158897191
01-03 02:00,0.00025328989027942475
01-03 03:00,0.0002341012622279532
01-03 04:00,0.00022258808539707027
01-03 05:00,0.0002302635366176589
01-03 06:00,0.0003338821280956054
01-03 07:00,0.00029550487199266225
01-03 08:00,0.00019188628051471573
01-03 09:00,0.00016885992685294988
01-03 10:00,0.00016118447563236122
01-03 11:00,0.0001074563170882408
01-03 12:00,9.210541464706355e-05
01-03 13:00,9.978086586765219e-05
01-03 14:00,8.442996342647494e-05
01-03 15:00,9.210541464706355e-05
01-03 16:00,9.210541464706355e-05
01-03 17:00,0.0001036185914779465
01-03 18:00,0.0001074563170882408
01-03 19:00,0.0001228072195294181
01-03 20:00,0.0001228072195294181
01-03 21:00,0.00011896949391912376
01-03 22:00,8.059223781618061e-05
01-03 23:00,0.00014199584758088965
02-03 00:00,7.67545122058863e-05
02-03 01:00,7.291678659559198e-05
02-03 02:00,7.291678659559198e-05
02-03 03:00,7.291678659559198e-05
02-03 04:00,6.907906098529767e-05
02-03 05:00,4.6052707323531776e-05
02-03 06:00,8.059223781618061e-05
02-03 07:00,7.291678659559198e-05
02-03 08:00,6.524133537500336e-05
02-03 09:00,6.140360976470904e-05
02-03 10:00,5.37281585441204e-05
02-03 11:00,4.6052707323531776e-05
02-03 12:00,3.837725610294315e-05
02-03 13:00,3.4539530492648835e-05
02-03 14:00,3.4539530492648835e-05
02-03 15:00,3.4539530492648835e-05
02-03 16:00,3.4539530492648835e-05
02-03 17:00,4.221498171323747e-05
02-03 18:00,4.9890432933826096e-05
02-03 19:00,9.978086586765219e-05
02-03 20:00,9.978086586765219e-05
02-03 21:00,9.594314025735786e-05
02-03 22:00,8.826768903676924e-05
02-03 23:00,3.837725610294315e-05
03-03 00:00,0.00011896949391912376
03-03 01:00,0.00011896949391912376
03-03 02:00,0.00016118447563236122
03-03 03:00,0.00012664494513971237
03-03 04:00,0.0001228072195294181
03-03 05:00,0.00014583357319118397
03-03 06:00,0.00012664494513971237
03-03 07:00,0.00013048267075000671
03-03 08:00,0.00014199584758088965
03-03 09:00,9.594314025735786e-05
03-03 10:00,9.210541464706355e-05
03-03 11:00,8.826768903676924e-05
03-03 12:00,7.67545122058863e-05
03-03 13:00,6.907906098529767e-05
03-03 14:00,5.756588415441472e-05
03-03 15:00,5.37281585441204e-05
03-03 16:00,6.140360976470904e-05
03-03 17:00,6.140360976470904e-05
03-03 18:00,7.291678659559198e-05
03-03 19:00,7.67545122058863e-05
03-03 20:00,7.67545122058863e-05
03-03 21:00,8.059223781618061e-05
03-03 22:00,5.37281585441204e-05
03-03 23:00,4.6052707323531776e-05
04-03 00:00,9.210541464706355e-05
04-03 01:00,8.826768903676924e-05
04-03 02:00,0.0001228072195294181
04-03 03:00,0.00012664494513971237
04-03 04:00,0.00014199584758088965
04-03 05:00,0.00020339945734559867
04-03 06:00,0.0002456144390588362
04-03 07:00,0.0002763162439411907
04-03 08:00,0.00020339945734559867
04-03 09:00,0.0001228072195294181
04-03 10:00,0.00011513176830882945
04-03 11:00,0.00011129404269853513
04-03 12:00,9.978086586765219e-05
04-03 13:00,8.826768903676924e-05
04-03 14:00,8.442996342647494e-05
04-03 15:00,8.826768903676924e-05
04-03 16:00,8.442996342647494e-05
04-03 17:00,9.978086586765219e-05
04-03 18:00,0.0001036185914779465
04-03 19:00,0.0001074563170882408
04-03 20:00,0.00019572400612501004
04-03 21:00,0.00018037310368383282
04-03 22:00,0.0001036185914779465
04-03 23:00,9.210541464706355e-05
05-03 00:00,8.059223781618061e-05
05-03 01:00,7.291678659559198e-05
05-03 02:00,8.059223781618061e-05
05-03 03:00,0.0001228072195294181
05-03 04:00,8.059223781618061e-05
05-03 05:00,0.00011513176830882945
05-03 06:00,0.00014199584758088965
05-03 07:00,0.00016502220124265554
05-03 08:00,0.00013815812197059534
05-03 09:00,0.00013048267075000671
05-03 10:00,8.826768903676924e-05
05-03 11:00,7.67545122058863e-05
05-03 12:00,5.37281585441204e-05
05-03 13:00,5.756588415441472e-05
05-03 14:00,5.756588415441472e-05
05-03 15:00,5.756588415441472e-05
05-03 16:00,5.756588415441472e-05
05-03 17:00,8.059223781618061e-05
05-03 18:00,7.67545122058863e-05
05-03 19:00,8.826768903676924e-05
05-03 20:00,0.00012664494513971237
05-03 21:00,0.00016502220124265554
05-03 22:00,0.00018804855490442144
05-03 23:00,0.00016885992685294988
06-03 00:00,0.0002149126341764816
06-03 01:00,0.00018037310368383282
06-03 02:00,0.0002149126341764816
06-03 03:00,0.00026096534150001343
06-03 04:00,0.0002839916951617793
06-03 05:00,0.0002571276158897191
06-03 06:00,0.00027247851833089637
06-03 07:00,0.0002302635366176589
06-03 08:00,0.00022258808539707027
06-03 09:00,0.00011513176830882945
06-03 10:00,9.594314025735786e-05
06-03 11:00,8.826768903676924e-05
06-03 12:00,9.210541464706355e-05
06-03 13:00,8.059223781618061e-05
06-03 14:00,8.059223781618061e-05
06-03 15:00,7.67545122058863e-05
06-03 16:00,8.442996342647494e-05
06-03 17:00,9.594314025735786e-05
06-03 18:00,9.210541464706355e-05
06-03 19:00,0.00011129404269853513
06-03 20:00,0.00011896949391912376
06-03 21:00,0.0001228072195294181
06-03 22:00,0.00011513176830882945
06-03 23:00,0.0001036185914779465
07-03 00:00,7.67545122058863e-05
07-03 01:00,0.0001074563170882408
07-03 02:00,6.524133537500336e-05
07-03 03:00,0.0001074563170882408
07-03 04:00,0.00011896949391912376
07-03 05:00,9.594314025735786e-05
07-03 06:00,0.00016885992685294988
07-03 07:00,0.00017269765246324416
07-03 08:00,8.059223781618061e-05
07-03 09:00,6.907906098529767e-05
07-03 10:00,6.140360976470904e-05
07-03 11:00,4.9890432933826096e-05
07-03 12:00,4.6052707323531776e-05
07-03 13:00,4.221498171323747e-05
07-03 14:00,4.221498171323747e-05
07-03 15:00,4.221498171323747e-05
07-03 16:00,4.221498171323747e-05
07-03 17:00,4.9890432933826096e-05
07-03 18:00,4.9890432933826096e-05
07-03 19:00,5.756588415441472e-05
07-03 20:00,5.756588415441472e-05
07-03 21:00,5.756588415441472e-05
07-03 22:00,4.221498171323747e-05
07-03 23:00,3.070180488235452e-05
08-03 00:00,1.535090244117726e-05
08-03 01:00,1.1513176830882944e-05
08-03 02:00,1.1513176830882944e-05
08-03 03:00,1.1513176830882944e-05
08-03 04:00,1.1513176830882944e-05
08-03 05:00,1.9188628051471574e-05
08-03 06:00,4.6052707323531776e-05
08-03 07:00,4.9890432933826096e-05
08-03 08:00,4.221498171323747e-05
08-03 09:00,3.4539530492648835e-05
08-03 10:00,2.68640792720602e-05
08-03 11:00,2.3026353661765888e-05
08-03 12:00,1.535090244117726e-05
08-03 13:00,1.535090244117726e-05
08-03 14:00,1.535090244117726e-05
08-03 15:00,1.535090244117726e-05
08-03 16:00,1.9188628051471574e-05
08-03 17:00,1.9188628051471574e-05
08-03 18:00,1.9188628051471574e-05
08-03 19:00,1.9188628051471574e-05
08-03 20:00,2.3026353661765888e-05
08-03 21:00,2.3026353661765888e-05
08-03 22:00,2.3026353661765888e-05
08-03 23:00,2.3026353661765888e-05
09-03 00:00,1.535090244117726e-05
09-03 01:00,1.535090244117726e-05
09-03 02:00,1.1513176830882944e-05
09-03 03:00,1.1513176830882944e-05
09-03 04:00,1.1513176830882944e-05
09-03 05:00,2.3026353661765888e-05
09-03 06:00,4.221498171323747e-05
09-03 07:00,4.9890432933826096e-05
09-03 08:00,4.6052707323531776e-05
09-03 09:00,3.4539530492648835e-05
09-03 10:00,2.68640792720602e-05
09-03 11:00,2.3026353661765888e-05
09-03 12:00,1.9188628051471574e-05
09-03 13:00,1.535090244117726e-05
09-03 14:00,1.535090244117726e-05
09-03 15:00,1.535090244117726e-05
09-03 16:00,1.535090244117726e-05
09-03 17:00,1.535090244117726e-05
09-03 18:00,1.9188628051471574e-05
09-03 19:00,1.9188628051471574e-05
09-03 20:00,2.3026353661765888e-05
09-03 21:00,2.3026353661765888e-05
09-03 22:00,2.68640792720602e-05
09-03 23:00,3.070180488235452e-05
10-03 00:00,3.070180488235452e-05
10-03 01:00,3.070180488235452e-05
10-03 02:00,2.3026353661765888e-05
10-03 03:00,3.070180488235452e-05
10-03 04:00,7.67545122058863e-05
10-03 05:00,0.00012664494513971237
10-03 06:00,0.00014199584758088965
10-03 07:00,0.0002302635366176589
10-03 08:00,0.00013048267075000671
10-03 09:00,7.67545122058863e-05
10-03 10:00,7.67545122058863e-05
10-03 11:00,7.291678659559198e-05
10-03 12:00,6.907906098529767e-05
10-03 13:00,5.756588415441472e-05
10-03 14:00,4.6052707323531776e-05
10-03 15:00,3.837725610294315e-05
10-03 16:00,4.6052707323531776e-05
10-03 17:00,4.6052707323531776e-05
10-03 18:00,4.9890432933826096e-05
10-03 19:00,5.37281585441204e-05
10-03 20:00,4.9890432933826096e-05
10-03 21:00,5.37281585441204e-05
10-03 22:00,3.4539530492648835e-05
10-03 23:00,3.4539530492648835e-05
11-03 00:00,3.837725610294315e-05
11-03 01:00,7.291678659559198e-05
11-03 02:00,0.00011896949391912376
11-03 03:00,0.00011896949391912376
11-03 04:00,0.00011513176830882945
11-03 05:00,9.210541464706355e-05
11-03 06:00,0.00011513176830882945
11-03 07:00,0.00011896949391912376
11-03 08:00,0.00014199584758088965
11-03 09:00,9.978086586765219e-05
11-03 10:00,9.210541464706355e-05
11-03 11:00,9.210541464706355e-05
11-03 12:00,7.67545122058863e-05
11-03 13:00,6.140360976470904e-05
11-03 14:00,4.9890432933826096e-05
11-03 15:00,4.6052707323531776e-05
11-03 16:00,4.9890432933826096e-05
11-03 17:00,5.37281585441204e-05
11-03 18:00,5.37281585441204e-05
11-03 19:00,6.140360976470904e-05
11-03 20:00,6.140360976470904e-05
11-03 21:00,6.140360976470904e-05
11-03 22:00,4.221498171323747e-05
11-03 23:00,8.442996342647494e-05
12-03 00:00,0.00013815812197059534
12-03 01:00,0.00012664494513971237
12-03 02:00,0.00012664494513971237
12-03 03:00,0.00016118447563236122
12-03 04:00,0.00018037310368383282
12-03 05:00,0.0002149126341764816
12-03 06:00,0.00022258808539707027
12-03 07:00,0.0002302635366176589
12-03 08:00,0.0001573467500220669
12-03 09:00,0.00014967129880147828
12-03 10:00,0.00014583357319118397
12-03 11:00,9.594314025735786e-05
12-03 12:00,8.826768903676924e-05
12-03 13:00,8.059223781618061e-05
12-03 14:00,8.442996342647494e-05
12-03 15:00,8.442996342647494e-05
12-03 16:00,8.442996342647494e-05
12-03 17:00,9.210541464706355e-05
12-03 18:00,9.594314025735786e-05
12-03 19:00,0.00011129404269853513
12-03 20:00,9.978086586765219e-05
12-03 21:00,0.00019572400612501004
12-03 22:00,0.00016118447563236122
12-03 23:00,0.0001842108292941271
13-03 00:00,0.0002302635366176589
13-03 01:00,0.00022642581100736458
13-03 02:00,0.00026864079272060205
13-03 03:00,0.00026096534150001343
13-03 04:00,0.0003185312256544282
13-03 05:00,0.0003914480122500201
13-03 06:00,0.0004950666037279667
13-03 07:00,0.0004720402500662008
13-03 08:00,0.00040679891469119734
13-03 09:00,0.00033771985370589975
13-03 10:00,0.00021107490856618732
13-03 11:00,0.00017653537807353848
13-03 12:00,0.00011513176830882945
13-03 13:00,0.00011513176830882945
13-03 14:00,0.00011129404269853513
13-03 15:00,0.00011129404269853513
13-03 16:00,0.0001228072195294181
13-03 17:00,0.00013432039636030103
13-03 18:00,0.00014199584758088965
13-03 19:00,0.0001535090244117726
13-03 20:00,0.0001535090244117726
13-03 21:00,0.0001535090244117726
13-03 22:00,9.978086586765219e-05
13-03 23:00,7.291678659559198e-05
14-03 00:00,3.070180488235452e-05
14-03 01:00,2.68640792720602e-05
14-03 02:00,6.907906098529767e-05
14-03 03:00,6.524133537500336e-05
14-03 04:00,7.291678659559198e-05
14-03 05:00,9.594314025735786e-05
14-03 06:00,0.00011896949391912376
14-03 07:00,0.00012664494513971237
14-03 08:00,0.00011513176830882945
14-03 09:00,0.0001074563170882408
14-03 10:00,5.37281585441204e-05
14-03 11:00,4.9890432933826096e-05
14-03 12:00,3.070180488235452e-05
14-03 13:00,3.070180488235452e-05
14-03 14:00,3.4539530492648835e-05
14-03 15:00,3.4539530492648835e-05
14-03 16:00,3.4539530492648835e-05
14-03 17:00,3.837725610294315e-05
14-03 18:00,4.221498171323747e-05
14-03 19:00,4.6052707323531776e-05
14-03 20:00,4.6052707323531776e-05
14-03 21:00,4.6052707323531776e-05
14-03 22:00,3.837725610294315e-05
14-03 23:00,2.68640792720602e-05
15-03 00:00,1.535090244117726e-05
15-03 01:00,2.3026353661765888e-05
15-03 02:00,1.9188628051471574e-05
15-03 03:00,1.9188628051471574e-05
15-03 04:00,1.9188628051471574e-05
15-03 05:00,3.070180488235452e-05
15-03 06:00,5.37281585441204e-05
15-03 07:00,6.140360976470904e-05
15-03 08:00,5.756588415441472e-05
15-03 09:00,4.9890432933826096e-05
15-03 10:00,3.070180488235452e-05
15-03 11:00,2.68640792720602e-05
15-03 12:00,2.3026353661765888e-05
15-03 13:00,1.9188628051471574e-05
15-03 14:00,1.9188628051471574e-05
15-03 15:00,1.9188628051471574e-05
15-03 16:00,1.9188628051471574e-05
15-03 17:00,2.3026353661765888e-05
15-03 18:00,2.3026353661765888e-05
15-03 19:00,2.68640792720602e-05
15-03 20:00,2.68640792720602e-05
15-03 21:00,2.68640792720602e-05
15-03 22:00,2.3026353661765888e-05
15-03 23:00,2.3026353661765888e-05
16-03 00:00,1.535090244117726e-05
16-03 01:00,1.535090244117726e-05
16-03 02:00,1.1513176830882944e-05
16-03 03:00,1.1513176830882944e-05
16-03 04:00,1.1513176830882944e-05
16-03 05:00,2.68640792720602e-05
16-03 06:00,4.9890432933826096e-05
16-03 07:00,5.756588415441472e-05
16-03 08:00,4.221498171323747e-05
16-03 09:00,3.4539530492648835e-05
16-03 10:00,3.070180488235452e-05
16-03 11:00,2.3026353661765888e-05
16-03 12:00,1.535090244117726e-05
16-03 13:00,1.535090244117726e-05
16-03 14:00,1.535090244117726e-05
16-03 15:00,1.535090244117726e-05
16-03 16:00,1.535090244117726e-05
16-03 17:00,1.9188628051471574e-05
16-03 18:00,1.9188628051471574e-05
16-03 19:00,2.3026353661765888e-05
16-03 20:00,2.3026353661765888e-05
16-03 21:00,2.3026353661765888e-05
16-03 22:00,2.68640792720602e-05
16-03 23:00,1.9188628051471574e-05
17-03 00:00,1.9188628051471574e-05
17-03 01:00,1.535090244117726e-05
17-03 02:00,1.535090244117726e-05
17-03 03:00,1.535090244117726e-05
17-03 04:00,1.535090244117726e-05
17-03 05:00,1.1513176830882944e-05
17-03 06:00,1.535090244117726e-05
17-03 07:00,2.68640792720602e-05
17-03 08:00,4.6052707323531776e-05
17-03 09:00,5.756588415441472e-05
17-03 10:00,5.37281585441204e-05
17-03 11:00,4.9890432933826096e-05
17-03 12:00,4.6052707323531776e-05
17-03 13:00,3.070180488235452e-05
17-03 14:00,2.3026353661765888e-05
17-03 15:00,1.9188628051471574e-05
17-03 16:00,1.9188628051471574e-05
17-03 17:00,2.3026353661765888e-05
17-03 18:00,2.68640792720602e-05
17-03 19:00,2.3026353661765888e-05
17-03 20:00,1.9188628051471574e-05
17-03 21:00,2.3026353661765888e-05
17-03 22:00,1.9188628051471574e-05
17-03 23:00,2.3026353661765888e-05
18-03 00:00,1.9188628051471574e-05
18-03 01:00,1.9188628051471574e-05
18-03 02:00,1.9188628051471574e-05
18-03 03:00,1.9188628051471574e-05
18-03 04:00,1.535090244117726e-05
18-03 05:00,2.68640792720602e-05
18-03 06:00,7.291678659559198e-05
18-03 07:00,4.221498171323747e-05
18-03 08:00,6.140360976470904e-05
18-03 09:00,6.140360976470904e-05
18-03 10:00,5.756588415441472e-05
18-03 11:00,5.756588415441472e-05
18-03 12:00,4.9890432933826096e-05
18-03 13:00,4.221498171323747e-05
18-03 14:00,3.070180488235452e-05
18-03 15:00,2.3026353661765888e-05
18-03 16:00,3.070180488235452e-05
18-03 17:00,2.68640792720602e-05
18-03 18:00,3.070180488235452e-05
18-03 19:00,3.070180488235452e-05
18-03 20:00,3.070180488235452e-05
18-03 21:00,2.68640792720602e-05
18-03 22:00,3.4539530492648835e-05
18-03 23:00,7.291678659559198e-05
19-03 00:00,0.00013048267075000671
19-03 01:00,0.00011896949391912376
19-03 02:00,0.00012664494513971237
19-03 03:00,0.00016885992685294988
19-03 04:00,0.00016885992685294988
19-03 05:00,0.00026096534150001343
19-03 06:00,0.0003146935000441338
19-03 07:00,0.00026096534150001343
19-03 08:00,0.00011513176830882945
19-03 09:00,9.978086586765219e-05
19-03 10:00,8.442996342647494e-05
19-03 11:00,8.059223781618061e-05
19-03 12:00,6.524133537500336e-05
19-03 13:00,6.140360976470904e-05
19-03 14:00,6.907906098529767e-05
19-03 15:00,6.907906098529767e-05
19-03 16:00,7.291678659559198e-05
19-03 17:00,8.442996342647494e-05
19-03 18:00,8.059223781618061e-05
19-03 19:00,8.442996342647494e-05
19-03 20:00,9.210541464706355e-05
19-03 21:00,0.0001074563170882408
19-03 22:00,0.00014583357319118397
19-03 23:00,0.00013432039636030103
20-03 00:00,0.00022642581100736458
20-03 01:00,0.00026480306711030774
20-03 02:00,0.00026480306711030774
20-03 03:00,0.0003185312256544282
20-03 04:00,0.000341557579316194
20-03 05:00,0.00042214981713237465
20-03 06:00,0.00048355342689708367
20-03 07:00,0.0004490138964044348
20-03 08:00,0.00023793898783824752
20-03 09:00,0.00014199584758088965
20-03 10:00,0.00012664494513971237
20-03 11:00,0.0001228072195294181
20-03 12:00,0.0001036185914779465
20-03 13:00,0.0001074563170882408
20-03 14:00,9.978086586765219e-05
20-03 15:00,0.0001036185914779465
20-03 16:00,0.00011513176830882945
20-03 17:00,0.00012664494513971237
20-03 18:00,0.00013432039636030103
20-03 19:00,0.00014583357319118397
20-03 20:00,0.00014583357319118397
20-03 21:00,0.0001535090244117726
20-03 22:00,7.67545122058863e-05
20-03 23:00,0.00011513176830882945
21-03 00:00,0.00017269765246324416
21-03 01:00,0.00018037310368383282
21-03 02:00,0.00017269765246324416
21-03 03:00,0.0002149126341764816
21-03 04:00,0.00021875035978677595
21-03 05:00,0.00033004440248531107
21-03 06:00,0.00033004440248531107
21-03 07:00,0.00036074620736766563
21-03 08:00,0.00024177671344854183
21-03 09:00,0.00014199584758088965
21-03 10:00,0.00011896949391912376
21-03 11:00,0.00011129404269853513
21-03 12:00,8.826768903676924e-05
21-03 13:00,8.826768903676924e-05
21-03 14:00,8.826768903676924e-05
21-03 15:00,9.210541464706355e-05
21-03 16:00,9.210541464706355e-05
21-03 17:00,0.00011513176830882945
21-03 18:00,0.00011896949391912376
21-03 19:00,0.00016885992685294988
21-03 20:00,0.00018037310368383282
21-03 21:00,0.000207237182955893
21-03 22:00,0.00017269765246324416
21-03 23:00,0.00013048267075000671
22-03 00:00,0.0002149126341764816
22-03 01:00,0.0002341012622279532
22-03 02:00,0.00023793898783824752
22-03 03:00,0.0003031803232132509
22-03 04:00,0.0003070180488235452
22-03 05:00,0.0004336629939632576
22-03 06:00,0.0005219306830000269
22-03 07:00,0.0004682025244559064
22-03 08:00,0.00042214981713237465
22-03 09:00,0.0003722593841985485
22-03 10:00,0.00033004440248531107
22-03 11:00,0.00026864079272060205
22-03 12:00,0.00026096534150001343
22-03 13:00,0.00019572400612501004
22-03 14:00,0.00016885992685294988
22-03 15:00,0.00016885992685294988
22-03 16:00,0.00017653537807353848
22-03 17:00,0.00017269765246324416
22-03 18:00,0.0002763162439411907
22-03 19:00,0.00036074620736766563
22-03 20:00,0.00039528573786031445
22-03 21:00,0.00038377256102943146
22-03 22:00,0.0003146935000441338
22-03 23:00,0.00029550487199266225
23-03 00:00,0.00029166714638236794
23-03 01:00,0.00026864079272060205
23-03 02:00,0.0002571276158897191
23-03 03:00,0.00026864079272060205
23-03 04:00,0.000280153969551485
23-03 05:00,0.00033004440248531107
23-03 06:00,0.0004643647988456121
23-03 07:00,0.000341557579316194
23-03 08:00,0.0002341012622279532
23-03 09:00,0.00013432039636030103
23-03 10:00,0.0001228072195294181
23-03 11:00,0.00011129404269853513
23-03 12:00,9.594314025735786e-05
23-03 13:00,9.978086586765219e-05
23-03 14:00,8.442996342647494e-05
23-03 15:00,9.594314025735786e-05
23-03 16:00,0.0001036185914779465
23-03 17:00,0.0001074563170882408
23-03 18:00,0.0001228072195294181
23-03 19:00,0.00011896949391912376
23-03 20:00,0.00013432039636030103
23-03 21:00,0.00012664494513971237
23-03 22:00,8.826768903676924e-05
23-03 23:00,9.594314025735786e-05
24-03 00:00,8.059223781618061e-05
24-03 01:00,0.0001228072195294181
24-03 02:00,0.00011896949391912376
24-03 03:00,0.00012664494513971237
24-03 04:00,0.00013048267075000671
24-03 05:00,0.00019188628051471573
24-03 06:00,0.00021875035978677595
24-03 07:00,0.0002302635366176589
24-03 08:00,0.00014967129880147828
24-03 09:00,9.594314025735786e-05
24-03 10:00,9.594314025735786e-05
24-03 11:00,9.210541464706355e-05
24-03 12:00,8.059223781618061e-05
24-03 13:00,8.059223781618061e-05
24-03 14:00,6.140360976470904e-05
24-03 15:00,5.756588415441472e-05
24-03 16:00,5.756588415441472e-05
24-03 17:00,6.907906098529767e-05
24-03 18:00,7.291678659559198e-05
24-03 19:00,7.291678659559198e-05
24-03 20:00,7.67545122058863e-05
24-03 21:00,7.291678659559198e-05
24-03 22:00,4.6052707323531776e-05
24-03 23:00,4.221498171323747e-05
25-03 00:00,7.291678659559198e-05
25-03 01:00,8.442996342647494e-05
25-03 02:00,0.00013048267075000671
25-03 03:00,0.00017269765246324416
25-03 04:00,0.0002149126341764816
25-03 05:00,0.00023793898783824752
25-03 06:00,0.00032620667687501676
25-03 07:00,0.00029166714638236794
25-03 08:00,0.00016118447563236122
25-03 09:00,0.00011513176830882945
25-03 10:00,0.00011129404269853513
25-03 11:00,0.0001036185914779465
25-03 12:00,8.442996342647494e-05
25-03 13:00,8.059223781618061e-05
25-03 14:00,7.291678659559198e-05
25-03 15:00,6.907906098529767e-05
25-03 16:00,7.291678659559198e-05
25-03 17:00,8.442996342647494e-05
25-03 18:00,8.826768903676924e-05
25-03 19:00,9.210541464706355e-05
25-03 20:00,9.210541464706355e-05
25-03 21:00,9.210541464706355e-05
25-03 22:00,5.37281585441204e-05
25-03 23:00,4.221498171323747e-05
26-03 00:00,1.535090244117726e-05
26-03 01:00,1.1513176830882944e-05
26-03 02:00,1.1513176830882944e-05
26-03 03:00,1.1513176830882944e-05
26-03 04:00,1.1513176830882944e-05
26-03 05:00,1.9188628051471574e-05
26-03 06:00,4.221498171323747e-05
26-03 07:00,4.9890432933826096e-05
26-03 08:00,4.221498171323747e-05
26-03 09:00,3.4539530492648835e-05
26-03 10:00,2.68640792720602e-05
26-03 11:00,2.3026353661765888e-05
26-03 12:00,1.535090244117726e-05
26-03 13:00,1.535090244117726e-05
26-03 14:00,1.535090244117726e-05
26-03 15:00,1.535090244117726e-05
26-03 16:00,1.535090244117726e-05
26-03 17:00,1.535090244117726e-05
26-03 18:00,1.9188628051471574e-05
26-03 19:00,1.9188628051471574e-05
26-03 20:00,2.3026353661765888e-05
26-03 21:00,2.3026353661765888e-05
26-03 22:00,2.3026353661765888e-05
26-03 23:00,2.3026353661765888e-05
27-03 00:00,1.535090244117726e-05
27-03 01:00,1.1513176830882944e-05
27-03 02:00,1.1513176830882944e-05
27-03 03:00,1.1513176830882944e-05
27-03 04:00,1.1513176830882944e-05
27-03 05:00,1.9188628051471574e-05
27-03 06:00,4.221498171323747e-05
27-03 07:00,4.9890432933826096e-05
27-03 08:00,4.221498171323747e-05
27-03 09:00,3.4539530492648835e-05
27-03 10:00,2.68640792720602e-05
27-03 11:00,2.3026353661765888e-05
27-03 12:00,1.535090244117726e-05
27-03 13:00,1.535090244117726e-05
27-03 14:00,1.535090244117726e-05
27-03 15:00,1.535090244117726e-05
27-03 16:00,1.535090244117726e-05
27-03 17:00,1.9188628051471574e-05
27-03 18:00,1.9188628051471574e-05
27-03 19:00,2.3026353661765888e-05
27-03 20:00,2.3026353661765888e-05
27-03 21:00,2.3026353661765888e-05
27-03 22:00,2.3026353661765888e-05
27-03 23:00,1.9188628051471574e-05
28-03 00:00,1.535090244117726e-05
28-03 01:00,1.1513176830882944e-05
28-03 02:00,1.1513176830882944e-05
28-03 03:00,1.1513176830882944e-05
28-03 04:00,1.1513176830882944e-05
28-03 05:00,1.9188628051471574e-05
28-03 06:00,4.6052707323531776e-05
28-03 07:00,4.9890432933826096e-05
28-03 08:00,4.221498171323747e-05
28-03 09:00,3.4539530492648835e-05
28-03 10:00,2.68640792720602e-05
28-03 11:00,2.3026353661765888e-05
28-03 12:00,1.535090244117726e-05
28-03 13:00,1.535090244117726e-05
28-03 14:00,1.535090244117726e-05
28-03 15:00,1.535090244117726e-05
28-03 16:00,1.535090244117726e-05
28-03 17:00,1.9188628051471574e-05
28-03 18:00,1.9188628051471574e-05
28-03 19:00,1.9188628051471574e-05
28-03 20:00,2.3026353661765888e-05
28-03 21:00,2.3026353661765888e-05
28-03 22:00,2.68640792720602e-05
28-03 23:00,1.9188628051471574e-05
29-03 00:00,1.535090244117726e-05
29-03 01:00,1.1513176830882944e-05
29-03 02:00,1.1513176830882944e-05
29-03 03:00,1.1513176830882944e-05
29-03 04:00,1.1513176830882944e-05
29-03 05:00,1.9188628051471574e-05
29-03 06:00,3.837725610294315e-05
29-03 07:00,4.6052707323531776e-05
29-03 08:00,4.221498171323747e-05
29-03 09:00,3.4539530492648835e-05
29-03 10:00,2.68640792720602e-05
29-03 11:00,2.3026353661765888e-05
29-03 12:00,1.535090244117726e-05
29-03 13:00,1.535090244117726e-05
29-03 14:00,1.535090244117726e-05
29-03 15:00,1.535090244117726e-05
29-03 16:00,1.535090244117726e-05
29-03 17:00,1.9188628051471574e-05
29-03 18:00,1.9188628051471574e-05
29-03 19:00,2.3026353661765888e-05
29-03 20:00,2.3026353661765888e-05
29-03 21:00,2.3026353661765888e-05
29-03 22:00,2.3026353661765888e-05
29-03 23:00,1.9188628051471574e-05
30-03 00:00,1.9188628051471574e-05
30-03 01:00,1.535090244117726e-05
30-03 02:00,1.535090244117726e-05
30-03 03:00,1.1513176830882944e-05
30-03 04:00,1.535090244117726e-05
30-03 05:00,1.535090244117726e-05
30-03 06:00,1.535090244117726e-05
30-03 07:00,2.68640792720602e-05
30-03 08:00,5.756588415441472e-05
30-03 09:00,5.37281585441204e-05
30-03 10:00,4.9890432933826096e-05
30-03 11:00,4.9890432933826096e-05
30-03 12:00,4.221498171323747e-05
30-03 13:00,3.4539530492648835e-05
30-03 14:00,2.3026353661765888e-05
30-03 15:00,1.9188628051471574e-05
30-03 16:00,1.9188628051471574e-05
30-03 17:00,2.3026353661765888e-05
30-03 18:00,2.3026353661765888e-05
30-03 19:00,2.3026353661765888e-05
30-03 20:00,2.3026353661765888e-05
30-03 21:00,1.9188628051471574e-05
30-03 22:00,2.68640792720602e-05
30-03 23:00,2.68640792720602e-05
31-03 00:00,7.67545122058863e-05
31-03 01:00,7.67545122058863e-05
31-03 02:00,8.059223781618061e-05
31-03 03:00,7.291678659559198e-05
31-03 04:00,7.67545122058863e-05
31-03 05:00,0.00014583357319118397
31-03 06:00,0.00021107490856618732
31-03 07:00,0.0002456144390588362
31-03 08:00,0.00023793898783824752
31-03 09:00,0.0001074563170882408
31-03 10:00,9.210541464706355e-05
31-03 11:00,8.826768903676924e-05
31-03 12:00,6.907906098529767e-05
31-03 13:00,6.907906098529767e-05
31-03 14:00,5.756588415441472e-05
31-03 15:00,5.37281585441204e-05
31-03 16:00,6.140360976470904e-05
31-03 17:00,5.756588415441472e-05
31-03 18:00,5.756588415441472e-05
31-03 19:00,6.524133537500336e-05
31-03 20:00,6.907906098529767e-05
31-03 21:00,6.524133537500336e-05
31-03 22:00,4.6052707323531776e-05
31-03 23:00,3.4539530492648835e-05
01-04 00:00,3.837725610294315e-05
01-04 01:00,3.4539530492648835e-05
01-04 02:00,3.4539530492648835e-05
01-04 03:00,4.221498171323747e-05
01-04 04:00,5.37281585441204e-05
01-04 05:00,8.442996342647494e-05
01-04 06:00,0.0001074563170882408
01-04 07:00,0.00011513176830882945
01-04 08:00,0.00013048267075000671
01-04 09:00,8.826768903676924e-05
01-04 10:00,7.67545122058863e-05
01-04 11:00,7.291678659559198e-05
01-04 12:00,6.140360976470904e-05
01-04 13:00,5.37281585441204e-05
01-04 14:00,4.9890432933826096e-05
01-04 15:00,4.221498171323747e-05
01-04 16:00,4.6052707323531776e-05
01-04 17:00,4.6052707323531776e-05
01-04 18:00,5.756588415441472e-05
01-04 19:00,6.524133537500336e-05
01-04 20:00,0.00011129404269853513
01-04 21:00,9.978086586765219e-05
01-04 22:00,0.00013432039636030103
01-04 23:00,0.00013815812197059534
02-04 00:00,0.0001842108292941271
02-04 01:00,0.00013432039636030103
02-04 02:00,0.00013048267075000671
02-04 03:00,0.00018037310368383282
02-04 04:00,0.00018037310368383282
02-04 05:00,0.00022258808539707027
02-04 06:00,0.0003338821280956054
02-04 07:00,0.000207237182955893
02-04 08:00,0.0002341012622279532
02-04 09:00,0.00019188628051471573
02-04 10:00,0.00013432039636030103
02-04 11:00,0.0001228072195294181
02-04 12:00,0.00011896949391912376
02-04 13:00,0.0001074563170882408
02-04 14:00,9.594314025735786e-05
02-04 15:00,0.00013432039636030103
02-04 16:00,9.594314025735786e-05
02-04 17:00,9.978086586765219e-05
02-04 18:00,0.00019956173173530438
02-04 19:00,0.00019188628051471573
02-04 20:00,0.00019572400612501004
02-04 21:00,0.0001573467500220669
02-04 22:00,0.00011129404269853513
02-04 23:00,9.978086586765219e-05
03-04 00:00,0.00013048267075000671
03-04 01:00,0.00011513176830882945
03-04 02:00,0.0001228072195294181
03-04 03:00,0.00016502220124265554
03-04 04:00,0.00013048267075000671
03-04 05:00,0.0001535090244117726
03-04 06:00,0.00016885992685294988
03-04 07:00,0.00016885992685294988
03-04 08:00,0.00011129404269853513
03-04 09:00,9.978086586765219e-05
03-04 10:00,8.826768903676924e-05
03-04 11:00,7.67545122058863e-05
03-04 12:00,6.140360976470904e-05
03-04 13:00,6.524133537500336e-05
03-04 14:00,6.907906098529767e-05
03-04 15:00,6.524133537500336e-05
03-04 16:00,6.524133537500336e-05
03-04 17:00,8.059223781618061e-05
03-04 18:00,8.059223781618061e-05
03-04 19:00,9.210541464706355e-05
03-04 20:00,0.00017653537807353848
03-04 21:00,0.0001842108292941271
03-04 22:00,0.00014967129880147828
03-04 23:00,0.00022258808539707027
04-04 00:00,0.00026864079272060205
04-04 01:00,0.00027247851833089637
04-04 02:00,0.0002878294207720736
04-04 03:00,0.00035307075614707695
04-04 04:00,0.0003645839329779599
04-04 05:00,0.0004298252683529632
04-04 06:00,0.0004336629939632576
04-04 07:00,0.0003185312256544282
04-04 08:00,0.000207237182955893
04-04 09:00,0.00012664494513971237
04-04 10:00,0.00013432039636030103
04-04 11:00,0.00013048267075000671
04-04 12:00,0.0001074563170882408
04-04 13:00,0.00011896949391912376
04-04 14:00,0.00011129404269853513
04-04 15:00,0.00011129404269853513
04-04 16:00,0.00011513176830882945
04-04 17:00,0.00013432039636030103
04-04 18:00,0.00013432039636030103
04-04 19:00,0.00014583357319118397
04-04 20:00,0.00016118447563236122
04-04 21:00,0.00016118447563236122
04-04 22:00,0.0001842108292941271
04-04 23:00,0.00019188628051471573
05-04 00:00,0.00021107490856618732
05-04 01:00,0.0003760971098088429
05-04 02:00,0.0002494521646691305
05-04 03:00,0.0003108557744338395
05-04 04:00,0.0003684216585882542
05-04 05:00,0.0004605270732353178
05-04 06:00,0.00048355342689708367
05-04 07:00,0.00029934259760295656
05-04 08:00,0.00016502220124265554
05-04 09:00,0.00013432039636030103
05-04 10:00,0.00013048267075000671
05-04 11:00,0.0001228072195294181
05-04 12:00,0.00011129404269853513
05-04 13:00,0.0001074563170882408
05-04 14:00,0.0001074563170882408
05-04 15:00,0.0001074563170882408
05-04 16:00,0.00011896949391912376
05-04 17:00,0.0001228072195294181
05-04 18:00,0.00014199584758088965
05-04 19:00,0.00014967129880147828
05-04 20:00,0.00013815812197059534
05-04 21:00,0.00013815812197059534
05-04 22:00,0.00013048267075000671
05-04 23:00,0.00014583357319118397
06-04 00:00,0.00021107490856618732
06-04 01:00,0.00021107490856618732
06-04 02:00,0.00011896949391912376
06-04 03:00,7.67545122058863e-05
06-04 04:00,6.524133537500336e-05
06-04 05:00,9.594314025735786e-05
06-04 06:00,0.00013432039636030103
06-04 07:00,9.978086586765219e-05
06-04 08:00,7.291678659559198e-05
06-04 09:00,6.907906098529767e-05
06-04 10:00,6.140360976470904e-05
06-04 11:00,5.756588415441472e-05
06-04 12:00,4.9890432933826096e-05
06-04 13:00,4.221498171323747e-05
06-04 14:00,4.6052707323531776e-05
06-04 15:00,4.6052707323531776e-05
06-04 16:00,4.6052707323531776e-05
06-04 17:00,5.37281585441204e-05
06-04 18:00,5.756588415441472e-05
06-04 19:00,5.756588415441472e-05
06-04 20:00,6.140360976470904e-05
06-04 21:00,6.140360976470904e-05
06-04 22:00,4.9890432933826096e-05
06-04 23:00,8.442996342647494e-05
07-04 00:00,0.00013048267075000671
07-04 01:00,0.0001842108292941271
07-04 02:00,0.00025328989027942475
07-04 03:00,0.00026864079272060205
07-04 04:00,0.0003031803232132509
07-04 05:00,0.000414474365911786
07-04 06:00,0.00033771985370589975
07-04 07:00,0.0002763162439411907
07-04 08:00,0.00014583357319118397
07-04 09:00,0.00014199584758088965
07-04 10:00,0.00013048267075000671
07-04 11:00,0.0001228072195294181
07-04 12:00,0.00011513176830882945
07-04 13:00,0.0001074563170882408
07-04 14:00,9.594314025735786e-05
07-04 15:00,8.826768903676924e-05
07-04 16:00,9.594314025735786e-05
07-04 17:00,0.0001074563170882408
07-04 18:00,0.00011129404269853513
07-04 19:00,0.00011513176830882945
07-04 20:00,0.00011896949391912376
07-04 21:00,0.00011513176830882945
07-04 22:00,6.140360976470904e-05
07-04 23:00,4.9890432933826096e-05
08-04 00:00,1.9188628051471574e-05
08-04 01:00,1.535090244117726e-05
08-04 02:00,1.535090244117726e-05
08-04 03:00,1.1513176830882944e-05
08-04 04:00,1.535090244117726e-05
08-04 05:00,1.535090244117726e-05
08-04 06:00,1.535090244117726e-05
08-04 07:00,2.68640792720602e-05
08-04 08:00,4.9890432933826096e-05
08-04 09:00,5.37281585441204e-05
08-04 10:00,5.37281585441204e-05
08-04 11:00,4.6052707323531776e-05
08-04 12:00,4.221498171323747e-05
08-04 13:00,3.4539530492648835e-05
08-04 14:00,2.3026353661765888e-05
08-04 15:00,1.9188628051471574e-05
08-04 16:00,1.9188628051471574e-05
08-04 17:00,1.9188628051471574e-05
08-04 18:00,2.3026353661765888e-05
08-04 19:00,1.9188628051471574e-05
08-04 20:00,1.9188628051471574e-05
08-04 21:00,1.9188628051471574e-05
08-04 22:00,1.9188628051471574e-05
08-04 23:00,1.9188628051471574e-05
09-04 00:00,1.9188628051471574e-05
09-04 01:00,1.535090244117726e-05
09-04 02:00,2.3026353661765888e-05
09-04 03:00,6.524133537500336e-05
09-04 04:00,0.00011129404269853513
09-04 05:00,0.00013048267075000671
09-04 06:00,0.00011129404269853513
09-04 07:00,6.524133537500336e-05
09-04 08:00,5.756588415441472e-05
09-04 09:00,4.9890432933826096e-05
09-04 10:00,4.221498171323747e-05
09-04 11:00,3.070180488235452e-05
09-04 12:00,2.68640792720602e-05
09-04 13:00,2.68640792720602e-05
09-04 14:00,2.68640792720602e-05
09-04 15:00,2.68640792720602e-05
09-04 16:00,3.070180488235452e-05
09-04 17:00,3.4539530492648835e-05
09-04 18:00,3.4539530492648835e-05
09-04 19:00,3.4539530492648835e-05
09-04 20:00,3.837725610294315e-05
09-04 21:00,3.837725610294315e-05
09-04 22:00,3.070180488235452e-05
09-04 23:00,2.3026353661765888e-05
10-04 00:00,1.9188628051471574e-05
10-04 01:00,1.535090244117726e-05
10-04 02:00,2.3026353661765888e-05
10-04 03:00,6.524133537500336e-05
10-04 04:00,6.907906098529767e-05
10-04 05:00,7.67545122058863e-05
10-04 06:00,9.978086586765219e-05
10-04 07:00,6.524133537500336e-05
10-04 08:00,5.37281585441204e-05
10-04 09:00,4.6052707323531776e-05
10-04 10:00,3.4539530492648835e-05
10-04 11:00,2.68640792720602e-05
10-04 12:00,2.3026353661765888e-05
10-04 13:00,2.3026353661765888e-05
10-04 14:00,2.3026353661765888e-05
10-04 15:00,2.3026353661765888e-05
10-04 16:00,2.3026353661765888e-05
10-04 17:00,2.3026353661765888e-05
10-04 18:00,3.070180488235452e-05
10-04 19:00,3.070180488235452e-05
10-04 20:00,3.4539530492648835e-05
10-04 21:00,3.4539530492648835e-05
10-04 22:00,2.68640792720602e-05
10-04 23:00,2.3026353661765888e-05
11-04 00:00,1.535090244117726e-05
11-04 01:00,1.1513176830882944e-05
11-04 02:00,1.1513176830882944e-05
11-04 03:00,1.1513176830882944e-05
11-04 04:00,1.1513176830882944e-05
11-04 05:00,1.9188628051471574e-05
11-04 06:00,3.837725610294315e-05
11-04 07:00,4.9890432933826096e-05
11-04 08:00,3.837725610294315e-05
11-04 09:00,3.4539530492648835e-05
11-04 10:00,2.68640792720602e-05
11-04 11:00,2.3026353661765888e-05
11-04 12:00,1.535090244117726e-05
11-04 13:00,1.535090244117726e-05
11-04 14:00,1.535090244117726e-05
11-04 15:00,1.535090244117726e-05
11-04 16:00,1.535090244117726e-05
11-04 17:00,1.9188628051471574e-05
11-04 18:00,1.9188628051471574e-05
11-04 19:00,1.9188628051471574e-05
11-04 20:00,1.9188628051471574e-05
11-04 21:00,2.3026353661765888e-05
11-04 22:00,2.3026353661765888e-05
11-04 23:00,1.9188628051471574e-05
12-04 00:00,1.535090244117726e-05
12-04 01:00,1.1513176830882944e-05
12-04 02:00,1.1513176830882944e-05
12-04 03:00,1.1513176830882944e-05
12-04 04:00,1.1513176830882944e-05
12-04 05:00,1.9188628051471574e-05
12-04 06:00,3.837725610294315e-05
12-04 07:00,4.6052707323531776e-05
12-04 08:00,3.837725610294315e-05
12-04 09:00,3.4539530492648835e-05
12-04 10:00,2.68640792720602e-05
12-04 11:00,2.3026353661765888e-05
12-04 12:00,1.535090244117726e-05
12-04 13:00,1.535090244117726e-05
12-04 14:00,1.535090244117726e-05
12-04 15:00,1.535090244117726e-05
12-04 16:00,1.535090244117726e-05
12-04 17:00,1.535090244117726e-05
12-04 18:00,1.9188628051471574e-05
12-04 19:00,1.9188628051471574e-05
12-04 20:00,2.3026353661765888e-05
12-04 21:00,2.3026353661765888e-05
12-04 22:00,2.68640792720602e-05
12-04 23:00,1.9188628051471574e-05
13-04 00:00,1.535090244117726e-05
13-04 01:00,1.1513176830882944e-05
13-04 02:00,1.1513176830882944e-05
13-04 03:00,1.1513176830882944e-05
13-04 04:00,1.1513176830882944e-05
13-04 05:00,1.9188628051471574e-05
13-04 06:00,4.221498171323747e-05
13-04 07:00,4.221498171323747e-05
13-04 08:00,4.221498171323747e-05
13-04 09:00,3.4539530492648835e-05
13-04 10:00,2.68640792720602e-05
13-04 11:00,1.9188628051471574e-05
13-04 12:00,1.535090244117726e-05
13-04 13:00,1.535090244117726e-05
13-04 14:00,1.535090244117726e-05
13-04 15:00,1.535090244117726e-05
13-04 16:00,1.9188628051471574e-05
13-04 17:00,1.535090244117726e-05
13-04 18:00,1.9188628051471574e-05
13-04 19:00,1.9188628051471574e-05
13-04 20:00,2.3026353661765888e-05
13-04 21:00,2.3026353661765888e-05
13-04 22:00,2.3026353661765888e-05
13-04 23:00,1.9188628051471574e-05
14-04 00:00,3.4539530492648835e-05
14-04 01:00,3.837725610294315e-05
14-04 02:00,0.0001573467500220669
14-04 03:00,0.00019956173173530438
14-04 04:00,0.00019956173173530438
14-04 05:00,0.0002571276158897191
14-04 06:00,0.00020339945734559867
14-04 07:00,0.00014583357319118397
14-04 08:00,9.594314025735786e-05
14-04 09:00,0.0001074563170882408
14-04 10:00,9.978086586765219e-05
14-04 11:00,8.826768903676924e-05
14-04 12:00,8.826768903676924e-05
14-04 13:00,6.907906098529767e-05
14-04 14:00,6.524133537500336e-05
14-04 15:00,6.140360976470904e-05
14-04 16:00,6.140360976470904e-05
14-04 17:00,6.907906098529767e-05
14-04 18:00,6.907906098529767e-05
14-04 19:00,7.291678659559198e-05
14-04 20:00,6.907906098529767e-05
14-04 21:00,7.67545122058863e-05
14-04 22:00,4.221498171323747e-05
14-04 23:00,3.4539530492648835e-05
15-04 00:00,1.9188628051471574e-05
15-04 01:00,1.535090244117726e-05
15-04 02:00,1.535090244117726e-05
15-04 03:00,1.535090244117726e-05
15-04 04:00,1.1513176830882944e-05
15-04 05:00,1.1513176830882944e-05
15-04 06:00,1.535090244117726e-05
15-04 07:00,2.68640792720602e-05
15-04 08:00,5.37281585441204e-05
15-04 09:00,5.37281585441204e-05
15-04 10:00,4.9890432933826096e-05
15-04 11:00,4.6052707323531776e-05
15-04 12:00,4.221498171323747e-05
15-04 13:00,3.4539530492648835e-05
15-04 14:00,2.3026353661765888e-05
15-04 15:00,1.9188628051471574e-05
15-04 16:00,1.9188628051471574e-05
15-04 17:00,1.9188628051471574e-05
15-04 18:00,2.3026353661765888e-05
15-04 19:00,2.3026353661765888e-05
15-04 20:00,1.9188628051471574e-05
15-04 21:00,1.9188628051471574e-05
15-04 22:00,2.3026353661765888e-05
15-04 23:00,1.9188628051471574e-05
16-04 00:00,1.535090244117726e-05
16-04 01:00,1.1513176830882944e-05
16-04 02:00,1.1513176830882944e-05
16-04 03:00,1.1513176830882944e-05
16-04 04:00,1.1513176830882944e-05
16-04 05:00,1.9188628051471574e-05
16-04 06:00,4.221498171323747e-05
16-04 07:00,4.221498171323747e-05
16-04 08:00,4.6052707323531776e-05
16-04 09:00,3.4539530492648835e-05
16-04 10:00,2.68640792720602e-05
16-04 11:00,2.3026353661765888e-05
16-04 12:00,1.535090244117726e-05
16-04 13:00,1.535090244117726e-05
16-04 14:00,1.535090244117726e-05
16-04 15:00,1.535090244117726e-05
16-04 16:00,1.535090244117726e-05
16-04 17:00,1.535090244117726e-05
16-04 18:00,1.9188628051471574e-05
16-04 19:00,1.9188628051471574e-05
16-04 20:00,2.3026353661765888e-05
16-04 21:00,2.3026353661765888e-05
16-04 22:00,2.3026353661765888e-05
16-04 23:00,1.9188628051471574e-05
17-04 00:00,2.3026353661765888e-05
17-04 01:00,6.907906098529767e-05
17-04 02:00,0.00011513176830882945
17-04 03:00,2.68640792720602e-05
17-04 04:00,0.00011129404269853513
17-04 05:00,0.00013048267075000671
17-04 06:00,0.00011896949391912376
17-04 07:00,6.524133537500336e-05
17-04 08:00,6.524133537500336e-05
17-04 09:00,5.37281585441204e-05
17-04 10:00,4.6052707323531776e-05
17-04 11:00,3.4539530492648835e-05
17-04 12:00,3.070180488235452e-05
17-04 13:00,3.070180488235452e-05
17-04 14:00,3.070180488235452e-05
17-04 15:00,3.070180488235452e-05
17-04 16:00,3.070180488235452e-05
17-04 17:00,3.4539530492648835e-05
17-04 18:00,3.837725610294315e-05
17-04 19:00,3.837725610294315e-05
17-04 20:00,4.6052707323531776e-05
17-04 21:00,4.221498171323747e-05
17-04 22:00,3.4539530492648835e-05
17-04 23:00,2.68640792720602e-05
18-04 00:00,2.3026353661765888e-05
18-04 01:00,2.68640792720602e-05
18-04 02:00,7.291678659559198e-05
18-04 03:00,6.907906098529767e-05
18-04 04:00,0.00011513176830882945
18-04 05:00,0.00013048267075000671
18-04 06:00,0.00011896949391912376
18-04 07:00,6.907906098529767e-05
18-04 08:00,6.140360976470904e-05
18-04 09:00,5.37281585441204e-05
18-04 10:00,4.6052707323531776e-05
18-04 11:00,3.837725610294315e-05
18-04 12:00,3.070180488235452e-05
18-04 13:00,2.68640792720602e-05
18-04 14:00,3.4539530492648835e-05
18-04 15:00,3.070180488235452e-05
18-04 16:00,3.4539530492648835e-05
18-04 17:00,3.4539530492648835e-05
18-04 18:00,4.221498171323747e-05
18-04 19:00,4.221498171323747e-05
18-04 20:00,4.6052707323531776e-05
18-04 21:00,4.6052707323531776e-05
18-04 22:00,4.221498171323747e-05
18-04 23:00,7.67545122058863e-05
19-04 00:00,0.00013048267075000671
19-04 01:00,0.00016885992685294988
19-04 02:00,0.000207237182955893
19-04 03:00,0.00017653537807353848
19-04 04:00,0.0002456144390588362
19-04 05:00,0.0002839916951617793
19-04 06:00,0.0002839916951617793
19-04 07:00,0.00011896949391912376
19-04 08:00,9.594314025735786e-05
19-04 09:00,9.210541464706355e-05
19-04 10:00,8.059223781618061e-05
19-04 11:00,8.059223781618061e-05
19-04 12:00,6.524133537500336e-05
19-04 13:00,6.140360976470904e-05
19-04 14:00,6.524133537500336e-05
19-04 15:00,6.907906098529767e-05
19-04 16:00,6.907906098529767e-05
19-04 17:00,6.907906098529767e-05
19-04 18:00,8.059223781618061e-05
19-04 19:00,8.442996342647494e-05
19-04 20:00,8.826768903676924e-05
19-04 21:00,8.826768903676924e-05
19-04 22:00,5.756588415441472e-05
19-04 23:00,4.221498171323747e-05
20-04 00:00,2.3026353661765888e-05
20-04 01:00,6.907906098529767e-05
20-04 02:00,6.907906098529767e-05
20-04 03:00,0.00011513176830882945
20-04 04:00,0.00016502220124265554
20-04 05:00,0.00011896949391912376
20-04 06:00,6.907906098529767e-05
20-04 07:00,7.291678659559198e-05
20-04 08:00,6.907906098529767e-05
20-04 09:00,6.140360976470904e-05
20-04 10:00,4.6052707323531776e-05
20-04 11:00,3.837725610294315e-05
20-04 12:00,3.4539530492648835e-05
20-04 13:00,3.070180488235452e-05
20-04 14:00,3.070180488235452e-05
20-04 15:00,3.4539530492648835e-05
20-04 16:00,3.4539530492648835e-05
20-04 17:00,3.4539530492648835e-05
20-04 18:00,4.221498171323747e-05
20-04 19:00,4.221498171323747e-05
20-04 20:00,4.6052707323531776e-05
20-04 21:00,4.6052707323531776e-05
20-04 22:00,3.4539530492648835e-05
20-04 23:00,2.68640792720602e-05
21-04 00:00,2.68640792720602e-05
21-04 01:00,2.68640792720602e-05
21-04 02:00,0.0001036185914779465
21-04 03:00,0.00011513176830882945
21-04 04:00,0.00011129404269853513
21-04 05:00,7.291678659559198e-05
21-04 06:00,3.837725610294315e-05
21-04 07:00,4.6052707323531776e-05
21-04 08:00,6.524133537500336e-05
21-04 09:00,6.524133537500336e-05
21-04 10:00,6.140360976470904e-05
21-04 11:00,6.524133537500336e-05
21-04 12:00,5.756588415441472e-05
21-04 13:00,4.6052707323531776e-05
21-04 14:00,3.070180488235452e-05
21-04 15:00,3.4539530492648835e-05
21-04 16:00,3.837725610294315e-05
21-04 17:00,3.837725610294315e-05
21-04 18:00,4.221498171323747e-05
21-04 19:00,4.221498171323747e-05
21-04 20:00,3.837725610294315e-05
21-04 21:00,3.837725610294315e-05
21-04 22:00,3.070180488235452e-05
21-04 23:00,2.68640792720602e-05
22-04 00:00,1.9188628051471574e-05
22-04 01:00,1.535090244117726e-05
22-04 02:00,1.535090244117726e-05
22-04 03:00,1.1513176830882944e-05
22-04 04:00,1.1513176830882944e-05
22-04 05:00,1.535090244117726e-05
22-04 06:00,1.535090244117726e-05
22-04 07:00,2.3026353661765888e-05
22-04 08:00,4.6052707323531776e-05
22-04 09:00,4.9890432933826096e-05
22-04 10:00,4.9890432933826096e-05
22-04 11:00,4.9890432933826096e-05
22-04 12:00,3.837725610294315e-05
22-04 13:00,3.4539530492648835e-05
22-04 14:00,2.3026353661765888e-05
22-04 15:00,1.9188628051471574e-05
22-04 16:00,1.9188628051471574e-05
22-04 17:00,2.3026353661765888e-05
22-04 18:00,2.3026353661765888e-05
22-04 19:00,2.3026353661765888e-05
22-04 20:00,1.9188628051471574e-05
22-04 21:00,1.9188628051471574e-05
22-04 22:00,2.3026353661765888e-05
22-04 23:00,2.68640792720602e-05
23-04 00:00,2.68640792720602e-05
23-04 01:00,2.3026353661765888e-05
23-04 02:00,6.907906098529767e-05
23-04 03:00,0.00011129404269853513
23-04 04:00,0.0001573467500220669
23-04 05:00,0.00013432039636030103
23-04 06:00,7.67545122058863e-05
23-04 07:00,6.907906098529767e-05
23-04 08:00,5.756588415441472e-05
23-04 09:00,5.37281585441204e-05
23-04 10:00,4.6052707323531776e-05
23-04 11:00,3.4539530492648835e-05
23-04 12:00,3.070180488235452e-05
23-04 13:00,3.070180488235452e-05
23-04 14:00,2.68640792720602e-05
23-04 15:00,3.070180488235452e-05
23-04 16:00,3.4539530492648835e-05
23-04 17:00,3.837725610294315e-05
23-04 18:00,3.4539530492648835e-05
23-04 19:00,3.837725610294315e-05
23-04 20:00,4.6052707323531776e-05
23-04 21:00,4.6052707323531776e-05
23-04 22:00,3.070180488235452e-05
23-04 23:00,2.68640792720602e-05
24-04 00:00,1.535090244117726e-05
24-04 01:00,1.1513176830882944e-05
24-04 02:00,1.1513176830882944e-05
24-04 03:00,1.1513176830882944e-05
24-04 04:00,1.1513176830882944e-05
24-04 05:00,2.68640792720602e-05
24-04 06:00,3.837725610294315e-05
24-04 07:00,4.6052707323531776e-05
24-04 08:00,3.837725610294315e-05
24-04 09:00,3.4539530492648835e-05
24-04 10:00,2.68640792720602e-05
24-04 11:00,1.9188628051471574e-05
24-04 12:00,1.535090244117726e-05
24-04 13:00,1.535090244117726e-05
24-04 14:00,1.535090244117726e-05
24-04 15:00,1.535090244117726e-05
24-04 16:00,1.535090244117726e-05
24-04 17:00,1.9188628051471574e-05
24-04 18:00,1.535090244117726e-05
24-04 19:00,1.9188628051471574e-05
24-04 20:00,2.3026353661765888e-05
24-04 21:00,2.3026353661765888e-05
24-04 22:00,2.3026353661765888e-05
24-04 23:00,1.9188628051471574e-05
25-04 00:00,1.535090244117726e-05
25-04 01:00,1.1513176830882944e-05
25-04 02:00,1.1513176830882944e-05
25-04 03:00,1.1513176830882944e-05
25-04 04:00,1.1513176830882944e-05
25-04 05:00,1.9188628051471574e-05
25-04 06:00,4.221498171323747e-05
25-04 07:00,4.6052707323531776e-05
25-04 08:00,4.221498171323747e-05
25-04 09:00,3.4539530492648835e-05
25-04 10:00,2.68640792720602e-05
25-04 11:00,1.9188628051471574e-05
25-04 12:00,1.535090244117726e-05
25-04 13:00,1.535090244117726e-05
25-04 14:00,1.535090244117726e-05
25-04 15:00,1.535090244117726e-05
25-04 16:00,1.535090244117726e-05
25-04 17:00,1.9188628051471574e-05
25-04 18:00,1.9188628051471574e-05
25-04 19:00,1.9188628051471574e-05
25-04 20:00,2.3026353661765888e-05
25-04 21:00,2.3026353661765888e-05
25-04 22:00,2.3026353661765888e-05
25-04 23:00,1.9188628051471574e-05
26-04 00:00,1.535090244117726e-05
26-04 01:00,1.1513176830882944e-05
26-04 02:00,1.1513176830882944e-05
26-04 03:00,1.1513176830882944e-05
26-04 04:00,1.1513176830882944e-05
26-04 05:00,1.9188628051471574e-05
26-04 06:00,4.221498171323747e-05
26-04 07:00,4.221498171323747e-05
26-04 08:00,4.221498171323747e-05
26-04 09:00,3.4539530492648835e-05
26-04 10:00,2.3026353661765888e-05
26-04 11:00,1.9188628051471574e-05
26-04 12:00,1.535090244117726e-05
26-04 13:00,1.535090244117726e-05
26-04 14:00,1.535090244117726e-05
26-04 15:00,1.535090244117726e-05
26-04 16:00,1.535090244117726e-05
26-04 17:00,1.535090244117726e-05
26-04 18:00,1.9188628051471574e-05
26-04 19:00,1.9188628051471574e-05
26-04 20:00,2.3026353661765888e-05
26-04 21:00,2.3026353661765888e-05
26-04 22:00,2.3026353661765888e-05
26-04 23:00,1.9188628051471574e-05
27-04 00:00,1.535090244117726e-05
27-04 01:00,1.1513176830882944e-05
27-04 02:00,1.1513176830882944e-05
27-04 03:00,1.1513176830882944e-05
27-04 04:00,1.1513176830882944e-05
27-04 05:00,1.9188628051471574e-05
27-04 06:00,4.221498171323747e-05
27-04 07:00,4.6052707323531776e-05
27-04 08:00,4.6052707323531776e-05
27-04 09:00,3.070180488235452e-05
27-04 10:00,2.68640792720602e-05
27-04 11:00,1.9188628051471574e-05
27-04 12:00,1.535090244117726e-05
27-04 13:00,1.535090244117726e-05
27-04 14:00,1.535090244117726e-05
27-04 15:00,1.535090244117726e-05
27-04 16:00,1.535090244117726e-05
27-04 17:00,1.535090244117726e-05
27-04 18:00,1.535090244117726e-05
27-04 19:00,1.9188628051471574e-05
27-04 20:00,2.3026353661765888e-05
27-04 21:00,2.3026353661765888e-05
27-04 22:00,2.3026353661765888e-05
27-04 23:00,1.9188628051471574e-05
28-04 00:00,1.535090244117726e-05
28-04 01:00,1.535090244117726e-05
28-04 02:00,1.535090244117726e-05
28-04 03:00,1.1513176830882944e-05
28-04 04:00,1.1513176830882944e-05
28-04 05:00,1.1513176830882944e-05
28-04 06:00,1.535090244117726e-05
28-04 07:00,2.3026353661765888e-05
28-04 08:00,5.37281585441204e-05
28-04 09:00,4.9890432933826096e-05
28-04 10:00,4.9890432933826096e-05
28-04 11:00,4.6052707323531776e-05
28-04 12:00,4.221498171323747e-05
28-04 13:00,3.4539530492648835e-05
28-04 14:00,2.3026353661765888e-05
28-04 15:00,1.9188628051471574e-05
28-04 16:00,1.9188628051471574e-05
28-04 17:00,1.9188628051471574e-05
28-04 18:00,2.3026353661765888e-05
28-04 19:00,2.3026353661765888e-05
28-04 20:00,1.9188628051471574e-05
28-04 21:00,1.9188628051471574e-05
28-04 22:00,1.9188628051471574e-05
28-04 23:00,1.9188628051471574e-05
29-04 00:00,3.070180488235452e-05
29-04 01:00,7.67545122058863e-05
29-04 02:00,0.00011513176830882945
29-04 03:00,0.0001535090244117726
29-04 04:00,0.00019956173173530438
29-04 05:00,0.00017653537807353848
29-04 06:00,0.00011129404269853513
29-04 07:00,6.524133537500336e-05
29-04 08:00,8.059223781618061e-05
29-04 09:00,7.67545122058863e-05
29-04 10:00,8.826768903676924e-05
29-04 11:00,7.291678659559198e-05
29-04 12:00,6.140360976470904e-05
29-04 13:00,6.524133537500336e-05
29-04 14:00,5.37281585441204e-05
29-04 15:00,4.6052707323531776e-05
29-04 16:00,5.37281585441204e-05
29-04 17:00,5.37281585441204e-05
29-04 18:00,6.140360976470904e-05
29-04 19:00,6.140360976470904e-05
29-04 20:00,5.756588415441472e-05
29-04 21:00,5.756588415441472e-05
29-04 22:00,4.221498171323747e-05
29-04 23:00,3.070180488235452e-05
30-04 00:00,1.535090244117726e-05
30-04 01:00,1.1513176830882944e-05
30-04 02:00,1.1513176830882944e-05
30-04 03:00,7.67545122058863e-06
30-04 04:00,1.1513176830882944e-05
30-04 05:00,1.9188628051471574e-05
30-04 06:00,3.837725610294315e-05
30-04 07:00,4.6052707323531776e-05
30-04 08:00,3.837725610294315e-05
30-04 09:00,3.4539530492648835e-05
30-04 10:00,2.68640792720602e-05
30-04 11:00,1.9188628051471574e-05
30-04 12:00,1.535090244117726e-05
30-04 13:00,1.535090244117726e-05
30-04 14:00,1.1513176830882944e-05
30-04 15:00,1.535090244117726e-05
30-04 16:00,1.535090244117726e-05
30-04 17:00,1.9188628051471574e-05
30-04 18:00,1.535090244117726e-05
30-04 19:00,1.9188628051471574e-05
30-04 20:00,1.9188628051471574e-05
30-04 21:00,2.3026353661765888e-05
30-04 22:00,2.3026353661765888e-05
30-04 23:00,1.9188628051471574e-05
01-05 00:00,1.535090244117726e-05
01-05 01:00,1.1513176830882944e-05
01-05 02:00,1.535090244117726e-05
01-05 03:00,1.1513176830882944e-05
01-05 04:00,1.1513176830882944e-05
01-05 05:00,1.1513176830882944e-05
01-05 06:00,1.535090244117726e-05
01-05 07:00,2.3026353661765888e-05
01-05 08:00,4.9890432933826096e-05
01-05 09:00,4.9890432933826096e-05
01-05 10:00,4.9890432933826096e-05
01-05 11:00,4.221498171323747e-05
01-05 12:00,4.221498171323747e-05
01-05 13:00,3.070180488235452e-05
01-05 14:00,2.3026353661765888e-05
01-05 15:00,1.9188628051471574e-05
01-05 16:00,1.9188628051471574e-05
01-05 17:00,2.3026353661765888e-05
01-05 18:00,2.3026353661765888e-05
01-05 19:00,2.3026353661765888e-05
01-05 20:00,2.3026353661765888e-05
01-05 21:00,1.9188628051471574e-05
01-05 22:00,2.3026353661765888e-05
01-05 23:00,1.9188628051471574e-05
02-05 00:00,1.535090244117726e-05
02-05 01:00,1.1513176830882944e-05
02-05 02:00,1.1513176830882944e-05
02-05 03:00,7.67545122058863e-06
02-05 04:00,1.1513176830882944e-05
02-05 05:00,1.9188628051471574e-05
02-05 06:00,3.837725610294315e-05
02-05 07:00,4.6052707323531776e-05
02-05 08:00,3.4539530492648835e-05
02-05 09:00,3.4539530492648835e-05
02-05 10:00,2.68640792720602e-05
02-05 11:00,1.9188628051471574e-05
02-05 12:00,1.535090244117726e-05
02-05 13:00,1.535090244117726e-05
02-05 14:00,1.1513176830882944e-05
02-05 15:00,1.535090244117726e-05
02-05 16:00,1.535090244117726e-05
02-05 17:00,1.535090244117726e-05
02-05 18:00,1.535090244117726e-05
02-05 19:00,1.9188628051471574e-05
02-05 20:00,2.3026353661765888e-05
02-05 21:00,2.3026353661765888e-05
02-05 22:00,2.3026353661765888e-05
02-05 23:00,1.9188628051471574e-05
03-05 00:00,1.535090244117726e-05
03-05 01:00,1.1513176830882944e-05
03-05 02:00,1.1513176830882944e-05
03-05 03:00,1.1513176830882944e-05
03-05 04:00,7.67545122058863e-06
03-05 05:00,1.535090244117726e-05
03-05 06:00,3.837725610294315e-05
03-05 07:00,4.6052707323531776e-05
03-05 08:00,3.837725610294315e-05
03-05 09:00,3.4539530492648835e-05
03-05 10:00,2.68640792720602e-05
03-05 11:00,1.9188628051471574e-05
03-05 12:00,1.535090244117726e-05
03-05 13:00,1.535090244117726e-05
03-05 14:00,1.535090244117726e-05
03-05 15:00,1.535090244117726e-05
03-05 16:00,1.535090244117726e-05
03-05 17:00,1.9188628051471574e-05
03-05 18:00,1.9188628051471574e-05
03-05 19:00,1.9188628051471574e-05
03-05 20:00,2.3026353661765888e-05
03-05 21:00,2.3026353661765888e-05
03-05 22:00,2.3026353661765888e-05
03-05 23:00,1.9188628051471574e-05
04-05 00:00,1.535090244117726e-05
04-05 01:00,1.1513176830882944e-05
04-05 02:00,7.67545122058863e-06
04-05 03:00,7.67545122058863e-06
04-05 04:00,1.1513176830882944e-05
04-05 05:00,1.9188628051471574e-05
04-05 06:00,4.221498171323747e-05
04-05 07:00,4.6052707323531776e-05
04-05 08:00,4.221498171323747e-05
04-05 09:00,3.4539530492648835e-05
04-05 10:00,2.68640792720602e-05
04-05 11:00,1.9188628051471574e-05
04-05 12:00,1.535090244117726e-05
04-05 13:00,1.535090244117726e-05
04-05 14:00,1.535090244117726e-05
04-05 15:00,1.535090244117726e-05
04-05 16:00,1.535090244117726e-05
04-05 17:00,1.9188628051471574e-05
04-05 18:00,1.9188628051471574e-05
04-05 19:00,1.9188628051471574e-05
04-05 20:00,2.3026353661765888e-05
04-05 21:00,2.3026353661765888e-05
04-05 22:00,2.3026353661765888e-05
04-05 23:00,1.9188628051471574e-05
05-05 00:00,1.9188628051471574e-05
05-05 01:00,1.9188628051471574e-05
05-05 02:00,1.9188628051471574e-05
05-05 03:00,6.524133537500336e-05
05-05 04:00,6.524133537500336e-05
05-05 05:00,2.3026353661765888e-05
05-05 06:00,2.3026353661765888e-05
05-05 07:00,3.070180488235452e-05
05-05 08:00,5.37281585441204e-05
05-05 09:00,5.37281585441204e-05
05-05 10:00,6.140360976470904e-05
05-05 11:00,4.9890432933826096e-05
05-05 12:00,4.221498171323747e-05
05-05 13:00,3.837725610294315e-05
05-05 14:00,2.68640792720602e-05
05-05 15:00,2.3026353661765888e-05
05-05 16:00,2.3026353661765888e-05
05-05 17:00,2.68640792720602e-05
05-05 18:00,3.070180488235452e-05
05-05 19:00,2.68640792720602e-05
05-05 20:00,2.68640792720602e-05
05-05 21:00,2.68640792720602e-05
05-05 22:00,2.3026353661765888e-05
05-05 23:00,2.3026353661765888e-05
06-05 00:00,1.9188628051471574e-05
06-05 01:00,1.535090244117726e-05
06-05 02:00,1.535090244117726e-05
06-05 03:00,1.1513176830882944e-05
06-05 04:00,1.1513176830882944e-05
06-05 05:00,1.1513176830882944e-05
06-05 06:00,1.535090244117726e-05
06-05 07:00,2.3026353661765888e-05
06-05 08:00,4.6052707323531776e-05
06-05 09:00,5.37281585441204e-05
06-05 10:00,5.37281585441204e-05
06-05 11:00,4.6052707323531776e-05
06-05 12:00,4.221498171323747e-05
06-05 13:00,3.070180488235452e-05
06-05 14:00,2.3026353661765888e-05
06-05 15:00,1.9188628051471574e-05
06-05 16:00,1.9188628051471574e-05
06-05 17:00,2.3026353661765888e-05
06-05 18:00,2.3026353661765888e-05
06-05 19:00,2.3026353661765888e-05
06-05 20:00,1.9188628051471574e-05
06-05 21:00,1.9188628051471574e-05
06-05 22:00,1.9188628051471574e-05
06-05 23:00,1.9188628051471574e-05
07-05 00:00,1.535090244117726e-05
07-05 01:00,1.1513176830882944e-05
07-05 02:00,1.1513176830882944e-05
07-05 03:00,7.67545122058863e-06
07-05 04:00,7.67545122058863e-06
07-05 05:00,1.9188628051471574e-05
07-05 06:00,3.837725610294315e-05
07-05 07:00,4.221498171323747e-05
07-05 08:00,3.837725610294315e-05
07-05 09:00,3.4539530492648835e-05
07-05 10:00,2.68640792720602e-05
07-05 11:00,1.9188628051471574e-05
07-05 12:00,1.535090244117726e-05
07-05 13:00,1.535090244117726e-05
07-05 14:00,1.535090244117726e-05
07-05 15:00,1.1513176830882944e-05
07-05 16:00,1.535090244117726e-05
07-05 17:00,1.9188628051471574e-05
07-05 18:00,1.535090244117726e-05
07-05 19:00,1.9188628051471574e-05
07-05 20:00,2.3026353661765888e-05
07-05 21:00,2.3026353661765888e-05
07-05 22:00,2.3026353661765888e-05
07-05 23:00,1.9188628051471574e-05
08-05 00:00,1.535090244117726e-05
08-05 01:00,1.1513176830882944e-05
08-05 02:00,1.1513176830882944e-05
08-05 03:00,1.1513176830882944e-05
08-05 04:00,1.1513176830882944e-05
08-05 05:00,1.9188628051471574e-05
08-05 06:00,4.221498171323747e-05
08-05 07:00,4.221498171323747e-05
08-05 08:00,4.221498171323747e-05
08-05 09:00,3.4539530492648835e-05
08-05 10:00,2.68640792720602e-05
08-05 11:00,1.9188628051471574e-05
08-05 12:00,1.535090244117726e-05
08-05 13:00,1.535090244117726e-05
08-05 14:00,1.535090244117726e-05
08-05 15:00,1.535090244117726e-05
08-05 16:00,1.535090244117726e-05
08-05 17:00,1.535090244117726e-05
08-05 18:00,1.9188628051471574e-05
08-05 19:00,1.9188628051471574e-05
08-05 20:00,2.3026353661765888e-05
08-05 21:00,2.3026353661765888e-05
08-05 22:00,2.3026353661765888e-05
08-05 23:00,1.9188628051471574e-05
09-05 00:00,1.535090244117726e-05
09-05 01:00,1.1513176830882944e-05
09-05 02:00,1.1513176830882944e-05
09-05 03:00,1.1513176830882944e-05
09-05 04:00,1.1513176830882944e-05
09-05 05:00,1.9188628051471574e-05
09-05 06:00,3.837725610294315e-05
09-05 07:00,4.221498171323747e-05
09-05 08:00,3.837725610294315e-05
09-05 09:00,3.070180488235452e-05
09-05 10:00,2.68640792720602e-05
09-05 11:00,1.9188628051471574e-05
09-05 12:00,1.535090244117726e-05
09-05 13:00,1.535090244117726e-05
09-05 14:00,1.1513176830882944e-05
09-05 15:00,1.535090244117726e-05
09-05 16:00,1.535090244117726e-05
09-05 17:00,1.535090244117726e-05
09-05 18:00,1.9188628051471574e-05
09-05 19:00,1.9188628051471574e-05
09-05 20:00,2.3026353661765888e-05
09-05 21:00,2.3026353661765888e-05
09-05 22:00,2.3026353661765888e-05
09-05 23:00,1.9188628051471574e-05
10-05 00:00,1.535090244117726e-05
10-05 01:00,1.535090244117726e-05
10-05 02:00,1.1513176830882944e-05
10-05 03:00,1.535090244117726e-05
10-05 04:00,1.1513176830882944e-05
10-05 05:00,1.1513176830882944e-05
10-05 06:00,1.1513176830882944e-05
10-05 07:00,2.3026353661765888e-05
10-05 08:00,4.6052707323531776e-05
10-05 09:00,4.6052707323531776e-05
10-05 10:00,4.9890432933826096e-05
10-05 11:00,4.6052707323531776e-05
10-05 12:00,3.837725610294315e-05
10-05 13:00,3.070180488235452e-05
10-05 14:00,2.3026353661765888e-05
10-05 15:00,1.9188628051471574e-05
10-05 16:00,1.9188628051471574e-05
10-05 17:00,1.9188628051471574e-05
10-05 18:00,1.9188628051471574e-05
10-05 19:00,2.3026353661765888e-05
10-05 20:00,1.9188628051471574e-05
10-05 21:00,1.9188628051471574e-05
10-05 22:00,1.9188628051471574e-05
10-05 23:00,1.9188628051471574e-05
11-05 00:00,1.535090244117726e-05
11-05 01:00,1.1513176830882944e-05
11-05 02:00,1.1513176830882944e-05
11-05 03:00,7.67545122058863e-06
11-05 04:00,1.1513176830882944e-05
11-05 05:00,1.535090244117726e-05
11-05 06:00,4.221498171323747e-05
11-05 07:00,4.6052707323531776e-05
11-05 08:00,4.221498171323747e-05
11-05 09:00,3.070180488235452e-05
11-05 10:00,2.68640792720602e-05
11-05 11:00,1.9188628051471574e-05
11-05 12:00,1.535090244117726e-05
11-05 13:00,1.1513176830882944e-05
11-05 14:00,1.535090244117726e-05
11-05 15:00,1.535090244117726e-05
11-05 16:00,1.535090244117726e-05
11-05 17:00,1.535090244117726e-05
11-05 18:00,1.9188628051471574e-05
11-05 19:00,1.9188628051471574e-05
11-05 20:00,2.3026353661765888e-05
11-05 21:00,1.9188628051471574e-05
11-05 22:00,2.3026353661765888e-05
11-05 23:00,1.9188628051471574e-05
12-05 00:00,1.535090244117726e-05
12-05 01:00,1.535090244117726e-05
12-05 02:00,1.535090244117726e-05
12-05 03:00,1.535090244117726e-05
12-05 04:00,1.1513176830882944e-05
12-05 05:00,1.1513176830882944e-05
12-05 06:00,1.1513176830882944e-05
12-05 07:00,2.3026353661765888e-05
12-05 08:00,4.6052707323531776e-05
12-05 09:00,4.9890432933826096e-05
12-05 10:00,5.37281585441204e-05
12-05 11:00,4.221498171323747e-05
12-05 12:00,3.837725610294315e-05
12-05 13:00,3.070180488235452e-05
12-05 14:00,1.9188628051471574e-05
12-05 15:00,1.9188628051471574e-05
12-05 16:00,1.9188628051471574e-05
12-05 17:00,2.3026353661765888e-05
12-05 18:00,2.3026353661765888e-05
12-05 19:00,2.3026353661765888e-05
12-05 20:00,1.9188628051471574e-05
12-05 21:00,1.9188628051471574e-05
12-05 22:00,1.9188628051471574e-05
12-05 23:00,1.9188628051471574e-05
13-05 00:00,1.9188628051471574e-05
13-05 01:00,1.535090244117726e-05
13-05 02:00,1.1513176830882944e-05
13-05 03:00,1.1513176830882944e-05
13-05 04:00,1.9188628051471574e-05
13-05 05:00,1.535090244117726e-05
13-05 06:00,1.535090244117726e-05
13-05 07:00,2.3026353661765888e-05
13-05 08:00,4.6052707323531776e-05
13-05 09:00,4.9890432933826096e-05
13-05 10:00,4.9890432933826096e-05
13-05 11:00,4.221498171323747e-05
13-05 12:00,3.837725610294315e-05
13-05 13:00,3.070180488235452e-05
13-05 14:00,2.3026353661765888e-05
13-05 15:00,1.9188628051471574e-05
13-05 16:00,1.9188628051471574e-05
13-05 17:00,1.9188628051471574e-05
13-05 18:00,2.3026353661765888e-05
13-05 19:00,2.3026353661765888e-05
13-05 20:00,1.9188628051471574e-05
13-05 21:00,1.9188628051471574e-05
13-05 22:00,1.9188628051471574e-05
13-05 23:00,1.9188628051471574e-05
14-05 00:00,1.535090244117726e-05
14-05 01:00,1.1513176830882944e-05
14-05 02:00,1.1513176830882944e-05
14-05 03:00,7.67545122058863e-06
14-05 04:00,1.1513176830882944e-05
14-05 05:00,1.9188628051471574e-05
14-05 06:00,4.221498171323747e-05
14-05 07:00,4.221498171323747e-05
14-05 08:00,4.221498171323747e-05
14-05 09:00,3.4539530492648835e-05
14-05 10:00,2.68640792720602e-05
14-05 11:00,1.9188628051471574e-05
14-05 12:00,1.535090244117726e-05
14-05 13:00,1.1513176830882944e-05
14-05 14:00,1.535090244117726e-05
14-05 15:00,1.535090244117726e-05
14-05 16:00,1.535090244117726e-05
14-05 17:00,1.535090244117726e-05
14-05 18:00,1.9188628051471574e-05
14-05 19:00,1.9188628051471574e-05
14-05 20:00,2.3026353661765888e-05
14-05 21:00,2.3026353661765888e-05
14-05 22:00,2.3026353661765888e-05
14-05 23:00,1.9188628051471574e-05
15-05 00:00,1.535090244117726e-05
15-05 01:00,1.1513176830882944e-05
15-05 02:00,1.1513176830882944e-05
15-05 03:00,1.1513176830882944e-05
15-05 04:00,1.1513176830882944e-05
15-05 05:00,1.9188628051471574e-05
15-05 06:00,3.837725610294315e-05
15-05 07:00,4.221498171323747e-05
15-05 08:00,3.837725610294315e-05
15-05 09:00,3.070180488235452e-05
15-05 10:00,2.68640792720602e-05
15-05 11:00,1.9188628051471574e-05
15-05 12:00,1.535090244117726e-05
15-05 13:00,1.535090244117726e-05
15-05 14:00,1.535090244117726e-05
15-05 15:00,1.535090244117726e-05
15-05 16:00,1.535090244117726e-05
15-05 17:00,1.9188628051471574e-05
15-05 18:00,1.535090244117726e-05
15-05 19:00,1.9188628051471574e-05
15-05 20:00,2.3026353661765888e-05
15-05 21:00,2.3026353661765888e-05
15-05 22:00,2.3026353661765888e-05
15-05 23:00,1.9188628051471574e-05
16-05 00:00,1.535090244117726e-05
16-05 01:00,1.1513176830882944e-05
16-05 02:00,1.1513176830882944e-05
16-05 03:00,1.1513176830882944e-05
16-05 04:00,1.1513176830882944e-05
16-05 05:00,1.9188628051471574e-05
16-05 06:00,3.837725610294315e-05
16-05 07:00,4.6052707323531776e-05
16-05 08:00,4.221498171323747e-05
16-05 09:00,3.070180488235452e-05
16-05 10:00,2.68640792720602e-05
16-05 11:00,1.9188628051471574e-05
16-05 12:00,1.535090244117726e-05
16-05 13:00,1.535090244117726e-05
16-05 14:00,1.535090244117726e-05
16-05 15:00,1.535090244117726e-05
16-05 16:00,1.535090244117726e-05
16-05 17:00,1.535090244117726e-05
16-05 18:00,1.9188628051471574e-05
16-05 19:00,1.9188628051471574e-05
16-05 20:00,2.3026353661765888e-05
16-05 21:00,2.3026353661765888e-05
16-05 22:00,2.3026353661765888e-05
16-05 23:00,1.9188628051471574e-05
17-05 00:00,1.535090244117726e-05
17-05 01:00,1.1513176830882944e-05
17-05 02:00,1.1513176830882944e-05
17-05 03:00,7.67545122058863e-06
17-05 04:00,1.1513176830882944e-05
17-05 05:00,1.9188628051471574e-05
17-05 06:00,3.837725610294315e-05
17-05 07:00,4.6052707323531776e-05
17-05 08:00,3.4539530492648835e-05
17-05 09:00,3.070180488235452e-05
17-05 10:00,2.68640792720602e-05
17-05 11:00,1.9188628051471574e-05
17-05 12:00,1.535090244117726e-05
17-05 13:00,1.535090244117726e-05
17-05 14:00,1.535090244117726e-05
17-05 15:00,1.535090244117726e-05
17-05 16:00,1.535090244117726e-05
17-05 17:00,1.535090244117726e-05
17-05 18:00,1.9188628051471574e-05
17-05 19:00,1.9188628051471574e-05
17-05 20:00,2.3026353661765888e-05
17-05 21:00,2.3026353661765888e-05
17-05 22:00,2.3026353661765888e-05
17-05 23:00,1.9188628051471574e-05
18-05 00:00,1.535090244117726e-05
18-05 01:00,1.1513176830882944e-05
18-05 02:00,1.1513176830882944e-05
18-05 03:00,1.1513176830882944e-05
18-05 04:00,7.67545122058863e-06
18-05 05:00,1.9188628051471574e-05
18-05 06:00,3.4539530492648835e-05
18-05 07:00,4.221498171323747e-05
18-05 08:00,4.221498171323747e-05
18-05 09:00,3.070180488235452e-05
18-05 10:00,2.3026353661765888e-05
18-05 11:00,1.9188628051471574e-05
18-05 12:00,1.535090244117726e-05
18-05 13:00,1.535090244117726e-05
18-05 14:00,1.1513176830882944e-05
18-05 15:00,1.535090244117726e-05
18-05 16:00,1.535090244117726e-05
18-05 17:00,1.535090244117726e-05
18-05 18:00,1.535090244117726e-05
18-05 19:00,1.9188628051471574e-05
18-05 20:00,2.3026353661765888e-05
18-05 21:00,2.3026353661765888e-05
18-05 22:00,2.3026353661765888e-05
18-05 23:00,1.9188628051471574e-05
19-05 00:00,1.535090244117726e-05
19-05 01:00,1.535090244117726e-05
19-05 02:00,1.1513176830882944e-05
19-05 03:00,1.1513176830882944e-05
19-05 04:00,1.1513176830882944e-05
19-05 05:00,1.1513176830882944e-05
19-05 06:00,1.535090244117726e-05
19-05 07:00,2.3026353661765888e-05
19-05 08:00,4.6052707323531776e-05
19-05 09:00,5.37281585441204e-05
19-05 10:00,4.9890432933826096e-05
19-05 11:00,4.221498171323747e-05
19-05 12:00,3.837725610294315e-05
19-05 13:00,3.070180488235452e-05
19-05 14:00,1.9188628051471574e-05
19-05 15:00,1.9188628051471574e-05
19-05 16:00,1.9188628051471574e-05
19-05 17:00,2.3026353661765888e-05
19-05 18:00,2.3026353661765888e-05
19-05 19:00,1.9188628051471574e-05
19-05 20:00,1.9188628051471574e-05
19-05 21:00,1.9188628051471574e-05
19-05 22:00,1.9188628051471574e-05
19-05 23:00,1.9188628051471574e-05
20-05 00:00,1.535090244117726e-05
20-05 01:00,1.535090244117726e-05
20-05 02:00,1.1513176830882944e-05
20-05 03:00,1.1513176830882944e-05
20-05 04:00,1.1513176830882944e-05
20-05 05:00,1.1513176830882944e-05
20-05 06:00,1.535090244117726e-05
20-05 07:00,2.3026353661765888e-05
20-05 08:00,4.221498171323747e-05
20-05 09:00,4.9890432933826096e-05
20-05 10:00,4.6052707323531776e-05
20-05 11:00,4.6052707323531776e-05
20-05 12:00,3.837725610294315e-05
20-05 13:00,3.4539530492648835e-05
20-05 14:00,2.3026353661765888e-05
20-05 15:00,1.9188628051471574e-05
20-05 16:00,1.9188628051471574e-05
20-05 17:00,1.9188628051471574e-05
20-05 18:00,1.9188628051471574e-05
20-05 19:00,1.9188628051471574e-05
20-05 20:00,1.9188628051471574e-05
20-05 21:00,1.9188628051471574e-05
20-05 22:00,1.9188628051471574e-05
20-05 23:00,1.535090244117726e-05
21-05 00:00,1.535090244117726e-05
21-05 01:00,1.535090244117726e-05
21-05 02:00,1.1513176830882944e-05
21-05 03:00,1.1513176830882944e-05
21-05 04:00,1.1513176830882944e-05
21-05 05:00,1.1513176830882944e-05
21-05 06:00,1.535090244117726e-05
21-05 07:00,2.3026353661765888e-05
21-05 08:00,4.6052707323531776e-05
21-05 09:00,4.9890432933826096e-05
21-05 10:00,4.9890432933826096e-05
21-05 11:00,4.6052707323531776e-05
21-05 12:00,3.837725610294315e-05
21-05 13:00,3.070180488235452e-05
21-05 14:00,2.3026353661765888e-05
21-05 15:00,1.9188628051471574e-05
21-05 16:00,1.9188628051471574e-05
21-05 17:00,1.9188628051471574e-05
21-05 18:00,1.9188628051471574e-05
21-05 19:00,1.9188628051471574e-05
21-05 20:00,1.9188628051471574e-05
21-05 21:00,1.9188628051471574e-05
21-05 22:00,1.9188628051471574e-05
21-05 23:00,1.9188628051471574e-05
22-05 00:00,1.535090244117726e-05
22-05 01:00,1.1513176830882944e-05
22-05 02:00,7.67545122058863e-06
22-05 03:00,7.67545122058863e-06
22-05 04:00,1.1513176830882944e-05
22-05 05:00,1.9188628051471574e-05
22-05 06:00,3.837725610294315e-05
22-05 07:00,4.221498171323747e-05
22-05 08:00,3.837725610294315e-05
22-05 09:00,3.070180488235452e-05
22-05 10:00,2.68640792720602e-05
22-05 11:00,2.3026353661765888e-05
22-05 12:00,1.535090244117726e-05
22-05 13:00,1.535090244117726e-05
22-05 14:00,1.1513176830882944e-05
22-05 15:00,1.535090244117726e-05
22-05 16:00,1.535090244117726e-05
22-05 17:00,1.535090244117726e-05
22-05 18:00,1.535090244117726e-05
22-05 19:00,1.9188628051471574e-05
22-05 20:00,1.9188628051471574e-05
22-05 21:00,2.3026353661765888e-05
22-05 22:00,2.3026353661765888e-05
22-05 23:00,1.9188628051471574e-05
23-05 00:00,1.535090244117726e-05
23-05 01:00,1.1513176830882944e-05
23-05 02:00,7.67545122058863e-06
23-05 03:00,1.1513176830882944e-05
23-05 04:00,7.67545122058863e-06
23-05 05:00,1.535090244117726e-05
23-05 06:00,3.4539530492648835e-05
23-05 07:00,4.6052707323531776e-05
23-05 08:00,4.221498171323747e-05
23-05 09:00,3.070180488235452e-05
23-05 10:00,2.3026353661765888e-05
23-05 11:00,1.9188628051471574e-05
23-05 12:00,1.535090244117726e-05
23-05 13:00,1.535090244117726e-05
23-05 14:00,1.1513176830882944e-05
23-05 15:00,1.535090244117726e-05
23-05 16:00,1.1513176830882944e-05
23-05 17:00,1.535090244117726e-05
23-05 18:00,1.535090244117726e-05
23-05 19:00,1.9188628051471574e-05
23-05 20:00,1.9188628051471574e-05
23-05 21:00,2.3026353661765888e-05
23-05 22:00,2.3026353661765888e-05
23-05 23:00,1.9188628051471574e-05
24-05 00:00,1.1513176830882944e-05
24-05 01:00,1.1513176830882944e-05
24-05 02:00,1.1513176830882944e-05
24-05 03:00,7.67545122058863e-06
24-05 04:00,7.67545122058863e-06
24-05 05:00,1.9188628051471574e-05
24-05 06:00,3.837725610294315e-05
24-05 07:00,4.221498171323747e-05
24-05 08:00,3.837725610294315e-05
24-05 09:00,3.070180488235452e-05
24-05 10:00,2.68640792720602e-05
24-05 11:00,1.9188628051471574e-05
24-05 12:00,1.535090244117726e-05
24-05 13:00,1.535090244117726e-05
24-05 14:00,1.1513176830882944e-05
24-05 15:00,1.535090244117726e-05
24-05 16:00,1.535090244117726e-05
24-05 17:00,1.535090244117726e-05
24-05 18:00,1.535090244117726e-05
24-05 19:00,1.9188628051471574e-05
24-05 20:00,2.3026353661765888e-05
24-05 21:00,2.3026353661765888e-05
24-05 22:00,2.3026353661765888e-05
24-05 23:00,1.9188628051471574e-05
25-05 00:00,1.535090244117726e-05
25-05 01:00,1.1513176830882944e-05
25-05 02:00,7.67545122058863e-06
25-05 03:00,1.1513176830882944e-05
25-05 04:00,1.1513176830882944e-05
25-05 05:00,1.9188628051471574e-05
25-05 06:00,3.837725610294315e-05
25-05 07:00,4.6052707323531776e-05
25-05 08:00,3.837725610294315e-05
25-05 09:00,3.070180488235452e-05
25-05 10:00,2.3026353661765888e-05
25-05 11:00,1.9188628051471574e-05
25-05 12:00,1.535090244117726e-05
25-05 13:00,1.535090244117726e-05
25-05 14:00,1.1513176830882944e-05
25-05 15:00,1.535090244117726e-05
25-05 16:00,1.535090244117726e-05
25-05 17:00,1.535090244117726e-05
25-05 18:00,1.535090244117726e-05
25-05 19:00,1.9188628051471574e-05
25-05 20:00,1.9188628051471574e-05
25-05 21:00,1.9188628051471574e-05
25-05 22:00,2.3026353661765888e-05
25-05 23:00,1.9188628051471574e-05
26-05 00:00,1.9188628051471574e-05
26-05 01:00,1.535090244117726e-05
26-05 02:00,1.1513176830882944e-05
26-05 03:00,1.1513176830882944e-05
26-05 04:00,1.1513176830882944e-05
26-05 05:00,1.1513176830882944e-05
26-05 06:00,1.535090244117726e-05
26-05 07:00,2.3026353661765888e-05
26-05 08:00,4.221498171323747e-05
26-05 09:00,4.6052707323531776e-05
26-05 10:00,4.6052707323531776e-05
26-05 11:00,4.6052707323531776e-05
26-05 12:00,3.837725610294315e-05
26-05 13:00,2.68640792720602e-05
26-05 14:00,2.3026353661765888e-05
26-05 15:00,1.9188628051471574e-05
26-05 16:00,1.9188628051471574e-05
26-05 17:00,1.9188628051471574e-05
26-05 18:00,1.9188628051471574e-05
26-05 19:00,2.3026353661765888e-05
26-05 20:00,1.9188628051471574e-05
26-05 21:00,1.9188628051471574e-05
26-05 22:00,1.9188628051471574e-05
26-05 23:00,1.9188628051471574e-05
27-05 00:00,1.535090244117726e-05
27-05 01:00,1.535090244117726e-05
27-05 02:00,1.535090244117726e-05
27-05 03:00,1.1513176830882944e-05
27-05 04:00,1.1513176830882944e-05
27-05 05:00,1.1513176830882944e-05
27-05 06:00,1.1513176830882944e-05
27-05 07:00,2.3026353661765888e-05
27-05 08:00,4.6052707323531776e-05
27-05 09:00,4.9890432933826096e-05
27-05 10:00,4.9890432933826096e-05
27-05 11:00,4.221498171323747e-05
27-05 12:00,3.837725610294315e-05
27-05 13:00,3.070180488235452e-05
27-05 14:00,1.9188628051471574e-05
27-05 15:00,1.9188628051471574e-05
27-05 16:00,1.9188628051471574e-05
27-05 17:00,1.9188628051471574e-05
27-05 18:00,2.3026353661765888e-05
27-05 19:00,2.3026353661765888e-05
27-05 20:00,1.9188628051471574e-05
27-05 21:00,1.9188628051471574e-05
27-05 22:00,1.9188628051471574e-05
27-05 23:00,1.535090244117726e-05
28-05 00:00,1.535090244117726e-05
28-05 01:00,1.1513176830882944e-05
28-05 02:00,7.67545122058863e-06
28-05 03:00,7.67545122058863e-06
28-05 04:00,7.67545122058863e-06
28-05 05:00,1.535090244117726e-05
28-05 06:00,3.837725610294315e-05
28-05 07:00,4.221498171323747e-05
28-05 08:00,3.837725610294315e-05
28-05 09:00,3.4539530492648835e-05
28-05 10:00,2.3026353661765888e-05
28-05 11:00,1.9188628051471574e-05
28-05 12:00,1.535090244117726e-05
28-05 13:00,1.535090244117726e-05
28-05 14:00,1.1513176830882944e-05
28-05 15:00,1.535090244117726e-05
28-05 16:00,1.535090244117726e-05
28-05 17:00,1.535090244117726e-05
28-05 18:00,1.9188628051471574e-05
28-05 19:00,1.9188628051471574e-05
28-05 20:00,1.9188628051471574e-05
28-05 21:00,2.3026353661765888e-05
28-05 22:00,1.9188628051471574e-05
28-05 23:00,1.9188628051471574e-05
29-05 00:00,1.535090244117726e-05
29-05 01:00,1.1513176830882944e-05
29-05 02:00,1.1513176830882944e-05
29-05 03:00,7.67545122058863e-06
29-05 04:00,1.1513176830882944e-05
29-05 05:00,1.535090244117726e-05
29-05 06:00,3.837725610294315e-05
29-05 07:00,4.221498171323747e-05
29-05 08:00,3.837725610294315e-05
29-05 09:00,3.4539530492648835e-05
29-05 10:00,2.3026353661765888e-05
29-05 11:00,1.9188628051471574e-05
29-05 12:00,1.535090244117726e-05
29-05 13:00,1.535090244117726e-05
29-05 14:00,1.1513176830882944e-05
29-05 15:00,1.535090244117726e-05
29-05 16:00,1.535090244117726e-05
29-05 17:00,1.535090244117726e-05
29-05 18:00,1.535090244117726e-05
29-05 19:00,1.9188628051471574e-05
29-05 20:00,2.3026353661765888e-05
29-05 21:00,2.3026353661765888e-05
29-05 22:00,2.3026353661765888e-05
29-05 23:00,1.9188628051471574e-05
30-05 00:00,1.535090244117726e-05
30-05 01:00,1.1513176830882944e-05
30-05 02:00,1.1513176830882944e-05
30-05 03:00,7.67545122058863e-06
30-05 04:00,1.1513176830882944e-05
30-05 05:00,1.535090244117726e-05
30-05 06:00,3.4539530492648835e-05
30-05 07:00,4.221498171323747e-05
30-05 08:00,3.837725610294315e-05
30-05 09:00,3.070180488235452e-05
30-05 10:00,2.3026353661765888e-05
30-05 11:00,1.9188628051471574e-05
30-05 12:00,1.535090244117726e-05
30-05 13:00,1.535090244117726e-05
30-05 14:00,1.1513176830882944e-05
30-05 15:00,1.535090244117726e-05
30-05 16:00,1.535090244117726e-05
30-05 17:00,1.535090244117726e-05
30-05 18:00,1.9188628051471574e-05
30-05 19:00,1.9188628051471574e-05
30-05 20:00,1.9188628051471574e-05
30-05 21:00,2.3026353661765888e-05
30-05 22:00,2.3026353661765888e-05
30-05 23:00,1.9188628051471574e-05
31-05 00:00,1.535090244117726e-05
31-05 01:00,1.535090244117726e-05
31-05 02:00,1.535090244117726e-05
31-05 03:00,1.1513176830882944e-05
31-05 04:00,1.1513176830882944e-05
31-05 05:00,1.1513176830882944e-05
31-05 06:00,1.535090244117726e-05
31-05 07:00,2.3026353661765888e-05
31-05 08:00,4.6052707323531776e-05
31-05 09:00,4.6052707323531776e-05
31-05 10:00,4.9890432933826096e-05
31-05 11:00,4.6052707323531776e-05
31-05 12:00,3.837725610294315e-05
31-05 13:00,3.070180488235452e-05
31-05 14:00,1.9188628051471574e-05
31-05 15:00,1.9188628051471574e-05
31-05 16:00,1.9188628051471574e-05
31-05 17:00,1.9188628051471574e-05
31-05 18:00,2.3026353661765888e-05
31-05 19:00,1.9188628051471574e-05
31-05 20:00,1.9188628051471574e-05
31-05 21:00,1.9188628051471574e-05
31-05 22:00,1.9188628051471574e-05
31-05 23:00,1.535090244117726e-05
01-06 00:00,1.1513176830882944e-05
01-06 01:00,1.1513176830882944e-05
01-06 02:00,1.1513176830882944e-05
01-06 03:00,7.67545122058863e-06
01-06 04:00,1.1513176830882944e-05
01-06 05:00,1.535090244117726e-05
01-06 06:00,3.837725610294315e-05
01-06 07:00,4.221498171323747e-05
01-06 08:00,3.837725610294315e-05
01-06 09:00,3.070180488235452e-05
01-06 10:00,2.68640792720602e-05
01-06 11:00,1.9188628051471574e-05
01-06 12:00,1.535090244117726e-05
01-06 13:00,1.1513176830882944e-05
01-06 14:00,1.535090244117726e-05
01-06 15:00,1.535090244117726e-05
01-06 16:00,1.535090244117726e-05
01-06 17:00,1.535090244117726e-05
01-06 18:00,1.535090244117726e-05
01-06 19:00,1.9188628051471574e-05
01-06 20:00,1.9188628051471574e-05
01-06 21:00,2.3026353661765888e-05
01-06 22:00,2.3026353661765888e-05
01-06 23:00,1.535090244117726e-05
02-06 00:00,1.535090244117726e-05
02-06 01:00,1.535090244117726e-05
02-06 02:00,1.535090244117726e-05
02-06 03:00,1.1513176830882944e-05
02-06 04:00,1.1513176830882944e-05
02-06 05:00,1.1513176830882944e-05
02-06 06:00,1.535090244117726e-05
02-06 07:00,2.3026353661765888e-05
02-06 08:00,4.6052707323531776e-05
02-06 09:00,4.9890432933826096e-05
02-06 10:00,4.6052707323531776e-05
02-06 11:00,4.6052707323531776e-05
02-06 12:00,4.221498171323747e-05
02-06 13:00,3.070180488235452e-05
02-06 14:00,2.3026353661765888e-05
02-06 15:00,1.9188628051471574e-05
02-06 16:00,1.9188628051471574e-05
02-06 17:00,1.9188628051471574e-05
02-06 18:00,2.3026353661765888e-05
02-06 19:00,2.3026353661765888e-05
02-06 20:00,1.9188628051471574e-05
02-06 21:00,1.9188628051471574e-05
02-06 22:00,1.9188628051471574e-05
02-06 23:00,1.535090244117726e-05
03-06 00:00,1.535090244117726e-05
03-06 01:00,1.535090244117726e-05
03-06 02:00,1.1513176830882944e-05
03-06 03:00,1.1513176830882944e-05
03-06 04:00,1.1513176830882944e-05
03-06 05:00,1.1513176830882944e-05
03-06 06:00,1.535090244117726e-05
03-06 07:00,2.3026353661765888e-05
03-06 08:00,4.6052707323531776e-05
03-06 09:00,4.9890432933826096e-05
03-06 10:00,4.9890432933826096e-05
03-06 11:00,4.6052707323531776e-05
03-06 12:00,3.4539530492648835e-05
03-06 13:00,3.4539530492648835e-05
03-06 14:00,1.9188628051471574e-05
03-06 15:00,1.9188628051471574e-05
03-06 16:00,1.9188628051471574e-05
03-06 17:00,1.9188628051471574e-05
03-06 18:00,2.3026353661765888e-05
03-06 19:00,1.9188628051471574e-05
03-06 20:00,1.9188628051471574e-05
03-06 21:00,1.9188628051471574e-05
03-06 22:00,1.9188628051471574e-05
03-06 23:00,1.9188628051471574e-05
04-06 00:00,1.535090244117726e-05
04-06 01:00,1.1513176830882944e-05
04-06 02:00,7.67545122058863e-06
04-06 03:00,7.67545122058863e-06
04-06 04:00,1.1513176830882944e-05
04-06 05:00,1.535090244117726e-05
04-06 06:00,3.837725610294315e-05
04-06 07:00,4.221498171323747e-05
04-06 08:00,3.837725610294315e-05
04-06 09:00,3.070180488235452e-05
04-06 10:00,2.68640792720602e-05
04-06 11:00,2.3026353661765888e-05
04-06 12:00,1.535090244117726e-05
04-06 13:00,1.535090244117726e-05
04-06 14:00,1.1513176830882944e-05
04-06 15:00,1.1513176830882944e-05
04-06 16:00,1.535090244117726e-05
04-06 17:00,1.535090244117726e-05
04-06 18:00,1.9188628051471574e-05
04-06 19:00,1.9188628051471574e-05
04-06 20:00,1.9188628051471574e-05
04-06 21:00,2.3026353661765888e-05
04-06 22:00,1.9188628051471574e-05
04-06 23:00,1.535090244117726e-05
05-06 00:00,1.535090244117726e-05
05-06 01:00,1.1513176830882944e-05
05-06 02:00,7.67545122058863e-06
05-06 03:00,7.67545122058863e-06
05-06 04:00,7.67545122058863e-06
05-06 05:00,1.535090244117726e-05
05-06 06:00,4.221498171323747e-05
05-06 07:00,4.221498171323747e-05
05-06 08:00,3.837725610294315e-05
05-06 09:00,3.070180488235452e-05
05-06 10:00,2.3026353661765888e-05
05-06 11:00,1.9188628051471574e-05
05-06 12:00,1.535090244117726e-05
05-06 13:00,1.1513176830882944e-05
05-06 14:00,1.1513176830882944e-05
05-06 15:00,1.1513176830882944e-05
05-06 16:00,1.535090244117726e-05
05-06 17:00,1.535090244117726e-05
05-06 18:00,1.535090244117726e-05
05-06 19:00,1.9188628051471574e-05
05-06 20:00,1.9188628051471574e-05
05-06 21:00,2.3026353661765888e-05
05-06 22:00,1.9188628051471574e-05
05-06 23:00,1.9188628051471574e-05
06-06 00:00,1.535090244117726e-05
06-06 01:00,1.1513176830882944e-05
06-06 02:00,1.1513176830882944e-05
06-06 03:00,7.67545122058863e-06
06-06 04:00,7.67545122058863e-06
06-06 05:00,1.9188628051471574e-05
06-06 06:00,3.4539530492648835e-05
06-06 07:00,3.837725610294315e-05
06-06 08:00,3.837725610294315e-05
06-06 09:00,3.4539530492648835e-05
06-06 10:00,2.3026353661765888e-05
06-06 11:00,1.9188628051471574e-05
06-06 12:00,1.535090244117726e-05
06-06 13:00,1.535090244117726e-05
06-06 14:00,1.1513176830882944e-05
06-06 15:00,1.535090244117726e-05
06-06 16:00,1.535090244117726e-05
06-06 17:00,1.535090244117726e-05
06-06 18:00,1.535090244117726e-05
06-06 19:00,1.9188628051471574e-05
06-06 20:00,2.3026353661765888e-05
06-06 21:00,2.3026353661765888e-05
06-06 22:00,2.3026353661765888e-05
06-06 23:00,1.9188628051471574e-05
07-06 00:00,1.1513176830882944e-05
07-06 01:00,1.1513176830882944e-05
07-06 02:00,1.1513176830882944e-05
07-06 03:00,1.1513176830882944e-05
07-06 04:00,7.67545122058863e-06
07-06 05:00,1.9188628051471574e-05
07-06 06:00,3.4539530492648835e-05
07-06 07:00,3.837725610294315e-05
07-06 08:00,3.837725610294315e-05
07-06 09:00,3.070180488235452e-05
07-06 10:00,2.3026353661765888e-05
07-06 11:00,1.9188628051471574e-05
07-06 12:00,1.535090244117726e-05
07-06 13:00,1.535090244117726e-05
07-06 14:00,1.535090244117726e-05
07-06 15:00,1.535090244117726e-05
07-06 16:00,1.535090244117726e-05
07-06 17:00,1.535090244117726e-05
07-06 18:00,1.535090244117726e-05
07-06 19:00,1.9188628051471574e-05
07-06 20:00,1.9188628051471574e-05
07-06 21:00,2.3026353661765888e-05
07-06 22:00,2.3026353661765888e-05
07-06 23:00,1.535090244117726e-05
08-06 00:00,1.535090244117726e-05
08-06 01:00,1.1513176830882944e-05
08-06 02:00,1.1513176830882944e-05
08-06 03:00,7.67545122058863e-06
08-06 04:00,7.67545122058863e-06
08-06 05:00,1.535090244117726e-05
08-06 06:00,3.837725610294315e-05
08-06 07:00,4.221498171323747e-05
08-06 08:00,3.837725610294315e-05
08-06 09:00,3.4539530492648835e-05
08-06 10:00,2.3026353661765888e-05
08-06 11:00,1.9188628051471574e-05
08-06 12:00,1.535090244117726e-05
08-06 13:00,1.1513176830882944e-05
08-06 14:00,1.1513176830882944e-05
08-06 15:00,1.1513176830882944e-05
08-06 16:00,1.535090244117726e-05
08-06 17:00,1.535090244117726e-05
08-06 18:00,1.9188628051471574e-05
08-06 19:00,1.9188628051471574e-05
08-06 20:00,1.9188628051471574e-05
08-06 21:00,2.3026353661765888e-05
08-06 22:00,2.3026353661765888e-05
08-06 23:00,1.9188628051471574e-05
09-06 00:00,1.535090244117726e-05
09-06 01:00,1.535090244117726e-05
09-06 02:00,1.1513176830882944e-05
09-06 03:00,1.1513176830882944e-05
09-06 04:00,1.1513176830882944e-05
09-06 05:00,1.1513176830882944e-05
09-06 06:00,1.1513176830882944e-05
09-06 07:00,2.3026353661765888e-05
09-06 08:00,4.6052707323531776e-05
09-06 09:00,4.6052707323531776e-05
09-06 10:00,4.6052707323531776e-05
09-06 11:00,4.221498171323747e-05
09-06 12:00,3.837725610294315e-05
09-06 13:00,3.070180488235452e-05
09-06 14:00,2.3026353661765888e-05
09-06 15:00,1.9188628051471574e-05
09-06 16:00,1.9188628051471574e-05
09-06 17:00,1.9188628051471574e-05
09-06 18:00,1.9188628051471574e-05
09-06 19:00,1.9188628051471574e-05
09-06 20:00,1.9188628051471574e-05
09-06 21:00,1.9188628051471574e-05
09-06 22:00,1.9188628051471574e-05
09-06 23:00,1.9188628051471574e-05
10-06 00:00,1.535090244117726e-05
10-06 01:00,1.535090244117726e-05
10-06 02:00,1.1513176830882944e-05
10-06 03:00,1.1513176830882944e-05
10-06 04:00,1.1513176830882944e-05
10-06 05:00,1.1513176830882944e-05
10-06 06:00,1.535090244117726e-05
10-06 07:00,2.3026353661765888e-05
10-06 08:00,4.6052707323531776e-05
10-06 09:00,4.9890432933826096e-05
10-06 10:00,4.9890432933826096e-05
10-06 11:00,4.221498171323747e-05
10-06 12:00,3.837725610294315e-05
10-06 13:00,3.070180488235452e-05
10-06 14:00,2.3026353661765888e-05
10-06 15:00,1.9188628051471574e-05
10-06 16:00,1.9188628051471574e-05
10-06 17:00,1.9188628051471574e-05
10-06 18:00,1.9188628051471574e-05
10-06 19:00,1.9188628051471574e-05
10-06 20:00,1.9188628051471574e-05
10-06 21:00,1.9188628051471574e-05
10-06 22:00,1.9188628051471574e-05
10-06 23:00,1.9188628051471574e-05
11-06 00:00,1.535090244117726e-05
11-06 01:00,1.1513176830882944e-05
11-06 02:00,7.67545122058863e-06
11-06 03:00,7.67545122058863e-06
11-06 04:00,1.1513176830882944e-05
11-06 05:00,1.535090244117726e-05
11-06 06:00,3.837725610294315e-05
11-06 07:00,4.221498171323747e-05
11-06 08:00,3.837725610294315e-05
11-06 09:00,3.070180488235452e-05
11-06 10:00,2.3026353661765888e-05
11-06 11:00,1.9188628051471574e-05
11-06 12:00,1.535090244117726e-05
11-06 13:00,1.1513176830882944e-05
11-06 14:00,1.1513176830882944e-05
11-06 15:00,1.1513176830882944e-05
11-06 16:00,1.1513176830882944e-05
11-06 17:00,1.535090244117726e-05
11-06 18:00,1.535090244117726e-05
11-06 19:00,1.9188628051471574e-05
11-06 20:00,1.9188628051471574e-05
11-06 21:00,2.3026353661765888e-05
11-06 22:00,2.3026353661765888e-05
11-06 23:00,1.9188628051471574e-05
12-06 00:00,1.1513176830882944e-05
12-06 01:00,1.1513176830882944e-05
12-06 02:00,7.67545122058863e-06
12-06 03:00,7.67545122058863e-06
12-06 04:00,1.1513176830882944e-05
12-06 05:00,1.535090244117726e-05
12-06 06:00,3.837725610294315e-05
12-06 07:00,4.221498171323747e-05
12-06 08:00,3.4539530492648835e-05
12-06 09:00,3.070180488235452e-05
12-06 10:00,2.68640792720602e-05
12-06 11:00,1.9188628051471574e-05
12-06 12:00,1.535090244117726e-05
12-06 13:00,1.535090244117726e-05
12-06 14:00,1.1513176830882944e-05
12-06 15:00,1.535090244117726e-05
12-06 16:00,1.535090244117726e-05
12-06 17:00,1.535090244117726e-05
12-06 18:00,1.9188628051471574e-05
12-06 19:00,1.9188628051471574e-05
12-06 20:00,1.9188628051471574e-05
12-06 21:00,1.9188628051471574e-05
12-06 22:00,2.3026353661765888e-05
12-06 23:00,1.535090244117726e-05
13-06 00:00,1.535090244117726e-05
13-06 01:00,1.1513176830882944e-05
13-06 02:00,7.67545122058863e-06
13-06 03:00,7.67545122058863e-06
13-06 04:00,7.67545122058863e-06
13-06 05:00,1.535090244117726e-05
13-06 06:00,3.4539530492648835e-05
13-06 07:00,4.221498171323747e-05
13-06 08:00,3.837725610294315e-05
13-06 09:00,3.070180488235452e-05
13-06 10:00,2.3026353661765888e-05
13-06 11:00,1.9188628051471574e-05
13-06 12:00,1.535090244117726e-05
13-06 13:00,1.1513176830882944e-05
13-06 14:00,1.1513176830882944e-05
13-06 15:00,1.1513176830882944e-05
13-06 16:00,1.535090244117726e-05
13-06 17:00,1.535090244117726e-05
13-06 18:00,1.9188628051471574e-05
13-06 19:00,1.9188628051471574e-05
13-06 20:00,1.9188628051471574e-05
13-06 21:00,2.3026353661765888e-05
13-06 22:00,2.3026353661765888e-05
13-06 23:00,1.9188628051471574e-05
14-06 00:00,1.535090244117726e-05
14-06 01:00,1.1513176830882944e-05
14-06 02:00,1.1513176830882944e-05
14-06 03:00,1.1513176830882944e-05
14-06 04:00,1.1513176830882944e-05
14-06 05:00,1.535090244117726e-05
14-06 06:00,3.837725610294315e-05
14-06 07:00,4.6052707323531776e-05
14-06 08:00,4.221498171323747e-05
14-06 09:00,3.4539530492648835e-05
14-06 10:00,2.3026353661765888e-05
14-06 11:00,1.9188628051471574e-05
14-06 12:00,1.535090244117726e-05
14-06 13:00,1.535090244117726e-05
14-06 14:00,1.1513176830882944e-05
14-06 15:00,1.1513176830882944e-05
14-06 16:00,1.535090244117726e-05
14-06 17:00,1.535090244117726e-05
14-06 18:00,1.9188628051471574e-05
14-06 19:00,1.9188628051471574e-05
14-06 20:00,1.9188628051471574e-05
14-06 21:00,1.9188628051471574e-05
14-06 22:00,2.3026353661765888e-05
14-06 23:00,1.9188628051471574e-05
15-06 00:00,1.535090244117726e-05
15-06 01:00,1.1513176830882944e-05
15-06 02:00,1.1513176830882944e-05
15-06 03:00,7.67545122058863e-06
15-06 04:00,7.67545122058863e-06
15-06 05:00,1.535090244117726e-05
15-06 06:00,3.837725610294315e-05
15-06 07:00,4.221498171323747e-05
15-06 08:00,3.837725610294315e-05
15-06 09:00,3.070180488235452e-05
15-06 10:00,2.3026353661765888e-05
15-06 11:00,1.9188628051471574e-05
15-06 12:00,1.535090244117726e-05
15-06 13:00,1.1513176830882944e-05
15-06 14:00,1.1513176830882944e-05
15-06 15:00,1.535090244117726e-05
15-06 16:00,1.535090244117726e-05
15-06 17:00,1.535090244117726e-05
15-06 18:00,1.535090244117726e-05
15-06 19:00,1.9188628051471574e-05
15-06 20:00,1.9188628051471574e-05
15-06 21:00,2.3026353661765888e-05
15-06 22:00,2.3026353661765888e-05
15-06 23:00,1.9188628051471574e-05
16-06 00:00,1.535090244117726e-05
16-06 01:00,1.1513176830882944e-05
16-06 02:00,1.1513176830882944e-05
16-06 03:00,1.1513176830882944e-05
16-06 04:00,1.1513176830882944e-05
16-06 05:00,1.1513176830882944e-05
16-06 06:00,1.535090244117726e-05
16-06 07:00,2.3026353661765888e-05
16-06 08:00,4.221498171323747e-05
16-06 09:00,4.9890432933826096e-05
16-06 10:00,4.6052707323531776e-05
16-06 11:00,4.221498171323747e-05
16-06 12:00,3.837725610294315e-05
16-06 13:00,3.070180488235452e-05
16-06 14:00,2.3026353661765888e-05
16-06 15:00,1.9188628051471574e-05
16-06 16:00,1.535090244117726e-05
16-06 17:00,1.9188628051471574e-05
16-06 18:00,1.9188628051471574e-05
16-06 19:00,1.9188628051471574e-05
16-06 20:00,1.9188628051471574e-05
16-06 21:00,1.9188628051471574e-05
16-06 22:00,1.9188628051471574e-05
16-06 23:00,1.9188628051471574e-05
17-06 00:00,1.535090244117726e-05
17-06 01:00,1.535090244117726e-05
17-06 02:00,1.1513176830882944e-05
17-06 03:00,1.1513176830882944e-05
17-06 04:00,1.1513176830882944e-05
17-06 05:00,1.1513176830882944e-05
17-06 06:00,1.535090244117726e-05
17-06 07:00,2.3026353661765888e-05
17-06 08:00,4.221498171323747e-05
17-06 09:00,4.9890432933826096e-05
17-06 10:00,4.221498171323747e-05
17-06 11:00,4.221498171323747e-05
17-06 12:00,3.837725610294315e-05
17-06 13:00,3.070180488235452e-05
17-06 14:00,1.9188628051471574e-05
17-06 15:00,1.9188628051471574e-05
17-06 16:00,1.9188628051471574e-05
17-06 17:00,1.9188628051471574e-05
17-06 18:00,2.3026353661765888e-05
17-06 19:00,2.3026353661765888e-05
17-06 20:00,1.9188628051471574e-05
17-06 21:00,1.9188628051471574e-05
17-06 22:00,1.9188628051471574e-05
17-06 23:00,1.9188628051471574e-05
18-06 00:00,1.1513176830882944e-05
18-06 01:00,1.1513176830882944e-05
18-06 02:00,7.67545122058863e-06
18-06 03:00,1.1513176830882944e-05
18-06 04:00,7.67545122058863e-06
18-06 05:00,1.535090244117726e-05
18-06 06:00,3.4539530492648835e-05
18-06 07:00,4.221498171323747e-05
18-06 08:00,3.837725610294315e-05
18-06 09:00,3.070180488235452e-05
18-06 10:00,2.3026353661765888e-05
18-06 11:00,1.9188628051471574e-05
18-06 12:00,1.535090244117726e-05
18-06 13:00,1.1513176830882944e-05
18-06 14:00,1.1513176830882944e-05
18-06 15:00,1.535090244117726e-05
18-06 16:00,1.535090244117726e-05
18-06 17:00,1.535090244117726e-05
18-06 18:00,1.9188628051471574e-05
18-06 19:00,1.9188628051471574e-05
18-06 20:00,1.9188628051471574e-05
18-06 21:00,2.3026353661765888e-05
18-06 22:00,2.3026353661765888e-05
18-06 23:00,1.9188628051471574e-05
19-06 00:00,1.535090244117726e-05
19-06 01:00,1.1513176830882944e-05
19-06 02:00,7.67545122058863e-06
19-06 03:00,7.67545122058863e-06
19-06 04:00,7.67545122058863e-06
19-06 05:00,1.9188628051471574e-05
19-06 06:00,3.837725610294315e-05
19-06 07:00,4.221498171323747e-05
19-06 08:00,3.837725610294315e-05
19-06 09:00,3.070180488235452e-05
19-06 10:00,2.3026353661765888e-05
19-06 11:00,1.9188628051471574e-05
19-06 12:00,1.535090244117726e-05
19-06 13:00,1.535090244117726e-05
19-06 14:00,1.1513176830882944e-05
19-06 15:00,1.1513176830882944e-05
19-06 16:00,1.535090244117726e-05
19-06 17:00,1.535090244117726e-05
19-06 18:00,1.535090244117726e-05
19-06 19:00,1.9188628051471574e-05
19-06 20:00,1.9188628051471574e-05
19-06 21:00,2.3026353661765888e-05
19-06 22:00,2.3026353661765888e-05
19-06 23:00,1.9188628051471574e-05
20-06 00:00,1.535090244117726e-05
20-06 01:00,1.1513176830882944e-05
20-06 02:00,1.1513176830882944e-05
20-06 03:00,7.67545122058863e-06
20-06 04:00,7.67545122058863e-06
20-06 05:00,1.535090244117726e-05
20-06 06:00,3.837725610294315e-05
20-06 07:00,4.221498171323747e-05
20-06 08:00,3.837725610294315e-05
20-06 09:00,3.070180488235452e-05
20-06 10:00,2.3026353661765888e-05
20-06 11:00,1.9188628051471574e-05
20-06 12:00,1.535090244117726e-05
20-06 13:00,1.1513176830882944e-05
20-06 14:00,1.1513176830882944e-05
20-06 15:00,1.535090244117726e-05
20-06 16:00,1.535090244117726e-05
20-06 17:00,1.535090244117726e-05
20-06 18:00,1.535090244117726e-05
20-06 19:00,1.9188628051471574e-05
20-06 20:00,2.3026353661765888e-05
20-06 21:00,1.9188628051471574e-05
20-06 22:00,2.3026353661765888e-05
20-06 23:00,1.9188628051471574e-05
21-06 00:00,1.535090244117726e-05
21-06 01:00,1.1513176830882944e-05
21-06 02:00,1.1513176830882944e-05
21-06 03:00,7.67545122058863e-06
21-06 04:00,1.1513176830882944e-05
21-06 05:00,1.9188628051471574e-05
21-06 06:00,3.837725610294315e-05
21-06 07:00,3.837725610294315e-05
21-06 08:00,3.837725610294315e-05
21-06 09:00,3.070180488235452e-05
21-06 10:00,2.3026353661765888e-05
21-06 11:00,1.9188628051471574e-05
21-06 12:00,1.535090244117726e-05
21-06 13:00,1.535090244117726e-05
21-06 14:00,1.1513176830882944e-05
21-06 15:00,1.1513176830882944e-05
21-06 16:00,1.535090244117726e-05
21-06 17:00,1.535090244117726e-05
21-06 18:00,1.535090244117726e-05
21-06 19:00,1.9188628051471574e-05
21-06 20:00,1.9188628051471574e-05
21-06 21:00,2.3026353661765888e-05
21-06 22:00,2.3026353661765888e-05
21-06 23:00,1.9188628051471574e-05
22-06 00:00,1.535090244117726e-05
22-06 01:00,1.1513176830882944e-05
22-06 02:00,7.67545122058863e-06
22-06 03:00,7.67545122058863e-06
22-06 04:00,1.1513176830882944e-05
22-06 05:00,1.535090244117726e-05
22-06 06:00,4.221498171323747e-05
22-06 07:00,4.221498171323747e-05
22-06 08:00,3.837725610294315e-05
22-06 09:00,3.070180488235452e-05
22-06 10:00,2.3026353661765888e-05
22-06 11:00,1.9188628051471574e-05
22-06 12:00,1.1513176830882944e-05
22-06 13:00,1.1513176830882944e-05
22-06 14:00,1.1513176830882944e-05
22-06 15:00,1.1513176830882944e-05
22-06 16:00,1.535090244117726e-05
22-06 17:00,1.535090244117726e-05
22-06 18:00,1.9188628051471574e-05
22-06 19:00,1.9188628051471574e-05
22-06 20:00,2.3026353661765888e-05
22-06 21:00,2.3026353661765888e-05
22-06 22:00,2.3026353661765888e-05
22-06 23:00,1.535090244117726e-05
23-06 00:00,1.535090244117726e-05
23-06 01:00,1.535090244117726e-05
23-06 02:00,1.1513176830882944e-05
23-06 03:00,1.1513176830882944e-05
23-06 04:00,1.1513176830882944e-05
23-06 05:00,1.1513176830882944e-05
23-06 06:00,1.535090244117726e-05
23-06 07:00,2.3026353661765888e-05
23-06 08:00,4.6052707323531776e-05
23-06 09:00,4.9890432933826096e-05
23-06 10:00,4.6052707323531776e-05
23-06 11:00,4.6052707323531776e-05
23-06 12:00,3.837725610294315e-05
23-06 13:00,3.070180488235452e-05
23-06 14:00,2.3026353661765888e-05
23-06 15:00,1.9188628051471574e-05
23-06 16:00,1.9188628051471574e-05
23-06 17:00,1.9188628051471574e-05
23-06 18:00,2.3026353661765888e-05
23-06 19:00,1.9188628051471574e-05
23-06 20:00,1.9188628051471574e-05
23-06 21:00,1.9188628051471574e-05
23-06 22:00,1.9188628051471574e-05
23-06 23:00,1.9188628051471574e-05
24-06 00:00,1.535090244117726e-05
24-06 01:00,1.535090244117726e-05
24-06 02:00,1.1513176830882944e-05
24-06 03:00,1.1513176830882944e-05
24-06 04:00,1.1513176830882944e-05
24-06 05:00,1.1513176830882944e-05
24-06 06:00,1.535090244117726e-05
24-06 07:00,2.3026353661765888e-05
24-06 08:00,4.221498171323747e-05
24-06 09:00,4.9890432933826096e-05
24-06 10:00,4.6052707323531776e-05
24-06 11:00,4.221498171323747e-05
24-06 12:00,3.837725610294315e-05
24-06 13:00,3.070180488235452e-05
24-06 14:00,1.9188628051471574e-05
24-06 15:00,1.9188628051471574e-05
24-06 16:00,1.535090244117726e-05
24-06 17:00,1.9188628051471574e-05
24-06 18:00,1.9188628051471574e-05
24-06 19:00,1.9188628051471574e-05
24-06 20:00,1.9188628051471574e-05
24-06 21:00,1.9188628051471574e-05
24-06 22:00,1.9188628051471574e-05
24-06 23:00,1.9188628051471574e-05
25-06 00:00,1.535090244117726e-05
25-06 01:00,1.1513176830882944e-05
25-06 02:00,7.67545122058863e-06
25-06 03:00,7.67545122058863e-06
25-06 04:00,1.1513176830882944e-05
25-06 05:00,1.535090244117726e-05
25-06 06:00,4.221498171323747e-05
25-06 07:00,4.221498171323747e-05
25-06 08:00,3.837725610294315e-05
25-06 09:00,3.070180488235452e-05
25-06 10:00,2.3026353661765888e-05
25-06 11:00,1.9188628051471574e-05
25-06 12:00,1.535090244117726e-05
25-06 13:00,1.535090244117726e-05
25-06 14:00,1.1513176830882944e-05
25-06 15:00,1.1513176830882944e-05
25-06 16:00,1.535090244117726e-05
25-06 17:00,1.535090244117726e-05
25-06 18:00,1.535090244117726e-05
25-06 19:00,1.9188628051471574e-05
25-06 20:00,2.3026353661765888e-05
25-06 21:00,1.9188628051471574e-05
25-06 22:00,2.3026353661765888e-05
25-06 23:00,1.9188628051471574e-05
26-06 00:00,1.535090244117726e-05
26-06 01:00,1.1513176830882944e-05
26-06 02:00,7.67545122058863e-06
26-06 03:00,7.67545122058863e-06
26-06 04:00,7.67545122058863e-06
26-06 05:00,1.535090244117726e-05
26-06 06:00,3.837725610294315e-05
26-06 07:00,3.837725610294315e-05
26-06 08:00,4.221498171323747e-05
26-06 09:00,3.070180488235452e-05
26-06 10:00,2.68640792720602e-05
26-06 11:00,1.9188628051471574e-05
26-06 12:00,1.535090244117726e-05
26-06 13:00,1.1513176830882944e-05
26-06 14:00,1.1513176830882944e-05
26-06 15:00,1.1513176830882944e-05
26-06 16:00,1.1513176830882944e-05
26-06 17:00,1.535090244117726e-05
26-06 18:00,1.9188628051471574e-05
26-06 19:00,1.9188628051471574e-05
26-06 20:00,1.9188628051471574e-05
26-06 21:00,2.3026353661765888e-05
26-06 22:00,2.3026353661765888e-05
26-06 23:00,1.535090244117726e-05
27-06 00:00,1.535090244117726e-05
27-06 01:00,1.1513176830882944e-05
27-06 02:00,1.1513176830882944e-05
27-06 03:00,7.67545122058863e-06
27-06 04:00,1.1513176830882944e-05
27-06 05:00,1.535090244117726e-05
27-06 06:00,3.837725610294315e-05
27-06 07:00,4.221498171323747e-05
27-06 08:00,3.837725610294315e-05
27-06 09:00,3.070180488235452e-05
27-06 10:00,2.3026353661765888e-05
27-06 11:00,1.9188628051471574e-05
27-06 12:00,1.535090244117726e-05
27-06 13:00,1.535090244117726e-05
27-06 14:00,1.1513176830882944e-05
27-06 15:00,1.535090244117726e-05
27-06 16:00,1.535090244117726e-05
27-06 17:00,1.535090244117726e-05
27-06 18:00,1.535090244117726e-05
27-06 19:00,1.9188628051471574e-05
27-06 20:00,2.3026353661765888e-05
27-06 21:00,1.9188628051471574e-05
27-06 22:00,2.3026353661765888e-05
27-06 23:00,1.9188628051471574e-05
28-06 00:00,1.1513176830882944e-05
28-06 01:00,1.1513176830882944e-05
28-06 02:00,7.67545122058863e-06
28-06 03:00,7.67545122058863e-06
28-06 04:00,7.67545122058863e-06
28-06 05:00,1.535090244117726e-05
28-06 06:00,4.221498171323747e-05
28-06 07:00,3.837725610294315e-05
28-06 08:00,3.837725610294315e-05
28-06 09:00,3.070180488235452e-05
28-06 10:00,2.3026353661765888e-05
28-06 11:00,1.9188628051471574e-05
28-06 12:00,1.535090244117726e-05
28-06 13:00,1.535090244117726e-05
28-06 14:00,1.1513176830882944e-05
28-06 15:00,1.1513176830882944e-05
28-06 16:00,1.535090244117726e-05
28-06 17:00,1.535090244117726e-05
28-06 18:00,1.535090244117726e-05
28-06 19:00,1.9188628051471574e-05
28-06 20:00,2.3026353661765888e-05
28-06 21:00,1.9188628051471574e-05
28-06 22:00,2.3026353661765888e-05
28-06 23:00,1.9188628051471574e-05
29-06 00:00,1.1513176830882944e-05
29-06 01:00,1.1513176830882944e-05
29-06 02:00,1.1513176830882944e-05
29-06 03:00,7.67545122058863e-06
29-06 04:00,7.67545122058863e-06
29-06 05:00,1.9188628051471574e-05
29-06 06:00,3.837725610294315e-05
29-06 07:00,4.221498171323747e-05
29-06 08:00,3.4539530492648835e-05
29-06 09:00,3.070180488235452e-05
29-06 10:00,2.3026353661765888e-05
29-06 11:00,1.9188628051471574e-05
29-06 12:00,1.535090244117726e-05
29-06 13:00,1.535090244117726e-05
29-06 14:00,1.535090244117726e-05
29-06 15:00,1.535090244117726e-05
29-06 16:00,1.535090244117726e-05
29-06 17:00,1.535090244117726e-05
29-06 18:00,1.535090244117726e-05
29-06 19:00,1.9188628051471574e-05
29-06 20:00,1.9188628051471574e-05
29-06 21:00,2.3026353661765888e-05
29-06 22:00,2.3026353661765888e-05
29-06 23:00,1.535090244117726e-05
30-06 00:00,1.535090244117726e-05
30-06 01:00,1.1513176830882944e-05
30-06 02:00,1.1513176830882944e-05
30-06 03:00,1.1513176830882944e-05
30-06 04:00,1.1513176830882944e-05
30-06 05:00,1.1513176830882944e-05
30-06 06:00,1.1513176830882944e-05
30-06 07:00,2.3026353661765888e-05
30-06 08:00,4.221498171323747e-05
30-06 09:00,4.9890432933826096e-05
30-06 10:00,4.6052707323531776e-05
30-06 11:00,4.6052707323531776e-05
30-06 12:00,3.837725610294315e-05
30-06 13:00,3.070180488235452e-05
30-06 14:00,1.9188628051471574e-05
30-06 15:00,1.9188628051471574e-05
30-06 16:00,1.9188628051471574e-05
30-06 17:00,1.9188628051471574e-05
30-06 18:00,1.9188628051471574e-05
30-06 19:00,1.9188628051471574e-05
30-06 20:00,1.9188628051471574e-05
30-06 21:00,1.9188628051471574e-05
30-06 22:00,1.9188628051471574e-05
30-06 23:00,1.9188628051471574e-05
01-07 00:00,1.535090244117726e-05
01-07 01:00,1.535090244117726e-05
01-07 02:00,1.1513176830882944e-05
01-07 03:00,1.1513176830882944e-05
01-07 04:00,1.1513176830882944e-05
01-07 05:00,1.1513176830882944e-05
01-07 06:00,1.1513176830882944e-05
01-07 07:00,2.3026353661765888e-05
01-07 08:00,4.221498171323747e-05
01-07 09:00,4.9890432933826096e-05
01-07 10:00,4.9890432933826096e-05
01-07 11:00,4.6052707323531776e-05
01-07 12:00,3.837725610294315e-05
01-07 13:00,3.070180488235452e-05
01-07 14:00,1.9188628051471574e-05
01-07 15:00,1.535090244117726e-05
01-07 16:00,1.9188628051471574e-05
01-07 17:00,1.9188628051471574e-05
01-07 18:00,2.3026353661765888e-05
01-07 19:00,1.9188628051471574e-05
01-07 20:00,1.9188628051471574e-05
01-07 21:00,1.9188628051471574e-05
01-07 22:00,1.9188628051471574e-05
01-07 23:00,1.9188628051471574e-05
02-07 00:00,1.1513176830882944e-05
02-07 01:00,1.1513176830882944e-05
02-07 02:00,1.1513176830882944e-05
02-07 03:00,7.67545122058863e-06
02-07 04:00,7.67545122058863e-06
02-07 05:00,1.535090244117726e-05
02-07 06:00,3.837725610294315e-05
02-07 07:00,4.221498171323747e-05
02-07 08:00,3.4539530492648835e-05
02-07 09:00,3.4539530492648835e-05
02-07 10:00,2.3026353661765888e-05
02-07 11:00,1.9188628051471574e-05
02-07 12:00,1.535090244117726e-05
02-07 13:00,1.535090244117726e-05
02-07 14:00,1.1513176830882944e-05
02-07 15:00,1.1513176830882944e-05
02-07 16:00,1.535090244117726e-05
02-07 17:00,1.535090244117726e-05
02-07 18:00,1.9188628051471574e-05
02-07 19:00,1.535090244117726e-05
02-07 20:00,1.9188628051471574e-05
02-07 21:00,1.9188628051471574e-05
02-07 22:00,1.9188628051471574e-05
02-07 23:00,1.9188628051471574e-05
03-07 00:00,1.1513176830882944e-05
03-07 01:00,1.1513176830882944e-05
03-07 02:00,7.67545122058863e-06
03-07 03:00,7.67545122058863e-06
03-07 04:00,7.67545122058863e-06
03-07 05:00,1.535090244117726e-05
03-07 06:00,4.221498171323747e-05
03-07 07:00,4.6052707323531776e-05
03-07 08:00,3.837725610294315e-05
03-07 09:00,3.4539530492648835e-05
03-07 10:00,2.3026353661765888e-05
03-07 11:00,1.9188628051471574e-05
03-07 12:00,1.535090244117726e-05
03-07 13:00,1.1513176830882944e-05
03-07 14:00,1.1513176830882944e-05
03-07 15:00,1.535090244117726e-05
03-07 16:00,1.535090244117726e-05
03-07 17:00,1.535090244117726e-05
03-07 18:00,1.535090244117726e-05
03-07 19:00,1.9188628051471574e-05
03-07 20:00,1.9188628051471574e-05
03-07 21:00,1.9188628051471574e-05
03-07 22:00,2.3026353661765888e-05
03-07 23:00,1.9188628051471574e-05
04-07 00:00,1.1513176830882944e-05
04-07 01:00,1.1513176830882944e-05
04-07 02:00,7.67545122058863e-06
04-07 03:00,7.67545122058863e-06
04-07 04:00,7.67545122058863e-06
04-07 05:00,1.535090244117726e-05
04-07 06:00,3.837725610294315e-05
04-07 07:00,4.221498171323747e-05
04-07 08:00,3.837725610294315e-05
04-07 09:00,3.070180488235452e-05
04-07 10:00,2.3026353661765888e-05
04-07 11:00,1.9188628051471574e-05
04-07 12:00,1.535090244117726e-05
04-07 13:00,1.1513176830882944e-05
04-07 14:00,1.1513176830882944e-05
04-07 15:00,1.1513176830882944e-05
04-07 16:00,1.535090244117726e-05
04-07 17:00,1.535090244117726e-05
04-07 18:00,1.535090244117726e-05
04-07 19:00,1.9188628051471574e-05
04-07 20:00,1.9188628051471574e-05
04-07 21:00,2.3026353661765888e-05
04-07 22:00,2.3026353661765888e-05
04-07 23:00,1.9188628051471574e-05
05-07 00:00,1.1513176830882944e-05
05-07 01:00,1.1513176830882944e-05
05-07 02:00,7.67545122058863e-06
05-07 03:00,7.67545122058863e-06
05-07 04:00,7.67545122058863e-06
05-07 05:00,1.535090244117726e-05
05-07 06:00,3.4539530492648835e-05
05-07 07:00,4.221498171323747e-05
05-07 08:00,3.4539530492648835e-05
05-07 09:00,3.070180488235452e-05
05-07 10:00,2.68640792720602e-05
05-07 11:00,1.9188628051471574e-05
05-07 12:00,1.535090244117726e-05
05-07 13:00,1.1513176830882944e-05
05-07 14:00,1.1513176830882944e-05
05-07 15:00,1.1513176830882944e-05
05-07 16:00,1.535090244117726e-05
05-07 17:00,1.535090244117726e-05
05-07 18:00,1.535090244117726e-05
05-07 19:00,1.9188628051471574e-05
05-07 20:00,2.3026353661765888e-05
05-07 21:00,2.3026353661765888e-05
05-07 22:00,1.9188628051471574e-05
05-07 23:00,1.535090244117726e-05
06-07 00:00,1.1513176830882944e-05
06-07 01:00,1.1513176830882944e-05
06-07 02:00,7.67545122058863e-06
06-07 03:00,7.67545122058863e-06
06-07 04:00,1.1513176830882944e-05
06-07 05:00,1.535090244117726e-05
06-07 06:00,3.837725610294315e-05
06-07 07:00,4.221498171323747e-05
06-07 08:00,3.837725610294315e-05
06-07 09:00,3.070180488235452e-05
06-07 10:00,2.3026353661765888e-05
06-07 11:00,1.9188628051471574e-05
06-07 12:00,1.535090244117726e-05
06-07 13:00,1.1513176830882944e-05
06-07 14:00,1.1513176830882944e-05
06-07 15:00,1.1513176830882944e-05
06-07 16:00,1.535090244117726e-05
06-07 17:00,1.535090244117726e-05
06-07 18:00,1.9188628051471574e-05
06-07 19:00,1.9188628051471574e-05
06-07 20:00,1.9188628051471574e-05
06-07 21:00,2.3026353661765888e-05
06-07 22:00,2.3026353661765888e-05
06-07 23:00,1.9188628051471574e-05
07-07 00:00,1.535090244117726e-05
07-07 01:00,1.535090244117726e-05
07-07 02:00,1.1513176830882944e-05
07-07 03:00,1.1513176830882944e-05
07-07 04:00,1.1513176830882944e-05
07-07 05:00,1.1513176830882944e-05
07-07 06:00,1.1513176830882944e-05
07-07 07:00,2.3026353661765888e-05
07-07 08:00,4.6052707323531776e-05
07-07 09:00,4.9890432933826096e-05
07-07 10:00,4.9890432933826096e-05
07-07 11:00,4.221498171323747e-05
07-07 12:00,3.4539530492648835e-05
07-07 13:00,3.070180488235452e-05
07-07 14:00,1.9188628051471574e-05
07-07 15:00,1.9188628051471574e-05
07-07 16:00,1.9188628051471574e-05
07-07 17:00,1.9188628051471574e-05
07-07 18:00,2.3026353661765888e-05
07-07 19:00,1.9188628051471574e-05
07-07 20:00,1.9188628051471574e-05
07-07 21:00,1.9188628051471574e-05
07-07 22:00,1.9188628051471574e-05
07-07 23:00,1.9188628051471574e-05
08-07 00:00,1.535090244117726e-05
08-07 01:00,1.535090244117726e-05
08-07 02:00,1.1513176830882944e-05
08-07 03:00,1.1513176830882944e-05
08-07 04:00,1.1513176830882944e-05
08-07 05:00,1.1513176830882944e-05
08-07 06:00,1.1513176830882944e-05
08-07 07:00,2.3026353661765888e-05
08-07 08:00,4.221498171323747e-05
08-07 09:00,4.6052707323531776e-05
08-07 10:00,4.221498171323747e-05
08-07 11:00,4.221498171323747e-05
08-07 12:00,3.4539530492648835e-05
08-07 13:00,3.070180488235452e-05
08-07 14:00,2.3026353661765888e-05
08-07 15:00,1.9188628051471574e-05
08-07 16:00,1.9188628051471574e-05
08-07 17:00,1.9188628051471574e-05
08-07 18:00,1.9188628051471574e-05
08-07 19:00,1.9188628051471574e-05
08-07 20:00,1.9188628051471574e-05
08-07 21:00,1.9188628051471574e-05
08-07 22:00,1.9188628051471574e-05
08-07 23:00,1.9188628051471574e-05
09-07 00:00,1.535090244117726e-05
09-07 01:00,1.1513176830882944e-05
09-07 02:00,7.67545122058863e-06
09-07 03:00,7.67545122058863e-06
09-07 04:00,7.67545122058863e-06
09-07 05:00,1.535090244117726e-05
09-07 06:00,3.837725610294315e-05
09-07 07:00,4.6052707323531776e-05
09-07 08:00,3.837725610294315e-05
09-07 09:00,3.070180488235452e-05
09-07 10:00,2.3026353661765888e-05
09-07 11:00,1.9188628051471574e-05
09-07 12:00,1.535090244117726e-05
09-07 13:00,1.535090244117726e-05
09-07 14:00,1.1513176830882944e-05
09-07 15:00,1.1513176830882944e-05
09-07 16:00,1.535090244117726e-05
09-07 17:00,1.535090244117726e-05
09-07 18:00,1.535090244117726e-05
09-07 19:00,1.9188628051471574e-05
09-07 20:00,1.9188628051471574e-05
09-07 21:00,1.9188628051471574e-05
09-07 22:00,1.9188628051471574e-05
09-07 23:00,1.535090244117726e-05
10-07 00:00,1.535090244117726e-05
10-07 01:00,1.1513176830882944e-05
10-07 02:00,7.67545122058863e-06
10-07 03:00,7.67545122058863e-06
10-07 04:00,7.67545122058863e-06
10-07 05:00,1.535090244117726e-05
10-07 06:00,3.837725610294315e-05
10-07 07:00,4.221498171323747e-05
10-07 08:00,3.837725610294315e-05
10-07 09:00,3.070180488235452e-05
10-07 10:00,2.3026353661765888e-05
10-07 11:00,1.9188628051471574e-05
10-07 12:00,1.535090244117726e-05
10-07 13:00,1.1513176830882944e-05
10-07 14:00,1.1513176830882944e-05
10-07 15:00,1.1513176830882944e-05
10-07 16:00,1.535090244117726e-05
10-07 17:00,1.535090244117726e-05
10-07 18:00,1.535090244117726e-05
10-07 19:00,1.9188628051471574e-05
10-07 20:00,1.9188628051471574e-05
10-07 21:00,2.3026353661765888e-05
10-07 22:00,2.3026353661765888e-05
10-07 23:00,1.535090244117726e-05
11-07 00:00,1.535090244117726e-05
11-07 01:00,1.1513176830882944e-05
11-07 02:00,7.67545122058863e-06
11-07 03:00,7.67545122058863e-06
11-07 04:00,7.67545122058863e-06
11-07 05:00,1.535090244117726e-05
11-07 06:00,3.837725610294315e-05
11-07 07:00,3.837725610294315e-05
11-07 08:00,3.4539530492648835e-05
11-07 09:00,3.070180488235452e-05
11-07 10:00,2.68640792720602e-05
11-07 11:00,1.9188628051471574e-05
11-07 12:00,1.535090244117726e-05
11-07 13:00,1.1513176830882944e-05
11-07 14:00,1.1513176830882944e-05
11-07 15:00,1.1513176830882944e-05
11-07 16:00,1.535090244117726e-05
11-07 17:00,1.535090244117726e-05
11-07 18:00,1.535090244117726e-05
11-07 19:00,1.9188628051471574e-05
11-07 20:00,1.9188628051471574e-05
11-07 21:00,2.3026353661765888e-05
11-07 22:00,2.3026353661765888e-05
11-07 23:00,1.9188628051471574e-05
12-07 00:00,1.535090244117726e-05
12-07 01:00,1.1513176830882944e-05
12-07 02:00,7.67545122058863e-06
12-07 03:00,7.67545122058863e-06
12-07 04:00,7.67545122058863e-06
12-07 05:00,1.535090244117726e-05
12-07 06:00,4.221498171323747e-05
12-07 07:00,4.221498171323747e-05
12-07 08:00,3.837725610294315e-05
12-07 09:00,3.070180488235452e-05
12-07 10:00,2.3026353661765888e-05
12-07 11:00,1.9188628051471574e-05
12-07 12:00,1.535090244117726e-05
12-07 13:00,1.1513176830882944e-05
12-07 14:00,1.1513176830882944e-05
12-07 15:00,1.1513176830882944e-05
12-07 16:00,1.535090244117726e-05
12-07 17:00,1.535090244117726e-05
12-07 18:00,1.535090244117726e-05
12-07 19:00,1.9188628051471574e-05
12-07 20:00,2.3026353661765888e-05
12-07 21:00,1.9188628051471574e-05
12-07 22:00,2.3026353661765888e-05
12-07 23:00,1.535090244117726e-05
13-07 00:00,1.1513176830882944e-05
13-07 01:00,1.1513176830882944e-05
13-07 02:00,7.67545122058863e-06
13-07 03:00,7.67545122058863e-06
13-07 04:00,7.67545122058863e-06
13-07 05:00,1.535090244117726e-05
13-07 06:00,3.837725610294315e-05
13-07 07:00,4.221498171323747e-05
13-07 08:00,3.4539530492648835e-05
13-07 09:00,3.070180488235452e-05
13-07 10:00,2.3026353661765888e-05
13-07 11:00,1.9188628051471574e-05
13-07 12:00,1.535090244117726e-05
13-07 13:00,1.535090244117726e-05
13-07 14:00,1.1513176830882944e-05
13-07 15:00,1.1513176830882944e-05
13-07 16:00,1.535090244117726e-05
13-07 17:00,1.535090244117726e-05
13-07 18:00,1.535090244117726e-05
13-07 19:00,1.9188628051471574e-05
13-07 20:00,1.9188628051471574e-05
13-07 21:00,2.3026353661765888e-05
13-07 22:00,1.9188628051471574e-05
13-07 23:00,1.9188628051471574e-05
14-07 00:00,1.535090244117726e-05
14-07 01:00,1.1513176830882944e-05
14-07 02:00,1.1513176830882944e-05
14-07 03:00,1.1513176830882944e-05
14-07 04:00,1.1513176830882944e-05
14-07 05:00,1.1513176830882944e-05
14-07 06:00,1.535090244117726e-05
14-07 07:00,2.3026353661765888e-05
14-07 08:00,4.6052707323531776e-05
14-07 09:00,4.9890432933826096e-05
14-07 10:00,4.9890432933826096e-05
14-07 11:00,4.221498171323747e-05
14-07 12:00,3.4539530492648835e-05
14-07 13:00,3.070180488235452e-05
14-07 14:00,2.3026353661765888e-05
14-07 15:00,1.9188628051471574e-05
14-07 16:00,1.9188628051471574e-05
14-07 17:00,1.9188628051471574e-05
14-07 18:00,2.3026353661765888e-05
14-07 19:00,1.9188628051471574e-05
14-07 20:00,1.9188628051471574e-05
14-07 21:00,1.9188628051471574e-05
14-07 22:00,1.9188628051471574e-05
14-07 23:00,1.9188628051471574e-05
15-07 00:00,1.535090244117726e-05
15-07 01:00,1.1513176830882944e-05
15-07 02:00,1.1513176830882944e-05
15-07 03:00,1.1513176830882944e-05
15-07 04:00,1.1513176830882944e-05
15-07 05:00,1.1513176830882944e-05
15-07 06:00,1.1513176830882944e-05
15-07 07:00,2.3026353661765888e-05
15-07 08:00,4.221498171323747e-05
15-07 09:00,4.9890432933826096e-05
15-07 10:00,4.6052707323531776e-05
15-07 11:00,3.837725610294315e-05
15-07 12:00,3.837725610294315e-05
15-07 13:00,3.070180488235452e-05
15-07 14:00,1.9188628051471574e-05
15-07 15:00,1.9188628051471574e-05
15-07 16:00,1.9188628051471574e-05
15-07 17:00,1.9188628051471574e-05
15-07 18:00,2.3026353661765888e-05
15-07 19:00,1.9188628051471574e-05
15-07 20:00,1.9188628051471574e-05
15-07 21:00,1.9188628051471574e-05
15-07 22:00,1.9188628051471574e-05
15-07 23:00,1.9188628051471574e-05
16-07 00:00,1.535090244117726e-05
16-07 01:00,1.1513176830882944e-05
16-07 02:00,1.1513176830882944e-05
16-07 03:00,7.67545122058863e-06
16-07 04:00,1.1513176830882944e-05
16-07 05:00,1.9188628051471574e-05
16-07 06:00,3.837725610294315e-05
16-07 07:00,4.221498171323747e-05
16-07 08:00,3.837725610294315e-05
16-07 09:00,3.070180488235452e-05
16-07 10:00,2.68640792720602e-05
16-07 11:00,1.9188628051471574e-05
16-07 12:00,1.535090244117726e-05
16-07 13:00,1.535090244117726e-05
16-07 14:00,1.535090244117726e-05
16-07 15:00,1.535090244117726e-05
16-07 16:00,1.535090244117726e-05
16-07 17:00,1.535090244117726e-05
16-07 18:00,1.9188628051471574e-05
16-07 19:00,1.9188628051471574e-05
16-07 20:00,1.9188628051471574e-05
16-07 21:00,1.9188628051471574e-05
16-07 22:00,2.3026353661765888e-05
16-07 23:00,1.9188628051471574e-05
17-07 00:00,1.535090244117726e-05
17-07 01:00,1.1513176830882944e-05
17-07 02:00,1.1513176830882944e-05
17-07 03:00,1.1513176830882944e-05
17-07 04:00,7.67545122058863e-06
17-07 05:00,1.9188628051471574e-05
17-07 06:00,3.837725610294315e-05
17-07 07:00,3.837725610294315e-05
17-07 08:00,3.837725610294315e-05
17-07 09:00,3.4539530492648835e-05
17-07 10:00,2.68640792720602e-05
17-07 11:00,1.9188628051471574e-05
17-07 12:00,1.535090244117726e-05
17-07 13:00,1.1513176830882944e-05
17-07 14:00,1.1513176830882944e-05
17-07 15:00,1.1513176830882944e-05
17-07 16:00,1.535090244117726e-05
17-07 17:00,1.535090244117726e-05
17-07 18:00,1.9188628051471574e-05
17-07 19:00,1.9188628051471574e-05
17-07 20:00,2.3026353661765888e-05
17-07 21:00,2.3026353661765888e-05
17-07 22:00,2.3026353661765888e-05
17-07 23:00,1.535090244117726e-05
18-07 00:00,1.1513176830882944e-05
18-07 01:00,1.1513176830882944e-05
18-07 02:00,1.1513176830882944e-05
18-07 03:00,7.67545122058863e-06
18-07 04:00,7.67545122058863e-06
18-07 05:00,1.535090244117726e-05
18-07 06:00,3.837725610294315e-05
18-07 07:00,4.221498171323747e-05
18-07 08:00,3.837725610294315e-05
18-07 09:00,2.68640792720602e-05
18-07 10:00,2.3026353661765888e-05
18-07 11:00,1.9188628051471574e-05
18-07 12:00,1.535090244117726e-05
18-07 13:00,1.535090244117726e-05
18-07 14:00,1.1513176830882944e-05
18-07 15:00,1.1513176830882944e-05
18-07 16:00,1.535090244117726e-05
18-07 17:00,1.535090244117726e-05
18-07 18:00,1.535090244117726e-05
18-07 19:00,1.9188628051471574e-05
18-07 20:00,1.9188628051471574e-05
18-07 21:00,2.3026353661765888e-05
18-07 22:00,2.3026353661765888e-05
18-07 23:00,1.9188628051471574e-05
19-07 00:00,1.1513176830882944e-05
19-07 01:00,1.1513176830882944e-05
19-07 02:00,7.67545122058863e-06
19-07 03:00,7.67545122058863e-06
19-07 04:00,7.67545122058863e-06
19-07 05:00,1.535090244117726e-05
19-07 06:00,3.837725610294315e-05
19-07 07:00,3.837725610294315e-05
19-07 08:00,3.837725610294315e-05
19-07 09:00,3.4539530492648835e-05
19-07 10:00,2.3026353661765888e-05
19-07 11:00,1.9188628051471574e-05
19-07 12:00,1.535090244117726e-05
19-07 13:00,1.1513176830882944e-05
19-07 14:00,1.1513176830882944e-05
19-07 15:00,1.535090244117726e-05
19-07 16:00,1.535090244117726e-05
19-07 17:00,1.535090244117726e-05
19-07 18:00,1.535090244117726e-05
19-07 19:00,1.9188628051471574e-05
19-07 20:00,1.9188628051471574e-05
19-07 21:00,2.3026353661765888e-05
19-07 22:00,2.3026353661765888e-05
19-07 23:00,1.9188628051471574e-05
20-07 00:00,1.535090244117726e-05
20-07 01:00,1.1513176830882944e-05
20-07 02:00,7.67545122058863e-06
20-07 03:00,7.67545122058863e-06
20-07 04:00,7.67545122058863e-06
20-07 05:00,1.535090244117726e-05
20-07 06:00,3.4539530492648835e-05
20-07 07:00,4.221498171323747e-05
20-07 08:00,3.837725610294315e-05
20-07 09:00,3.070180488235452e-05
20-07 10:00,2.3026353661765888e-05
20-07 11:00,1.9188628051471574e-05
20-07 12:00,1.535090244117726e-05
20-07 13:00,1.1513176830882944e-05
20-07 14:00,1.1513176830882944e-05
20-07 15:00,1.535090244117726e-05
20-07 16:00,1.535090244117726e-05
20-07 17:00,1.535090244117726e-05
20-07 18:00,1.535090244117726e-05
20-07 19:00,1.9188628051471574e-05
20-07 20:00,1.9188628051471574e-05
20-07 21:00,2.3026353661765888e-05
20-07 22:00,2.3026353661765888e-05
20-07 23:00,1.9188628051471574e-05
21-07 00:00,1.535090244117726e-05
21-07 01:00,1.535090244117726e-05
21-07 02:00,1.1513176830882944e-05
21-07 03:00,1.1513176830882944e-05
21-07 04:00,1.1513176830882944e-05
21-07 05:00,1.1513176830882944e-05
21-07 06:00,1.1513176830882944e-05
21-07 07:00,2.3026353661765888e-05
21-07 08:00,4.221498171323747e-05
21-07 09:00,4.9890432933826096e-05
21-07 10:00,4.6052707323531776e-05
21-07 11:00,4.6052707323531776e-05
21-07 12:00,3.4539530492648835e-05
21-07 13:00,3.070180488235452e-05
21-07 14:00,1.9188628051471574e-05
21-07 15:00,1.9188628051471574e-05
21-07 16:00,1.9188628051471574e-05
21-07 17:00,1.9188628051471574e-05
21-07 18:00,1.9188628051471574e-05
21-07 19:00,2.3026353661765888e-05
21-07 20:00,1.9188628051471574e-05
21-07 21:00,1.9188628051471574e-05
21-07 22:00,1.9188628051471574e-05
21-07 23:00,1.535090244117726e-05
22-07 00:00,1.535090244117726e-05
22-07 01:00,1.535090244117726e-05
22-07 02:00,1.1513176830882944e-05
22-07 03:00,1.1513176830882944e-05
22-07 04:00,1.1513176830882944e-05
22-07 05:00,1.1513176830882944e-05
22-07 06:00,1.535090244117726e-05
22-07 07:00,2.3026353661765888e-05
22-07 08:00,4.221498171323747e-05
22-07 09:00,4.6052707323531776e-05
22-07 10:00,4.6052707323531776e-05
22-07 11:00,4.221498171323747e-05
22-07 12:00,3.4539530492648835e-05
22-07 13:00,3.070180488235452e-05
22-07 14:00,1.9188628051471574e-05
22-07 15:00,1.9188628051471574e-05
22-07 16:00,1.535090244117726e-05
22-07 17:00,1.9188628051471574e-05
22-07 18:00,1.9188628051471574e-05
22-07 19:00,1.9188628051471574e-05
22-07 20:00,1.9188628051471574e-05
22-07 21:00,1.9188628051471574e-05
22-07 22:00,1.9188628051471574e-05
22-07 23:00,1.9188628051471574e-05
23-07 00:00,1.1513176830882944e-05
23-07 01:00,1.1513176830882944e-05
23-07 02:00,7.67545122058863e-06
23-07 03:00,7.67545122058863e-06
23-07 04:00,7.67545122058863e-06
23-07 05:00,1.535090244117726e-05
23-07 06:00,4.221498171323747e-05
23-07 07:00,4.221498171323747e-05
23-07 08:00,3.4539530492648835e-05
23-07 09:00,3.070180488235452e-05
23-07 10:00,2.3026353661765888e-05
23-07 11:00,1.9188628051471574e-05
23-07 12:00,1.535090244117726e-05
23-07 13:00,1.1513176830882944e-05
23-07 14:00,1.535090244117726e-05
23-07 15:00,1.1513176830882944e-05
23-07 16:00,1.535090244117726e-05
23-07 17:00,1.535090244117726e-05
23-07 18:00,1.535090244117726e-05
23-07 19:00,1.9188628051471574e-05
23-07 20:00,1.9188628051471574e-05
23-07 21:00,2.3026353661765888e-05
23-07 22:00,2.3026353661765888e-05
23-07 23:00,1.9188628051471574e-05
24-07 00:00,1.535090244117726e-05
24-07 01:00,1.1513176830882944e-05
24-07 02:00,1.1513176830882944e-05
24-07 03:00,7.67545122058863e-06
24-07 04:00,1.1513176830882944e-05
24-07 05:00,1.535090244117726e-05
24-07 06:00,3.4539530492648835e-05
24-07 07:00,4.221498171323747e-05
24-07 08:00,3.837725610294315e-05
24-07 09:00,3.070180488235452e-05
24-07 10:00,2.68640792720602e-05
24-07 11:00,1.9188628051471574e-05
24-07 12:00,1.535090244117726e-05
24-07 13:00,1.535090244117726e-05
24-07 14:00,1.1513176830882944e-05
24-07 15:00,1.535090244117726e-05
24-07 16:00,1.535090244117726e-05
24-07 17:00,1.535090244117726e-05
24-07 18:00,1.9188628051471574e-05
24-07 19:00,1.9188628051471574e-05
24-07 20:00,1.9188628051471574e-05
24-07 21:00,2.3026353661765888e-05
24-07 22:00,1.9188628051471574e-05
24-07 23:00,1.9188628051471574e-05
25-07 00:00,1.1513176830882944e-05
25-07 01:00,1.1513176830882944e-05
25-07 02:00,7.67545122058863e-06
25-07 03:00,7.67545122058863e-06
25-07 04:00,1.1513176830882944e-05
25-07 05:00,1.535090244117726e-05
25-07 06:00,3.837725610294315e-05
25-07 07:00,4.221498171323747e-05
25-07 08:00,3.837725610294315e-05
25-07 09:00,3.070180488235452e-05
25-07 10:00,2.3026353661765888e-05
25-07 11:00,1.9188628051471574e-05
25-07 12:00,1.535090244117726e-05
25-07 13:00,1.1513176830882944e-05
25-07 14:00,1.1513176830882944e-05
25-07 15:00,1.1513176830882944e-05
25-07 16:00,1.1513176830882944e-05
25-07 17:00,1.535090244117726e-05
25-07 18:00,1.9188628051471574e-05
25-07 19:00,1.9188628051471574e-05
25-07 20:00,1.9188628051471574e-05
25-07 21:00,1.9188628051471574e-05
25-07 22:00,2.3026353661765888e-05
25-07 23:00,1.9188628051471574e-05
26-07 00:00,1.1513176830882944e-05
26-07 01:00,1.1513176830882944e-05
26-07 02:00,7.67545122058863e-06
26-07 03:00,1.1513176830882944e-05
26-07 04:00,1.1513176830882944e-05
26-07 05:00,1.9188628051471574e-05
26-07 06:00,3.837725610294315e-05
26-07 07:00,4.221498171323747e-05
26-07 08:00,3.837725610294315e-05
26-07 09:00,3.070180488235452e-05
26-07 10:00,2.3026353661765888e-05
26-07 11:00,1.9188628051471574e-05
26-07 12:00,1.535090244117726e-05
26-07 13:00,1.535090244117726e-05
26-07 14:00,1.535090244117726e-05
26-07 15:00,1.1513176830882944e-05
26-07 16:00,1.1513176830882944e-05
26-07 17:00,1.535090244117726e-05
26-07 18:00,1.535090244117726e-05
26-07 19:00,1.9188628051471574e-05
26-07 20:00,1.9188628051471574e-05
26-07 21:00,2.3026353661765888e-05
26-07 22:00,2.3026353661765888e-05
26-07 23:00,1.9188628051471574e-05
27-07 00:00,1.1513176830882944e-05
27-07 01:00,1.1513176830882944e-05
27-07 02:00,1.1513176830882944e-05
27-07 03:00,7.67545122058863e-06
27-07 04:00,7.67545122058863e-06
27-07 05:00,1.535090244117726e-05
27-07 06:00,3.837725610294315e-05
27-07 07:00,4.221498171323747e-05
27-07 08:00,3.837725610294315e-05
27-07 09:00,3.4539530492648835e-05
27-07 10:00,2.3026353661765888e-05
27-07 11:00,1.9188628051471574e-05
27-07 12:00,1.535090244117726e-05
27-07 13:00,1.1513176830882944e-05
27-07 14:00,1.1513176830882944e-05
27-07 15:00,1.1513176830882944e-05
27-07 16:00,1.535090244117726e-05
27-07 17:00,1.535090244117726e-05
27-07 18:00,1.535090244117726e-05
27-07 19:00,1.9188628051471574e-05
27-07 20:00,2.3026353661765888e-05
27-07 21:00,2.3026353661765888e-05
27-07 22:00,2.3026353661765888e-05
27-07 23:00,1.9188628051471574e-05
28-07 00:00,1.535090244117726e-05
28-07 01:00,1.535090244117726e-05
28-07 02:00,1.1513176830882944e-05
28-07 03:00,1.1513176830882944e-05
28-07 04:00,1.1513176830882944e-05
28-07 05:00,1.1513176830882944e-05
28-07 06:00,1.1513176830882944e-05
28-07 07:00,2.3026353661765888e-05
28-07 08:00,4.221498171323747e-05
28-07 09:00,4.9890432933826096e-05
28-07 10:00,4.6052707323531776e-05
28-07 11:00,4.221498171323747e-05
28-07 12:00,3.837725610294315e-05
28-07 13:00,3.070180488235452e-05
28-07 14:00,1.9188628051471574e-05
28-07 15:00,1.9188628051471574e-05
28-07 16:00,1.535090244117726e-05
28-07 17:00,1.9188628051471574e-05
28-07 18:00,2.3026353661765888e-05
28-07 19:00,1.9188628051471574e-05
28-07 20:00,1.9188628051471574e-05
28-07 21:00,1.9188628051471574e-05
28-07 22:00,1.9188628051471574e-05
28-07 23:00,1.9188628051471574e-05
29-07 00:00,1.535090244117726e-05
29-07 01:00,1.535090244117726e-05
29-07 02:00,1.1513176830882944e-05
29-07 03:00,1.1513176830882944e-05
29-07 04:00,1.1513176830882944e-05
29-07 05:00,1.1513176830882944e-05
29-07 06:00,1.1513176830882944e-05
29-07 07:00,1.9188628051471574e-05
29-07 08:00,4.221498171323747e-05
29-07 09:00,4.9890432933826096e-05
29-07 10:00,4.9890432933826096e-05
29-07 11:00,4.221498171323747e-05
29-07 12:00,3.837725610294315e-05
29-07 13:00,2.68640792720602e-05
29-07 14:00,1.9188628051471574e-05
29-07 15:00,1.535090244117726e-05
29-07 16:00,1.9188628051471574e-05
29-07 17:00,1.9188628051471574e-05
29-07 18:00,2.3026353661765888e-05
29-07 19:00,1.9188628051471574e-05
29-07 20:00,1.9188628051471574e-05
29-07 21:00,1.9188628051471574e-05
29-07 22:00,1.9188628051471574e-05
29-07 23:00,1.9188628051471574e-05
30-07 00:00,1.1513176830882944e-05
30-07 01:00,1.1513176830882944e-05
30-07 02:00,7.67545122058863e-06
30-07 03:00,7.67545122058863e-06
30-07 04:00,1.1513176830882944e-05
30-07 05:00,1.535090244117726e-05
30-07 06:00,3.837725610294315e-05
30-07 07:00,4.221498171323747e-05
30-07 08:00,3.837725610294315e-05
30-07 09:00,3.070180488235452e-05
30-07 10:00,2.3026353661765888e-05
30-07 11:00,1.9188628051471574e-05
30-07 12:00,1.535090244117726e-05
30-07 13:00,1.1513176830882944e-05
30-07 14:00,1.1513176830882944e-05
30-07 15:00,1.1513176830882944e-05
30-07 16:00,1.535090244117726e-05
30-07 17:00,1.535090244117726e-05
30-07 18:00,1.9188628051471574e-05
30-07 19:00,1.9188628051471574e-05
30-07 20:00,1.9188628051471574e-05
30-07 21:00,2.3026353661765888e-05
30-07 22:00,2.3026353661765888e-05
30-07 23:00,1.9188628051471574e-05
31-07 00:00,1.535090244117726e-05
31-07 01:00,1.1513176830882944e-05
31-07 02:00,7.67545122058863e-06
31-07 03:00,7.67545122058863e-06
31-07 04:00,1.1513176830882944e-05
31-07 05:00,1.535090244117726e-05
31-07 06:00,3.837725610294315e-05
31-07 07:00,4.221498171323747e-05
31-07 08:00,3.837725610294315e-05
31-07 09:00,3.4539530492648835e-05
31-07 10:00,2.3026353661765888e-05
31-07 11:00,1.9188628051471574e-05
31-07 12:00,1.535090244117726e-05
31-07 13:00,1.1513176830882944e-05
31-07 14:00,1.1513176830882944e-05
31-07 15:00,1.535090244117726e-05
31-07 16:00,1.535090244117726e-05
31-07 17:00,1.535090244117726e-05
31-07 18:00,1.535090244117726e-05
31-07 19:00,1.9188628051471574e-05
31-07 20:00,1.9188628051471574e-05
31-07 21:00,2.3026353661765888e-05
31-07 22:00,2.3026353661765888e-05
31-07 23:00,1.9188628051471574e-05
01-08 00:00,1.535090244117726e-05
01-08 01:00,1.1513176830882944e-05
01-08 02:00,1.1513176830882944e-05
01-08 03:00,1.1513176830882944e-05
01-08 04:00,7.67545122058863e-06
01-08 05:00,1.535090244117726e-05
01-08 06:00,3.837725610294315e-05
01-08 07:00,4.221498171323747e-05
01-08 08:00,3.837725610294315e-05
01-08 09:00,3.070180488235452e-05
01-08 10:00,2.68640792720602e-05
01-08 11:00,1.9188628051471574e-05
01-08 12:00,1.535090244117726e-05
01-08 13:00,1.1513176830882944e-05
01-08 14:00,1.1513176830882944e-05
01-08 15:00,1.535090244117726e-05
01-08 16:00,1.535090244117726e-05
01-08 17:00,1.535090244117726e-05
01-08 18:00,1.9188628051471574e-05
01-08 19:00,1.9188628051471574e-05
01-08 20:00,2.3026353661765888e-05
01-08 21:00,2.3026353661765888e-05
01-08 22:00,2.3026353661765888e-05
01-08 23:00,1.9188628051471574e-05
02-08 00:00,1.1513176830882944e-05
02-08 01:00,1.1513176830882944e-05
02-08 02:00,1.1513176830882944e-05
02-08 03:00,1.1513176830882944e-05
02-08 04:00,1.1513176830882944e-05
02-08 05:00,1.535090244117726e-05
02-08 06:00,3.837725610294315e-05
02-08 07:00,4.221498171323747e-05
02-08 08:00,3.4539530492648835e-05
02-08 09:00,3.070180488235452e-05
02-08 10:00,2.68640792720602e-05
02-08 11:00,1.9188628051471574e-05
02-08 12:00,1.535090244117726e-05
02-08 13:00,1.535090244117726e-05
02-08 14:00,1.1513176830882944e-05
02-08 15:00,1.535090244117726e-05
02-08 16:00,1.535090244117726e-05
02-08 17:00,1.535090244117726e-05
02-08 18:00,1.535090244117726e-05
02-08 19:00,1.9188628051471574e-05
02-08 20:00,1.9188628051471574e-05
02-08 21:00,2.3026353661765888e-05
02-08 22:00,2.3026353661765888e-05
02-08 23:00,1.9188628051471574e-05
03-08 00:00,1.1513176830882944e-05
03-08 01:00,1.1513176830882944e-05
03-08 02:00,1.1513176830882944e-05
03-08 03:00,7.67545122058863e-06
03-08 04:00,7.67545122058863e-06
03-08 05:00,1.535090244117726e-05
03-08 06:00,3.837725610294315e-05
03-08 07:00,4.6052707323531776e-05
03-08 08:00,3.837725610294315e-05
03-08 09:00,3.070180488235452e-05
03-08 10:00,2.3026353661765888e-05
03-08 11:00,1.9188628051471574e-05
03-08 12:00,1.535090244117726e-05
03-08 13:00,1.535090244117726e-05
03-08 14:00,1.1513176830882944e-05
03-08 15:00,1.1513176830882944e-05
03-08 16:00,1.535090244117726e-05
03-08 17:00,1.535090244117726e-05
03-08 18:00,1.535090244117726e-05
03-08 19:00,1.9188628051471574e-05
03-08 20:00,1.9188628051471574e-05
03-08 21:00,2.3026353661765888e-05
03-08 22:00,2.3026353661765888e-05
03-08 23:00,1.9188628051471574e-05
04-08 00:00,1.535090244117726e-05
04-08 01:00,1.535090244117726e-05
04-08 02:00,1.1513176830882944e-05
04-08 03:00,1.1513176830882944e-05
04-08 04:00,1.1513176830882944e-05
04-08 05:00,1.1513176830882944e-05
04-08 06:00,1.1513176830882944e-05
04-08 07:00,2.3026353661765888e-05
04-08 08:00,4.6052707323531776e-05
04-08 09:00,4.9890432933826096e-05
04-08 10:00,4.6052707323531776e-05
04-08 11:00,4.6052707323531776e-05
04-08 12:00,3.837725610294315e-05
04-08 13:00,3.070180488235452e-05
04-08 14:00,1.9188628051471574e-05
04-08 15:00,1.535090244117726e-05
04-08 16:00,1.9188628051471574e-05
04-08 17:00,1.9188628051471574e-05
04-08 18:00,2.3026353661765888e-05
04-08 19:00,1.9188628051471574e-05
04-08 20:00,1.9188628051471574e-05
04-08 21:00,1.9188628051471574e-05
04-08 22:00,1.9188628051471574e-05
04-08 23:00,1.9188628051471574e-05
05-08 00:00,1.535090244117726e-05
05-08 01:00,1.535090244117726e-05
05-08 02:00,1.1513176830882944e-05
05-08 03:00,1.1513176830882944e-05
05-08 04:00,1.1513176830882944e-05
05-08 05:00,1.1513176830882944e-05
05-08 06:00,1.1513176830882944e-05
05-08 07:00,2.3026353661765888e-05
05-08 08:00,4.221498171323747e-05
05-08 09:00,4.6052707323531776e-05
05-08 10:00,4.6052707323531776e-05
05-08 11:00,4.221498171323747e-05
05-08 12:00,3.4539530492648835e-05
05-08 13:00,2.68640792720602e-05
05-08 14:00,2.3026353661765888e-05
05-08 15:00,1.535090244117726e-05
05-08 16:00,1.9188628051471574e-05
05-08 17:00,1.9188628051471574e-05
05-08 18:00,2.3026353661765888e-05
05-08 19:00,1.9188628051471574e-05
05-08 20:00,1.9188628051471574e-05
05-08 21:00,1.9188628051471574e-05
05-08 22:00,1.9188628051471574e-05
05-08 23:00,1.9188628051471574e-05
06-08 00:00,1.1513176830882944e-05
06-08 01:00,1.1513176830882944e-05
06-08 02:00,7.67545122058863e-06
06-08 03:00,7.67545122058863e-06
06-08 04:00,1.1513176830882944e-05
06-08 05:00,1.535090244117726e-05
06-08 06:00,3.837725610294315e-05
06-08 07:00,4.221498171323747e-05
06-08 08:00,3.837725610294315e-05
06-08 09:00,3.070180488235452e-05
06-08 10:00,2.3026353661765888e-05
06-08 11:00,1.9188628051471574e-05
06-08 12:00,1.535090244117726e-05
06-08 13:00,1.535090244117726e-05
06-08 14:00,1.1513176830882944e-05
06-08 15:00,1.1513176830882944e-05
06-08 16:00,1.535090244117726e-05
06-08 17:00,1.535090244117726e-05
06-08 18:00,1.535090244117726e-05
06-08 19:00,1.9188628051471574e-05
06-08 20:00,1.9188628051471574e-05
06-08 21:00,2.3026353661765888e-05
06-08 22:00,2.3026353661765888e-05
06-08 23:00,1.9188628051471574e-05
07-08 00:00,1.535090244117726e-05
07-08 01:00,1.1513176830882944e-05
07-08 02:00,7.67545122058863e-06
07-08 03:00,7.67545122058863e-06
07-08 04:00,7.67545122058863e-06
07-08 05:00,1.9188628051471574e-05
07-08 06:00,3.837725610294315e-05
07-08 07:00,4.221498171323747e-05
07-08 08:00,3.837725610294315e-05
07-08 09:00,3.070180488235452e-05
07-08 10:00,2.3026353661765888e-05
07-08 11:00,1.9188628051471574e-05
07-08 12:00,1.535090244117726e-05
07-08 13:00,1.535090244117726e-05
07-08 14:00,1.535090244117726e-05
07-08 15:00,1.1513176830882944e-05
07-08 16:00,1.535090244117726e-05
07-08 17:00,1.535090244117726e-05
07-08 18:00,1.535090244117726e-05
07-08 19:00,1.9188628051471574e-05
07-08 20:00,1.9188628051471574e-05
07-08 21:00,1.9188628051471574e-05
07-08 22:00,2.3026353661765888e-05
07-08 23:00,1.9188628051471574e-05
08-08 00:00,1.535090244117726e-05
08-08 01:00,1.1513176830882944e-05
08-08 02:00,1.1513176830882944e-05
08-08 03:00,7.67545122058863e-06
08-08 04:00,1.1513176830882944e-05
08-08 05:00,1.9188628051471574e-05
08-08 06:00,3.837725610294315e-05
08-08 07:00,4.221498171323747e-05
08-08 08:00,3.837725610294315e-05
08-08 09:00,3.070180488235452e-05
08-08 10:00,2.68640792720602e-05
08-08 11:00,1.9188628051471574e-05
08-08 12:00,1.535090244117726e-05
08-08 13:00,1.535090244117726e-05
08-08 14:00,1.1513176830882944e-05
08-08 15:00,1.535090244117726e-05
08-08 16:00,1.535090244117726e-05
08-08 17:00,1.535090244117726e-05
08-08 18:00,1.535090244117726e-05
08-08 19:00,1.9188628051471574e-05
08-08 20:00,2.3026353661765888e-05
08-08 21:00,2.3026353661765888e-05
08-08 22:00,2.3026353661765888e-05
08-08 23:00,1.9188628051471574e-05
09-08 00:00,1.535090244117726e-05
09-08 01:00,1.1513176830882944e-05
09-08 02:00,1.1513176830882944e-05
09-08 03:00,7.67545122058863e-06
09-08 04:00,1.1513176830882944e-05
09-08 05:00,1.9188628051471574e-05
09-08 06:00,4.221498171323747e-05
09-08 07:00,4.221498171323747e-05
09-08 08:00,3.837725610294315e-05
09-08 09:00,3.4539530492648835e-05
09-08 10:00,2.68640792720602e-05
09-08 11:00,1.9188628051471574e-05
09-08 12:00,1.535090244117726e-05
09-08 13:00,1.1513176830882944e-05
09-08 14:00,1.535090244117726e-05
09-08 15:00,1.1513176830882944e-05
09-08 16:00,1.535090244117726e-05
09-08 17:00,1.535090244117726e-05
09-08 18:00,1.9188628051471574e-05
09-08 19:00,1.9188628051471574e-05
09-08 20:00,2.3026353661765888e-05
09-08 21:00,2.3026353661765888e-05
09-08 22:00,2.3026353661765888e-05
09-08 23:00,1.535090244117726e-05
10-08 00:00,1.1513176830882944e-05
10-08 01:00,1.1513176830882944e-05
10-08 02:00,7.67545122058863e-06
10-08 03:00,7.67545122058863e-06
10-08 04:00,1.1513176830882944e-05
10-08 05:00,1.535090244117726e-05
10-08 06:00,3.4539530492648835e-05
10-08 07:00,4.221498171323747e-05
10-08 08:00,3.837725610294315e-05
10-08 09:00,3.070180488235452e-05
10-08 10:00,2.3026353661765888e-05
10-08 11:00,1.9188628051471574e-05
10-08 12:00,1.535090244117726e-05
10-08 13:00,1.535090244117726e-05
10-08 14:00,1.1513176830882944e-05
10-08 15:00,1.1513176830882944e-05
10-08 16:00,1.535090244117726e-05
10-08 17:00,1.535090244117726e-05
10-08 18:00,1.9188628051471574e-05
10-08 19:00,1.9188628051471574e-05
10-08 20:00,1.9188628051471574e-05
10-08 21:00,2.3026353661765888e-05
10-08 22:00,2.3026353661765888e-05
10-08 23:00,1.9188628051471574e-05
11-08 00:00,1.535090244117726e-05
11-08 01:00,1.535090244117726e-05
11-08 02:00,1.1513176830882944e-05
11-08 03:00,1.1513176830882944e-05
11-08 04:00,1.1513176830882944e-05
11-08 05:00,1.1513176830882944e-05
11-08 06:00,1.535090244117726e-05
11-08 07:00,2.3026353661765888e-05
11-08 08:00,4.221498171323747e-05
11-08 09:00,4.6052707323531776e-05
11-08 10:00,4.6052707323531776e-05
11-08 11:00,4.221498171323747e-05
11-08 12:00,3.837725610294315e-05
11-08 13:00,2.68640792720602e-05
11-08 14:00,2.3026353661765888e-05
11-08 15:00,1.9188628051471574e-05
11-08 16:00,1.9188628051471574e-05
11-08 17:00,1.9188628051471574e-05
11-08 18:00,1.9188628051471574e-05
11-08 19:00,2.3026353661765888e-05
11-08 20:00,1.9188628051471574e-05
11-08 21:00,1.9188628051471574e-05
11-08 22:00,1.9188628051471574e-05
11-08 23:00,1.9188628051471574e-05
12-08 00:00,1.535090244117726e-05
12-08 01:00,1.535090244117726e-05
12-08 02:00,1.535090244117726e-05
12-08 03:00,1.1513176830882944e-05
12-08 04:00,1.1513176830882944e-05
12-08 05:00,1.1513176830882944e-05
12-08 06:00,1.535090244117726e-05
12-08 07:00,2.3026353661765888e-05
12-08 08:00,4.6052707323531776e-05
12-08 09:00,4.9890432933826096e-05
12-08 10:00,4.6052707323531776e-05
12-08 11:00,4.221498171323747e-05
12-08 12:00,4.221498171323747e-05
12-08 13:00,3.070180488235452e-05
12-08 14:00,1.9188628051471574e-05
12-08 15:00,1.9188628051471574e-05
12-08 16:00,1.9188628051471574e-05
12-08 17:00,1.9188628051471574e-05
12-08 18:00,1.9188628051471574e-05
12-08 19:00,1.9188628051471574e-05
12-08 20:00,1.9188628051471574e-05
12-08 21:00,1.9188628051471574e-05
12-08 22:00,1.535090244117726e-05
12-08 23:00,1.9188628051471574e-05
13-08 00:00,1.535090244117726e-05
13-08 01:00,1.1513176830882944e-05
13-08 02:00,1.1513176830882944e-05
13-08 03:00,7.67545122058863e-06
13-08 04:00,1.1513176830882944e-05
13-08 05:00,1.9188628051471574e-05
13-08 06:00,4.221498171323747e-05
13-08 07:00,4.6052707323531776e-05
13-08 08:00,3.837725610294315e-05
13-08 09:00,3.070180488235452e-05
13-08 10:00,2.68640792720602e-05
13-08 11:00,1.9188628051471574e-05
13-08 12:00,1.535090244117726e-05
13-08 13:00,1.535090244117726e-05
13-08 14:00,1.1513176830882944e-05
13-08 15:00,1.535090244117726e-05
13-08 16:00,1.535090244117726e-05
13-08 17:00,1.535090244117726e-05
13-08 18:00,1.535090244117726e-05
13-08 19:00,1.9188628051471574e-05
13-08 20:00,1.9188628051471574e-05
13-08 21:00,2.3026353661765888e-05
13-08 22:00,2.3026353661765888e-05
13-08 23:00,1.9188628051471574e-05
14-08 00:00,1.1513176830882944e-05
14-08 01:00,1.1513176830882944e-05
14-08 02:00,1.1513176830882944e-05
14-08 03:00,1.1513176830882944e-05
14-08 04:00,1.1513176830882944e-05
14-08 05:00,1.535090244117726e-05
14-08 06:00,3.837725610294315e-05
14-08 07:00,4.221498171323747e-05
14-08 08:00,3.837725610294315e-05
14-08 09:00,3.070180488235452e-05
14-08 10:00,2.3026353661765888e-05
14-08 11:00,1.9188628051471574e-05
14-08 12:00,1.535090244117726e-05
14-08 13:00,1.535090244117726e-05
14-08 14:00,1.535090244117726e-05
14-08 15:00,1.535090244117726e-05
14-08 16:00,1.535090244117726e-05
14-08 17:00,1.535090244117726e-05
14-08 18:00,1.9188628051471574e-05
14-08 19:00,1.9188628051471574e-05
14-08 20:00,1.9188628051471574e-05
14-08 21:00,2.3026353661765888e-05
14-08 22:00,2.3026353661765888e-05
14-08 23:00,1.9188628051471574e-05
15-08 00:00,1.535090244117726e-05
15-08 01:00,1.1513176830882944e-05
15-08 02:00,7.67545122058863e-06
15-08 03:00,7.67545122058863e-06
15-08 04:00,1.1513176830882944e-05
15-08 05:00,1.535090244117726e-05
15-08 06:00,3.837725610294315e-05
15-08 07:00,4.221498171323747e-05
15-08 08:00,3.837725610294315e-05
15-08 09:00,3.070180488235452e-05
15-08 10:00,2.68640792720602e-05
15-08 11:00,1.9188628051471574e-05
15-08 12:00,1.535090244117726e-05
15-08 13:00,1.535090244117726e-05
15-08 14:00,1.535090244117726e-05
15-08 15:00,1.1513176830882944e-05
15-08 16:00,1.535090244117726e-05
15-08 17:00,1.535090244117726e-05
15-08 18:00,1.535090244117726e-05
15-08 19:00,1.9188628051471574e-05
15-08 20:00,2.3026353661765888e-05
15-08 21:00,2.3026353661765888e-05
15-08 22:00,2.3026353661765888e-05
15-08 23:00,1.9188628051471574e-05
16-08 00:00,1.1513176830882944e-05
16-08 01:00,1.1513176830882944e-05
16-08 02:00,1.1513176830882944e-05
16-08 03:00,7.67545122058863e-06
16-08 04:00,7.67545122058863e-06
16-08 05:00,1.535090244117726e-05
16-08 06:00,3.837725610294315e-05
16-08 07:00,4.221498171323747e-05
16-08 08:00,3.4539530492648835e-05
16-08 09:00,3.4539530492648835e-05
16-08 10:00,2.68640792720602e-05
16-08 11:00,1.9188628051471574e-05
16-08 12:00,1.535090244117726e-05
16-08 13:00,1.535090244117726e-05
16-08 14:00,1.1513176830882944e-05
16-08 15:00,1.535090244117726e-05
16-08 16:00,1.535090244117726e-05
16-08 17:00,1.535090244117726e-05
16-08 18:00,1.535090244117726e-05
16-08 19:00,1.9188628051471574e-05
16-08 20:00,2.3026353661765888e-05
16-08 21:00,2.3026353661765888e-05
16-08 22:00,2.3026353661765888e-05
16-08 23:00,1.9188628051471574e-05
17-08 00:00,1.535090244117726e-05
17-08 01:00,1.1513176830882944e-05
17-08 02:00,7.67545122058863e-06
17-08 03:00,7.67545122058863e-06
17-08 04:00,1.1513176830882944e-05
17-08 05:00,1.535090244117726e-05
17-08 06:00,3.837725610294315e-05
17-08 07:00,4.221498171323747e-05
17-08 08:00,3.837725610294315e-05
17-08 09:00,3.070180488235452e-05
17-08 10:00,2.68640792720602e-05
17-08 11:00,1.9188628051471574e-05
17-08 12:00,1.535090244117726e-05
17-08 13:00,1.1513176830882944e-05
17-08 14:00,1.1513176830882944e-05
17-08 15:00,1.535090244117726e-05
17-08 16:00,1.535090244117726e-05
17-08 17:00,1.535090244117726e-05
17-08 18:00,1.535090244117726e-05
17-08 19:00,1.9188628051471574e-05
17-08 20:00,1.9188628051471574e-05
17-08 21:00,2.3026353661765888e-05
17-08 22:00,2.3026353661765888e-05
17-08 23:00,1.9188628051471574e-05
18-08 00:00,1.535090244117726e-05
18-08 01:00,1.535090244117726e-05
18-08 02:00,1.1513176830882944e-05
18-08 03:00,1.1513176830882944e-05
18-08 04:00,1.1513176830882944e-05
18-08 05:00,1.535090244117726e-05
18-08 06:00,1.535090244117726e-05
18-08 07:00,2.3026353661765888e-05
18-08 08:00,4.6052707323531776e-05
18-08 09:00,4.9890432933826096e-05
18-08 10:00,4.9890432933826096e-05
18-08 11:00,4.6052707323531776e-05
18-08 12:00,3.837725610294315e-05
18-08 13:00,3.070180488235452e-05
18-08 14:00,2.3026353661765888e-05
18-08 15:00,1.9188628051471574e-05
18-08 16:00,1.9188628051471574e-05
18-08 17:00,2.3026353661765888e-05
18-08 18:00,1.9188628051471574e-05
18-08 19:00,2.3026353661765888e-05
18-08 20:00,1.9188628051471574e-05
18-08 21:00,2.3026353661765888e-05
18-08 22:00,1.9188628051471574e-05
18-08 23:00,1.9188628051471574e-05
19-08 00:00,1.535090244117726e-05
19-08 01:00,1.535090244117726e-05
19-08 02:00,1.1513176830882944e-05
19-08 03:00,1.1513176830882944e-05
19-08 04:00,1.1513176830882944e-05
19-08 05:00,1.1513176830882944e-05
19-08 06:00,1.535090244117726e-05
19-08 07:00,2.3026353661765888e-05
19-08 08:00,4.6052707323531776e-05
19-08 09:00,4.6052707323531776e-05
19-08 10:00,4.9890432933826096e-05
19-08 11:00,4.221498171323747e-05
19-08 12:00,3.837725610294315e-05
19-08 13:00,3.070180488235452e-05
19-08 14:00,1.9188628051471574e-05
19-08 15:00,1.9188628051471574e-05
19-08 16:00,1.9188628051471574e-05
19-08 17:00,1.9188628051471574e-05
19-08 18:00,1.9188628051471574e-05
19-08 19:00,1.9188628051471574e-05
19-08 20:00,1.9188628051471574e-05
19-08 21:00,1.9188628051471574e-05
19-08 22:00,1.9188628051471574e-05
19-08 23:00,1.9188628051471574e-05
20-08 00:00,1.1513176830882944e-05
20-08 01:00,1.1513176830882944e-05
20-08 02:00,1.1513176830882944e-05
20-08 03:00,7.67545122058863e-06
20-08 04:00,1.1513176830882944e-05
20-08 05:00,1.535090244117726e-05
20-08 06:00,3.4539530492648835e-05
20-08 07:00,4.221498171323747e-05
20-08 08:00,3.4539530492648835e-05
20-08 09:00,3.070180488235452e-05
20-08 10:00,2.3026353661765888e-05
20-08 11:00,1.9188628051471574e-05
20-08 12:00,1.535090244117726e-05
20-08 13:00,1.535090244117726e-05
20-08 14:00,1.1513176830882944e-05
20-08 15:00,1.535090244117726e-05
20-08 16:00,1.535090244117726e-05
20-08 17:00,1.535090244117726e-05
20-08 18:00,1.535090244117726e-05
20-08 19:00,1.9188628051471574e-05
20-08 20:00,1.9188628051471574e-05
20-08 21:00,2.3026353661765888e-05
20-08 22:00,2.3026353661765888e-05
20-08 23:00,1.535090244117726e-05
21-08 00:00,1.1513176830882944e-05
21-08 01:00,1.1513176830882944e-05
21-08 02:00,7.67545122058863e-06
21-08 03:00,7.67545122058863e-06
21-08 04:00,1.1513176830882944e-05
21-08 05:00,1.535090244117726e-05
21-08 06:00,3.837725610294315e-05
21-08 07:00,4.221498171323747e-05
21-08 08:00,3.837725610294315e-05
21-08 09:00,3.070180488235452e-05
21-08 10:00,2.68640792720602e-05
21-08 11:00,2.3026353661765888e-05
21-08 12:00,1.535090244117726e-05
21-08 13:00,1.1513176830882944e-05
21-08 14:00,1.535090244117726e-05
21-08 15:00,1.1513176830882944e-05
21-08 16:00,1.535090244117726e-05
21-08 17:00,1.535090244117726e-05
21-08 18:00,1.9188628051471574e-05
21-08 19:00,1.9188628051471574e-05
21-08 20:00,1.9188628051471574e-05
21-08 21:00,2.3026353661765888e-05
21-08 22:00,2.3026353661765888e-05
21-08 23:00,1.9188628051471574e-05
22-08 00:00,1.535090244117726e-05
22-08 01:00,1.1513176830882944e-05
22-08 02:00,7.67545122058863e-06
22-08 03:00,7.67545122058863e-06
22-08 04:00,1.1513176830882944e-05
22-08 05:00,1.9188628051471574e-05
22-08 06:00,3.837725610294315e-05
22-08 07:00,4.221498171323747e-05
22-08 08:00,3.4539530492648835e-05
22-08 09:00,3.070180488235452e-05
22-08 10:00,2.68640792720602e-05
22-08 11:00,1.9188628051471574e-05
22-08 12:00,1.535090244117726e-05
22-08 13:00,1.535090244117726e-05
22-08 14:00,1.1513176830882944e-05
22-08 15:00,1.1513176830882944e-05
22-08 16:00,1.535090244117726e-05
22-08 17:00,1.535090244117726e-05
22-08 18:00,1.9188628051471574e-05
22-08 19:00,1.9188628051471574e-05
22-08 20:00,1.9188628051471574e-05
22-08 21:00,2.3026353661765888e-05
22-08 22:00,2.3026353661765888e-05
22-08 23:00,1.9188628051471574e-05
23-08 00:00,1.535090244117726e-05
23-08 01:00,1.1513176830882944e-05
23-08 02:00,1.1513176830882944e-05
23-08 03:00,1.1513176830882944e-05
23-08 04:00,1.1513176830882944e-05
23-08 05:00,1.535090244117726e-05
23-08 06:00,3.837725610294315e-05
23-08 07:00,4.6052707323531776e-05
23-08 08:00,4.221498171323747e-05
23-08 09:00,3.4539530492648835e-05
23-08 10:00,2.3026353661765888e-05
23-08 11:00,1.9188628051471574e-05
23-08 12:00,1.535090244117726e-05
23-08 13:00,1.535090244117726e-05
23-08 14:00,1.1513176830882944e-05
23-08 15:00,1.535090244117726e-05
23-08 16:00,1.535090244117726e-05
23-08 17:00,1.535090244117726e-05
23-08 18:00,1.535090244117726e-05
23-08 19:00,1.9188628051471574e-05
23-08 20:00,2.3026353661765888e-05
23-08 21:00,2.3026353661765888e-05
23-08 22:00,2.3026353661765888e-05
23-08 23:00,1.9188628051471574e-05
24-08 00:00,1.535090244117726e-05
24-08 01:00,1.1513176830882944e-05
24-08 02:00,1.1513176830882944e-05
24-08 03:00,7.67545122058863e-06
24-08 04:00,1.1513176830882944e-05
24-08 05:00,1.9188628051471574e-05
24-08 06:00,3.837725610294315e-05
24-08 07:00,4.221498171323747e-05
24-08 08:00,3.837725610294315e-05
24-08 09:00,3.4539530492648835e-05
24-08 10:00,2.3026353661765888e-05
24-08 11:00,1.9188628051471574e-05
24-08 12:00,1.535090244117726e-05
24-08 13:00,1.535090244117726e-05
24-08 14:00,1.1513176830882944e-05
24-08 15:00,1.535090244117726e-05
24-08 16:00,1.535090244117726e-05
24-08 17:00,1.535090244117726e-05
24-08 18:00,1.9188628051471574e-05
24-08 19:00,1.9188628051471574e-05
24-08 20:00,1.9188628051471574e-05
24-08 21:00,2.3026353661765888e-05
24-08 22:00,2.3026353661765888e-05
24-08 23:00,1.9188628051471574e-05
25-08 00:00,1.535090244117726e-05
25-08 01:00,1.535090244117726e-05
25-08 02:00,1.535090244117726e-05
25-08 03:00,1.1513176830882944e-05
25-08 04:00,1.1513176830882944e-05
25-08 05:00,1.535090244117726e-05
25-08 06:00,1.1513176830882944e-05
25-08 07:00,2.3026353661765888e-05
25-08 08:00,4.6052707323531776e-05
25-08 09:00,4.9890432933826096e-05
25-08 10:00,4.9890432933826096e-05
25-08 11:00,4.6052707323531776e-05
25-08 12:00,3.837725610294315e-05
25-08 13:00,3.070180488235452e-05
25-08 14:00,1.9188628051471574e-05
25-08 15:00,1.9188628051471574e-05
25-08 16:00,1.9188628051471574e-05
25-08 17:00,1.9188628051471574e-05
25-08 18:00,2.3026353661765888e-05
25-08 19:00,2.3026353661765888e-05
25-08 20:00,1.9188628051471574e-05
25-08 21:00,1.9188628051471574e-05
25-08 22:00,1.9188628051471574e-05
25-08 23:00,1.9188628051471574e-05
26-08 00:00,1.535090244117726e-05
26-08 01:00,1.535090244117726e-05
26-08 02:00,1.1513176830882944e-05
26-08 03:00,1.1513176830882944e-05
26-08 04:00,1.1513176830882944e-05
26-08 05:00,1.1513176830882944e-05
26-08 06:00,1.535090244117726e-05
26-08 07:00,2.3026353661765888e-05
26-08 08:00,4.6052707323531776e-05
26-08 09:00,5.37281585441204e-05
26-08 10:00,4.9890432933826096e-05
26-08 11:00,4.221498171323747e-05
26-08 12:00,3.837725610294315e-05
26-08 13:00,3.070180488235452e-05
26-08 14:00,2.3026353661765888e-05
26-08 15:00,1.9188628051471574e-05
26-08 16:00,1.9188628051471574e-05
26-08 17:00,1.9188628051471574e-05
26-08 18:00,2.3026353661765888e-05
26-08 19:00,2.3026353661765888e-05
26-08 20:00,1.9188628051471574e-05
26-08 21:00,1.9188628051471574e-05
26-08 22:00,1.9188628051471574e-05
26-08 23:00,1.9188628051471574e-05
27-08 00:00,1.535090244117726e-05
27-08 01:00,1.1513176830882944e-05
27-08 02:00,7.67545122058863e-06
27-08 03:00,1.1513176830882944e-05
27-08 04:00,1.1513176830882944e-05
27-08 05:00,1.535090244117726e-05
27-08 06:00,3.4539530492648835e-05
27-08 07:00,4.221498171323747e-05
27-08 08:00,3.837725610294315e-05
27-08 09:00,3.070180488235452e-05
27-08 10:00,2.3026353661765888e-05
27-08 11:00,1.9188628051471574e-05
27-08 12:00,1.535090244117726e-05
27-08 13:00,1.1513176830882944e-05
27-08 14:00,1.1513176830882944e-05
27-08 15:00,1.1513176830882944e-05
27-08 16:00,1.535090244117726e-05
27-08 17:00,1.535090244117726e-05
27-08 18:00,1.9188628051471574e-05
27-08 19:00,1.9188628051471574e-05
27-08 20:00,2.3026353661765888e-05
27-08 21:00,2.3026353661765888e-05
27-08 22:00,2.3026353661765888e-05
27-08 23:00,1.9188628051471574e-05
28-08 00:00,1.1513176830882944e-05
28-08 01:00,1.1513176830882944e-05
28-08 02:00,1.1513176830882944e-05
28-08 03:00,7.67545122058863e-06
28-08 04:00,1.1513176830882944e-05
28-08 05:00,1.9188628051471574e-05
28-08 06:00,4.221498171323747e-05
28-08 07:00,4.221498171323747e-05
28-08 08:00,3.837725610294315e-05
28-08 09:00,3.4539530492648835e-05
28-08 10:00,2.68640792720602e-05
28-08 11:00,1.9188628051471574e-05
28-08 12:00,1.535090244117726e-05
28-08 13:00,1.535090244117726e-05
28-08 14:00,1.535090244117726e-05
28-08 15:00,1.535090244117726e-05
28-08 16:00,1.535090244117726e-05
28-08 17:00,1.535090244117726e-05
28-08 18:00,1.535090244117726e-05
28-08 19:00,1.9188628051471574e-05
28-08 20:00,2.3026353661765888e-05
28-08 21:00,2.3026353661765888e-05
28-08 22:00,2.3026353661765888e-05
28-08 23:00,1.9188628051471574e-05
29-08 00:00,1.535090244117726e-05
29-08 01:00,1.1513176830882944e-05
29-08 02:00,7.67545122058863e-06
29-08 03:00,1.1513176830882944e-05
29-08 04:00,1.1513176830882944e-05
29-08 05:00,1.535090244117726e-05
29-08 06:00,3.837725610294315e-05
29-08 07:00,4.221498171323747e-05
29-08 08:00,4.221498171323747e-05
29-08 09:00,3.070180488235452e-05
29-08 10:00,2.3026353661765888e-05
29-08 11:00,2.3026353661765888e-05
29-08 12:00,1.535090244117726e-05
29-08 13:00,1.535090244117726e-05
29-08 14:00,1.535090244117726e-05
29-08 15:00,1.1513176830882944e-05
29-08 16:00,1.535090244117726e-05
29-08 17:00,1.535090244117726e-05
29-08 18:00,1.535090244117726e-05
29-08 19:00,1.9188628051471574e-05
29-08 20:00,1.9188628051471574e-05
29-08 21:00,2.3026353661765888e-05
29-08 22:00,2.3026353661765888e-05
29-08 23:00,1.9188628051471574e-05
30-08 00:00,1.535090244117726e-05
30-08 01:00,1.1513176830882944e-05
30-08 02:00,1.1513176830882944e-05
30-08 03:00,7.67545122058863e-06
30-08 04:00,7.67545122058863e-06
30-08 05:00,1.535090244117726e-05
30-08 06:00,3.837725610294315e-05
30-08 07:00,4.6052707323531776e-05
30-08 08:00,3.837725610294315e-05
30-08 09:00,3.070180488235452e-05
30-08 10:00,2.68640792720602e-05
30-08 11:00,1.9188628051471574e-05
30-08 12:00,1.535090244117726e-05
30-08 13:00,1.1513176830882944e-05
30-08 14:00,1.535090244117726e-05
30-08 15:00,1.535090244117726e-05
30-08 16:00,1.535090244117726e-05
30-08 17:00,1.535090244117726e-05
30-08 18:00,1.535090244117726e-05
30-08 19:00,1.9188628051471574e-05
30-08 20:00,2.3026353661765888e-05
30-08 21:00,2.3026353661765888e-05
30-08 22:00,2.3026353661765888e-05
30-08 23:00,1.9188628051471574e-05
31-08 00:00,1.535090244117726e-05
31-08 01:00,1.1513176830882944e-05
31-08 02:00,1.1513176830882944e-05
31-08 03:00,7.67545122058863e-06
31-08 04:00,7.67545122058863e-06
31-08 05:00,1.535090244117726e-05
31-08 06:00,3.4539530492648835e-05
31-08 07:00,4.6052707323531776e-05
31-08 08:00,3.837725610294315e-05
31-08 09:00,3.070180488235452e-05
31-08 10:00,2.68640792720602e-05
31-08 11:00,1.9188628051471574e-05
31-08 12:00,1.535090244117726e-05
31-08 13:00,1.1513176830882944e-05
31-08 14:00,1.535090244117726e-05
31-08 15:00,1.535090244117726e-05
31-08 16:00,1.535090244117726e-05
31-08 17:00,1.535090244117726e-05
31-08 18:00,1.535090244117726e-05
31-08 19:00,1.9188628051471574e-05
31-08 20:00,2.3026353661765888e-05
31-08 21:00,1.9188628051471574e-05
31-08 22:00,2.3026353661765888e-05
31-08 23:00,1.9188628051471574e-05
01-09 00:00,1.535090244117726e-05
01-09 01:00,1.535090244117726e-05
01-09 02:00,1.1513176830882944e-05
01-09 03:00,1.1513176830882944e-05
01-09 04:00,1.1513176830882944e-05
01-09 05:00,1.1513176830882944e-05
01-09 06:00,1.535090244117726e-05
01-09 07:00,2.3026353661765888e-05
01-09 08:00,4.6052707323531776e-05
01-09 09:00,4.9890432933826096e-05
01-09 10:00,4.6052707323531776e-05
01-09 11:00,4.6052707323531776e-05
01-09 12:00,3.837725610294315e-05
01-09 13:00,3.4539530492648835e-05
01-09 14:00,2.3026353661765888e-05
01-09 15:00,1.9188628051471574e-05
01-09 16:00,1.9188628051471574e-05
01-09 17:00,1.9188628051471574e-05
01-09 18:00,2.3026353661765888e-05
01-09 19:00,2.3026353661765888e-05
01-09 20:00,1.9188628051471574e-05
01-09 21:00,1.9188628051471574e-05
01-09 22:00,1.9188628051471574e-05
01-09 23:00,1.9188628051471574e-05
02-09 00:00,1.535090244117726e-05
02-09 01:00,1.535090244117726e-05
02-09 02:00,1.1513176830882944e-05
02-09 03:00,1.535090244117726e-05
02-09 04:00,1.535090244117726e-05
02-09 05:00,1.1513176830882944e-05
02-09 06:00,1.535090244117726e-05
02-09 07:00,2.3026353661765888e-05
02-09 08:00,4.6052707323531776e-05
02-09 09:00,4.9890432933826096e-05
02-09 10:00,4.9890432933826096e-05
02-09 11:00,4.6052707323531776e-05
02-09 12:00,3.837725610294315e-05
02-09 13:00,3.070180488235452e-05
02-09 14:00,2.3026353661765888e-05
02-09 15:00,1.9188628051471574e-05
02-09 16:00,1.9188628051471574e-05
02-09 17:00,1.9188628051471574e-05
02-09 18:00,2.3026353661765888e-05
02-09 19:00,2.3026353661765888e-05
02-09 20:00,1.9188628051471574e-05
02-09 21:00,1.9188628051471574e-05
02-09 22:00,1.9188628051471574e-05
02-09 23:00,1.9188628051471574e-05
03-09 00:00,1.535090244117726e-05
03-09 01:00,1.1513176830882944e-05
03-09 02:00,1.1513176830882944e-05
03-09 03:00,1.1513176830882944e-05
03-09 04:00,1.1513176830882944e-05
03-09 05:00,1.9188628051471574e-05
03-09 06:00,3.837725610294315e-05
03-09 07:00,4.221498171323747e-05
03-09 08:00,4.221498171323747e-05
03-09 09:00,3.070180488235452e-05
03-09 10:00,2.3026353661765888e-05
03-09 11:00,1.9188628051471574e-05
03-09 12:00,1.535090244117726e-05
03-09 13:00,1.1513176830882944e-05
03-09 14:00,1.535090244117726e-05
03-09 15:00,1.535090244117726e-05
03-09 16:00,1.535090244117726e-05
03-09 17:00,1.535090244117726e-05
03-09 18:00,1.535090244117726e-05
03-09 19:00,1.9188628051471574e-05
03-09 20:00,1.9188628051471574e-05
03-09 21:00,2.3026353661765888e-05
03-09 22:00,2.3026353661765888e-05
03-09 23:00,1.9188628051471574e-05
04-09 00:00,1.535090244117726e-05
04-09 01:00,1.1513176830882944e-05
04-09 02:00,1.1513176830882944e-05
04-09 03:00,7.67545122058863e-06
04-09 04:00,7.67545122058863e-06
04-09 05:00,1.535090244117726e-05
04-09 06:00,3.837725610294315e-05
04-09 07:00,4.6052707323531776e-05
04-09 08:00,4.221498171323747e-05
04-09 09:00,3.4539530492648835e-05
04-09 10:00,2.68640792720602e-05
04-09 11:00,1.9188628051471574e-05
04-09 12:00,1.535090244117726e-05
04-09 13:00,1.535090244117726e-05
04-09 14:00,1.535090244117726e-05
04-09 15:00,1.535090244117726e-05
04-09 16:00,1.535090244117726e-05
04-09 17:00,1.535090244117726e-05
04-09 18:00,1.535090244117726e-05
04-09 19:00,1.9188628051471574e-05
04-09 20:00,2.3026353661765888e-05
04-09 21:00,2.3026353661765888e-05
04-09 22:00,2.3026353661765888e-05
04-09 23:00,1.9188628051471574e-05
05-09 00:00,1.535090244117726e-05
05-09 01:00,1.1513176830882944e-05
05-09 02:00,7.67545122058863e-06
05-09 03:00,7.67545122058863e-06
05-09 04:00,1.1513176830882944e-05
05-09 05:00,1.9188628051471574e-05
05-09 06:00,3.837725610294315e-05
05-09 07:00,4.221498171323747e-05
05-09 08:00,4.221498171323747e-05
05-09 09:00,3.4539530492648835e-05
05-09 10:00,2.68640792720602e-05
05-09 11:00,1.9188628051471574e-05
05-09 12:00,1.535090244117726e-05
05-09 13:00,1.535090244117726e-05
05-09 14:00,1.1513176830882944e-05
05-09 15:00,1.535090244117726e-05
05-09 16:00,1.535090244117726e-05
05-09 17:00,1.535090244117726e-05
05-09 18:00,1.535090244117726e-05
05-09 19:00,1.9188628051471574e-05
05-09 20:00,2.3026353661765888e-05
05-09 21:00,2.3026353661765888e-05
05-09 22:00,2.3026353661765888e-05
05-09 23:00,1.9188628051471574e-05
06-09 00:00,1.535090244117726e-05
06-09 01:00,1.1513176830882944e-05
06-09 02:00,1.1513176830882944e-05
06-09 03:00,1.1513176830882944e-05
06-09 04:00,1.1513176830882944e-05
06-09 05:00,1.535090244117726e-05
06-09 06:00,3.837725610294315e-05
06-09 07:00,4.221498171323747e-05
06-09 08:00,4.221498171323747e-05
06-09 09:00,3.070180488235452e-05
06-09 10:00,2.68640792720602e-05
06-09 11:00,1.9188628051471574e-05
06-09 12:00,1.535090244117726e-05
06-09 13:00,1.535090244117726e-05
06-09 14:00,1.535090244117726e-05
06-09 15:00,1.535090244117726e-05
06-09 16:00,1.535090244117726e-05
06-09 17:00,1.535090244117726e-05
06-09 18:00,1.535090244117726e-05
06-09 19:00,1.9188628051471574e-05
06-09 20:00,1.9188628051471574e-05
06-09 21:00,2.3026353661765888e-05
06-09 22:00,2.3026353661765888e-05
06-09 23:00,1.9188628051471574e-05
07-09 00:00,1.535090244117726e-05
07-09 01:00,1.1513176830882944e-05
07-09 02:00,1.1513176830882944e-05
07-09 03:00,1.1513176830882944e-05
07-09 04:00,1.1513176830882944e-05
07-09 05:00,1.9188628051471574e-05
07-09 06:00,3.837725610294315e-05
07-09 07:00,4.221498171323747e-05
07-09 08:00,3.837725610294315e-05
07-09 09:00,3.070180488235452e-05
07-09 10:00,2.3026353661765888e-05
07-09 11:00,2.3026353661765888e-05
07-09 12:00,1.535090244117726e-05
07-09 13:00,1.535090244117726e-05
07-09 14:00,1.535090244117726e-05
07-09 15:00,1.535090244117726e-05
07-09 16:00,1.535090244117726e-05
07-09 17:00,1.535090244117726e-05
07-09 18:00,1.535090244117726e-05
07-09 19:00,1.9188628051471574e-05
07-09 20:00,2.3026353661765888e-05
07-09 21:00,2.3026353661765888e-05
07-09 22:00,2.3026353661765888e-05
07-09 23:00,1.9188628051471574e-05
08-09 00:00,1.535090244117726e-05
08-09 01:00,1.535090244117726e-05
08-09 02:00,1.1513176830882944e-05
08-09 03:00,1.535090244117726e-05
08-09 04:00,1.1513176830882944e-05
08-09 05:00,1.535090244117726e-05
08-09 06:00,1.1513176830882944e-05
08-09 07:00,2.3026353661765888e-05
08-09 08:00,4.6052707323531776e-05
08-09 09:00,4.9890432933826096e-05
08-09 10:00,4.6052707323531776e-05
08-09 11:00,4.6052707323531776e-05
08-09 12:00,3.837725610294315e-05
08-09 13:00,3.070180488235452e-05
08-09 14:00,2.3026353661765888e-05
08-09 15:00,1.9188628051471574e-05
08-09 16:00,1.9188628051471574e-05
08-09 17:00,1.9188628051471574e-05
08-09 18:00,2.3026353661765888e-05
08-09 19:00,2.3026353661765888e-05
08-09 20:00,1.9188628051471574e-05
08-09 21:00,1.9188628051471574e-05
08-09 22:00,1.9188628051471574e-05
08-09 23:00,1.9188628051471574e-05
09-09 00:00,1.535090244117726e-05
09-09 01:00,1.535090244117726e-05
09-09 02:00,1.1513176830882944e-05
09-09 03:00,1.1513176830882944e-05
09-09 04:00,1.1513176830882944e-05
09-09 05:00,1.535090244117726e-05
09-09 06:00,1.535090244117726e-05
09-09 07:00,2.3026353661765888e-05
09-09 08:00,4.9890432933826096e-05
09-09 09:00,4.9890432933826096e-05
09-09 10:00,5.37281585441204e-05
09-09 11:00,4.6052707323531776e-05
09-09 12:00,3.837725610294315e-05
09-09 13:00,3.4539530492648835e-05
09-09 14:00,2.3026353661765888e-05
09-09 15:00,1.535090244117726e-05
09-09 16:00,1.9188628051471574e-05
09-09 17:00,2.3026353661765888e-05
09-09 18:00,2.3026353661765888e-05
09-09 19:00,2.3026353661765888e-05
09-09 20:00,1.9188628051471574e-05
09-09 21:00,1.9188628051471574e-05
09-09 22:00,1.9188628051471574e-05
09-09 23:00,1.9188628051471574e-05
10-09 00:00,1.535090244117726e-05
10-09 01:00,1.1513176830882944e-05
10-09 02:00,1.1513176830882944e-05
10-09 03:00,7.67545122058863e-06
10-09 04:00,1.1513176830882944e-05
10-09 05:00,1.9188628051471574e-05
10-09 06:00,4.221498171323747e-05
10-09 07:00,4.221498171323747e-05
10-09 08:00,4.221498171323747e-05
10-09 09:00,3.4539530492648835e-05
10-09 10:00,2.68640792720602e-05
10-09 11:00,1.9188628051471574e-05
10-09 12:00,1.535090244117726e-05
10-09 13:00,1.535090244117726e-05
10-09 14:00,1.535090244117726e-05
10-09 15:00,1.535090244117726e-05
10-09 16:00,1.535090244117726e-05
10-09 17:00,1.535090244117726e-05
10-09 18:00,1.9188628051471574e-05
10-09 19:00,1.9188628051471574e-05
10-09 20:00,2.3026353661765888e-05
10-09 21:00,2.3026353661765888e-05
10-09 22:00,2.3026353661765888e-05
10-09 23:00,1.9188628051471574e-05
11-09 00:00,1.535090244117726e-05
11-09 01:00,1.1513176830882944e-05
11-09 02:00,1.1513176830882944e-05
11-09 03:00,1.1513176830882944e-05
11-09 04:00,1.1513176830882944e-05
11-09 05:00,1.9188628051471574e-05
11-09 06:00,4.221498171323747e-05
11-09 07:00,4.221498171323747e-05
11-09 08:00,4.221498171323747e-05
11-09 09:00,3.4539530492648835e-05
11-09 10:00,2.68640792720602e-05
11-09 11:00,1.9188628051471574e-05
11-09 12:00,1.535090244117726e-05
11-09 13:00,1.535090244117726e-05
11-09 14:00,1.535090244117726e-05
11-09 15:00,1.535090244117726e-05
11-09 16:00,1.535090244117726e-05
11-09 17:00,1.535090244117726e-05
11-09 18:00,1.9188628051471574e-05
11-09 19:00,1.9188628051471574e-05
11-09 20:00,2.3026353661765888e-05
11-09 21:00,2.3026353661765888e-05
11-09 22:00,2.3026353661765888e-05
11-09 23:00,1.535090244117726e-05
12-09 00:00,1.535090244117726e-05
12-09 01:00,1.1513176830882944e-05
12-09 02:00,1.1513176830882944e-05
12-09 03:00,7.67545122058863e-06
12-09 04:00,1.1513176830882944e-05
12-09 05:00,1.9188628051471574e-05
12-09 06:00,3.837725610294315e-05
12-09 07:00,4.6052707323531776e-05
12-09 08:00,3.837725610294315e-05
12-09 09:00,3.4539530492648835e-05
12-09 10:00,2.68640792720602e-05
12-09 11:00,1.9188628051471574e-05
12-09 12:00,1.535090244117726e-05
12-09 13:00,1.535090244117726e-05
12-09 14:00,1.535090244117726e-05
12-09 15:00,1.535090244117726e-05
12-09 16:00,1.535090244117726e-05
12-09 17:00,1.9188628051471574e-05
12-09 18:00,1.9188628051471574e-05
12-09 19:00,1.9188628051471574e-05
12-09 20:00,2.3026353661765888e-05
12-09 21:00,2.3026353661765888e-05
12-09 22:00,2.3026353661765888e-05
12-09 23:00,1.9188628051471574e-05
13-09 00:00,1.535090244117726e-05
13-09 01:00,1.1513176830882944e-05
13-09 02:00,1.1513176830882944e-05
13-09 03:00,1.1513176830882944e-05
13-09 04:00,1.1513176830882944e-05
13-09 05:00,1.9188628051471574e-05
13-09 06:00,3.837725610294315e-05
13-09 07:00,4.6052707323531776e-05
13-09 08:00,3.837725610294315e-05
13-09 09:00,3.4539530492648835e-05
13-09 10:00,2.68640792720602e-05
13-09 11:00,1.9188628051471574e-05
13-09 12:00,1.535090244117726e-05
13-09 13:00,1.535090244117726e-05
13-09 14:00,1.535090244117726e-05
13-09 15:00,1.535090244117726e-05
13-09 16:00,1.535090244117726e-05
13-09 17:00,1.535090244117726e-05
13-09 18:00,1.9188628051471574e-05
13-09 19:00,1.9188628051471574e-05
13-09 20:00,2.3026353661765888e-05
13-09 21:00,2.3026353661765888e-05
13-09 22:00,2.3026353661765888e-05
13-09 23:00,1.9188628051471574e-05
14-09 00:00,1.535090244117726e-05
14-09 01:00,1.1513176830882944e-05
14-09 02:00,1.1513176830882944e-05
14-09 03:00,1.1513176830882944e-05
14-09 04:00,1.1513176830882944e-05
14-09 05:00,1.9188628051471574e-05
14-09 06:00,4.221498171323747e-05
14-09 07:00,4.6052707323531776e-05
14-09 08:00,3.837725610294315e-05
14-09 09:00,3.4539530492648835e-05
14-09 10:00,2.68640792720602e-05
14-09 11:00,1.9188628051471574e-05
14-09 12:00,1.535090244117726e-05
14-09 13:00,1.535090244117726e-05
14-09 14:00,1.1513176830882944e-05
14-09 15:00,1.535090244117726e-05
14-09 16:00,1.535090244117726e-05
14-09 17:00,1.535090244117726e-05
14-09 18:00,1.9188628051471574e-05
14-09 19:00,1.9188628051471574e-05
14-09 20:00,2.3026353661765888e-05
14-09 21:00,2.3026353661765888e-05
14-09 22:00,2.3026353661765888e-05
14-09 23:00,1.9188628051471574e-05
15-09 00:00,1.535090244117726e-05
15-09 01:00,1.535090244117726e-05
15-09 02:00,1.535090244117726e-05
15-09 03:00,1.1513176830882944e-05
15-09 04:00,1.1513176830882944e-05
15-09 05:00,1.535090244117726e-05
15-09 06:00,1.535090244117726e-05
15-09 07:00,2.3026353661765888e-05
15-09 08:00,4.6052707323531776e-05
15-09 09:00,5.37281585441204e-05
15-09 10:00,4.9890432933826096e-05
15-09 11:00,4.6052707323531776e-05
15-09 12:00,3.837725610294315e-05
15-09 13:00,3.070180488235452e-05
15-09 14:00,1.9188628051471574e-05
15-09 15:00,1.9188628051471574e-05
15-09 16:00,1.9188628051471574e-05
15-09 17:00,1.9188628051471574e-05
15-09 18:00,2.3026353661765888e-05
15-09 19:00,2.3026353661765888e-05
15-09 20:00,1.9188628051471574e-05
15-09 21:00,1.9188628051471574e-05
15-09 22:00,1.9188628051471574e-05
15-09 23:00,1.9188628051471574e-05
16-09 00:00,1.535090244117726e-05
16-09 01:00,1.535090244117726e-05
16-09 02:00,1.535090244117726e-05
16-09 03:00,1.535090244117726e-05
16-09 04:00,1.1513176830882944e-05
16-09 05:00,1.535090244117726e-05
16-09 06:00,1.1513176830882944e-05
16-09 07:00,2.3026353661765888e-05
16-09 08:00,4.6052707323531776e-05
16-09 09:00,5.37281585441204e-05
16-09 10:00,5.37281585441204e-05
16-09 11:00,3.837725610294315e-05
16-09 12:00,4.221498171323747e-05
16-09 13:00,3.070180488235452e-05
16-09 14:00,2.3026353661765888e-05
16-09 15:00,1.9188628051471574e-05
16-09 16:00,1.9188628051471574e-05
16-09 17:00,1.9188628051471574e-05
16-09 18:00,2.3026353661765888e-05
16-09 19:00,1.9188628051471574e-05
16-09 20:00,1.9188628051471574e-05
16-09 21:00,1.9188628051471574e-05
16-09 22:00,2.3026353661765888e-05
16-09 23:00,1.9188628051471574e-05
17-09 00:00,1.535090244117726e-05
17-09 01:00,1.1513176830882944e-05
17-09 02:00,1.1513176830882944e-05
17-09 03:00,7.67545122058863e-06
17-09 04:00,1.1513176830882944e-05
17-09 05:00,1.9188628051471574e-05
17-09 06:00,4.221498171323747e-05
17-09 07:00,4.6052707323531776e-05
17-09 08:00,3.837725610294315e-05
17-09 09:00,3.070180488235452e-05
17-09 10:00,2.68640792720602e-05
17-09 11:00,2.3026353661765888e-05
17-09 12:00,1.535090244117726e-05
17-09 13:00,1.535090244117726e-05
17-09 14:00,1.535090244117726e-05
17-09 15:00,1.535090244117726e-05
17-09 16:00,1.535090244117726e-05
17-09 17:00,1.9188628051471574e-05
17-09 18:00,1.9188628051471574e-05
17-09 19:00,1.9188628051471574e-05
17-09 20:00,1.9188628051471574e-05
17-09 21:00,2.3026353661765888e-05
17-09 22:00,2.3026353661765888e-05
17-09 23:00,1.9188628051471574e-05
18-09 00:00,1.535090244117726e-05
18-09 01:00,1.1513176830882944e-05
18-09 02:00,1.1513176830882944e-05
18-09 03:00,7.67545122058863e-06
18-09 04:00,1.1513176830882944e-05
18-09 05:00,1.535090244117726e-05
18-09 06:00,3.837725610294315e-05
18-09 07:00,4.6052707323531776e-05
18-09 08:00,3.837725610294315e-05
18-09 09:00,3.070180488235452e-05
18-09 10:00,2.68640792720602e-05
18-09 11:00,1.9188628051471574e-05
18-09 12:00,1.535090244117726e-05
18-09 13:00,1.1513176830882944e-05
18-09 14:00,1.1513176830882944e-05
18-09 15:00,1.535090244117726e-05
18-09 16:00,1.535090244117726e-05
18-09 17:00,1.535090244117726e-05
18-09 18:00,1.535090244117726e-05
18-09 19:00,1.9188628051471574e-05
18-09 20:00,2.3026353661765888e-05
18-09 21:00,2.3026353661765888e-05
18-09 22:00,2.3026353661765888e-05
18-09 23:00,1.9188628051471574e-05
19-09 00:00,1.535090244117726e-05
19-09 01:00,1.1513176830882944e-05
19-09 02:00,1.1513176830882944e-05
19-09 03:00,7.67545122058863e-06
19-09 04:00,1.1513176830882944e-05
19-09 05:00,1.9188628051471574e-05
19-09 06:00,4.221498171323747e-05
19-09 07:00,4.221498171323747e-05
19-09 08:00,3.837725610294315e-05
19-09 09:00,3.4539530492648835e-05
19-09 10:00,2.68640792720602e-05
19-09 11:00,1.9188628051471574e-05
19-09 12:00,1.535090244117726e-05
19-09 13:00,1.535090244117726e-05
19-09 14:00,1.1513176830882944e-05
19-09 15:00,1.535090244117726e-05
19-09 16:00,1.535090244117726e-05
19-09 17:00,1.535090244117726e-05
19-09 18:00,1.535090244117726e-05
19-09 19:00,1.9188628051471574e-05
19-09 20:00,2.3026353661765888e-05
19-09 21:00,2.3026353661765888e-05
19-09 22:00,2.3026353661765888e-05
19-09 23:00,1.9188628051471574e-05
20-09 00:00,1.535090244117726e-05
20-09 01:00,1.1513176830882944e-05
20-09 02:00,1.1513176830882944e-05
20-09 03:00,1.1513176830882944e-05
20-09 04:00,1.1513176830882944e-05
20-09 05:00,1.535090244117726e-05
20-09 06:00,4.221498171323747e-05
20-09 07:00,4.6052707323531776e-05
20-09 08:00,4.221498171323747e-05
20-09 09:00,3.4539530492648835e-05
20-09 10:00,2.68640792720602e-05
20-09 11:00,1.9188628051471574e-05
20-09 12:00,1.535090244117726e-05
20-09 13:00,1.535090244117726e-05
20-09 14:00,1.535090244117726e-05
20-09 15:00,1.535090244117726e-05
20-09 16:00,1.535090244117726e-05
20-09 17:00,1.535090244117726e-05
20-09 18:00,1.9188628051471574e-05
20-09 19:00,1.9188628051471574e-05
20-09 20:00,2.3026353661765888e-05
20-09 21:00,2.3026353661765888e-05
20-09 22:00,2.3026353661765888e-05
20-09 23:00,1.9188628051471574e-05
21-09 00:00,1.535090244117726e-05
21-09 01:00,1.1513176830882944e-05
21-09 02:00,1.1513176830882944e-05
21-09 03:00,1.1513176830882944e-05
21-09 04:00,1.1513176830882944e-05
21-09 05:00,1.9188628051471574e-05
21-09 06:00,4.221498171323747e-05
21-09 07:00,4.6052707323531776e-05
21-09 08:00,4.221498171323747e-05
21-09 09:00,3.4539530492648835e-05
21-09 10:00,2.68640792720602e-05
21-09 11:00,1.9188628051471574e-05
21-09 12:00,1.535090244117726e-05
21-09 13:00,1.535090244117726e-05
21-09 14:00,1.535090244117726e-05
21-09 15:00,1.535090244117726e-05
21-09 16:00,1.535090244117726e-05
21-09 17:00,1.535090244117726e-05
21-09 18:00,1.9188628051471574e-05
21-09 19:00,1.9188628051471574e-05
21-09 20:00,2.3026353661765888e-05
21-09 21:00,2.3026353661765888e-05
21-09 22:00,2.3026353661765888e-05
21-09 23:00,1.9188628051471574e-05
22-09 00:00,1.535090244117726e-05
22-09 01:00,1.535090244117726e-05
22-09 02:00,1.535090244117726e-05
22-09 03:00,1.1513176830882944e-05
22-09 04:00,1.1513176830882944e-05
22-09 05:00,1.535090244117726e-05
22-09 06:00,1.535090244117726e-05
22-09 07:00,2.3026353661765888e-05
22-09 08:00,4.6052707323531776e-05
22-09 09:00,5.37281585441204e-05
22-09 10:00,4.9890432933826096e-05
22-09 11:00,4.6052707323531776e-05
22-09 12:00,4.221498171323747e-05
22-09 13:00,3.070180488235452e-05
22-09 14:00,2.3026353661765888e-05
22-09 15:00,1.9188628051471574e-05
22-09 16:00,1.9188628051471574e-05
22-09 17:00,2.3026353661765888e-05
22-09 18:00,2.3026353661765888e-05
22-09 19:00,1.9188628051471574e-05
22-09 20:00,1.9188628051471574e-05
22-09 21:00,1.9188628051471574e-05
22-09 22:00,1.9188628051471574e-05
22-09 23:00,1.9188628051471574e-05
23-09 00:00,1.535090244117726e-05
23-09 01:00,1.535090244117726e-05
23-09 02:00,1.535090244117726e-05
23-09 03:00,1.1513176830882944e-05
23-09 04:00,1.1513176830882944e-05
23-09 05:00,1.1513176830882944e-05
23-09 06:00,1.535090244117726e-05
23-09 07:00,2.68640792720602e-05
23-09 08:00,4.9890432933826096e-05
23-09 09:00,5.37281585441204e-05
23-09 10:00,5.37281585441204e-05
23-09 11:00,4.6052707323531776e-05
23-09 12:00,4.221498171323747e-05
23-09 13:00,3.4539530492648835e-05
23-09 14:00,2.3026353661765888e-05
23-09 15:00,1.9188628051471574e-05
23-09 16:00,1.9188628051471574e-05
23-09 17:00,2.3026353661765888e-05
23-09 18:00,2.3026353661765888e-05
23-09 19:00,2.3026353661765888e-05
23-09 20:00,1.9188628051471574e-05
23-09 21:00,1.9188628051471574e-05
23-09 22:00,2.3026353661765888e-05
23-09 23:00,1.9188628051471574e-05
24-09 00:00,1.535090244117726e-05
24-09 01:00,1.1513176830882944e-05
24-09 02:00,7.67545122058863e-06
24-09 03:00,1.1513176830882944e-05
24-09 04:00,1.1513176830882944e-05
24-09 05:00,1.9188628051471574e-05
24-09 06:00,3.837725610294315e-05
24-09 07:00,4.9890432933826096e-05
24-09 08:00,3.837725610294315e-05
24-09 09:00,3.4539530492648835e-05
24-09 10:00,2.68640792720602e-05
24-09 11:00,1.9188628051471574e-05
24-09 12:00,1.535090244117726e-05
24-09 13:00,1.535090244117726e-05
24-09 14:00,1.535090244117726e-05
24-09 15:00,1.535090244117726e-05
24-09 16:00,1.535090244117726e-05
24-09 17:00,1.535090244117726e-05
24-09 18:00,1.9188628051471574e-05
24-09 19:00,1.9188628051471574e-05
24-09 20:00,2.3026353661765888e-05
24-09 21:00,2.3026353661765888e-05
24-09 22:00,2.68640792720602e-05
24-09 23:00,1.535090244117726e-05
25-09 00:00,1.535090244117726e-05
25-09 01:00,1.1513176830882944e-05
25-09 02:00,1.1513176830882944e-05
25-09 03:00,1.1513176830882944e-05
25-09 04:00,1.1513176830882944e-05
25-09 05:00,1.9188628051471574e-05
25-09 06:00,4.221498171323747e-05
25-09 07:00,4.6052707323531776e-05
25-09 08:00,4.221498171323747e-05
25-09 09:00,3.4539530492648835e-05
25-09 10:00,2.68640792720602e-05
25-09 11:00,2.3026353661765888e-05
25-09 12:00,1.535090244117726e-05
25-09 13:00,1.535090244117726e-05
25-09 14:00,1.535090244117726e-05
25-09 15:00,1.535090244117726e-05
25-09 16:00,1.535090244117726e-05
25-09 17:00,1.9188628051471574e-05
25-09 18:00,1.9188628051471574e-05
25-09 19:00,1.9188628051471574e-05
25-09 20:00,2.3026353661765888e-05
25-09 21:00,2.3026353661765888e-05
25-09 22:00,2.3026353661765888e-05
25-09 23:00,1.9188628051471574e-05
26-09 00:00,1.535090244117726e-05
26-09 01:00,1.1513176830882944e-05
26-09 02:00,7.67545122058863e-06
26-09 03:00,1.1513176830882944e-05
26-09 04:00,1.1513176830882944e-05
26-09 05:00,1.9188628051471574e-05
26-09 06:00,4.221498171323747e-05
26-09 07:00,4.6052707323531776e-05
26-09 08:00,3.837725610294315e-05
26-09 09:00,3.4539530492648835e-05
26-09 10:00,2.3026353661765888e-05
26-09 11:00,2.3026353661765888e-05
26-09 12:00,1.535090244117726e-05
26-09 13:00,1.535090244117726e-05
26-09 14:00,1.535090244117726e-05
26-09 15:00,1.535090244117726e-05
26-09 16:00,1.535090244117726e-05
26-09 17:00,1.535090244117726e-05
26-09 18:00,1.9188628051471574e-05
26-09 19:00,1.9188628051471574e-05
26-09 20:00,2.3026353661765888e-05
26-09 21:00,2.3026353661765888e-05
26-09 22:00,2.3026353661765888e-05
26-09 23:00,1.9188628051471574e-05
27-09 00:00,1.535090244117726e-05
27-09 01:00,1.1513176830882944e-05
27-09 02:00,1.1513176830882944e-05
27-09 03:00,1.1513176830882944e-05
27-09 04:00,1.1513176830882944e-05
27-09 05:00,1.9188628051471574e-05
27-09 06:00,3.837725610294315e-05
27-09 07:00,4.6052707323531776e-05
27-09 08:00,4.221498171323747e-05
27-09 09:00,3.4539530492648835e-05
27-09 10:00,2.68640792720602e-05
27-09 11:00,2.3026353661765888e-05
27-09 12:00,1.535090244117726e-05
27-09 13:00,1.535090244117726e-05
27-09 14:00,1.535090244117726e-05
27-09 15:00,1.535090244117726e-05
27-09 16:00,1.535090244117726e-05
27-09 17:00,1.535090244117726e-05
27-09 18:00,1.9188628051471574e-05
27-09 19:00,1.9188628051471574e-05
27-09 20:00,2.3026353661765888e-05
27-09 21:00,2.3026353661765888e-05
27-09 22:00,2.3026353661765888e-05
27-09 23:00,1.9188628051471574e-05
28-09 00:00,1.535090244117726e-05
28-09 01:00,1.1513176830882944e-05
28-09 02:00,1.1513176830882944e-05
28-09 03:00,7.67545122058863e-06
28-09 04:00,1.1513176830882944e-05
28-09 05:00,1.9188628051471574e-05
28-09 06:00,4.221498171323747e-05
28-09 07:00,4.9890432933826096e-05
28-09 08:00,4.221498171323747e-05
28-09 09:00,3.4539530492648835e-05
28-09 10:00,3.070180488235452e-05
28-09 11:00,1.9188628051471574e-05
28-09 12:00,1.535090244117726e-05
28-09 13:00,1.535090244117726e-05
28-09 14:00,1.535090244117726e-05
28-09 15:00,1.535090244117726e-05
28-09 16:00,1.535090244117726e-05
28-09 17:00,1.535090244117726e-05
28-09 18:00,1.535090244117726e-05
28-09 19:00,1.9188628051471574e-05
28-09 20:00,1.9188628051471574e-05
28-09 21:00,2.3026353661765888e-05
28-09 22:00,2.3026353661765888e-05
28-09 23:00,2.3026353661765888e-05
29-09 00:00,1.9188628051471574e-05
29-09 01:00,1.535090244117726e-05
29-09 02:00,1.535090244117726e-05
29-09 03:00,1.535090244117726e-05
29-09 04:00,1.1513176830882944e-05
29-09 05:00,1.535090244117726e-05
29-09 06:00,1.535090244117726e-05
29-09 07:00,2.3026353661765888e-05
29-09 08:00,4.6052707323531776e-05
29-09 09:00,4.9890432933826096e-05
29-09 10:00,4.9890432933826096e-05
29-09 11:00,4.221498171323747e-05
29-09 12:00,3.837725610294315e-05
29-09 13:00,3.4539530492648835e-05
29-09 14:00,2.3026353661765888e-05
29-09 15:00,1.9188628051471574e-05
29-09 16:00,1.9188628051471574e-05
29-09 17:00,1.9188628051471574e-05
29-09 18:00,2.3026353661765888e-05
29-09 19:00,2.3026353661765888e-05
29-09 20:00,1.9188628051471574e-05
29-09 21:00,1.9188628051471574e-05
29-09 22:00,1.9188628051471574e-05
29-09 23:00,1.9188628051471574e-05
30-09 00:00,1.535090244117726e-05
30-09 01:00,1.535090244117726e-05
30-09 02:00,1.535090244117726e-05
30-09 03:00,1.1513176830882944e-05
30-09 04:00,1.535090244117726e-05
30-09 05:00,1.1513176830882944e-05
30-09 06:00,1.535090244117726e-05
30-09 07:00,2.68640792720602e-05
30-09 08:00,4.221498171323747e-05
30-09 09:00,5.37281585441204e-05
30-09 10:00,4.9890432933826096e-05
30-09 11:00,4.9890432933826096e-05
30-09 12:00,4.221498171323747e-05
30-09 13:00,3.4539530492648835e-05
30-09 14:00,2.3026353661765888e-05
30-09 15:00,1.9188628051471574e-05
30-09 16:00,1.9188628051471574e-05
30-09 17:00,2.3026353661765888e-05
30-09 18:00,2.3026353661765888e-05
30-09 19:00,2.3026353661765888e-05
30-09 20:00,1.9188628051471574e-05
30-09 21:00,1.9188628051471574e-05
30-09 22:00,1.9188628051471574e-05
30-09 23:00,1.9188628051471574e-05
01-10 00:00,1.535090244117726e-05
01-10 01:00,1.1513176830882944e-05
01-10 02:00,1.1513176830882944e-05
01-10 03:00,7.67545122058863e-06
01-10 04:00,1.1513176830882944e-05
01-10 05:00,1.9188628051471574e-05
01-10 06:00,4.221498171323747e-05
01-10 07:00,4.6052707323531776e-05
01-10 08:00,3.837725610294315e-05
01-10 09:00,3.4539530492648835e-05
01-10 10:00,2.68640792720602e-05
01-10 11:00,1.9188628051471574e-05
01-10 12:00,1.535090244117726e-05
01-10 13:00,1.535090244117726e-05
01-10 14:00,1.535090244117726e-05
01-10 15:00,1.535090244117726e-05
01-10 16:00,1.535090244117726e-05
01-10 17:00,1.535090244117726e-05
01-10 18:00,1.9188628051471574e-05
01-10 19:00,1.9188628051471574e-05
01-10 20:00,2.3026353661765888e-05
01-10 21:00,2.3026353661765888e-05
01-10 22:00,2.3026353661765888e-05
01-10 23:00,1.9188628051471574e-05
02-10 00:00,1.535090244117726e-05
02-10 01:00,1.1513176830882944e-05
02-10 02:00,1.1513176830882944e-05
02-10 03:00,7.67545122058863e-06
02-10 04:00,1.1513176830882944e-05
02-10 05:00,1.9188628051471574e-05
02-10 06:00,3.837725610294315e-05
02-10 07:00,4.6052707323531776e-05
02-10 08:00,3.837725610294315e-05
02-10 09:00,3.4539530492648835e-05
02-10 10:00,2.68640792720602e-05
02-10 11:00,1.9188628051471574e-05
02-10 12:00,1.535090244117726e-05
02-10 13:00,1.535090244117726e-05
02-10 14:00,1.535090244117726e-05
02-10 15:00,1.535090244117726e-05
02-10 16:00,1.535090244117726e-05
02-10 17:00,1.535090244117726e-05
02-10 18:00,1.535090244117726e-05
02-10 19:00,1.9188628051471574e-05
02-10 20:00,2.3026353661765888e-05
02-10 21:00,2.3026353661765888e-05
02-10 22:00,2.3026353661765888e-05
02-10 23:00,1.9188628051471574e-05
03-10 00:00,1.9188628051471574e-05
03-10 01:00,1.535090244117726e-05
03-10 02:00,1.535090244117726e-05
03-10 03:00,1.1513176830882944e-05
03-10 04:00,1.1513176830882944e-05
03-10 05:00,1.1513176830882944e-05
03-10 06:00,1.535090244117726e-05
03-10 07:00,2.68640792720602e-05
03-10 08:00,4.9890432933826096e-05
03-10 09:00,5.37281585441204e-05
03-10 10:00,5.37281585441204e-05
03-10 11:00,4.6052707323531776e-05
03-10 12:00,4.221498171323747e-05
03-10 13:00,3.070180488235452e-05
03-10 14:00,2.3026353661765888e-05
03-10 15:00,1.9188628051471574e-05
03-10 16:00,2.3026353661765888e-05
03-10 17:00,1.9188628051471574e-05
03-10 18:00,2.3026353661765888e-05
03-10 19:00,2.3026353661765888e-05
03-10 20:00,1.9188628051471574e-05
03-10 21:00,2.3026353661765888e-05
03-10 22:00,2.3026353661765888e-05
03-10 23:00,1.9188628051471574e-05
04-10 00:00,1.535090244117726e-05
04-10 01:00,1.1513176830882944e-05
04-10 02:00,1.1513176830882944e-05
04-10 03:00,7.67545122058863e-06
04-10 04:00,1.1513176830882944e-05
04-10 05:00,1.9188628051471574e-05
04-10 06:00,4.221498171323747e-05
04-10 07:00,4.6052707323531776e-05
04-10 08:00,4.221498171323747e-05
04-10 09:00,3.4539530492648835e-05
04-10 10:00,2.68640792720602e-05
04-10 11:00,2.3026353661765888e-05
04-10 12:00,1.535090244117726e-05
04-10 13:00,1.535090244117726e-05
04-10 14:00,1.535090244117726e-05
04-10 15:00,1.535090244117726e-05
04-10 16:00,1.535090244117726e-05
04-10 17:00,1.9188628051471574e-05
04-10 18:00,1.9188628051471574e-05
04-10 19:00,1.9188628051471574e-05
04-10 20:00,2.3026353661765888e-05
04-10 21:00,2.3026353661765888e-05
04-10 22:00,2.3026353661765888e-05
04-10 23:00,1.9188628051471574e-05
05-10 00:00,1.535090244117726e-05
05-10 01:00,1.1513176830882944e-05
05-10 02:00,1.1513176830882944e-05
05-10 03:00,1.1513176830882944e-05
05-10 04:00,1.1513176830882944e-05
05-10 05:00,1.9188628051471574e-05
05-10 06:00,4.221498171323747e-05
05-10 07:00,4.6052707323531776e-05
05-10 08:00,4.221498171323747e-05
05-10 09:00,3.4539530492648835e-05
05-10 10:00,2.68640792720602e-05
05-10 11:00,1.9188628051471574e-05
05-10 12:00,1.535090244117726e-05
05-10 13:00,1.535090244117726e-05
05-10 14:00,1.535090244117726e-05
05-10 15:00,1.535090244117726e-05
05-10 16:00,1.535090244117726e-05
05-10 17:00,1.9188628051471574e-05
05-10 18:00,1.9188628051471574e-05
05-10 19:00,2.3026353661765888e-05
05-10 20:00,2.3026353661765888e-05
05-10 21:00,2.3026353661765888e-05
05-10 22:00,2.3026353661765888e-05
05-10 23:00,2.3026353661765888e-05
06-10 00:00,1.535090244117726e-05
06-10 01:00,1.535090244117726e-05
06-10 02:00,1.1513176830882944e-05
06-10 03:00,1.1513176830882944e-05
06-10 04:00,1.1513176830882944e-05
06-10 05:00,1.1513176830882944e-05
06-10 06:00,1.535090244117726e-05
06-10 07:00,2.3026353661765888e-05
06-10 08:00,4.6052707323531776e-05
06-10 09:00,5.37281585441204e-05
06-10 10:00,5.37281585441204e-05
06-10 11:00,4.6052707323531776e-05
06-10 12:00,4.221498171323747e-05
06-10 13:00,3.4539530492648835e-05
06-10 14:00,2.3026353661765888e-05
06-10 15:00,1.9188628051471574e-05
06-10 16:00,2.3026353661765888e-05
06-10 17:00,1.9188628051471574e-05
06-10 18:00,2.3026353661765888e-05
06-10 19:00,2.3026353661765888e-05
06-10 20:00,2.3026353661765888e-05
06-10 21:00,1.9188628051471574e-05
06-10 22:00,1.9188628051471574e-05
06-10 23:00,1.9188628051471574e-05
07-10 00:00,1.9188628051471574e-05
07-10 01:00,1.535090244117726e-05
07-10 02:00,1.535090244117726e-05
07-10 03:00,1.1513176830882944e-05
07-10 04:00,1.1513176830882944e-05
07-10 05:00,1.1513176830882944e-05
07-10 06:00,1.535090244117726e-05
07-10 07:00,2.68640792720602e-05
07-10 08:00,4.9890432933826096e-05
07-10 09:00,5.37281585441204e-05
07-10 10:00,4.6052707323531776e-05
07-10 11:00,4.6052707323531776e-05
07-10 12:00,4.221498171323747e-05
07-10 13:00,3.4539530492648835e-05
07-10 14:00,2.3026353661765888e-05
07-10 15:00,1.9188628051471574e-05
07-10 16:00,1.9188628051471574e-05
07-10 17:00,1.9188628051471574e-05
07-10 18:00,2.3026353661765888e-05
07-10 19:00,2.3026353661765888e-05
07-10 20:00,2.3026353661765888e-05
07-10 21:00,1.9188628051471574e-05
07-10 22:00,2.3026353661765888e-05
07-10 23:00,1.9188628051471574e-05
08-10 00:00,1.535090244117726e-05
08-10 01:00,1.1513176830882944e-05
08-10 02:00,1.1513176830882944e-05
08-10 03:00,1.1513176830882944e-05
08-10 04:00,1.1513176830882944e-05
08-10 05:00,1.9188628051471574e-05
08-10 06:00,4.221498171323747e-05
08-10 07:00,4.221498171323747e-05
08-10 08:00,4.221498171323747e-05
08-10 09:00,3.4539530492648835e-05
08-10 10:00,3.070180488235452e-05
08-10 11:00,2.3026353661765888e-05
08-10 12:00,1.535090244117726e-05
08-10 13:00,1.535090244117726e-05
08-10 14:00,1.535090244117726e-05
08-10 15:00,1.535090244117726e-05
08-10 16:00,1.535090244117726e-05
08-10 17:00,1.9188628051471574e-05
08-10 18:00,1.9188628051471574e-05
08-10 19:00,2.3026353661765888e-05
08-10 20:00,2.3026353661765888e-05
08-10 21:00,2.3026353661765888e-05
08-10 22:00,2.3026353661765888e-05
08-10 23:00,1.9188628051471574e-05
09-10 00:00,1.535090244117726e-05
09-10 01:00,1.1513176830882944e-05
09-10 02:00,7.67545122058863e-06
09-10 03:00,1.535090244117726e-05
09-10 04:00,1.9188628051471574e-05
09-10 05:00,3.070180488235452e-05
09-10 06:00,8.826768903676924e-05
09-10 07:00,5.756588415441472e-05
09-10 08:00,4.221498171323747e-05
09-10 09:00,3.837725610294315e-05
09-10 10:00,3.070180488235452e-05
09-10 11:00,2.68640792720602e-05
09-10 12:00,1.9188628051471574e-05
09-10 13:00,1.9188628051471574e-05
09-10 14:00,1.9188628051471574e-05
09-10 15:00,1.9188628051471574e-05
09-10 16:00,1.9188628051471574e-05
09-10 17:00,1.9188628051471574e-05
09-10 18:00,2.3026353661765888e-05
09-10 19:00,2.3026353661765888e-05
09-10 20:00,2.68640792720602e-05
09-10 21:00,2.68640792720602e-05
09-10 22:00,2.68640792720602e-05
09-10 23:00,1.9188628051471574e-05
10-10 00:00,3.4539530492648835e-05
10-10 01:00,7.291678659559198e-05
10-10 02:00,7.291678659559198e-05
10-10 03:00,0.00011513176830882945
10-10 04:00,0.0001228072195294181
10-10 05:00,0.00018037310368383282
10-10 06:00,0.00027247851833089637
10-10 07:00,0.00022642581100736458
10-10 08:00,8.059223781618061e-05
10-10 09:00,6.907906098529767e-05
10-10 10:00,6.140360976470904e-05
10-10 11:00,5.756588415441472e-05
10-10 12:00,4.6052707323531776e-05
10-10 13:00,4.6052707323531776e-05
10-10 14:00,4.6052707323531776e-05
10-10 15:00,4.6052707323531776e-05
10-10 16:00,4.9890432933826096e-05
10-10 17:00,5.37281585441204e-05
10-10 18:00,5.756588415441472e-05
10-10 19:00,5.756588415441472e-05
10-10 20:00,6.524133537500336e-05
10-10 21:00,6.524133537500336e-05
10-10 22:00,4.221498171323747e-05
10-10 23:00,4.6052707323531776e-05
11-10 00:00,7.291678659559198e-05
11-10 01:00,0.0001535090244117726
11-10 02:00,0.00011129404269853513
11-10 03:00,0.0001074563170882408
11-10 04:00,7.291678659559198e-05
11-10 05:00,8.442996342647494e-05
11-10 06:00,7.67545122058863e-05
11-10 07:00,6.907906098529767e-05
11-10 08:00,6.140360976470904e-05
11-10 09:00,5.756588415441472e-05
11-10 10:00,4.9890432933826096e-05
11-10 11:00,3.837725610294315e-05
11-10 12:00,3.4539530492648835e-05
11-10 13:00,3.4539530492648835e-05
11-10 14:00,3.4539530492648835e-05
11-10 15:00,3.837725610294315e-05
11-10 16:00,3.837725610294315e-05
11-10 17:00,3.837725610294315e-05
11-10 18:00,4.221498171323747e-05
11-10 19:00,4.6052707323531776e-05
11-10 20:00,4.9890432933826096e-05
11-10 21:00,4.9890432933826096e-05
11-10 22:00,3.4539530492648835e-05
11-10 23:00,2.68640792720602e-05
12-10 00:00,1.535090244117726e-05
12-10 01:00,1.1513176830882944e-05
12-10 02:00,1.1513176830882944e-05
12-10 03:00,1.9188628051471574e-05
12-10 04:00,1.1513176830882944e-05
12-10 05:00,2.3026353661765888e-05
12-10 06:00,4.9890432933826096e-05
12-10 07:00,4.9890432933826096e-05
12-10 08:00,4.6052707323531776e-05
12-10 09:00,3.837725610294315e-05
12-10 10:00,3.070180488235452e-05
12-10 11:00,2.68640792720602e-05
12-10 12:00,1.9188628051471574e-05
12-10 13:00,1.9188628051471574e-05
12-10 14:00,1.9188628051471574e-05
12-10 15:00,1.9188628051471574e-05
12-10 16:00,1.9188628051471574e-05
12-10 17:00,2.3026353661765888e-05
12-10 18:00,2.3026353661765888e-05
12-10 19:00,2.3026353661765888e-05
12-10 20:00,2.68640792720602e-05
12-10 21:00,2.68640792720602e-05
12-10 22:00,7.67545122058863e-05
12-10 23:00,2.3026353661765888e-05
13-10 00:00,2.3026353661765888e-05
13-10 01:00,2.68640792720602e-05
13-10 02:00,2.68640792720602e-05
13-10 03:00,2.68640792720602e-05
13-10 04:00,0.00011513176830882945
13-10 05:00,0.00011513176830882945
13-10 06:00,3.837725610294315e-05
13-10 07:00,4.221498171323747e-05
13-10 08:00,6.524133537500336e-05
13-10 09:00,6.524133537500336e-05
13-10 10:00,5.37281585441204e-05
13-10 11:00,5.37281585441204e-05
13-10 12:00,4.9890432933826096e-05
13-10 13:00,3.837725610294315e-05
13-10 14:00,3.4539530492648835e-05
13-10 15:00,2.68640792720602e-05
13-10 16:00,2.68640792720602e-05
13-10 17:00,3.4539530492648835e-05
13-10 18:00,3.4539530492648835e-05
13-10 19:00,3.4539530492648835e-05
13-10 20:00,3.4539530492648835e-05
13-10 21:00,3.070180488235452e-05
13-10 22:00,3.070180488235452e-05
13-10 23:00,2.3026353661765888e-05
14-10 00:00,1.535090244117726e-05
14-10 01:00,1.535090244117726e-05
14-10 02:00,1.535090244117726e-05
14-10 03:00,1.1513176830882944e-05
14-10 04:00,1.1513176830882944e-05
14-10 05:00,1.535090244117726e-05
14-10 06:00,1.535090244117726e-05
14-10 07:00,2.68640792720602e-05
14-10 08:00,4.9890432933826096e-05
14-10 09:00,5.37281585441204e-05
14-10 10:00,5.37281585441204e-05
14-10 11:00,5.37281585441204e-05
14-10 12:00,4.221498171323747e-05
14-10 13:00,3.4539530492648835e-05
14-10 14:00,2.3026353661765888e-05
14-10 15:00,1.9188628051471574e-05
14-10 16:00,1.9188628051471574e-05
14-10 17:00,2.3026353661765888e-05
14-10 18:00,2.3026353661765888e-05
14-10 19:00,2.3026353661765888e-05
14-10 20:00,2.3026353661765888e-05
14-10 21:00,1.9188628051471574e-05
14-10 22:00,2.3026353661765888e-05
14-10 23:00,1.9188628051471574e-05
15-10 00:00,1.535090244117726e-05
15-10 01:00,1.1513176830882944e-05
15-10 02:00,1.1513176830882944e-05
15-10 03:00,1.1513176830882944e-05
15-10 04:00,1.1513176830882944e-05
15-10 05:00,1.9188628051471574e-05
15-10 06:00,4.221498171323747e-05
15-10 07:00,4.9890432933826096e-05
15-10 08:00,4.221498171323747e-05
15-10 09:00,3.4539530492648835e-05
15-10 10:00,2.3026353661765888e-05
15-10 11:00,1.9188628051471574e-05
15-10 12:00,1.9188628051471574e-05
15-10 13:00,1.535090244117726e-05
15-10 14:00,1.535090244117726e-05
15-10 15:00,1.535090244117726e-05
15-10 16:00,1.535090244117726e-05
15-10 17:00,1.9188628051471574e-05
15-10 18:00,1.9188628051471574e-05
15-10 19:00,1.9188628051471574e-05
15-10 20:00,2.3026353661765888e-05
15-10 21:00,2.3026353661765888e-05
15-10 22:00,2.3026353661765888e-05
15-10 23:00,1.9188628051471574e-05
16-10 00:00,1.535090244117726e-05
16-10 01:00,1.535090244117726e-05
16-10 02:00,1.1513176830882944e-05
16-10 03:00,1.9188628051471574e-05
16-10 04:00,6.140360976470904e-05
16-10 05:00,2.3026353661765888e-05
16-10 06:00,4.6052707323531776e-05
16-10 07:00,4.9890432933826096e-05
16-10 08:00,4.6052707323531776e-05
16-10 09:00,4.221498171323747e-05
16-10 10:00,3.070180488235452e-05
16-10 11:00,2.3026353661765888e-05
16-10 12:00,1.9188628051471574e-05
16-10 13:00,1.9188628051471574e-05
16-10 14:00,1.535090244117726e-05
16-10 15:00,1.9188628051471574e-05
16-10 16:00,1.9188628051471574e-05
16-10 17:00,2.3026353661765888e-05
16-10 18:00,2.3026353661765888e-05
16-10 19:00,2.3026353661765888e-05
16-10 20:00,2.68640792720602e-05
16-10 21:00,2.68640792720602e-05
16-10 22:00,2.3026353661765888e-05
16-10 23:00,1.9188628051471574e-05
17-10 00:00,1.535090244117726e-05
17-10 01:00,1.1513176830882944e-05
17-10 02:00,1.1513176830882944e-05
17-10 03:00,1.1513176830882944e-05
17-10 04:00,1.1513176830882944e-05
17-10 05:00,1.9188628051471574e-05
17-10 06:00,4.221498171323747e-05
17-10 07:00,4.221498171323747e-05
17-10 08:00,3.837725610294315e-05
17-10 09:00,3.837725610294315e-05
17-10 10:00,2.68640792720602e-05
17-10 11:00,2.3026353661765888e-05
17-10 12:00,1.535090244117726e-05
17-10 13:00,1.535090244117726e-05
17-10 14:00,1.535090244117726e-05
17-10 15:00,1.535090244117726e-05
17-10 16:00,1.535090244117726e-05
17-10 17:00,1.9188628051471574e-05
17-10 18:00,1.9188628051471574e-05
17-10 19:00,1.9188628051471574e-05
17-10 20:00,2.3026353661765888e-05
17-10 21:00,2.3026353661765888e-05
17-10 22:00,2.3026353661765888e-05
17-10 23:00,2.3026353661765888e-05
18-10 00:00,1.535090244117726e-05
18-10 01:00,1.1513176830882944e-05
18-10 02:00,1.1513176830882944e-05
18-10 03:00,1.1513176830882944e-05
18-10 04:00,1.1513176830882944e-05
18-10 05:00,1.9188628051471574e-05
18-10 06:00,4.221498171323747e-05
18-10 07:00,4.9890432933826096e-05
18-10 08:00,4.221498171323747e-05
18-10 09:00,3.837725610294315e-05
18-10 10:00,2.68640792720602e-05
18-10 11:00,2.3026353661765888e-05
18-10 12:00,1.535090244117726e-05
18-10 13:00,1.535090244117726e-05
18-10 14:00,1.535090244117726e-05
18-10 15:00,1.535090244117726e-05
18-10 16:00,1.535090244117726e-05
18-10 17:00,1.9188628051471574e-05
18-10 18:00,1.9188628051471574e-05
18-10 19:00,1.9188628051471574e-05
18-10 20:00,2.3026353661765888e-05
18-10 21:00,2.3026353661765888e-05
18-10 22:00,2.3026353661765888e-05
18-10 23:00,2.3026353661765888e-05
19-10 00:00,1.535090244117726e-05
19-10 01:00,1.1513176830882944e-05
19-10 02:00,1.1513176830882944e-05
19-10 03:00,1.1513176830882944e-05
19-10 04:00,1.1513176830882944e-05
19-10 05:00,1.9188628051471574e-05
19-10 06:00,3.837725610294315e-05
19-10 07:00,4.9890432933826096e-05
19-10 08:00,4.221498171323747e-05
19-10 09:00,3.4539530492648835e-05
19-10 10:00,3.070180488235452e-05
19-10 11:00,2.3026353661765888e-05
19-10 12:00,1.535090244117726e-05
19-10 13:00,1.535090244117726e-05
19-10 14:00,1.535090244117726e-05
19-10 15:00,1.535090244117726e-05
19-10 16:00,1.535090244117726e-05
19-10 17:00,1.535090244117726e-05
19-10 18:00,1.9188628051471574e-05
19-10 19:00,1.9188628051471574e-05
19-10 20:00,2.3026353661765888e-05
19-10 21:00,2.3026353661765888e-05
19-10 22:00,2.68640792720602e-05
19-10 23:00,1.9188628051471574e-05
20-10 00:00,1.9188628051471574e-05
20-10 01:00,1.535090244117726e-05
20-10 02:00,1.535090244117726e-05
20-10 03:00,1.535090244117726e-05
20-10 04:00,1.1513176830882944e-05
20-10 05:00,1.535090244117726e-05
20-10 06:00,1.535090244117726e-05
20-10 07:00,2.68640792720602e-05
20-10 08:00,4.6052707323531776e-05
20-10 09:00,5.37281585441204e-05
20-10 10:00,5.37281585441204e-05
20-10 11:00,4.6052707323531776e-05
20-10 12:00,4.221498171323747e-05
20-10 13:00,3.070180488235452e-05
20-10 14:00,2.3026353661765888e-05
20-10 15:00,1.9188628051471574e-05
20-10 16:00,2.3026353661765888e-05
20-10 17:00,2.3026353661765888e-05
20-10 18:00,2.3026353661765888e-05
20-10 19:00,2.3026353661765888e-05
20-10 20:00,2.3026353661765888e-05
20-10 21:00,1.9188628051471574e-05
20-10 22:00,2.3026353661765888e-05
20-10 23:00,1.9188628051471574e-05
21-10 00:00,1.9188628051471574e-05
21-10 01:00,1.535090244117726e-05
21-10 02:00,1.535090244117726e-05
21-10 03:00,1.535090244117726e-05
21-10 04:00,1.535090244117726e-05
21-10 05:00,1.1513176830882944e-05
21-10 06:00,1.535090244117726e-05
21-10 07:00,2.68640792720602e-05
21-10 08:00,5.37281585441204e-05
21-10 09:00,5.37281585441204e-05
21-10 10:00,5.756588415441472e-05
21-10 11:00,4.6052707323531776e-05
21-10 12:00,4.221498171323747e-05
21-10 13:00,3.4539530492648835e-05
21-10 14:00,2.3026353661765888e-05
21-10 15:00,1.9188628051471574e-05
21-10 16:00,1.9188628051471574e-05
21-10 17:00,2.3026353661765888e-05
21-10 18:00,2.3026353661765888e-05
21-10 19:00,2.3026353661765888e-05
21-10 20:00,2.3026353661765888e-05
21-10 21:00,2.3026353661765888e-05
21-10 22:00,2.3026353661765888e-05
21-10 23:00,1.9188628051471574e-05
22-10 00:00,1.535090244117726e-05
22-10 01:00,1.535090244117726e-05
22-10 02:00,1.1513176830882944e-05
22-10 03:00,1.1513176830882944e-05
22-10 04:00,1.1513176830882944e-05
22-10 05:00,1.9188628051471574e-05
22-10 06:00,4.221498171323747e-05
22-10 07:00,4.6052707323531776e-05
22-10 08:00,3.837725610294315e-05
22-10 09:00,3.837725610294315e-05
22-10 10:00,2.68640792720602e-05
22-10 11:00,2.3026353661765888e-05
22-10 12:00,1.535090244117726e-05
22-10 13:00,1.535090244117726e-05
22-10 14:00,1.535090244117726e-05
22-10 15:00,1.535090244117726e-05
22-10 16:00,1.535090244117726e-05
22-10 17:00,1.535090244117726e-05
22-10 18:00,1.9188628051471574e-05
22-10 19:00,1.9188628051471574e-05
22-10 20:00,2.3026353661765888e-05
22-10 21:00,2.68640792720602e-05
22-10 22:00,2.68640792720602e-05
22-10 23:00,1.9188628051471574e-05
23-10 00:00,1.535090244117726e-05
23-10 01:00,1.1513176830882944e-05
23-10 02:00,1.1513176830882944e-05
23-10 03:00,1.1513176830882944e-05
23-10 04:00,1.1513176830882944e-05
23-10 05:00,1.9188628051471574e-05
23-10 06:00,4.6052707323531776e-05
23-10 07:00,4.9890432933826096e-05
23-10 08:00,4.221498171323747e-05
23-10 09:00,3.4539530492648835e-05
23-10 10:00,2.68640792720602e-05
23-10 11:00,2.3026353661765888e-05
23-10 12:00,1.535090244117726e-05
23-10 13:00,1.535090244117726e-05
23-10 14:00,1.535090244117726e-05
23-10 15:00,1.535090244117726e-05
23-10 16:00,1.535090244117726e-05
23-10 17:00,1.9188628051471574e-05
23-10 18:00,1.9188628051471574e-05
23-10 19:00,1.9188628051471574e-05
23-10 20:00,3.070180488235452e-05
23-10 21:00,3.070180488235452e-05
23-10 22:00,3.4539530492648835e-05
23-10 23:00,3.070180488235452e-05
24-10 00:00,3.070180488235452e-05
24-10 01:00,7.291678659559198e-05
24-10 02:00,7.291678659559198e-05
24-10 03:00,2.68640792720602e-05
24-10 04:00,0.0001228072195294181
24-10 05:00,0.00013432039636030103
24-10 06:00,0.00016885992685294988
24-10 07:00,0.00022258808539707027
24-10 08:00,8.442996342647494e-05
24-10 09:00,6.524133537500336e-05
24-10 10:00,4.9890432933826096e-05
24-10 11:00,4.9890432933826096e-05
24-10 12:00,3.837725610294315e-05
24-10 13:00,3.837725610294315e-05
24-10 14:00,3.837725610294315e-05
24-10 15:00,3.837725610294315e-05
24-10 16:00,3.837725610294315e-05
24-10 17:00,4.6052707323531776e-05
24-10 18:00,4.9890432933826096e-05
24-10 19:00,4.9890432933826096e-05
24-10 20:00,5.37281585441204e-05
24-10 21:00,5.37281585441204e-05
24-10 22:00,3.837725610294315e-05
24-10 23:00,3.4539530492648835e-05
25-10 00:00,3.070180488235452e-05
25-10 01:00,6.907906098529767e-05
25-10 02:00,6.907906098529767e-05
25-10 03:00,7.291678659559198e-05
25-10 04:00,0.00011896949391912376
25-10 05:00,0.00013815812197059534
25-10 06:00,0.00017269765246324416
25-10 07:00,0.00016885992685294988
25-10 08:00,6.907906098529767e-05
25-10 09:00,5.756588415441472e-05
25-10 10:00,4.9890432933826096e-05
25-10 11:00,4.6052707323531776e-05
25-10 12:00,3.837725610294315e-05
25-10 13:00,3.837725610294315e-05
25-10 14:00,3.837725610294315e-05
25-10 15:00,3.837725610294315e-05
25-10 16:00,3.837725610294315e-05
25-10 17:00,3.837725610294315e-05
25-10 18:00,4.6052707323531776e-05
25-10 19:00,4.6052707323531776e-05
25-10 20:00,5.37281585441204e-05
25-10 21:00,4.9890432933826096e-05
25-10 22:00,4.221498171323747e-05
25-10 23:00,4.221498171323747e-05
26-10 00:00,2.3026353661765888e-05
26-10 01:00,1.1513176830882944e-05
26-10 02:00,1.1513176830882944e-05
26-10 03:00,1.1513176830882944e-05
26-10 04:00,1.9188628051471574e-05
26-10 05:00,1.9188628051471574e-05
26-10 06:00,4.221498171323747e-05
26-10 07:00,4.9890432933826096e-05
26-10 08:00,4.221498171323747e-05
26-10 09:00,3.4539530492648835e-05
26-10 10:00,3.070180488235452e-05
26-10 11:00,2.3026353661765888e-05
26-10 12:00,1.535090244117726e-05
26-10 13:00,1.535090244117726e-05
26-10 14:00,1.535090244117726e-05
26-10 15:00,1.535090244117726e-05
26-10 16:00,1.535090244117726e-05
26-10 17:00,1.9188628051471574e-05
26-10 18:00,1.9188628051471574e-05
26-10 19:00,1.9188628051471574e-05
26-10 20:00,2.3026353661765888e-05
26-10 21:00,2.3026353661765888e-05
26-10 22:00,2.68640792720602e-05
26-10 23:00,1.9188628051471574e-05
27-10 00:00,1.9188628051471574e-05
27-10 01:00,1.535090244117726e-05
27-10 02:00,1.535090244117726e-05
27-10 03:00,1.1513176830882944e-05
27-10 04:00,1.535090244117726e-05
27-10 05:00,1.535090244117726e-05
27-10 06:00,1.535090244117726e-05
27-10 07:00,2.3026353661765888e-05
27-10 08:00,5.37281585441204e-05
27-10 09:00,5.37281585441204e-05
27-10 10:00,5.37281585441204e-05
27-10 11:00,4.9890432933826096e-05
27-10 12:00,4.221498171323747e-05
27-10 13:00,3.4539530492648835e-05
27-10 14:00,2.3026353661765888e-05
27-10 15:00,1.9188628051471574e-05
27-10 16:00,1.9188628051471574e-05
27-10 17:00,2.3026353661765888e-05
27-10 18:00,2.3026353661765888e-05
27-10 19:00,2.3026353661765888e-05
27-10 20:00,2.3026353661765888e-05
27-10 21:00,2.3026353661765888e-05
27-10 22:00,2.3026353661765888e-05
27-10 23:00,1.9188628051471574e-05
28-10 00:00,1.9188628051471574e-05
28-10 01:00,1.535090244117726e-05
28-10 02:00,1.535090244117726e-05
28-10 03:00,1.535090244117726e-05
28-10 04:00,1.535090244117726e-05
28-10 05:00,1.535090244117726e-05
28-10 06:00,1.535090244117726e-05
28-10 07:00,2.68640792720602e-05
28-10 08:00,5.37281585441204e-05
28-10 09:00,5.756588415441472e-05
28-10 10:00,4.9890432933826096e-05
28-10 11:00,4.6052707323531776e-05
28-10 12:00,3.837725610294315e-05
28-10 13:00,3.4539530492648835e-05
28-10 14:00,2.3026353661765888e-05
28-10 15:00,1.9188628051471574e-05
28-10 16:00,2.3026353661765888e-05
28-10 17:00,2.3026353661765888e-05
28-10 18:00,2.3026353661765888e-05
28-10 19:00,2.3026353661765888e-05
28-10 20:00,1.9188628051471574e-05
28-10 21:00,2.3026353661765888e-05
28-10 22:00,1.9188628051471574e-05
28-10 23:00,1.9188628051471574e-05
29-10 00:00,1.535090244117726e-05
29-10 01:00,1.1513176830882944e-05
29-10 02:00,1.1513176830882944e-05
29-10 03:00,1.1513176830882944e-05
29-10 04:00,1.1513176830882944e-05
29-10 05:00,2.68640792720602e-05
29-10 06:00,5.37281585441204e-05
29-10 07:00,5.37281585441204e-05
29-10 08:00,4.221498171323747e-05
29-10 09:00,3.070180488235452e-05
29-10 10:00,2.68640792720602e-05
29-10 11:00,2.3026353661765888e-05
29-10 12:00,1.535090244117726e-05
29-10 13:00,1.535090244117726e-05
29-10 14:00,1.535090244117726e-05
29-10 15:00,1.535090244117726e-05
29-10 16:00,1.535090244117726e-05
29-10 17:00,1.9188628051471574e-05
29-10 18:00,1.9188628051471574e-05
29-10 19:00,1.9188628051471574e-05
29-10 20:00,2.3026353661765888e-05
29-10 21:00,2.3026353661765888e-05
29-10 22:00,2.3026353661765888e-05
29-10 23:00,2.3026353661765888e-05
30-10 00:00,1.535090244117726e-05
30-10 01:00,1.1513176830882944e-05
30-10 02:00,1.1513176830882944e-05
30-10 03:00,1.1513176830882944e-05
30-10 04:00,1.1513176830882944e-05
30-10 05:00,2.68640792720602e-05
30-10 06:00,4.9890432933826096e-05
30-10 07:00,4.6052707323531776e-05
30-10 08:00,4.221498171323747e-05
30-10 09:00,3.070180488235452e-05
30-10 10:00,2.68640792720602e-05
30-10 11:00,2.3026353661765888e-05
30-10 12:00,1.9188628051471574e-05
30-10 13:00,1.535090244117726e-05
30-10 14:00,1.535090244117726e-05
30-10 15:00,1.535090244117726e-05
30-10 16:00,1.535090244117726e-05
30-10 17:00,1.9188628051471574e-05
30-10 18:00,2.3026353661765888e-05
30-10 19:00,2.3026353661765888e-05
30-10 20:00,2.3026353661765888e-05
30-10 21:00,2.3026353661765888e-05
30-10 22:00,2.3026353661765888e-05
30-10 23:00,2.3026353661765888e-05
31-10 00:00,1.535090244117726e-05
31-10 01:00,1.535090244117726e-05
31-10 02:00,1.1513176830882944e-05
31-10 03:00,1.1513176830882944e-05
31-10 04:00,1.1513176830882944e-05
31-10 05:00,1.9188628051471574e-05
31-10 06:00,4.221498171323747e-05
31-10 07:00,4.9890432933826096e-05
31-10 08:00,4.6052707323531776e-05
31-10 09:00,3.837725610294315e-05
31-10 10:00,2.68640792720602e-05
31-10 11:00,1.9188628051471574e-05
31-10 12:00,1.535090244117726e-05
31-10 13:00,1.535090244117726e-05
31-10 14:00,1.535090244117726e-05
31-10 15:00,1.535090244117726e-05
31-10 16:00,1.535090244117726e-05
31-10 17:00,1.9188628051471574e-05
31-10 18:00,1.9188628051471574e-05
31-10 19:00,1.9188628051471574e-05
31-10 20:00,2.3026353661765888e-05
31-10 21:00,2.3026353661765888e-05
31-10 22:00,2.3026353661765888e-05
31-10 23:00,3.4539530492648835e-05
01-11 00:00,0.0001842108292941271
01-11 01:00,0.00017269765246324416
01-11 02:00,0.00019956173173530438
01-11 03:00,0.00022258808539707027
01-11 04:00,0.000207237182955893
01-11 05:00,0.00026864079272060205
01-11 06:00,0.00035307075614707695
01-11 07:00,0.0003146935000441338
01-11 08:00,0.00026864079272060205
01-11 09:00,0.00019188628051471573
01-11 10:00,0.00013432039636030103
01-11 11:00,0.00012664494513971237
01-11 12:00,0.00011129404269853513
01-11 13:00,0.0001036185914779465
01-11 14:00,9.594314025735786e-05
01-11 15:00,8.826768903676924e-05
01-11 16:00,9.210541464706355e-05
01-11 17:00,0.0001036185914779465
01-11 18:00,0.0001074563170882408
01-11 19:00,0.00011513176830882945
01-11 20:00,0.00011896949391912376
01-11 21:00,0.00011513176830882945
01-11 22:00,6.907906098529767e-05
01-11 23:00,4.9890432933826096e-05
02-11 00:00,3.070180488235452e-05
02-11 01:00,6.524133537500336e-05
02-11 02:00,0.00011513176830882945
02-11 03:00,7.291678659559198e-05
02-11 04:00,0.00011129404269853513
02-11 05:00,0.00013048267075000671
02-11 06:00,0.0001228072195294181
02-11 07:00,8.442996342647494e-05
02-11 08:00,6.524133537500336e-05
02-11 09:00,6.140360976470904e-05
02-11 10:00,4.9890432933826096e-05
02-11 11:00,4.6052707323531776e-05
02-11 12:00,3.4539530492648835e-05
02-11 13:00,3.4539530492648835e-05
02-11 14:00,3.4539530492648835e-05
02-11 15:00,3.4539530492648835e-05
02-11 16:00,3.4539530492648835e-05
02-11 17:00,3.837725610294315e-05
02-11 18:00,4.221498171323747e-05
02-11 19:00,4.9890432933826096e-05
02-11 20:00,4.6052707323531776e-05
02-11 21:00,4.6052707323531776e-05
02-11 22:00,3.837725610294315e-05
02-11 23:00,2.68640792720602e-05
03-11 00:00,1.9188628051471574e-05
03-11 01:00,1.535090244117726e-05
03-11 02:00,1.535090244117726e-05
03-11 03:00,1.535090244117726e-05
03-11 04:00,1.1513176830882944e-05
03-11 05:00,1.535090244117726e-05
03-11 06:00,1.535090244117726e-05
03-11 07:00,2.68640792720602e-05
03-11 08:00,4.9890432933826096e-05
03-11 09:00,5.756588415441472e-05
03-11 10:00,5.37281585441204e-05
03-11 11:00,4.9890432933826096e-05
03-11 12:00,4.6052707323531776e-05
03-11 13:00,3.4539530492648835e-05
03-11 14:00,2.3026353661765888e-05
03-11 15:00,1.9188628051471574e-05
03-11 16:00,1.9188628051471574e-05
03-11 17:00,2.3026353661765888e-05
03-11 18:00,2.3026353661765888e-05
03-11 19:00,2.68640792720602e-05
03-11 20:00,2.3026353661765888e-05
03-11 21:00,2.3026353661765888e-05
03-11 22:00,2.3026353661765888e-05
03-11 23:00,1.9188628051471574e-05
04-11 00:00,1.9188628051471574e-05
04-11 01:00,1.535090244117726e-05
04-11 02:00,1.535090244117726e-05
04-11 03:00,1.535090244117726e-05
04-11 04:00,1.535090244117726e-05
04-11 05:00,1.535090244117726e-05
04-11 06:00,1.535090244117726e-05
04-11 07:00,2.68640792720602e-05
04-11 08:00,4.9890432933826096e-05
04-11 09:00,5.756588415441472e-05
04-11 10:00,5.756588415441472e-05
04-11 11:00,4.9890432933826096e-05
04-11 12:00,3.837725610294315e-05
04-11 13:00,3.4539530492648835e-05
04-11 14:00,2.68640792720602e-05
04-11 15:00,1.9188628051471574e-05
04-11 16:00,2.3026353661765888e-05
04-11 17:00,2.3026353661765888e-05
04-11 18:00,2.3026353661765888e-05
04-11 19:00,2.3026353661765888e-05
04-11 20:00,2.3026353661765888e-05
04-11 21:00,2.3026353661765888e-05
04-11 22:00,1.9188628051471574e-05
04-11 23:00,1.9188628051471574e-05
05-11 00:00,1.535090244117726e-05
05-11 01:00,1.535090244117726e-05
05-11 02:00,1.1513176830882944e-05
05-11 03:00,1.1513176830882944e-05
05-11 04:00,1.1513176830882944e-05
05-11 05:00,1.9188628051471574e-05
05-11 06:00,4.221498171323747e-05
05-11 07:00,5.37281585441204e-05
05-11 08:00,4.9890432933826096e-05
05-11 09:00,3.4539530492648835e-05
05-11 10:00,3.070180488235452e-05
05-11 11:00,2.3026353661765888e-05
05-11 12:00,1.535090244117726e-05
05-11 13:00,1.535090244117726e-05
05-11 14:00,1.535090244117726e-05
05-11 15:00,1.535090244117726e-05
05-11 16:00,1.535090244117726e-05
05-11 17:00,1.9188628051471574e-05
05-11 18:00,1.9188628051471574e-05
05-11 19:00,1.9188628051471574e-05
05-11 20:00,2.3026353661765888e-05
05-11 21:00,2.68640792720602e-05
05-11 22:00,2.3026353661765888e-05
05-11 23:00,1.9188628051471574e-05
06-11 00:00,1.535090244117726e-05
06-11 01:00,1.535090244117726e-05
06-11 02:00,1.1513176830882944e-05
06-11 03:00,1.1513176830882944e-05
06-11 04:00,1.1513176830882944e-05
06-11 05:00,1.9188628051471574e-05
06-11 06:00,4.221498171323747e-05
06-11 07:00,5.37281585441204e-05
06-11 08:00,4.6052707323531776e-05
06-11 09:00,3.4539530492648835e-05
06-11 10:00,2.68640792720602e-05
06-11 11:00,2.3026353661765888e-05
06-11 12:00,1.535090244117726e-05
06-11 13:00,1.535090244117726e-05
06-11 14:00,1.535090244117726e-05
06-11 15:00,1.535090244117726e-05
06-11 16:00,1.9188628051471574e-05
06-11 17:00,1.9188628051471574e-05
06-11 18:00,1.9188628051471574e-05
06-11 19:00,1.9188628051471574e-05
06-11 20:00,2.3026353661765888e-05
06-11 21:00,2.3026353661765888e-05
06-11 22:00,2.68640792720602e-05
06-11 23:00,1.9188628051471574e-05
07-11 00:00,1.535090244117726e-05
07-11 01:00,1.535090244117726e-05
07-11 02:00,1.1513176830882944e-05
07-11 03:00,1.1513176830882944e-05
07-11 04:00,1.1513176830882944e-05
07-11 05:00,1.9188628051471574e-05
07-11 06:00,4.221498171323747e-05
07-11 07:00,4.9890432933826096e-05
07-11 08:00,4.6052707323531776e-05
07-11 09:00,3.837725610294315e-05
07-11 10:00,3.070180488235452e-05
07-11 11:00,2.3026353661765888e-05
07-11 12:00,1.535090244117726e-05
07-11 13:00,1.535090244117726e-05
07-11 14:00,1.535090244117726e-05
07-11 15:00,1.535090244117726e-05
07-11 16:00,1.535090244117726e-05
07-11 17:00,1.9188628051471574e-05
07-11 18:00,1.9188628051471574e-05
07-11 19:00,2.3026353661765888e-05
07-11 20:00,2.3026353661765888e-05
07-11 21:00,2.68640792720602e-05
07-11 22:00,2.3026353661765888e-05
07-11 23:00,1.9188628051471574e-05
08-11 00:00,1.535090244117726e-05
08-11 01:00,1.535090244117726e-05
08-11 02:00,1.1513176830882944e-05
08-11 03:00,1.1513176830882944e-05
08-11 04:00,1.1513176830882944e-05
08-11 05:00,2.3026353661765888e-05
08-11 06:00,4.221498171323747e-05
08-11 07:00,4.9890432933826096e-05
08-11 08:00,4.221498171323747e-05
08-11 09:00,3.837725610294315e-05
08-11 10:00,2.68640792720602e-05
08-11 11:00,2.3026353661765888e-05
08-11 12:00,1.9188628051471574e-05
08-11 13:00,1.535090244117726e-05
08-11 14:00,1.535090244117726e-05
08-11 15:00,1.535090244117726e-05
08-11 16:00,1.535090244117726e-05
08-11 17:00,1.9188628051471574e-05
08-11 18:00,1.9188628051471574e-05
08-11 19:00,1.9188628051471574e-05
08-11 20:00,2.3026353661765888e-05
08-11 21:00,2.3026353661765888e-05
08-11 22:00,2.68640792720602e-05
08-11 23:00,1.9188628051471574e-05
09-11 00:00,1.535090244117726e-05
09-11 01:00,1.535090244117726e-05
09-11 02:00,1.1513176830882944e-05
09-11 03:00,1.1513176830882944e-05
09-11 04:00,1.1513176830882944e-05
09-11 05:00,1.9188628051471574e-05
09-11 06:00,4.6052707323531776e-05
09-11 07:00,4.9890432933826096e-05
09-11 08:00,4.221498171323747e-05
09-11 09:00,3.837725610294315e-05
09-11 10:00,3.070180488235452e-05
09-11 11:00,2.3026353661765888e-05
09-11 12:00,1.535090244117726e-05
09-11 13:00,1.535090244117726e-05
09-11 14:00,1.535090244117726e-05
09-11 15:00,1.535090244117726e-05
09-11 16:00,1.9188628051471574e-05
09-11 17:00,1.9188628051471574e-05
09-11 18:00,1.9188628051471574e-05
09-11 19:00,2.3026353661765888e-05
09-11 20:00,2.3026353661765888e-05
09-11 21:00,2.3026353661765888e-05
09-11 22:00,2.3026353661765888e-05
09-11 23:00,2.3026353661765888e-05
10-11 00:00,1.9188628051471574e-05
10-11 01:00,1.535090244117726e-05
10-11 02:00,1.535090244117726e-05
10-11 03:00,1.535090244117726e-05
10-11 04:00,1.535090244117726e-05
10-11 05:00,1.535090244117726e-05
10-11 06:00,1.535090244117726e-05
10-11 07:00,2.68640792720602e-05
10-11 08:00,4.9890432933826096e-05
10-11 09:00,5.756588415441472e-05
10-11 10:00,5.37281585441204e-05
10-11 11:00,4.9890432933826096e-05
10-11 12:00,4.221498171323747e-05
10-11 13:00,3.4539530492648835e-05
10-11 14:00,2.68640792720602e-05
10-11 15:00,1.9188628051471574e-05
10-11 16:00,2.3026353661765888e-05
10-11 17:00,2.3026353661765888e-05
10-11 18:00,2.3026353661765888e-05
10-11 19:00,2.3026353661765888e-05
10-11 20:00,2.3026353661765888e-05
10-11 21:00,2.3026353661765888e-05
10-11 22:00,2.3026353661765888e-05
10-11 23:00,2.3026353661765888e-05
11-11 00:00,1.9188628051471574e-05
11-11 01:00,1.535090244117726e-05
11-11 02:00,1.535090244117726e-05
11-11 03:00,1.535090244117726e-05
11-11 04:00,1.535090244117726e-05
11-11 05:00,1.535090244117726e-05
11-11 06:00,1.535090244117726e-05
11-11 07:00,2.68640792720602e-05
11-11 08:00,4.9890432933826096e-05
11-11 09:00,5.756588415441472e-05
11-11 10:00,5.37281585441204e-05
11-11 11:00,4.6052707323531776e-05
11-11 12:00,4.6052707323531776e-05
11-11 13:00,3.4539530492648835e-05
11-11 14:00,2.3026353661765888e-05
11-11 15:00,1.9188628051471574e-05
11-11 16:00,2.3026353661765888e-05
11-11 17:00,2.3026353661765888e-05
11-11 18:00,2.3026353661765888e-05
11-11 19:00,2.3026353661765888e-05
11-11 20:00,2.3026353661765888e-05
11-11 21:00,2.3026353661765888e-05
11-11 22:00,2.3026353661765888e-05
11-11 23:00,1.9188628051471574e-05
12-11 00:00,1.535090244117726e-05
12-11 01:00,1.535090244117726e-05
12-11 02:00,1.1513176830882944e-05
12-11 03:00,1.1513176830882944e-05
12-11 04:00,1.1513176830882944e-05
12-11 05:00,1.9188628051471574e-05
12-11 06:00,4.6052707323531776e-05
12-11 07:00,4.9890432933826096e-05
12-11 08:00,4.221498171323747e-05
12-11 09:00,3.4539530492648835e-05
12-11 10:00,2.68640792720602e-05
12-11 11:00,2.3026353661765888e-05
12-11 12:00,1.535090244117726e-05
12-11 13:00,1.535090244117726e-05
12-11 14:00,1.535090244117726e-05
12-11 15:00,1.535090244117726e-05
12-11 16:00,1.535090244117726e-05
12-11 17:00,1.9188628051471574e-05
12-11 18:00,1.9188628051471574e-05
12-11 19:00,2.3026353661765888e-05
12-11 20:00,2.3026353661765888e-05
12-11 21:00,2.3026353661765888e-05
12-11 22:00,2.68640792720602e-05
12-11 23:00,2.3026353661765888e-05
13-11 00:00,1.9188628051471574e-05
13-11 01:00,1.9188628051471574e-05
13-11 02:00,1.535090244117726e-05
13-11 03:00,2.3026353661765888e-05
13-11 04:00,2.3026353661765888e-05
13-11 05:00,3.837725610294315e-05
13-11 06:00,0.0001036185914779465
13-11 07:00,0.00011129404269853513
13-11 08:00,0.0001074563170882408
13-11 09:00,4.6052707323531776e-05
13-11 10:00,3.837725610294315e-05
13-11 11:00,3.070180488235452e-05
13-11 12:00,2.3026353661765888e-05
13-11 13:00,2.3026353661765888e-05
13-11 14:00,2.3026353661765888e-05
13-11 15:00,2.3026353661765888e-05
13-11 16:00,2.68640792720602e-05
13-11 17:00,2.68640792720602e-05
13-11 18:00,2.68640792720602e-05
13-11 19:00,2.68640792720602e-05
13-11 20:00,3.070180488235452e-05
13-11 21:00,3.837725610294315e-05
13-11 22:00,3.070180488235452e-05
13-11 23:00,3.4539530492648835e-05
14-11 00:00,9.210541464706355e-05
14-11 01:00,0.00012664494513971237
14-11 02:00,0.00012664494513971237
14-11 03:00,0.00018804855490442144
14-11 04:00,0.00017653537807353848
14-11 05:00,0.00026096534150001343
14-11 06:00,0.00029934259760295656
14-11 07:00,0.0002878294207720736
14-11 08:00,0.0002456144390588362
14-11 09:00,0.0001573467500220669
14-11 10:00,0.0001074563170882408
14-11 11:00,9.594314025735786e-05
14-11 12:00,8.826768903676924e-05
14-11 13:00,8.442996342647494e-05
14-11 14:00,8.059223781618061e-05
14-11 15:00,8.059223781618061e-05
14-11 16:00,8.826768903676924e-05
14-11 17:00,9.978086586765219e-05
14-11 18:00,0.00011129404269853513
14-11 19:00,0.0001228072195294181
14-11 20:00,0.00016502220124265554
14-11 21:00,0.000207237182955893
14-11 22:00,0.00020339945734559867
14-11 23:00,0.0002149126341764816
15-11 00:00,0.00023793898783824752
15-11 01:00,0.00027247851833089637
15-11 02:00,0.00027247851833089637
15-11 03:00,0.00027247851833089637
15-11 04:00,0.0002839916951617793
15-11 05:00,0.0003684216585882542
15-11 06:00,0.0004605270732353178
15-11 07:00,0.00045668934762502347
15-11 08:00,0.0004259875427426689
15-11 09:00,0.0003453953049264883
15-11 10:00,0.00021107490856618732
15-11 11:00,0.0001573467500220669
15-11 12:00,0.00014583357319118397
15-11 13:00,0.00014583357319118397
15-11 14:00,0.00014199584758088965
15-11 15:00,0.00013048267075000671
15-11 16:00,0.0001535090244117726
15-11 17:00,0.00017269765246324416
15-11 18:00,0.00026480306711030774
15-11 19:00,0.00029166714638236794
15-11 20:00,0.00032236895126472244
15-11 21:00,0.00036074620736766563
15-11 22:00,0.0002839916951617793
15-11 23:00,0.00029550487199266225
16-11 00:00,0.00035307075614707695
16-11 01:00,0.00039528573786031445
16-11 02:00,0.00038377256102943146
16-11 03:00,0.0004336629939632576
16-11 04:00,0.00048355342689708367
16-11 05:00,0.0005833342927647359
16-11 06:00,0.0007713828476691573
16-11 07:00,0.000779058298889746
16-11 08:00,0.0007291678659559198
16-11 09:00,0.0005641456647132643
16-11 10:00,0.0005718211159338529
16-11 11:00,0.0005794965671544416
16-11 12:00,0.0005027420549485552
16-11 13:00,0.0004950666037279667
16-11 14:00,0.000487391152507378
16-11 15:00,0.0004912288781176723
16-11 16:00,0.0005372815854412041
16-11 17:00,0.000548794762272087
16-11 18:00,0.0005910097439853245
16-11 19:00,0.0006255492744779733
16-11 20:00,0.0005948474695956188
16-11 21:00,0.0005986851952059131
16-11 22:00,0.00038377256102943146
16-11 23:00,0.00033771985370589975
17-11 00:00,0.00029934259760295656
17-11 01:00,0.0003031803232132509
17-11 02:00,0.00032620667687501676
17-11 03:00,0.0003185312256544282
17-11 04:00,0.0003569084817573713
17-11 05:00,0.0004413384451838462
17-11 06:00,0.0005871720183750302
17-11 07:00,0.0005641456647132643
17-11 08:00,0.0005296061342206155
17-11 09:00,0.0005564702134926757
17-11 10:00,0.0004912288781176723
17-11 11:00,0.00045285162201472916
17-11 12:00,0.000414474365911786
17-11 13:00,0.00039528573786031445
17-11 14:00,0.0003914480122500201
17-11 15:00,0.0003799348354191372
17-11 16:00,0.00039912346347060877
17-11 17:00,0.00041831209152208034
17-11 18:00,0.00047971570128678935
17-11 19:00,0.000487391152507378
17-11 20:00,0.0004413384451838462
17-11 21:00,0.000414474365911786
17-11 22:00,0.00026096534150001343
17-11 23:00,0.00024177671344854183
18-11 00:00,0.00020339945734559867
18-11 01:00,0.0002149126341764816
18-11 02:00,0.0002149126341764816
18-11 03:00,0.00019956173173530438
18-11 04:00,0.0002302635366176589
18-11 05:00,0.0003453953049264883
18-11 06:00,0.0004298252683529632
18-11 07:00,0.00042214981713237465
18-11 08:00,0.0004720402500662008
18-11 09:00,0.0003569084817573713
18-11 10:00,0.00040679891469119734
18-11 11:00,0.00033004440248531107
18-11 12:00,0.0003108557744338395
18-11 13:00,0.00026864079272060205
18-11 14:00,0.0002763162439411907
18-11 15:00,0.0002494521646691305
18-11 16:00,0.00027247851833089637
18-11 17:00,0.0002839916951617793
18-11 18:00,0.00029934259760295656
18-11 19:00,0.000280153969551485
18-11 20:00,0.0003070180488235452
18-11 21:00,0.0002839916951617793
18-11 22:00,0.00025328989027942475
18-11 23:00,0.00025328989027942475
19-11 00:00,0.00019956173173530438
19-11 01:00,0.00017269765246324416
19-11 02:00,0.00016885992685294988
19-11 03:00,0.00016885992685294988
19-11 04:00,0.00017653537807353848
19-11 05:00,0.0001573467500220669
19-11 06:00,0.000207237182955893
19-11 07:00,0.0002302635366176589
19-11 08:00,0.00019188628051471573
19-11 09:00,0.00013815812197059534
19-11 10:00,0.0001228072195294181
19-11 11:00,8.442996342647494e-05
19-11 12:00,7.291678659559198e-05
19-11 13:00,6.524133537500336e-05
19-11 14:00,6.140360976470904e-05
19-11 15:00,6.524133537500336e-05
19-11 16:00,6.907906098529767e-05
19-11 17:00,7.67545122058863e-05
19-11 18:00,8.826768903676924e-05
19-11 19:00,8.826768903676924e-05
19-11 20:00,8.826768903676924e-05
19-11 21:00,9.978086586765219e-05
19-11 22:00,5.756588415441472e-05
19-11 23:00,4.6052707323531776e-05
20-11 00:00,1.535090244117726e-05
20-11 01:00,1.1513176830882944e-05
20-11 02:00,1.1513176830882944e-05
20-11 03:00,1.1513176830882944e-05
20-11 04:00,1.1513176830882944e-05
20-11 05:00,1.9188628051471574e-05
20-11 06:00,4.6052707323531776e-05
20-11 07:00,4.9890432933826096e-05
20-11 08:00,4.6052707323531776e-05
20-11 09:00,3.837725610294315e-05
20-11 10:00,3.070180488235452e-05
20-11 11:00,2.3026353661765888e-05
20-11 12:00,1.535090244117726e-05
20-11 13:00,1.535090244117726e-05
20-11 14:00,1.535090244117726e-05
20-11 15:00,1.535090244117726e-05
20-11 16:00,1.9188628051471574e-05
20-11 17:00,1.9188628051471574e-05
20-11 18:00,1.9188628051471574e-05
20-11 19:00,2.3026353661765888e-05
20-11 20:00,2.3026353661765888e-05
20-11 21:00,2.68640792720602e-05
20-11 22:00,2.68640792720602e-05
20-11 23:00,1.9188628051471574e-05
21-11 00:00,1.9188628051471574e-05
21-11 01:00,1.535090244117726e-05
21-11 02:00,1.535090244117726e-05
21-11 03:00,1.535090244117726e-05
21-11 04:00,1.535090244117726e-05
21-11 05:00,3.4539530492648835e-05
21-11 06:00,6.907906098529767e-05
21-11 07:00,0.0001036185914779465
21-11 08:00,0.00011129404269853513
21-11 09:00,9.210541464706355e-05
21-11 10:00,4.221498171323747e-05
21-11 11:00,3.837725610294315e-05
21-11 12:00,3.070180488235452e-05
21-11 13:00,3.070180488235452e-05
21-11 14:00,2.3026353661765888e-05
21-11 15:00,2.3026353661765888e-05
21-11 16:00,3.837725610294315e-05
21-11 17:00,3.837725610294315e-05
21-11 18:00,3.070180488235452e-05
21-11 19:00,3.4539530492648835e-05
21-11 20:00,3.4539530492648835e-05
21-11 21:00,3.4539530492648835e-05
21-11 22:00,2.68640792720602e-05
21-11 23:00,2.3026353661765888e-05
22-11 00:00,1.535090244117726e-05
22-11 01:00,1.535090244117726e-05
22-11 02:00,1.9188628051471574e-05
22-11 03:00,1.9188628051471574e-05
22-11 04:00,1.9188628051471574e-05
22-11 05:00,3.070180488235452e-05
22-11 06:00,5.37281585441204e-05
22-11 07:00,6.140360976470904e-05
22-11 08:00,5.756588415441472e-05
22-11 09:00,4.9890432933826096e-05
22-11 10:00,3.837725610294315e-05
22-11 11:00,2.68640792720602e-05
22-11 12:00,2.3026353661765888e-05
22-11 13:00,1.9188628051471574e-05
22-11 14:00,1.9188628051471574e-05
22-11 15:00,1.9188628051471574e-05
22-11 16:00,1.9188628051471574e-05
22-11 17:00,2.3026353661765888e-05
22-11 18:00,2.3026353661765888e-05
22-11 19:00,2.68640792720602e-05
22-11 20:00,2.68640792720602e-05
22-11 21:00,2.68640792720602e-05
22-11 22:00,3.070180488235452e-05
22-11 23:00,1.9188628051471574e-05
23-11 00:00,1.9188628051471574e-05
23-11 01:00,2.68640792720602e-05
23-11 02:00,6.524133537500336e-05
23-11 03:00,2.68640792720602e-05
23-11 04:00,2.68640792720602e-05
23-11 05:00,4.221498171323747e-05
23-11 06:00,6.907906098529767e-05
23-11 07:00,7.291678659559198e-05
23-11 08:00,6.524133537500336e-05
23-11 09:00,4.9890432933826096e-05
23-11 10:00,4.6052707323531776e-05
23-11 11:00,3.837725610294315e-05
23-11 12:00,3.4539530492648835e-05
23-11 13:00,2.68640792720602e-05
23-11 14:00,3.070180488235452e-05
23-11 15:00,2.68640792720602e-05
23-11 16:00,3.070180488235452e-05
23-11 17:00,3.4539530492648835e-05
23-11 18:00,4.6052707323531776e-05
23-11 19:00,4.9890432933826096e-05
23-11 20:00,9.210541464706355e-05
23-11 21:00,4.9890432933826096e-05
23-11 22:00,8.826768903676924e-05
23-11 23:00,0.0001535090244117726
24-11 00:00,0.00023793898783824752
24-11 01:00,0.00021875035978677595
24-11 02:00,0.00022642581100736458
24-11 03:00,0.00023793898783824752
24-11 04:00,0.000280153969551485
24-11 05:00,0.0003684216585882542
24-11 06:00,0.0003876102866397258
24-11 07:00,0.00033004440248531107
24-11 08:00,0.00036074620736766563
24-11 09:00,0.00032620667687501676
24-11 10:00,0.00021107490856618732
24-11 11:00,0.0001573467500220669
24-11 12:00,0.0001228072195294181
24-11 13:00,0.00011896949391912376
24-11 14:00,0.00011129404269853513
24-11 15:00,0.0001036185914779465
24-11 16:00,0.0001074563170882408
24-11 17:00,0.0001228072195294181
24-11 18:00,0.00011896949391912376
24-11 19:00,0.00013815812197059534
24-11 20:00,0.00013815812197059534
24-11 21:00,0.00013048267075000671
24-11 22:00,7.67545122058863e-05
24-11 23:00,5.37281585441204e-05
25-11 00:00,1.9188628051471574e-05
25-11 01:00,1.535090244117726e-05
25-11 02:00,1.535090244117726e-05
25-11 03:00,1.535090244117726e-05
25-11 04:00,1.535090244117726e-05
25-11 05:00,1.535090244117726e-05
25-11 06:00,1.535090244117726e-05
25-11 07:00,2.68640792720602e-05
25-11 08:00,5.37281585441204e-05
25-11 09:00,6.140360976470904e-05
25-11 10:00,5.37281585441204e-05
25-11 11:00,4.9890432933826096e-05
25-11 12:00,4.6052707323531776e-05
25-11 13:00,3.4539530492648835e-05
25-11 14:00,2.3026353661765888e-05
25-11 15:00,2.3026353661765888e-05
25-11 16:00,1.9188628051471574e-05
25-11 17:00,2.3026353661765888e-05
25-11 18:00,2.3026353661765888e-05
25-11 19:00,2.3026353661765888e-05
25-11 20:00,2.3026353661765888e-05
25-11 21:00,2.3026353661765888e-05
25-11 22:00,2.3026353661765888e-05
25-11 23:00,1.9188628051471574e-05
26-11 00:00,1.535090244117726e-05
26-11 01:00,1.535090244117726e-05
26-11 02:00,1.1513176830882944e-05
26-11 03:00,1.1513176830882944e-05
26-11 04:00,1.1513176830882944e-05
26-11 05:00,1.9188628051471574e-05
26-11 06:00,4.6052707323531776e-05
26-11 07:00,4.9890432933826096e-05
26-11 08:00,4.6052707323531776e-05
26-11 09:00,3.837725610294315e-05
26-11 10:00,2.68640792720602e-05
26-11 11:00,2.3026353661765888e-05
26-11 12:00,1.9188628051471574e-05
26-11 13:00,1.535090244117726e-05
26-11 14:00,1.535090244117726e-05
26-11 15:00,1.535090244117726e-05
26-11 16:00,1.9188628051471574e-05
26-11 17:00,1.9188628051471574e-05
26-11 18:00,1.9188628051471574e-05
26-11 19:00,2.3026353661765888e-05
26-11 20:00,2.3026353661765888e-05
26-11 21:00,2.68640792720602e-05
26-11 22:00,2.68640792720602e-05
26-11 23:00,2.3026353661765888e-05
27-11 00:00,1.9188628051471574e-05
27-11 01:00,1.535090244117726e-05
27-11 02:00,1.535090244117726e-05
27-11 03:00,1.535090244117726e-05
27-11 04:00,2.3026353661765888e-05
27-11 05:00,3.4539530492648835e-05
27-11 06:00,0.0001074563170882408
27-11 07:00,0.00011129404269853513
27-11 08:00,9.978086586765219e-05
27-11 09:00,5.37281585441204e-05
27-11 10:00,3.837725610294315e-05
27-11 11:00,3.070180488235452e-05
27-11 12:00,2.3026353661765888e-05
27-11 13:00,2.3026353661765888e-05
27-11 14:00,2.3026353661765888e-05
27-11 15:00,2.3026353661765888e-05
27-11 16:00,2.68640792720602e-05
27-11 17:00,2.68640792720602e-05
27-11 18:00,3.070180488235452e-05
27-11 19:00,3.4539530492648835e-05
27-11 20:00,3.070180488235452e-05
27-11 21:00,3.4539530492648835e-05
27-11 22:00,3.070180488235452e-05
27-11 23:00,2.68640792720602e-05
28-11 00:00,1.535090244117726e-05
28-11 01:00,1.535090244117726e-05
28-11 02:00,1.1513176830882944e-05
28-11 03:00,1.1513176830882944e-05
28-11 04:00,1.1513176830882944e-05
28-11 05:00,1.9188628051471574e-05
28-11 06:00,4.6052707323531776e-05
28-11 07:00,4.6052707323531776e-05
28-11 08:00,4.6052707323531776e-05
28-11 09:00,3.837725610294315e-05
28-11 10:00,3.070180488235452e-05
28-11 11:00,2.3026353661765888e-05
28-11 12:00,1.535090244117726e-05
28-11 13:00,1.535090244117726e-05
28-11 14:00,1.535090244117726e-05
28-11 15:00,1.535090244117726e-05
28-11 16:00,1.9188628051471574e-05
28-11 17:00,1.9188628051471574e-05
28-11 18:00,1.9188628051471574e-05
28-11 19:00,2.3026353661765888e-05
28-11 20:00,2.68640792720602e-05
28-11 21:00,2.68640792720602e-05
28-11 22:00,2.68640792720602e-05
28-11 23:00,2.3026353661765888e-05
29-11 00:00,1.535090244117726e-05
29-11 01:00,1.1513176830882944e-05
29-11 02:00,1.1513176830882944e-05
29-11 03:00,1.1513176830882944e-05
29-11 04:00,1.1513176830882944e-05
29-11 05:00,2.3026353661765888e-05
29-11 06:00,4.9890432933826096e-05
29-11 07:00,4.9890432933826096e-05
29-11 08:00,4.221498171323747e-05
29-11 09:00,3.837725610294315e-05
29-11 10:00,3.070180488235452e-05
29-11 11:00,2.3026353661765888e-05
29-11 12:00,1.9188628051471574e-05
29-11 13:00,1.535090244117726e-05
29-11 14:00,1.535090244117726e-05
29-11 15:00,1.535090244117726e-05
29-11 16:00,1.535090244117726e-05
29-11 17:00,1.9188628051471574e-05
29-11 18:00,1.9188628051471574e-05
29-11 19:00,2.3026353661765888e-05
29-11 20:00,2.3026353661765888e-05
29-11 21:00,2.68640792720602e-05
29-11 22:00,2.3026353661765888e-05
29-11 23:00,1.9188628051471574e-05
30-11 00:00,2.3026353661765888e-05
30-11 01:00,2.3026353661765888e-05
30-11 02:00,1.9188628051471574e-05
30-11 03:00,1.9188628051471574e-05
30-11 04:00,1.9188628051471574e-05
30-11 05:00,3.4539530492648835e-05
30-11 06:00,6.907906098529767e-05
30-11 07:00,7.291678659559198e-05
30-11 08:00,6.524133537500336e-05
30-11 09:00,5.756588415441472e-05
30-11 10:00,4.9890432933826096e-05
30-11 11:00,4.9890432933826096e-05
30-11 12:00,4.221498171323747e-05
30-11 13:00,8.059223781618061e-05
30-11 14:00,8.059223781618061e-05
30-11 15:00,3.837725610294315e-05
30-11 16:00,4.6052707323531776e-05
30-11 17:00,4.221498171323747e-05
30-11 18:00,9.594314025735786e-05
30-11 19:00,9.978086586765219e-05
30-11 20:00,0.00011513176830882945
30-11 21:00,9.978086586765219e-05
30-11 22:00,6.140360976470904e-05
30-11 23:00,3.070180488235452e-05
01-12 00:00,1.9188628051471574e-05
01-12 01:00,1.535090244117726e-05
01-12 02:00,1.535090244117726e-05
01-12 03:00,1.535090244117726e-05
01-12 04:00,1.535090244117726e-05
01-12 05:00,1.535090244117726e-05
01-12 06:00,1.535090244117726e-05
01-12 07:00,2.68640792720602e-05
01-12 08:00,4.9890432933826096e-05
01-12 09:00,5.756588415441472e-05
01-12 10:00,5.37281585441204e-05
01-12 11:00,5.37281585441204e-05
01-12 12:00,4.6052707323531776e-05
01-12 13:00,3.4539530492648835e-05
01-12 14:00,2.3026353661765888e-05
01-12 15:00,2.3026353661765888e-05
01-12 16:00,2.3026353661765888e-05
01-12 17:00,2.68640792720602e-05
01-12 18:00,2.68640792720602e-05
01-12 19:00,2.3026353661765888e-05
01-12 20:00,2.3026353661765888e-05
01-12 21:00,2.3026353661765888e-05
01-12 22:00,2.3026353661765888e-05
01-12 23:00,2.3026353661765888e-05
02-12 00:00,1.9188628051471574e-05
02-12 01:00,2.3026353661765888e-05
02-12 02:00,2.3026353661765888e-05
02-12 03:00,2.3026353661765888e-05
02-12 04:00,2.3026353661765888e-05
02-12 05:00,1.535090244117726e-05
02-12 06:00,1.9188628051471574e-05
02-12 07:00,3.070180488235452e-05
02-12 08:00,4.6052707323531776e-05
02-12 09:00,5.756588415441472e-05
02-12 10:00,5.37281585441204e-05
02-12 11:00,4.9890432933826096e-05
02-12 12:00,4.221498171323747e-05
02-12 13:00,3.4539530492648835e-05
02-12 14:00,2.3026353661765888e-05
02-12 15:00,2.3026353661765888e-05
02-12 16:00,2.3026353661765888e-05
02-12 17:00,2.3026353661765888e-05
02-12 18:00,3.070180488235452e-05
02-12 19:00,2.3026353661765888e-05
02-12 20:00,2.68640792720602e-05
02-12 21:00,2.68640792720602e-05
02-12 22:00,2.3026353661765888e-05
02-12 23:00,1.9188628051471574e-05
03-12 00:00,1.535090244117726e-05
03-12 01:00,1.535090244117726e-05
03-12 02:00,1.1513176830882944e-05
03-12 03:00,1.1513176830882944e-05
03-12 04:00,1.1513176830882944e-05
03-12 05:00,1.9188628051471574e-05
03-12 06:00,4.6052707323531776e-05
03-12 07:00,4.9890432933826096e-05
03-12 08:00,4.6052707323531776e-05
03-12 09:00,3.4539530492648835e-05
03-12 10:00,3.070180488235452e-05
03-12 11:00,2.3026353661765888e-05
03-12 12:00,1.535090244117726e-05
03-12 13:00,1.535090244117726e-05
03-12 14:00,1.535090244117726e-05
03-12 15:00,1.535090244117726e-05
03-12 16:00,1.535090244117726e-05
03-12 17:00,1.9188628051471574e-05
03-12 18:00,1.9188628051471574e-05
03-12 19:00,2.3026353661765888e-05
03-12 20:00,2.68640792720602e-05
03-12 21:00,2.68640792720602e-05
03-12 22:00,2.68640792720602e-05
03-12 23:00,2.3026353661765888e-05
04-12 00:00,1.9188628051471574e-05
04-12 01:00,1.535090244117726e-05
04-12 02:00,1.535090244117726e-05
04-12 03:00,1.535090244117726e-05
04-12 04:00,1.535090244117726e-05
04-12 05:00,3.070180488235452e-05
04-12 06:00,5.756588415441472e-05
04-12 07:00,6.140360976470904e-05
04-12 08:00,5.37281585441204e-05
04-12 09:00,4.6052707323531776e-05
04-12 10:00,3.837725610294315e-05
04-12 11:00,3.070180488235452e-05
04-12 12:00,2.68640792720602e-05
04-12 13:00,2.3026353661765888e-05
04-12 14:00,2.3026353661765888e-05
04-12 15:00,2.3026353661765888e-05
04-12 16:00,2.3026353661765888e-05
04-12 17:00,2.68640792720602e-05
04-12 18:00,3.4539530492648835e-05
04-12 19:00,8.442996342647494e-05
04-12 20:00,8.059223781618061e-05
04-12 21:00,8.059223781618061e-05
04-12 22:00,3.837725610294315e-05
04-12 23:00,3.070180488235452e-05
05-12 00:00,2.3026353661765888e-05
05-12 01:00,2.3026353661765888e-05
05-12 02:00,1.1513176830882944e-05
05-12 03:00,1.1513176830882944e-05
05-12 04:00,1.1513176830882944e-05
05-12 05:00,2.3026353661765888e-05
05-12 06:00,4.221498171323747e-05
05-12 07:00,4.6052707323531776e-05
05-12 08:00,4.6052707323531776e-05
05-12 09:00,3.837725610294315e-05
05-12 10:00,3.070180488235452e-05
05-12 11:00,2.3026353661765888e-05
05-12 12:00,1.9188628051471574e-05
05-12 13:00,1.535090244117726e-05
05-12 14:00,1.535090244117726e-05
05-12 15:00,1.535090244117726e-05
05-12 16:00,1.9188628051471574e-05
05-12 17:00,1.9188628051471574e-05
05-12 18:00,1.9188628051471574e-05
05-12 19:00,2.3026353661765888e-05
05-12 20:00,2.68640792720602e-05
05-12 21:00,2.68640792720602e-05
05-12 22:00,2.3026353661765888e-05
05-12 23:00,2.3026353661765888e-05
06-12 00:00,1.535090244117726e-05
06-12 01:00,1.535090244117726e-05
06-12 02:00,1.1513176830882944e-05
06-12 03:00,1.1513176830882944e-05
06-12 04:00,1.1513176830882944e-05
06-12 05:00,2.3026353661765888e-05
06-12 06:00,4.221498171323747e-05
06-12 07:00,4.9890432933826096e-05
06-12 08:00,4.6052707323531776e-05
06-12 09:00,4.221498171323747e-05
06-12 10:00,3.070180488235452e-05
06-12 11:00,2.3026353661765888e-05
06-12 12:00,1.9188628051471574e-05
06-12 13:00,1.535090244117726e-05
06-12 14:00,1.535090244117726e-05
06-12 15:00,1.535090244117726e-05
06-12 16:00,1.535090244117726e-05
06-12 17:00,2.3026353661765888e-05
06-12 18:00,1.9188628051471574e-05
06-12 19:00,1.9188628051471574e-05
06-12 20:00,2.68640792720602e-05
06-12 21:00,2.68640792720602e-05
06-12 22:00,2.68640792720602e-05
06-12 23:00,2.3026353661765888e-05
07-12 00:00,1.535090244117726e-05
07-12 01:00,1.1513176830882944e-05
07-12 02:00,1.1513176830882944e-05
07-12 03:00,1.1513176830882944e-05
07-12 04:00,1.1513176830882944e-05
07-12 05:00,2.3026353661765888e-05
07-12 06:00,4.6052707323531776e-05
07-12 07:00,4.9890432933826096e-05
07-12 08:00,4.6052707323531776e-05
07-12 09:00,3.837725610294315e-05
07-12 10:00,2.68640792720602e-05
07-12 11:00,2.3026353661765888e-05
07-12 12:00,1.535090244117726e-05
07-12 13:00,1.535090244117726e-05
07-12 14:00,1.535090244117726e-05
07-12 15:00,1.535090244117726e-05
07-12 16:00,1.535090244117726e-05
07-12 17:00,1.9188628051471574e-05
07-12 18:00,2.3026353661765888e-05
07-12 19:00,2.3026353661765888e-05
07-12 20:00,2.3026353661765888e-05
07-12 21:00,2.3026353661765888e-05
07-12 22:00,2.68640792720602e-05
07-12 23:00,1.9188628051471574e-05
08-12 00:00,1.9188628051471574e-05
08-12 01:00,1.535090244117726e-05
08-12 02:00,1.535090244117726e-05
08-12 03:00,1.535090244117726e-05
08-12 04:00,1.535090244117726e-05
08-12 05:00,1.535090244117726e-05
08-12 06:00,1.9188628051471574e-05
08-12 07:00,3.4539530492648835e-05
08-12 08:00,5.37281585441204e-05
08-12 09:00,5.756588415441472e-05
08-12 10:00,5.756588415441472e-05
08-12 11:00,4.9890432933826096e-05
08-12 12:00,4.6052707323531776e-05
08-12 13:00,3.4539530492648835e-05
08-12 14:00,2.3026353661765888e-05
08-12 15:00,2.3026353661765888e-05
08-12 16:00,2.3026353661765888e-05
08-12 17:00,2.3026353661765888e-05
08-12 18:00,3.070180488235452e-05
08-12 19:00,3.070180488235452e-05
08-12 20:00,2.68640792720602e-05
08-12 21:00,2.3026353661765888e-05
08-12 22:00,3.070180488235452e-05
08-12 23:00,3.070180488235452e-05
09-12 00:00,3.070180488235452e-05
09-12 01:00,6.907906098529767e-05
09-12 02:00,2.68640792720602e-05
09-12 03:00,2.68640792720602e-05
09-12 04:00,2.3026353661765888e-05
09-12 05:00,3.4539530492648835e-05
09-12 06:00,3.070180488235452e-05
09-12 07:00,4.221498171323747e-05
09-12 08:00,6.907906098529767e-05
09-12 09:00,7.291678659559198e-05
09-12 10:00,6.907906098529767e-05
09-12 11:00,6.140360976470904e-05
09-12 12:00,5.756588415441472e-05
09-12 13:00,4.6052707323531776e-05
09-12 14:00,3.837725610294315e-05
09-12 15:00,3.4539530492648835e-05
09-12 16:00,3.4539530492648835e-05
09-12 17:00,3.4539530492648835e-05
09-12 18:00,3.4539530492648835e-05
09-12 19:00,3.4539530492648835e-05
09-12 20:00,8.826768903676924e-05
09-12 21:00,8.442996342647494e-05
09-12 22:00,8.059223781618061e-05
09-12 23:00,3.070180488235452e-05
10-12 00:00,3.837725610294315e-05
10-12 01:00,8.059223781618061e-05
10-12 02:00,0.00012664494513971237
10-12 03:00,0.00011896949391912376
10-12 04:00,0.00012664494513971237
10-12 05:00,0.00016502220124265554
10-12 06:00,0.00026480306711030774
10-12 07:00,0.00025328989027942475
10-12 08:00,0.0002341012622279532
10-12 09:00,0.00016885992685294988
10-12 10:00,8.442996342647494e-05
10-12 11:00,6.524133537500336e-05
10-12 12:00,5.756588415441472e-05
10-12 13:00,6.140360976470904e-05
10-12 14:00,5.37281585441204e-05
10-12 15:00,5.756588415441472e-05
10-12 16:00,7.291678659559198e-05
10-12 17:00,6.524133537500336e-05
10-12 18:00,6.524133537500336e-05
10-12 19:00,7.67545122058863e-05
10-12 20:00,7.67545122058863e-05
10-12 21:00,8.059223781618061e-05
10-12 22:00,5.756588415441472e-05
10-12 23:00,4.9890432933826096e-05
11-12 00:00,3.4539530492648835e-05
11-12 01:00,6.907906098529767e-05
11-12 02:00,7.291678659559198e-05
11-12 03:00,7.67545122058863e-05
11-12 04:00,7.67545122058863e-05
11-12 05:00,0.00013815812197059534
11-12 06:00,0.00019188628051471573
11-12 07:00,0.00018037310368383282
11-12 08:00,0.00017269765246324416
11-12 09:00,0.0001228072195294181
11-12 10:00,0.00011896949391912376
11-12 11:00,6.140360976470904e-05
11-12 12:00,5.756588415441472e-05
11-12 13:00,4.9890432933826096e-05
11-12 14:00,5.37281585441204e-05
11-12 15:00,4.9890432933826096e-05
11-12 16:00,4.6052707323531776e-05
11-12 17:00,5.37281585441204e-05
11-12 18:00,5.37281585441204e-05
11-12 19:00,6.140360976470904e-05
11-12 20:00,6.524133537500336e-05
11-12 21:00,6.524133537500336e-05
11-12 22:00,4.6052707323531776e-05
11-12 23:00,3.4539530492648835e-05
12-12 00:00,1.535090244117726e-05
12-12 01:00,1.535090244117726e-05
12-12 02:00,1.1513176830882944e-05
12-12 03:00,1.1513176830882944e-05
12-12 04:00,1.1513176830882944e-05
12-12 05:00,2.3026353661765888e-05
12-12 06:00,4.6052707323531776e-05
12-12 07:00,4.9890432933826096e-05
12-12 08:00,4.6052707323531776e-05
12-12 09:00,3.837725610294315e-05
12-12 10:00,3.070180488235452e-05
12-12 11:00,2.3026353661765888e-05
12-12 12:00,1.9188628051471574e-05
12-12 13:00,1.535090244117726e-05
12-12 14:00,1.535090244117726e-05
12-12 15:00,1.535090244117726e-05
12-12 16:00,1.9188628051471574e-05
12-12 17:00,1.9188628051471574e-05
12-12 18:00,2.3026353661765888e-05
12-12 19:00,2.3026353661765888e-05
12-12 20:00,2.3026353661765888e-05
12-12 21:00,2.68640792720602e-05
12-12 22:00,2.68640792720602e-05
12-12 23:00,1.9188628051471574e-05
13-12 00:00,2.68640792720602e-05
13-12 01:00,1.9188628051471574e-05
13-12 02:00,2.68640792720602e-05
13-12 03:00,3.070180488235452e-05
13-12 04:00,3.4539530492648835e-05
13-12 05:00,4.9890432933826096e-05
13-12 06:00,0.00014199584758088965
13-12 07:00,0.00013048267075000671
13-12 08:00,0.00012664494513971237
13-12 09:00,7.291678659559198e-05
13-12 10:00,6.140360976470904e-05
13-12 11:00,5.37281585441204e-05
13-12 12:00,4.9890432933826096e-05
13-12 13:00,3.837725610294315e-05
13-12 14:00,4.6052707323531776e-05
13-12 15:00,4.6052707323531776e-05
13-12 16:00,4.6052707323531776e-05
13-12 17:00,5.37281585441204e-05
13-12 18:00,0.0001036185914779465
13-12 19:00,9.594314025735786e-05
13-12 20:00,9.978086586765219e-05
13-12 21:00,0.0001074563170882408
13-12 22:00,8.826768903676924e-05
13-12 23:00,8.442996342647494e-05
14-12 00:00,0.00014967129880147828
14-12 01:00,0.00014967129880147828
14-12 02:00,0.0001535090244117726
14-12 03:00,0.0001535090244117726
14-12 04:00,0.00016502220124265554
14-12 05:00,0.0002763162439411907
14-12 06:00,0.00033771985370589975
14-12 07:00,0.0003684216585882542
14-12 08:00,0.0003108557744338395
14-12 09:00,0.00029166714638236794
14-12 10:00,0.0002839916951617793
14-12 11:00,0.0002494521646691305
14-12 12:00,0.0002341012622279532
14-12 13:00,0.000207237182955893
14-12 14:00,0.00016885992685294988
14-12 15:00,0.00016885992685294988
14-12 16:00,0.00017653537807353848
14-12 17:00,0.0002341012622279532
14-12 18:00,0.00022258808539707027
14-12 19:00,0.00029550487199266225
14-12 20:00,0.0003070180488235452
14-12 21:00,0.0002878294207720736
14-12 22:00,0.00026864079272060205
14-12 23:00,0.0002149126341764816
15-12 00:00,0.0003031803232132509
15-12 01:00,0.0003031803232132509
15-12 02:00,0.0002839916951617793
15-12 03:00,0.0003108557744338395
15-12 04:00,0.00038377256102943146
15-12 05:00,0.00056030793910297
15-12 06:00,0.0007291678659559198
15-12 07:00,0.0007330055915662142
15-12 08:00,0.0006025229208162074
15-12 09:00,0.000683115158632388
15-12 10:00,0.0005526324878823814
15-12 11:00,0.00048355342689708367
15-12 12:00,0.00042214981713237465
15-12 13:00,0.000487391152507378
15-12 14:00,0.00038377256102943146
15-12 15:00,0.00041831209152208034
15-12 16:00,0.0005296061342206155
15-12 17:00,0.0006063606464265018
15-12 18:00,0.0006485756281397392
15-12 19:00,0.0006754397074117995
15-12 20:00,0.0006716019818015051
15-12 21:00,0.0007521942196176858
15-12 22:00,0.0005334438598309098
15-12 23:00,0.0004375007195735519
16-12 00:00,0.0005334438598309098
16-12 01:00,0.0004912288781176723
16-12 02:00,0.0005142552317794382
16-12 03:00,0.00047971570128678935
16-12 04:00,0.0005718211159338529
16-12 05:00,0.0006562510793603279
16-12 06:00,0.0008519750854853378
16-12 07:00,0.0007138169635147426
16-12 08:00,0.0007291678659559198
16-12 09:00,0.000621711548867679
16-12 10:00,0.0005564702134926757
16-12 11:00,0.0005794965671544416
16-12 12:00,0.00047971570128678935
16-12 13:00,0.0005065797805588495
16-12 14:00,0.0004643647988456121
16-12 15:00,0.00047587797567649504
16-12 16:00,0.0005142552317794382
16-12 17:00,0.0005219306830000269
16-12 18:00,0.000548794762272087
16-12 19:00,0.0005679833903235586
16-12 20:00,0.0005871720183750302
16-12 21:00,0.0005641456647132643
16-12 22:00,0.00033004440248531107
16-12 23:00,0.0002571276158897191
17-12 00:00,0.0002149126341764816
17-12 01:00,0.0002302635366176589
17-12 02:00,0.00026864079272060205
17-12 03:00,0.00025328989027942475
17-12 04:00,0.0002763162439411907
17-12 05:00,0.0003684216585882542
17-12 06:00,0.000498904329338261
17-12 07:00,0.0004298252683529632
17-12 08:00,0.00039528573786031445
17-12 09:00,0.0003799348354191372
17-12 10:00,0.00036074620736766563
17-12 11:00,0.00035307075614707695
17-12 12:00,0.0003338821280956054
17-12 13:00,0.0003108557744338395
17-12 14:00,0.0003108557744338395
17-12 15:00,0.00036074620736766563
17-12 16:00,0.00039528573786031445
17-12 17:00,0.00039912346347060877
17-12 18:00,0.00041063664030149165
17-12 19:00,0.0004490138964044348
17-12 20:00,0.000414474365911786
17-12 21:00,0.00042214981713237465
17-12 22:00,0.0003684216585882542
17-12 23:00,0.0003146935000441338
18-12 00:00,0.00032620667687501676
18-12 01:00,0.00032236895126472244
18-12 02:00,0.00032236895126472244
18-12 03:00,0.0003108557744338395
18-12 04:00,0.0003338821280956054
18-12 05:00,0.0005180929573897325
18-12 06:00,0.0007214924147353313
18-12 07:00,0.0006409001769191506
18-12 08:00,0.0005641456647132643
18-12 09:00,0.0005449570366617927
18-12 10:00,0.0006063606464265018
18-12 11:00,0.0005027420549485552
18-12 12:00,0.000487391152507378
18-12 13:00,0.0005142552317794382
18-12 14:00,0.0004605270732353178
18-12 15:00,0.0005219306830000269
18-12 16:00,0.0005027420549485552
18-12 17:00,0.0005104175061691439
18-12 18:00,0.0005296061342206155
18-12 19:00,0.0005564702134926757
18-12 20:00,0.0005142552317794382
18-12 21:00,0.000548794762272087
18-12 22:00,0.0003914480122500201
18-12 23:00,0.00033771985370589975
19-12 00:00,0.0003146935000441338
19-12 01:00,0.00029550487199266225
19-12 02:00,0.00032620667687501676
19-12 03:00,0.0003108557744338395
19-12 04:00,0.00032620667687501676
19-12 05:00,0.0005142552317794382
19-12 06:00,0.0006255492744779733
19-12 07:00,0.0006447379025294449
19-12 08:00,0.0004912288781176723
19-12 09:00,0.00044517617079414053
19-12 10:00,0.0004605270732353178
19-12 11:00,0.0005104175061691439
19-12 12:00,0.0004643647988456121
19-12 13:00,0.0004490138964044348
19-12 14:00,0.00044517617079414053
19-12 15:00,0.00047587797567649504
19-12 16:00,0.0004605270732353178
19-12 17:00,0.00047587797567649504
19-12 18:00,0.0005257684086103211
19-12 19:00,0.0005372815854412041
19-12 20:00,0.0005296061342206155
19-12 21:00,0.0005526324878823814
19-12 22:00,0.0003645839329779599
19-12 23:00,0.000341557579316194
20-12 00:00,0.00036074620736766563
20-12 01:00,0.00033771985370589975
20-12 02:00,0.0003569084817573713
20-12 03:00,0.000414474365911786
20-12 04:00,0.00040679891469119734
20-12 05:00,0.0005948474695956188
20-12 06:00,0.0007752205732794515
20-12 07:00,0.0007253301403456255
20-12 08:00,0.0006409001769191506
20-12 09:00,0.0005948474695956188
20-12 10:00,0.0006293870000882676
20-12 11:00,0.000621711548867679
20-12 12:00,0.0006140360976470904
20-12 13:00,0.0005257684086103211
20-12 14:00,0.0005449570366617927
20-12 15:00,0.0005871720183750302
20-12 16:00,0.0006370624513088564
20-12 17:00,0.0006255492744779733
20-12 18:00,0.0006792774330220937
20-12 19:00,0.0007713828476691573
20-12 20:00,0.0007099792379044482
20-12 21:00,0.0007330055915662142
20-12 22:00,0.0005833342927647359
20-12 23:00,0.00047587797567649504
21-12 00:00,0.0005296061342206155
21-12 01:00,0.0005257684086103211
21-12 02:00,0.0005411193110514984
21-12 03:00,0.0005871720183750302
21-12 04:00,0.0005794965671544416
21-12 05:00,0.000779058298889746
21-12 06:00,0.0010208350123382878
21-12 07:00,0.0009517559513529901
21-12 08:00,0.0009671068537941673
21-12 09:00,0.0008519750854853378
21-12 10:00,0.0007982469269412175
21-12 11:00,0.0008481373598750436
21-12 12:00,0.0007982469269412175
21-12 13:00,0.0008097601037721005
21-12 14:00,0.0008903523415882811
21-12 15:00,0.0008174355549926891
21-12 16:00,0.0008020846525515117
21-12 17:00,0.0008634882623162209
21-12 18:00,0.0008442996342647493
21-12 19:00,0.0009172164208603411
21-12 20:00,0.000997808658676522
21-12 21:00,0.0009862954818456388
21-12 22:00,0.0006792774330220937
21-12 23:00,0.0006025229208162074
22-12 00:00,0.0006101983720367961
22-12 01:00,0.0006485756281397392
22-12 02:00,0.0006025229208162074
22-12 03:00,0.000633224725698562
22-12 04:00,0.0007637073964485686
22-12 05:00,0.0009939709330662274
22-12 06:00,0.001182019487970649
22-12 07:00,0.001109102701375057
22-12 08:00,0.0009479182257426958
22-12 09:00,0.0009172164208603411
22-12 10:00,0.0009210541464706356
22-12 11:00,0.0009402427745221071
22-12 12:00,0.0008519750854853378
22-12 13:00,0.0008174355549926891
22-12 14:00,0.000828948731823572
22-12 15:00,0.0008903523415882811
22-12 16:00,0.0008903523415882811
22-12 17:00,0.0008826768903676924
22-12 18:00,0.0009786200306250504
22-12 19:00,0.0009824577562353447
22-12 20:00,0.0010054841098971104
22-12 21:00,0.0010285104635588765
22-12 22:00,0.0006716019818015051
22-12 23:00,0.0006178738232573847
23-12 00:00,0.0004912288781176723
23-12 01:00,0.0004950666037279667
23-12 02:00,0.0005104175061691439
23-12 03:00,0.0005411193110514984
23-12 04:00,0.0005756588415441472
23-12 05:00,0.0008059223781618062
23-12 06:00,0.0009824577562353447
23-12 07:00,0.0009901332074559333
23-12 08:00,0.0009095409696397526
23-12 09:00,0.0007944092013309231
23-12 10:00,0.0007828960245000402
23-12 11:00,0.0007368433171765084
23-12 12:00,0.0006025229208162074
23-12 13:00,0.0005564702134926757
23-12 14:00,0.0005334438598309098
23-12 15:00,0.0005641456647132643
23-12 16:00,0.0005948474695956188
23-12 17:00,0.0006677642561912108
23-12 18:00,0.0006063606464265018
23-12 19:00,0.0005910097439853245
23-12 20:00,0.00056030793910297
23-12 21:00,0.0006524133537500335
23-12 22:00,0.00040679891469119734
23-12 23:00,0.0003453953049264883
24-12 00:00,0.00025328989027942475
24-12 01:00,0.0002571276158897191
24-12 02:00,0.00026864079272060205
24-12 03:00,0.00027247851833089637
24-12 04:00,0.00029934259760295656
24-12 05:00,0.00035307075614707695
24-12 06:00,0.0004336629939632576
24-12 07:00,0.00042214981713237465
24-12 08:00,0.0004490138964044348
24-12 09:00,0.00042214981713237465
24-12 10:00,0.0003876102866397258
24-12 11:00,0.0004336629939632576
24-12 12:00,0.0003799348354191372
24-12 13:00,0.00033771985370589975
24-12 14:00,0.0003185312256544282
24-12 15:00,0.00035307075614707695
24-12 16:00,0.00035307075614707695
24-12 17:00,0.00035307075614707695
24-12 18:00,0.0003799348354191372
24-12 19:00,0.00036074620736766563
24-12 20:00,0.0003876102866397258
24-12 21:00,0.00038377256102943146
24-12 22:00,0.00026096534150001343
24-12 23:00,0.00022642581100736458
25-12 00:00,0.00021875035978677595
25-12 01:00,0.0002149126341764816
25-12 02:00,0.00022258808539707027
25-12 03:00,0.00025328989027942475
25-12 04:00,0.0002456144390588362
25-12 05:00,0.0003914480122500201
25-12 06:00,0.0005526324878823814
25-12 07:00,0.0005564702134926757
25-12 08:00,0.0005334438598309098
25-12 09:00,0.00048355342689708367
25-12 10:00,0.0004605270732353178
25-12 11:00,0.0004029611890809031
25-12 12:00,0.0003569084817573713
25-12 13:00,0.0003146935000441338
25-12 14:00,0.0003185312256544282
25-12 15:00,0.0003645839329779599
25-12 16:00,0.00041063664030149165
25-12 17:00,0.0004720402500662008
25-12 18:00,0.0005104175061691439
25-12 19:00,0.0005142552317794382
25-12 20:00,0.0005411193110514984
25-12 21:00,0.0005449570366617927
25-12 22:00,0.0003645839329779599
25-12 23:00,0.00042214981713237465
26-12 00:00,0.00039912346347060877
26-12 01:00,0.00041063664030149165
26-12 02:00,0.0004298252683529632
26-12 03:00,0.0004490138964044348
26-12 04:00,0.0004259875427426689
26-12 05:00,0.0005372815854412041
26-12 06:00,0.0007483564940073914
26-12 07:00,0.0006907906098529766
26-12 08:00,0.0007176546891250368
26-12 09:00,0.0007176546891250368
26-12 10:00,0.0005296061342206155
26-12 11:00,0.0005142552317794382
26-12 12:00,0.00041063664030149165
26-12 13:00,0.00045668934762502347
26-12 14:00,0.0004605270732353178
26-12 15:00,0.00042214981713237465
26-12 16:00,0.00042214981713237465
26-12 17:00,0.00045285162201472916
26-12 18:00,0.0004605270732353178
26-12 19:00,0.00047587797567649504
26-12 20:00,0.00047587797567649504
26-12 21:00,0.0004643647988456121
26-12 22:00,0.00029934259760295656
26-12 23:00,0.0002456144390588362
27-12 00:00,0.0003146935000441338
27-12 01:00,0.00025328989027942475
27-12 02:00,0.00024177671344854183
27-12 03:00,0.00026480306711030774
27-12 04:00,0.0002839916951617793
27-12 05:00,0.00042214981713237465
27-12 06:00,0.0005219306830000269
27-12 07:00,0.000548794762272087
27-12 08:00,0.00045668934762502347
27-12 09:00,0.0004643647988456121
27-12 10:00,0.0004682025244559064
27-12 11:00,0.00039912346347060877
27-12 12:00,0.00033004440248531107
27-12 13:00,0.00032620667687501676
27-12 14:00,0.0003146935000441338
27-12 15:00,0.00032236895126472244
27-12 16:00,0.000280153969551485
27-12 17:00,0.000341557579316194
27-12 18:00,0.0004375007195735519
27-12 19:00,0.0004259875427426689
27-12 20:00,0.00047971570128678935
27-12 21:00,0.0004413384451838462
27-12 22:00,0.0002839916951617793
27-12 23:00,0.0002341012622279532
28-12 00:00,0.00017653537807353848
28-12 01:00,0.00017653537807353848
28-12 02:00,0.00017269765246324416
28-12 03:00,0.00017269765246324416
28-12 04:00,0.00013815812197059534
28-12 05:00,0.0001842108292941271
28-12 06:00,0.00022642581100736458
28-12 07:00,0.0001842108292941271
28-12 08:00,0.00017269765246324416
28-12 09:00,0.0001535090244117726
28-12 10:00,9.978086586765219e-05
28-12 11:00,8.826768903676924e-05
28-12 12:00,7.291678659559198e-05
28-12 13:00,7.291678659559198e-05
28-12 14:00,6.907906098529767e-05
28-12 15:00,6.907906098529767e-05
28-12 16:00,7.67545122058863e-05
28-12 17:00,8.826768903676924e-05
28-12 18:00,9.978086586765219e-05
28-12 19:00,0.00014967129880147828
28-12 20:00,0.00018804855490442144
28-12 21:00,0.00014199584758088965
28-12 22:00,0.00011129404269853513
28-12 23:00,9.978086586765219e-05
29-12 00:00,0.00014967129880147828
29-12 01:00,0.0001842108292941271
29-12 02:00,0.00018804855490442144
29-12 03:00,0.00021875035978677595
29-12 04:00,0.0002456144390588362
29-12 05:00,0.00032236895126472244
29-12 06:00,0.00038377256102943146
29-12 07:00,0.0003684216585882542
29-12 08:00,0.00033771985370589975
29-12 09:00,0.00023793898783824752
29-12 10:00,0.00025328989027942475
29-12 11:00,0.0001573467500220669
29-12 12:00,0.00014583357319118397
29-12 13:00,0.00013815812197059534
29-12 14:00,0.00011513176830882945
29-12 15:00,0.00011513176830882945
29-12 16:00,0.0001228072195294181
29-12 17:00,0.00012664494513971237
29-12 18:00,0.00019188628051471573
29-12 19:00,0.00014583357319118397
29-12 20:00,0.00014583357319118397
29-12 21:00,0.00019572400612501004
29-12 22:00,0.00013432039636030103
29-12 23:00,0.0001535090244117726
30-12 00:00,0.00011513176830882945
30-12 01:00,0.00013048267075000671
30-12 02:00,0.00012664494513971237
30-12 03:00,0.00017653537807353848
30-12 04:00,0.00013815812197059534
30-12 05:00,0.00016885992685294988
30-12 06:00,0.000207237182955893
30-12 07:00,0.0002149126341764816
30-12 08:00,0.00024177671344854183
30-12 09:00,0.00022642581100736458
30-12 10:00,0.00016885992685294988
30-12 11:00,0.00011513176830882945
30-12 12:00,9.594314025735786e-05
30-12 13:00,9.210541464706355e-05
30-12 14:00,8.442996342647494e-05
30-12 15:00,8.059223781618061e-05
30-12 16:00,9.978086586765219e-05
30-12 17:00,9.594314025735786e-05
30-12 18:00,9.594314025735786e-05
30-12 19:00,0.0001036185914779465
30-12 20:00,0.00011513176830882945
30-12 21:00,9.978086586765219e-05
30-12 22:00,0.0001074563170882408
30-12 23:00,9.210541464706355e-05
31-12 00:00,0.00011129404269853513
31-12 01:00,9.594314025735786e-05
31-12 02:00,9.594314025735786e-05
31-12 03:00,0.0001036185914779465
31-12 04:00,0.00016118447563236122
31-12 05:00,0.00019956173173530438
31-12 06:00,0.0002149126341764816
31-12 07:00,0.00021107490856618732
31-12 08:00,0.00020339945734559867
31-12 09:00,0.00021107490856618732
31-12 10:00,0.000207237182955893
31-12 11:00,0.00019572400612501004
31-12 12:00,0.00017653537807353848
31-12 13:00,0.00017653537807353848
31-12 14:00,0.00017653537807353848
31-12 15:00,0.00020339945734559867
31-12 16:00,0.00021107490856618732
31-12 17:00,0.00026864079272060205
31-12 18:00,0.0002878294207720736
31-12 19:00,0.0002302635366176589
31-12 20:00,0.0002839916951617793
31-12 21:00,0.00026480306711030774
31-12 22:00,0.0002571276158897191
31-12 23:00,0.00025328989027942475
