Zeit (TT-MM hh:mm),profile_share
01-01 00:00,7.008259490208947e-05
01-01 01:00,7.350125806804506e-05
01-01 02:00,6.837326331911169e-05
01-01 03:00,7.179192648506727e-05
01-01 04:00,7.691992123400065e-05
01-01 05:00,7.691992123400065e-05
01-01 06:00,0.00010255989497866753
01-01 07:00,0.0001281998687233344
01-01 08:00,0.00013674652663822338
01-01 09:00,0.00013161853188929
01-01 10:00,0.0001281998687233344
01-01 11:00,0.00012307187397440103
01-01 12:00,0.0001093972213105787
01-01 13:00,0.00011623454764248985
01-01 14:00,0.00011965321080844545
01-01 15:00,0.00013845585822120117
01-01 16:00,0.00013845585822120117
01-01 17:00,0.00012307187397440103
01-01 18:00,0.0001299092003063122
01-01 19:00,0.0001281998687233344
01-01 20:00,0.00011965321080844545
01-01 21:00,0.00011452521605951207
01-01 22:00,9.743190022973415e-05
01-01 23:00,0.00010597855814462311
02-01 00:00,0.00012478120555737881
02-01 01:00,0.00013503719505524557
02-01 02:00,0.0001281998687233344
02-01 03:00,0.0001333278634722678
02-01 04:00,0.00014358385297013454
02-01 05:00,0.00015554917405097908
02-01 06:00,0.00022392243737009076
02-01 07:00,0.00032819166393173606
02-01 08:00,0.00034186631659555844
02-01 09:00,0.00030597035335302476
02-01 10:00,0.00030426102177004703
02-01 11:00,0.0002888770375232468
02-01 12:00,0.00029058636910622466
02-01 13:00,0.0002922957006892025
02-01 14:00,0.0002786210480253801
02-01 15:00,0.0002940050322721802
02-01 16:00,0.0003076796849360026
02-01 17:00,0.0003008423586040914
02-01 18:00,0.00031793567443386936
02-01 19:00,0.0002871677059402691
02-01 20:00,0.00024956241111475763
02-01 21:00,0.0002205037742041352
02-01 22:00,0.00014187452138715676
02-01 23:00,0.00016067716879991246
03-01 00:00,0.00017777048462969038
03-01 01:00,0.000172642489880757
03-01 02:00,0.00017777048462969038
03-01 03:00,0.0001538398424680013
03-01 04:00,0.00018118914779564595
03-01 05:00,0.00021708511103817957
03-01 06:00,0.00027349305327644676
03-01 07:00,0.0004136582430806257
03-01 08:00,0.0004085302483316923
03-01 09:00,0.0003299009955147139
03-01 10:00,0.00035725030084235855
03-01 11:00,0.00032819166393173606
03-01 12:00,0.0003299009955147139
03-01 13:00,0.00032648233234875833
03-01 14:00,0.000345284979761514
03-01 15:00,0.00033331965868066947
03-01 16:00,0.000353831637676403
03-01 17:00,0.0003726342850891587
03-01 18:00,0.0003299009955147139
03-01 19:00,0.00033502899026364725
03-01 20:00,0.00029058636910622466
03-01 21:00,0.00021024778470626844
03-01 22:00,0.00015896783721693468
03-01 23:00,0.00015213051088502352
04-01 00:00,0.00016067716879991246
04-01 01:00,0.00016409583196586803
04-01 02:00,0.0001760611530467126
04-01 03:00,0.00016751449513182363
04-01 04:00,0.0001743518214637348
04-01 05:00,0.0002017011267913795
04-01 06:00,0.00023588775845093533
04-01 07:00,0.00039656492725084774
04-01 08:00,0.0003845996061700032
04-01 09:00,0.0003093890165189804
04-01 10:00,0.0003093890165189804
04-01 11:00,0.00030597035335302476
04-01 12:00,0.0003093890165189804
04-01 13:00,0.0003008423586040914
04-01 14:00,0.0003008423586040914
04-01 15:00,0.00030426102177004703
04-01 16:00,0.00032648233234875833
04-01 17:00,0.0003025516901870692
04-01 18:00,0.0002837490427743135
04-01 19:00,0.0002581090690296466
04-01 20:00,0.00023588775845093533
04-01 21:00,0.00017777048462969038
04-01 22:00,0.00010597855814462311
04-01 23:00,0.00011110655289355649
05-01 00:00,0.00010426922656164531
05-01 01:00,0.0001076878897276009
05-01 02:00,9.914123181271193e-05
05-01 03:00,9.572256864675635e-05
05-01 04:00,9.914123181271193e-05
05-01 05:00,0.00011965321080844545
05-01 06:00,0.00014187452138715676
05-01 07:00,0.00024614374794880206
05-01 08:00,0.00022563176895306855
05-01 09:00,0.00020511978995733506
05-01 10:00,0.0002187944426211574
05-01 11:00,0.0002153757794552018
05-01 12:00,0.00017947981621266817
05-01 13:00,0.00018289847937862373
05-01 14:00,0.00019999179520840165
05-01 15:00,0.00020341045837435728
05-01 16:00,0.0002205037742041352
05-01 17:00,0.00021024778470626844
05-01 18:00,0.00022221310578711298
05-01 19:00,0.00021708511103817957
05-01 20:00,0.00018802647412755714
05-01 21:00,0.00015725850563395687
05-01 22:00,0.00010426922656164531
05-01 23:00,0.00012136254239142323
06-01 00:00,0.00012649053714035662
06-01 01:00,0.00013503719505524557
06-01 02:00,0.00012478120555737881
06-01 03:00,0.0001299092003063122
06-01 04:00,0.0001538398424680013
06-01 05:00,0.0001760611530467126
06-01 06:00,0.0002205037742041352
06-01 07:00,0.0003384476534296029
06-01 08:00,0.00035725030084235855
06-01 09:00,0.00034186631659555844
06-01 10:00,0.0003196450060168471
06-01 11:00,0.0003093890165189804
06-01 12:00,0.0002871677059402691
06-01 13:00,0.0002940050322721802
06-01 14:00,0.0003162263428508915
06-01 15:00,0.0003162263428508915
06-01 16:00,0.00030597035335302476
06-01 17:00,0.00032819166393173606
06-01 18:00,0.00031109834810195817
06-01 19:00,0.0002837490427743135
06-01 20:00,0.0002615277321956022
06-01 21:00,0.0002017011267913795
06-01 22:00,0.00011965321080844545
06-01 23:00,0.0001470025161360901
07-01 00:00,0.00012478120555737881
07-01 01:00,0.0001470025161360901
07-01 02:00,0.00014187452138715676
07-01 03:00,0.00014529318455311233
07-01 04:00,0.0001504211793020457
07-01 05:00,0.00015213051088502352
07-01 06:00,0.00018118914779564595
07-01 07:00,0.0002187944426211574
07-01 08:00,0.0002393064216168909
07-01 09:00,0.00019999179520840165
07-01 10:00,0.00018631714254457936
07-01 11:00,0.00018631714254457936
07-01 12:00,0.00017947981621266817
07-01 13:00,0.00016922382671480144
07-01 14:00,0.0001333278634722678
07-01 15:00,0.00016922382671480144
07-01 16:00,0.00016580516354884581
07-01 17:00,0.00016922382671480144
07-01 18:00,0.00016751449513182363
07-01 19:00,0.00016751449513182363
07-01 20:00,0.00014529318455311233
07-01 21:00,0.00011965321080844545
07-01 22:00,9.230390548080079e-05
07-01 23:00,0.00010085056339568975
08-01 00:00,0.00010597855814462311
08-01 01:00,0.0001093972213105787
08-01 02:00,0.00010085056339568975
08-01 03:00,9.401323706377857e-05
08-01 04:00,0.00011110655289355649
08-01 05:00,0.00013845585822120117
08-01 06:00,0.00016238650038289025
08-01 07:00,0.00027007439011049114
08-01 08:00,0.00026323706377858
08-01 09:00,0.0002598184006126244
08-01 10:00,0.00024101575319986868
08-01 11:00,0.00024614374794880206
08-01 12:00,0.00022392243737009076
08-01 13:00,0.00021195711628924622
08-01 14:00,0.00024272508478284647
08-01 15:00,0.0002324690952849797
08-01 16:00,0.0002444344163658243
08-01 17:00,0.00024614374794880206
08-01 18:00,0.00025298107428071325
08-01 19:00,0.00022905043211902414
08-01 20:00,0.00021708511103817957
08-01 21:00,0.00016922382671480144
08-01 22:00,0.00011110655289355649
08-01 23:00,0.00011623454764248985
09-01 00:00,0.0001281998687233344
09-01 01:00,0.00013161853188929
09-01 02:00,0.0001470025161360901
09-01 03:00,0.00013674652663822338
09-01 04:00,0.00014529318455311233
09-01 05:00,0.00015725850563395687
09-01 06:00,0.00022563176895306855
09-01 07:00,0.0003521223060934252
09-01 08:00,0.000353831637676403
09-01 09:00,0.00033331965868066947
09-01 10:00,0.0003162263428508915
09-01 11:00,0.0003093890165189804
09-01 12:00,0.00029058636910622466
09-01 13:00,0.00029571436385515806
09-01 14:00,0.0003076796849360026
09-01 15:00,0.0002837490427743135
09-01 16:00,0.0003025516901870692
09-01 17:00,0.00029058636910622466
09-01 18:00,0.0003093890165189804
09-01 19:00,0.00028545837435729125
09-01 20:00,0.00023417842686795752
09-01 21:00,0.00018460781096160157
09-01 22:00,0.00012649053714035662
09-01 23:00,0.00012307187397440103
10-01 00:00,0.00012307187397440103
10-01 01:00,0.00013503719505524557
10-01 02:00,0.00013674652663822338
10-01 03:00,0.00014529318455311233
10-01 04:00,0.0001470025161360901
10-01 05:00,0.00016580516354884581
10-01 06:00,0.00023075976370200192
10-01 07:00,0.00036408762717426974
10-01 08:00,0.0003760529482551143
10-01 09:00,0.0003401569850125806
10-01 10:00,0.00032819166393173606
10-01 11:00,0.00031793567443386936
10-01 12:00,0.0003247730007657805
10-01 13:00,0.00029058636910622466
10-01 14:00,0.00033502899026364725
10-01 15:00,0.00028545837435729125
10-01 16:00,0.00032648233234875833
10-01 17:00,0.0003299009955147139
10-01 18:00,0.000345284979761514
10-01 19:00,0.00031280767968493595
10-01 20:00,0.00027007439011049114
10-01 21:00,0.00022905043211902414
10-01 22:00,0.00014358385297013454
10-01 23:00,0.0001487118477190679
11-01 00:00,0.0001538398424680013
11-01 01:00,0.0001538398424680013
11-01 02:00,0.00015554917405097908
11-01 03:00,0.00015554917405097908
11-01 04:00,0.00015896783721693468
11-01 05:00,0.00018973580571053492
11-01 06:00,0.0002649463953615578
11-01 07:00,0.00035725030084235855
11-01 08:00,0.00037947161142106985
11-01 09:00,0.00033502899026364725
11-01 10:00,0.0003076796849360026
11-01 11:00,0.0003487036429274696
11-01 12:00,0.00031451701126791374
11-01 13:00,0.0003093890165189804
11-01 14:00,0.0002922957006892025
11-01 15:00,0.0002803303796083579
11-01 16:00,0.0002922957006892025
11-01 17:00,0.00029058636910622466
11-01 18:00,0.0002871677059402691
11-01 19:00,0.00025298107428071325
11-01 20:00,0.00021708511103817957
11-01 21:00,0.00014529318455311233
11-01 22:00,0.00010255989497866753
11-01 23:00,0.0001076878897276009
12-01 00:00,9.914123181271193e-05
12-01 01:00,0.00010085056339568975
12-01 02:00,0.00010426922656164531
12-01 03:00,0.00010426922656164531
12-01 04:00,0.00011452521605951207
12-01 05:00,0.00014016518980417895
12-01 06:00,0.00017777048462969038
12-01 07:00,0.00027007439011049114
12-01 08:00,0.0002803303796083579
12-01 09:00,0.0002649463953615578
12-01 10:00,0.00024272508478284647
12-01 11:00,0.00024614374794880206
12-01 12:00,0.00023075976370200192
12-01 13:00,0.0002205037742041352
12-01 14:00,0.00023075976370200192
12-01 15:00,0.00023075976370200192
12-01 16:00,0.00028545837435729125
12-01 17:00,0.0002512717426977354
12-01 18:00,0.00024956241111475763
12-01 19:00,0.00020853845312329063
12-01 20:00,0.00019315446887649052
12-01 21:00,0.00013845585822120117
12-01 22:00,9.059457389782298e-05
12-01 23:00,9.059457389782298e-05
13-01 00:00,9.230390548080079e-05
13-01 01:00,0.00010255989497866753
13-01 02:00,0.00011623454764248985
13-01 03:00,9.572256864675635e-05
13-01 04:00,0.00011281588447653427
13-01 05:00,0.00014016518980417895
13-01 06:00,0.00016409583196586803
13-01 07:00,0.00024272508478284647
13-01 08:00,0.00024785307953177984
13-01 09:00,0.0002187944426211574
13-01 10:00,0.000213666447872224
13-01 11:00,0.00022734110053604636
13-01 12:00,0.00022392243737009076
13-01 13:00,0.0002444344163658243
13-01 14:00,0.0002324690952849797
13-01 15:00,0.00021024778470626844
13-01 16:00,0.00024101575319986868
13-01 17:00,0.000213666447872224
13-01 18:00,0.00018289847937862373
13-01 19:00,0.00018802647412755714
13-01 20:00,0.000172642489880757
13-01 21:00,0.00014016518980417895
13-01 22:00,8.546657914888961e-05
13-01 23:00,8.546657914888961e-05
14-01 00:00,9.401323706377857e-05
14-01 01:00,9.572256864675635e-05
14-01 02:00,0.00010085056339568975
14-01 03:00,0.00010085056339568975
14-01 04:00,0.00010597855814462311
14-01 05:00,0.00011623454764248985
14-01 06:00,0.0001470025161360901
14-01 07:00,0.00017777048462969038
14-01 08:00,0.00018631714254457936
14-01 09:00,0.00020341045837435728
14-01 10:00,0.00019999179520840165
14-01 11:00,0.00018118914779564595
14-01 12:00,0.00018802647412755714
14-01 13:00,0.00017947981621266817
14-01 14:00,0.00016409583196586803
14-01 15:00,0.00018973580571053492
14-01 16:00,0.00019657313204244609
14-01 17:00,0.00020853845312329063
14-01 18:00,0.00018973580571053492
14-01 19:00,0.00018460781096160157
14-01 20:00,0.00018973580571053492
14-01 21:00,0.00016067716879991246
14-01 22:00,0.00013845585822120117
14-01 23:00,0.00013674652663822338
15-01 00:00,0.00013845585822120117
15-01 01:00,0.00013503719505524557
15-01 02:00,0.0001281998687233344
15-01 03:00,0.00012478120555737881
15-01 04:00,0.0001538398424680013
15-01 05:00,0.00016922382671480144
15-01 06:00,0.00019828246362542387
15-01 07:00,0.00029571436385515806
15-01 08:00,0.00029913302702111363
15-01 09:00,0.00029058636910622466
15-01 10:00,0.00027691171644240233
15-01 11:00,0.0002922957006892025
15-01 12:00,0.0002444344163658243
15-01 13:00,0.0002666557269445356
15-01 14:00,0.0002581090690296466
15-01 15:00,0.0002649463953615578
15-01 16:00,0.0002717837216934689
15-01 17:00,0.0002512717426977354
15-01 18:00,0.00023417842686795752
15-01 19:00,0.00023759709003391311
15-01 20:00,0.00018460781096160157
15-01 21:00,0.00016067716879991246
15-01 22:00,9.059457389782298e-05
15-01 23:00,9.572256864675635e-05
16-01 00:00,9.914123181271193e-05
16-01 01:00,9.743190022973415e-05
16-01 02:00,8.71759107318674e-05
16-01 03:00,8.033858439995623e-05
16-01 04:00,8.546657914888961e-05
16-01 05:00,0.00011623454764248985
16-01 06:00,0.00016238650038289025
16-01 07:00,0.00024956241111475763
16-01 08:00,0.0002444344163658243
16-01 09:00,0.00022221310578711298
16-01 10:00,0.00022392243737009076
16-01 11:00,0.00021708511103817957
16-01 12:00,0.0002153757794552018
16-01 13:00,0.00019999179520840165
16-01 14:00,0.00020511978995733506
16-01 15:00,0.00022563176895306855
16-01 16:00,0.00022905043211902414
16-01 17:00,0.0002187944426211574
16-01 18:00,0.00021195711628924622
16-01 19:00,0.00019315446887649052
16-01 20:00,0.00017947981621266817
16-01 21:00,0.00014187452138715676
16-01 22:00,0.00010426922656164531
16-01 23:00,0.00010597855814462311
17-01 00:00,0.00012136254239142323
17-01 01:00,0.00011281588447653427
17-01 02:00,0.0001281998687233344
17-01 03:00,0.00011452521605951207
17-01 04:00,0.00012136254239142323
17-01 05:00,0.00013845585822120117
17-01 06:00,0.00017093315829777922
17-01 07:00,0.0002940050322721802
17-01 08:00,0.0002940050322721802
17-01 09:00,0.0002598184006126244
17-01 10:00,0.00023588775845093533
17-01 11:00,0.0002393064216168909
17-01 12:00,0.00022905043211902414
17-01 13:00,0.0002324690952849797
17-01 14:00,0.00023075976370200192
17-01 15:00,0.0002324690952849797
17-01 16:00,0.00027007439011049114
17-01 17:00,0.00024614374794880206
17-01 18:00,0.0002563997374466688
17-01 19:00,0.00026836505852751336
17-01 20:00,0.00024101575319986868
17-01 21:00,0.00016922382671480144
17-01 22:00,0.00011623454764248985
17-01 23:00,0.00013161853188929
18-01 00:00,0.00014016518980417895
18-01 01:00,0.00015213051088502352
18-01 02:00,0.0001504211793020457
18-01 03:00,0.00015554917405097908
18-01 04:00,0.0001760611530467126
18-01 05:00,0.00018802647412755714
18-01 06:00,0.00025298107428071325
18-01 07:00,0.00037434361667213644
18-01 08:00,0.00041536757466360347
18-01 09:00,0.00036579695875724747
18-01 10:00,0.00031793567443386936
18-01 11:00,0.000345284979761514
18-01 12:00,0.0003401569850125806
18-01 13:00,0.00031451701126791374
18-01 14:00,0.0003230636691828027
18-01 15:00,0.0003008423586040914
18-01 16:00,0.00036921562192320314
18-01 17:00,0.0003487036429274696
18-01 18:00,0.00035041297451044736
18-01 19:00,0.00030426102177004703
18-01 20:00,0.0002820397111913357
18-01 21:00,0.00022221310578711298
18-01 22:00,0.0001333278634722678
18-01 23:00,0.0001470025161360901
19-01 00:00,0.00014187452138715676
19-01 01:00,0.0001538398424680013
19-01 02:00,0.00014187452138715676
19-01 03:00,0.00016067716879991246
19-01 04:00,0.0001538398424680013
19-01 05:00,0.00018631714254457936
19-01 06:00,0.00025298107428071325
19-01 07:00,0.000403402253582759
19-01 08:00,0.0004375888852423148
19-01 09:00,0.00038118094300404763
19-01 10:00,0.0003623782955912919
19-01 11:00,0.0003487036429274696
19-01 12:00,0.0003247730007657805
19-01 13:00,0.00033502899026364725
19-01 14:00,0.00032819166393173606
19-01 15:00,0.0003299009955147139
19-01 16:00,0.00036408762717426974
19-01 17:00,0.0003401569850125806
19-01 18:00,0.00038630893775298104
19-01 19:00,0.00032819166393173606
19-01 20:00,0.00029571436385515806
19-01 21:00,0.00025298107428071325
19-01 22:00,0.00016580516354884581
19-01 23:00,0.00018973580571053492
20-01 00:00,0.0002017011267913795
20-01 01:00,0.00020682912154031284
20-01 02:00,0.00022905043211902414
20-01 03:00,0.00020853845312329063
20-01 04:00,0.0002187944426211574
20-01 05:00,0.0002940050322721802
20-01 06:00,0.00033161032709769163
20-01 07:00,0.00052647412755716
20-01 08:00,0.0005709167487145825
20-01 09:00,0.0004888688327316486
20-01 10:00,0.00048032217481675963
20-01 11:00,0.00042220490099551466
20-01 12:00,0.0004102395799146701
20-01 13:00,0.0003880182693359588
20-01 14:00,0.0004102395799146701
20-01 15:00,0.000427332895744448
20-01 16:00,0.00045981019582102606
20-01 17:00,0.0004187862378295591
20-01 18:00,0.000403402253582759
20-01 19:00,0.0004085302483316923
20-01 20:00,0.00038630893775298104
20-01 21:00,0.00029571436385515806
20-01 22:00,0.0001760611530467126
20-01 23:00,0.00017777048462969038
21-01 00:00,0.0001760611530467126
21-01 01:00,0.00017947981621266817
21-01 02:00,0.00017947981621266817
21-01 03:00,0.00018973580571053492
21-01 04:00,0.00018973580571053492
21-01 05:00,0.0001914451372935127
21-01 06:00,0.00022563176895306855
21-01 07:00,0.0002888770375232468
21-01 08:00,0.0003299009955147139
21-01 09:00,0.0002717837216934689
21-01 10:00,0.0002581090690296466
21-01 11:00,0.00027349305327644676
21-01 12:00,0.00026323706377858
21-01 13:00,0.00026836505852751336
21-01 14:00,0.0002649463953615578
21-01 15:00,0.00026836505852751336
21-01 16:00,0.00027349305327644676
21-01 17:00,0.0002666557269445356
21-01 18:00,0.00029058636910622466
21-01 19:00,0.00027007439011049114
21-01 20:00,0.00024614374794880206
21-01 21:00,0.0002153757794552018
21-01 22:00,0.00018631714254457936
21-01 23:00,0.00018973580571053492
22-01 00:00,0.00020682912154031284
22-01 01:00,0.0002153757794552018
22-01 02:00,0.00021708511103817957
22-01 03:00,0.00023417842686795752
22-01 04:00,0.00024272508478284647
22-01 05:00,0.0002717837216934689
22-01 06:00,0.00033161032709769163
22-01 07:00,0.0004991248222295153
22-01 08:00,0.0005316021223060934
22-01 09:00,0.00048032217481675963
22-01 10:00,0.0004563915326550705
22-01 11:00,0.0004581008642380483
22-01 12:00,0.0003828902745870254
22-01 13:00,0.0003845996061700032
22-01 14:00,0.0004085302483316923
22-01 15:00,0.00041707690624658125
22-01 16:00,0.0004410075484082704
22-01 17:00,0.0004102395799146701
22-01 18:00,0.00044442621157422596
22-01 19:00,0.0003999835904168033
22-01 20:00,0.00036066896400831417
22-01 21:00,0.00031280767968493595
22-01 22:00,0.00017777048462969038
22-01 23:00,0.00021024778470626844
23-01 00:00,0.00020511978995733506
23-01 01:00,0.000213666447872224
23-01 02:00,0.00024614374794880206
23-01 03:00,0.000213666447872224
23-01 04:00,0.00023588775845093533
23-01 05:00,0.0002820397111913357
23-01 06:00,0.00036921562192320314
23-01 07:00,0.0005469861065528935
23-01 08:00,0.0005418581118039601
23-01 09:00,0.0005059621485614265
23-01 10:00,0.0005213461328082266
23-01 11:00,0.0005127994748933376
23-01 12:00,0.00046151952740400385
23-01 13:00,0.00046835685373591504
23-01 14:00,0.0004581008642380483
23-01 15:00,0.00047690351165080396
23-01 16:00,0.0005127994748933376
23-01 17:00,0.0005059621485614265
23-01 18:00,0.00044442621157422596
23-01 19:00,0.0004256235641614702
23-01 20:00,0.0003845996061700032
23-01 21:00,0.0002974236954381358
23-01 22:00,0.0001914451372935127
23-01 23:00,0.00019828246362542387
24-01 00:00,0.00017947981621266817
24-01 01:00,0.00019657313204244609
24-01 02:00,0.0001948638004594683
24-01 03:00,0.00018460781096160157
24-01 04:00,0.0002017011267913795
24-01 05:00,0.0002581090690296466
24-01 06:00,0.00033673832184662504
24-01 07:00,0.00048203150639973736
24-01 08:00,0.0005333114538890711
24-01 09:00,0.0004581008642380483
24-01 10:00,0.0004410075484082704
24-01 11:00,0.00039485559566787
24-01 12:00,0.00044442621157422596
24-01 13:00,0.00044613554315720374
24-01 14:00,0.0004478448747401815
24-01 15:00,0.0004410075484082704
24-01 16:00,0.00043929821682529255
24-01 17:00,0.000427332895744448
24-01 18:00,0.0004324608904933814
24-01 19:00,0.00037776227983809206
24-01 20:00,0.0003230636691828027
24-01 21:00,0.0002803303796083579
24-01 22:00,0.00019315446887649052
24-01 23:00,0.0001760611530467126
25-01 00:00,0.0001914451372935127
25-01 01:00,0.00021195711628924622
25-01 02:00,0.00020682912154031284
25-01 03:00,0.00020511978995733506
25-01 04:00,0.00021024778470626844
25-01 05:00,0.00024101575319986868
25-01 06:00,0.0003247730007657805
25-01 07:00,0.0005213461328082266
25-01 08:00,0.0005367301170550267
25-01 09:00,0.0004256235641614702
25-01 10:00,0.0004187862378295591
25-01 11:00,0.0004375888852423148
25-01 12:00,0.0004136582430806257
25-01 13:00,0.0004581008642380483
25-01 14:00,0.000435879553659337
25-01 15:00,0.00039314626408489217
25-01 16:00,0.0004478448747401815
25-01 17:00,0.0004546822010720927
25-01 18:00,0.00042904222732742585
25-01 19:00,0.00041707690624658125
25-01 20:00,0.00033161032709769163
25-01 21:00,0.00028545837435729125
25-01 22:00,0.00017947981621266817
25-01 23:00,0.0001760611530467126
26-01 00:00,0.00017093315829777922
26-01 01:00,0.0001760611530467126
26-01 02:00,0.00018118914779564595
26-01 03:00,0.00017947981621266817
26-01 04:00,0.00018118914779564595
26-01 05:00,0.0002153757794552018
26-01 06:00,0.0002803303796083579
26-01 07:00,0.00040169292199978114
26-01 08:00,0.00042220490099551466
26-01 09:00,0.0003623782955912919
26-01 10:00,0.00031793567443386936
26-01 11:00,0.00033673832184662504
26-01 12:00,0.00033331965868066947
26-01 13:00,0.00029913302702111363
26-01 14:00,0.00033331965868066947
26-01 15:00,0.0003213543375998249
26-01 16:00,0.00033502899026364725
26-01 17:00,0.00036408762717426974
26-01 18:00,0.0003401569850125806
26-01 19:00,0.00031280767968493595
26-01 20:00,0.0002615277321956022
26-01 21:00,0.0002153757794552018
26-01 22:00,0.00011965321080844545
26-01 23:00,0.00012307187397440103
27-01 00:00,0.00011110655289355649
27-01 01:00,0.00011965321080844545
27-01 02:00,0.00013674652663822338
27-01 03:00,0.00012136254239142323
27-01 04:00,0.0001333278634722678
27-01 05:00,0.00016922382671480144
27-01 06:00,0.0002187944426211574
27-01 07:00,0.0003025516901870692
27-01 08:00,0.00033161032709769163
27-01 09:00,0.0002820397111913357
27-01 10:00,0.0002717837216934689
27-01 11:00,0.0002563997374466688
27-01 12:00,0.0002717837216934689
27-01 13:00,0.0002786210480253801
27-01 14:00,0.0002803303796083579
27-01 15:00,0.00027691171644240233
27-01 16:00,0.0002786210480253801
27-01 17:00,0.0002598184006126244
27-01 18:00,0.0002871677059402691
27-01 19:00,0.00023588775845093533
27-01 20:00,0.00021708511103817957
27-01 21:00,0.000172642489880757
27-01 22:00,0.00010255989497866753
27-01 23:00,0.00010597855814462311
28-01 00:00,0.00011281588447653427
28-01 01:00,0.00010426922656164531
28-01 02:00,0.0001093972213105787
28-01 03:00,0.0001093972213105787
28-01 04:00,0.00011623454764248985
28-01 05:00,0.00013161853188929
28-01 06:00,0.00017777048462969038
28-01 07:00,0.000213666447872224
28-01 08:00,0.00020853845312329063
28-01 09:00,0.00020341045837435728
28-01 10:00,0.00018289847937862373
28-01 11:00,0.00018118914779564595
28-01 12:00,0.00016922382671480144
28-01 13:00,0.00015725850563395687
28-01 14:00,0.0001470025161360901
28-01 15:00,0.0001487118477190679
28-01 16:00,0.00016922382671480144
28-01 17:00,0.0001760611530467126
28-01 18:00,0.00018460781096160157
28-01 19:00,0.0001914451372935127
28-01 20:00,0.00016751449513182363
28-01 21:00,0.00014358385297013454
28-01 22:00,0.00011965321080844545
28-01 23:00,0.00012307187397440103
29-01 00:00,0.00015725850563395687
29-01 01:00,0.00014358385297013454
29-01 02:00,0.00014187452138715676
29-01 03:00,0.00015213051088502352
29-01 04:00,0.00015896783721693468
29-01 05:00,0.00019657313204244609
29-01 06:00,0.00024956241111475763
29-01 07:00,0.00037434361667213644
29-01 08:00,0.000403402253582759
29-01 09:00,0.0003709249535061809
29-01 10:00,0.0003213543375998249
29-01 11:00,0.00031793567443386936
29-01 12:00,0.00031109834810195817
29-01 13:00,0.0003076796849360026
29-01 14:00,0.0002871677059402691
29-01 15:00,0.00031280767968493595
29-01 16:00,0.0003247730007657805
29-01 17:00,0.00031280767968493595
29-01 18:00,0.0003401569850125806
29-01 19:00,0.0002922957006892025
29-01 20:00,0.0002871677059402691
29-01 21:00,0.00023759709003391311
29-01 22:00,0.0001487118477190679
29-01 23:00,0.00016238650038289025
30-01 00:00,0.00016238650038289025
30-01 01:00,0.00018631714254457936
30-01 02:00,0.00018973580571053492
30-01 03:00,0.00018460781096160157
30-01 04:00,0.00019657313204244609
30-01 05:00,0.00023588775845093533
30-01 06:00,0.00027349305327644676
30-01 07:00,0.00041536757466360347
30-01 08:00,0.0004512635379061371
30-01 09:00,0.0003880182693359588
30-01 10:00,0.0003709249535061809
30-01 11:00,0.00035554096925938077
30-01 12:00,0.0003401569850125806
30-01 13:00,0.00033161032709769163
30-01 14:00,0.00033161032709769163
30-01 15:00,0.00034186631659555844
30-01 16:00,0.0003845996061700032
30-01 17:00,0.00036579695875724747
30-01 18:00,0.0003487036429274696
30-01 19:00,0.00036066896400831417
30-01 20:00,0.00029058636910622466
30-01 21:00,0.00020853845312329063
30-01 22:00,0.0001333278634722678
30-01 23:00,0.00015725850563395687
31-01 00:00,0.00016067716879991246
31-01 01:00,0.00016238650038289025
31-01 02:00,0.00016751449513182363
31-01 03:00,0.00016580516354884581
31-01 04:00,0.00017777048462969038
31-01 05:00,0.0002017011267913795
31-01 06:00,0.0002666557269445356
31-01 07:00,0.000403402253582759
31-01 08:00,0.0004204955694125369
31-01 09:00,0.0003828902745870254
31-01 10:00,0.000353831637676403
31-01 11:00,0.0003435756481785362
31-01 12:00,0.00035041297451044736
31-01 13:00,0.00029571436385515806
31-01 14:00,0.00031451701126791374
31-01 15:00,0.0003401569850125806
31-01 16:00,0.00032819166393173606
31-01 17:00,0.0003401569850125806
31-01 18:00,0.0003401569850125806
31-01 19:00,0.0003521223060934252
31-01 20:00,0.00030597035335302476
31-01 21:00,0.0002649463953615578
31-01 22:00,0.00018631714254457936
31-01 23:00,0.000213666447872224
01-02 00:00,0.0002444344163658243
01-02 01:00,0.0002581090690296466
01-02 02:00,0.00024785307953177984
01-02 03:00,0.00023417842686795752
01-02 04:00,0.00025469040586369103
01-02 05:00,0.0003008423586040914
01-02 06:00,0.0003880182693359588
01-02 07:00,0.0005521141013018268
01-02 08:00,0.0005880100645443604
01-02 09:00,0.0004905781643146263
01-02 10:00,0.00047177551690187066
01-02 11:00,0.0004375888852423148
01-02 12:00,0.0004085302483316923
01-02 13:00,0.0003999835904168033
01-02 14:00,0.0004136582430806257
01-02 15:00,0.00042220490099551466
01-02 16:00,0.00043929821682529255
01-02 17:00,0.00044955420632315936
01-02 18:00,0.0004102395799146701
01-02 19:00,0.0003709249535061809
01-02 20:00,0.00033502899026364725
01-02 21:00,0.00027691171644240233
01-02 22:00,0.0001504211793020457
01-02 23:00,0.00016922382671480144
02-02 00:00,0.00016580516354884581
02-02 01:00,0.0001504211793020457
02-02 02:00,0.000172642489880757
02-02 03:00,0.00016067716879991246
02-02 04:00,0.00018118914779564595
02-02 05:00,0.00018289847937862373
02-02 06:00,0.0002581090690296466
02-02 07:00,0.00040169292199978114
02-02 08:00,0.00035895963242533633
02-02 09:00,0.00033331965868066947
02-02 10:00,0.0003230636691828027
02-02 11:00,0.0003384476534296029
02-02 12:00,0.00033673832184662504
02-02 13:00,0.00030426102177004703
02-02 14:00,0.0003213543375998249
02-02 15:00,0.0003299009955147139
02-02 16:00,0.0003230636691828027
02-02 17:00,0.0003521223060934252
02-02 18:00,0.0003093890165189804
02-02 19:00,0.0002922957006892025
02-02 20:00,0.00027520238485942455
02-02 21:00,0.0002017011267913795
02-02 22:00,0.00012478120555737881
02-02 23:00,0.00012649053714035662
03-02 00:00,0.0001333278634722678
03-02 01:00,0.0001470025161360901
03-02 02:00,0.00014358385297013454
03-02 03:00,0.0001333278634722678
03-02 04:00,0.0001470025161360901
03-02 05:00,0.00016409583196586803
03-02 06:00,0.00022563176895306855
03-02 07:00,0.00031451701126791374
03-02 08:00,0.0003162263428508915
03-02 09:00,0.0002871677059402691
03-02 10:00,0.00024956241111475763
03-02 11:00,0.0002444344163658243
03-02 12:00,0.00024956241111475763
03-02 13:00,0.00022905043211902414
03-02 14:00,0.00021195711628924622
03-02 15:00,0.00023075976370200192
03-02 16:00,0.00023417842686795752
03-02 17:00,0.00022905043211902414
03-02 18:00,0.0002187944426211574
03-02 19:00,0.0002205037742041352
03-02 20:00,0.00017777048462969038
03-02 21:00,0.00013674652663822338
03-02 22:00,6.66639317361339e-05
03-02 23:00,7.691992123400065e-05
04-02 00:00,8.546657914888961e-05
04-02 01:00,0.00012478120555737881
04-02 02:00,0.00011623454764248985
04-02 03:00,0.0001333278634722678
04-02 04:00,0.00013161853188929
04-02 05:00,0.00013161853188929
04-02 06:00,0.0001760611530467126
04-02 07:00,0.00024785307953177984
04-02 08:00,0.00024101575319986868
04-02 09:00,0.00021195711628924622
04-02 10:00,0.00020511978995733506
04-02 11:00,0.00020853845312329063
04-02 12:00,0.00021708511103817957
04-02 13:00,0.00020511978995733506
04-02 14:00,0.0002017011267913795
04-02 15:00,0.00020511978995733506
04-02 16:00,0.00020511978995733506
04-02 17:00,0.00020682912154031284
04-02 18:00,0.000213666447872224
04-02 19:00,0.00022563176895306855
04-02 20:00,0.00018289847937862373
04-02 21:00,0.00016751449513182363
04-02 22:00,0.00013161853188929
04-02 23:00,0.00014016518980417895
05-02 00:00,0.0001470025161360901
05-02 01:00,0.00015725850563395687
05-02 02:00,0.0001538398424680013
05-02 03:00,0.0001487118477190679
05-02 04:00,0.00015725850563395687
05-02 05:00,0.00020682912154031284
05-02 06:00,0.0002666557269445356
05-02 07:00,0.000427332895744448
05-02 08:00,0.00042904222732742585
05-02 09:00,0.00036408762717426974
05-02 10:00,0.0003384476534296029
05-02 11:00,0.00035895963242533633
05-02 12:00,0.00033673832184662504
05-02 13:00,0.00031793567443386936
05-02 14:00,0.0003384476534296029
05-02 15:00,0.00035554096925938077
05-02 16:00,0.00037434361667213644
05-02 17:00,0.00034186631659555844
05-02 18:00,0.0003726342850891587
05-02 19:00,0.0003196450060168471
05-02 20:00,0.0002922957006892025
05-02 21:00,0.00023417842686795752
05-02 22:00,0.00015554917405097908
05-02 23:00,0.00016238650038289025
06-02 00:00,0.0001538398424680013
06-02 01:00,0.00018289847937862373
06-02 02:00,0.00018460781096160157
06-02 03:00,0.0001760611530467126
06-02 04:00,0.00018631714254457936
06-02 05:00,0.0002187944426211574
06-02 06:00,0.0002820397111913357
06-02 07:00,0.0004427168799912481
06-02 08:00,0.00045297286948911493
06-02 09:00,0.0004119489114976479
06-02 10:00,0.0004204955694125369
06-02 11:00,0.0003845996061700032
06-02 12:00,0.0003675062903402253
06-02 13:00,0.00039314626408489217
06-02 14:00,0.0003880182693359588
06-02 15:00,0.0003897276009189366
06-02 16:00,0.000403402253582759
06-02 17:00,0.0003828902745870254
06-02 18:00,0.00039314626408489217
06-02 19:00,0.0003880182693359588
06-02 20:00,0.00033673832184662504
06-02 21:00,0.00026836505852751336
06-02 22:00,0.00018460781096160157
06-02 23:00,0.00018289847937862373
07-02 00:00,0.00019828246362542387
07-02 01:00,0.00021024778470626844
07-02 02:00,0.00018973580571053492
07-02 03:00,0.00022392243737009076
07-02 04:00,0.0002153757794552018
07-02 05:00,0.00027349305327644676
07-02 06:00,0.0003760529482551143
07-02 07:00,0.0005726260802975604
07-02 08:00,0.0005640794223826714
07-02 09:00,0.0005316021223060934
07-02 10:00,0.00048203150639973736
07-02 11:00,0.0004991248222295153
07-02 12:00,0.0004563915326550705
07-02 13:00,0.00045981019582102606
07-02 14:00,0.00046835685373591504
07-02 15:00,0.00048203150639973736
07-02 16:00,0.0004837408379827152
07-02 17:00,0.0004922874958976041
07-02 18:00,0.00048203150639973736
07-02 19:00,0.0004307515589104036
07-02 20:00,0.00042904222732742585
07-02 21:00,0.00033161032709769163
07-02 22:00,0.0001914451372935127
07-02 23:00,0.0002205037742041352
08-02 00:00,0.0002324690952849797
08-02 01:00,0.00024101575319986868
08-02 02:00,0.00024101575319986868
08-02 03:00,0.00024272508478284647
08-02 04:00,0.0002563997374466688
08-02 05:00,0.00033331965868066947
08-02 06:00,0.00041536757466360347
08-02 07:00,0.0006478366699485832
08-02 08:00,0.0006683486489443167
08-02 09:00,0.0006204873646209384
08-02 10:00,0.0005333114538890711
08-02 11:00,0.0005281834591401377
08-02 12:00,0.0005897193961273382
08-02 13:00,0.0006068127119571162
08-02 14:00,0.0005298927907231156
08-02 15:00,0.0005247647959741821
08-02 16:00,0.0005418581118039601
08-02 17:00,0.0005555327644677824
08-02 18:00,0.0005521141013018268
08-02 19:00,0.0005247647959741821
08-02 20:00,0.0004837408379827152
08-02 21:00,0.00040169292199978114
08-02 22:00,0.0002393064216168909
08-02 23:00,0.00026836505852751336
09-02 00:00,0.00027007439011049114
09-02 01:00,0.0002615277321956022
09-02 02:00,0.00026323706377858
09-02 03:00,0.00026323706377858
09-02 04:00,0.00027007439011049114
09-02 05:00,0.00033673832184662504
09-02 06:00,0.0004375888852423148
09-02 07:00,0.0006051033803741384
09-02 08:00,0.0006529646646975167
09-02 09:00,0.0005880100645443604
09-02 10:00,0.0005350207854720489
09-02 11:00,0.0005521141013018268
09-02 12:00,0.0005110901433103599
09-02 13:00,0.0005657887539656493
09-02 14:00,0.0005435674433869379
09-02 15:00,0.0004922874958976041
09-02 16:00,0.0005486954381358713
09-02 17:00,0.0005435674433869379
09-02 18:00,0.0005333114538890711
09-02 19:00,0.00044613554315720374
09-02 20:00,0.00045297286948911493
09-02 21:00,0.00035895963242533633
09-02 22:00,0.0002324690952849797
09-02 23:00,0.0002512717426977354
10-02 00:00,0.00025298107428071325
10-02 01:00,0.00026323706377858
10-02 02:00,0.0002581090690296466
10-02 03:00,0.00022221310578711298
10-02 04:00,0.0002649463953615578
10-02 05:00,0.0003093890165189804
10-02 06:00,0.0004102395799146701
10-02 07:00,0.0006478366699485832
10-02 08:00,0.0006666393173613389
10-02 09:00,0.0005811727382124493
10-02 10:00,0.0005623700907996936
10-02 11:00,0.0005333114538890711
10-02 12:00,0.0005281834591401377
10-02 13:00,0.0005418581118039601
10-02 14:00,0.0005042528169784487
10-02 15:00,0.000584591401378405
10-02 16:00,0.0005469861065528935
10-02 17:00,0.0005880100645443604
10-02 18:00,0.0005213461328082266
10-02 19:00,0.0005042528169784487
10-02 20:00,0.0004888688327316486
10-02 21:00,0.00037776227983809206
10-02 22:00,0.00024101575319986868
10-02 23:00,0.0002393064216168909
11-02 00:00,0.00024272508478284647
11-02 01:00,0.00022905043211902414
11-02 02:00,0.0001948638004594683
11-02 03:00,0.00022221310578711298
11-02 04:00,0.0002393064216168909
11-02 05:00,0.00024614374794880206
11-02 06:00,0.00026836505852751336
11-02 07:00,0.0003435756481785362
11-02 08:00,0.00033502899026364725
11-02 09:00,0.0003025516901870692
11-02 10:00,0.0002837490427743135
11-02 11:00,0.0002922957006892025
11-02 12:00,0.00027349305327644676
11-02 13:00,0.0002820397111913357
11-02 14:00,0.0002974236954381358
11-02 15:00,0.00027007439011049114
11-02 16:00,0.0002922957006892025
11-02 17:00,0.00029058636910622466
11-02 18:00,0.0002803303796083579
11-02 19:00,0.0002820397111913357
11-02 20:00,0.00029058636910622466
11-02 21:00,0.00023759709003391311
11-02 22:00,0.00022392243737009076
11-02 23:00,0.00023075976370200192
12-02 00:00,0.00023759709003391311
12-02 01:00,0.0002512717426977354
12-02 02:00,0.00025469040586369103
12-02 03:00,0.00024614374794880206
12-02 04:00,0.0002615277321956022
12-02 05:00,0.0002871677059402691
12-02 06:00,0.00038630893775298104
12-02 07:00,0.0006136500382890273
12-02 08:00,0.0006358713488677387
12-02 09:00,0.0005811727382124493
12-02 10:00,0.0005401487802209823
12-02 11:00,0.0005162181380592932
12-02 12:00,0.00047690351165080396
12-02 13:00,0.0004786128432337818
12-02 14:00,0.0004734848484848484
12-02 15:00,0.00048545016956569293
12-02 16:00,0.00048715950114867077
12-02 17:00,0.0005298927907231156
12-02 18:00,0.0005418581118039601
12-02 19:00,0.0004922874958976041
12-02 20:00,0.00043417022207635915
12-02 21:00,0.00033502899026364725
12-02 22:00,0.00022221310578711298
12-02 23:00,0.0002581090690296466
13-02 00:00,0.0002512717426977354
13-02 01:00,0.0002666557269445356
13-02 02:00,0.0002615277321956022
13-02 03:00,0.00024956241111475763
13-02 04:00,0.00027349305327644676
13-02 05:00,0.0003162263428508915
13-02 06:00,0.0003982742588338256
13-02 07:00,0.0006461273383656054
13-02 08:00,0.0006478366699485832
13-02 09:00,0.0005914287277103161
13-02 10:00,0.0004837408379827152
13-02 11:00,0.00048032217481675963
13-02 12:00,0.0004410075484082704
13-02 13:00,0.0004512635379061371
13-02 14:00,0.00046151952740400385
13-02 15:00,0.00045297286948911493
13-02 16:00,0.0004922874958976041
13-02 17:00,0.00048032217481675963
13-02 18:00,0.0004974154906465376
13-02 19:00,0.0004632288589869817
13-02 20:00,0.0003914369325019144
13-02 21:00,0.0003521223060934252
13-02 22:00,0.0002444344163658243
13-02 23:00,0.0002615277321956022
14-02 00:00,0.0002563997374466688
14-02 01:00,0.00024956241111475763
14-02 02:00,0.00023075976370200192
14-02 03:00,0.00020341045837435728
14-02 04:00,0.00023759709003391311
14-02 05:00,0.0002922957006892025
14-02 06:00,0.00035554096925938077
14-02 07:00,0.0005367301170550267
14-02 08:00,0.0005504047697188491
14-02 09:00,0.0005521141013018268
14-02 10:00,0.0005145088064763154
14-02 11:00,0.00048545016956569293
14-02 12:00,0.0004974154906465376
14-02 13:00,0.0004581008642380483
14-02 14:00,0.00045297286948911493
14-02 15:00,0.00045297286948911493
14-02 16:00,0.0004837408379827152
14-02 17:00,0.00047690351165080396
14-02 18:00,0.00047177551690187066
14-02 19:00,0.00046835685373591504
14-02 20:00,0.0004410075484082704
14-02 21:00,0.00035554096925938077
14-02 22:00,0.00025469040586369103
14-02 23:00,0.0002649463953615578
15-02 00:00,0.0002837490427743135
15-02 01:00,0.00030426102177004703
15-02 02:00,0.0002717837216934689
15-02 03:00,0.00028545837435729125
15-02 04:00,0.0002940050322721802
15-02 05:00,0.00035041297451044736
15-02 06:00,0.0004136582430806257
15-02 07:00,0.000584591401378405
15-02 08:00,0.0006392900120336942
15-02 09:00,0.0005298927907231156
15-02 10:00,0.0004837408379827152
15-02 11:00,0.00048545016956569293
15-02 12:00,0.000427332895744448
15-02 13:00,0.00042904222732742585
15-02 14:00,0.0004256235641614702
15-02 15:00,0.0004256235641614702
15-02 16:00,0.0004478448747401815
15-02 17:00,0.00042220490099551466
15-02 18:00,0.0004051115851657367
15-02 19:00,0.00040169292199978114
15-02 20:00,0.00035554096925938077
15-02 21:00,0.00027520238485942455
15-02 22:00,0.00016751449513182363
15-02 23:00,0.00017093315829777922
16-02 00:00,0.00016067716879991246
16-02 01:00,0.00017777048462969038
16-02 02:00,0.00018289847937862373
16-02 03:00,0.00016580516354884581
16-02 04:00,0.00016922382671480144
16-02 05:00,0.00018118914779564595
16-02 06:00,0.00025298107428071325
16-02 07:00,0.00035725030084235855
16-02 08:00,0.00036408762717426974
16-02 09:00,0.00033331965868066947
16-02 10:00,0.00031280767968493595
16-02 11:00,0.00033502899026364725
16-02 12:00,0.0003247730007657805
16-02 13:00,0.0003008423586040914
16-02 14:00,0.0003213543375998249
16-02 15:00,0.00031280767968493595
16-02 16:00,0.0003247730007657805
16-02 17:00,0.0003008423586040914
16-02 18:00,0.00031451701126791374
16-02 19:00,0.00031451701126791374
16-02 20:00,0.00026323706377858
16-02 21:00,0.00018973580571053492
16-02 22:00,0.00012649053714035662
16-02 23:00,0.00013161853188929
17-02 00:00,0.00013161853188929
17-02 01:00,0.0001470025161360901
17-02 02:00,0.00014529318455311233
17-02 03:00,0.0001281998687233344
17-02 04:00,0.00014016518980417895
17-02 05:00,0.00016409583196586803
17-02 06:00,0.00021024778470626844
17-02 07:00,0.0003025516901870692
17-02 08:00,0.00034186631659555844
17-02 09:00,0.00026836505852751336
17-02 10:00,0.0002581090690296466
17-02 11:00,0.00026836505852751336
17-02 12:00,0.0002666557269445356
17-02 13:00,0.0002512717426977354
17-02 14:00,0.00027691171644240233
17-02 15:00,0.0002512717426977354
17-02 16:00,0.00027520238485942455
17-02 17:00,0.00024956241111475763
17-02 18:00,0.0002512717426977354
17-02 19:00,0.0002444344163658243
17-02 20:00,0.00020682912154031284
17-02 21:00,0.00016922382671480144
17-02 22:00,0.00011110655289355649
17-02 23:00,0.00011794387922546766
18-02 00:00,0.00010085056339568975
18-02 01:00,0.00011623454764248985
18-02 02:00,0.00011794387922546766
18-02 03:00,0.00011794387922546766
18-02 04:00,0.00012136254239142323
18-02 05:00,0.00011794387922546766
18-02 06:00,0.00014529318455311233
18-02 07:00,0.00017093315829777922
18-02 08:00,0.00016409583196586803
18-02 09:00,0.00014187452138715676
18-02 10:00,0.00012649053714035662
18-02 11:00,0.00011281588447653427
18-02 12:00,0.00010085056339568975
18-02 13:00,8.888524231484519e-05
18-02 14:00,8.888524231484519e-05
18-02 15:00,9.914123181271193e-05
18-02 16:00,9.743190022973415e-05
18-02 17:00,0.00011965321080844545
18-02 18:00,0.00012307187397440103
18-02 19:00,0.00011623454764248985
18-02 20:00,0.00011110655289355649
18-02 21:00,9.914123181271193e-05
18-02 22:00,8.546657914888961e-05
18-02 23:00,8.71759107318674e-05
19-02 00:00,8.888524231484519e-05
19-02 01:00,0.00011623454764248985
19-02 02:00,0.0001093972213105787
19-02 03:00,0.00010426922656164531
19-02 04:00,0.0001093972213105787
19-02 05:00,0.00012307187397440103
19-02 06:00,0.00015725850563395687
19-02 07:00,0.00024614374794880206
19-02 08:00,0.0002786210480253801
19-02 09:00,0.00022221310578711298
19-02 10:00,0.00021024778470626844
19-02 11:00,0.0002187944426211574
19-02 12:00,0.00019315446887649052
19-02 13:00,0.00018802647412755714
19-02 14:00,0.00019315446887649052
19-02 15:00,0.000172642489880757
19-02 16:00,0.00021195711628924622
19-02 17:00,0.00021024778470626844
19-02 18:00,0.000213666447872224
19-02 19:00,0.00022392243737009076
19-02 20:00,0.00019999179520840165
19-02 21:00,0.00018802647412755714
19-02 22:00,0.00013161853188929
19-02 23:00,0.0001487118477190679
20-02 00:00,0.00015213051088502352
20-02 01:00,0.0001470025161360901
20-02 02:00,0.00013674652663822338
20-02 03:00,0.00014187452138715676
20-02 04:00,0.00013845585822120117
20-02 05:00,0.00015554917405097908
20-02 06:00,0.00020511978995733506
20-02 07:00,0.0002888770375232468
20-02 08:00,0.00030597035335302476
20-02 09:00,0.00027520238485942455
20-02 10:00,0.0002581090690296466
20-02 11:00,0.00022734110053604636
20-02 12:00,0.00019828246362542387
20-02 13:00,0.00018289847937862373
20-02 14:00,0.00018118914779564595
20-02 15:00,0.0001743518214637348
20-02 16:00,0.0001743518214637348
20-02 17:00,0.0001760611530467126
20-02 18:00,0.00018973580571053492
20-02 19:00,0.0001760611530467126
20-02 20:00,0.00016238650038289025
20-02 21:00,0.00012649053714035662
20-02 22:00,8.375724756591181e-05
20-02 23:00,9.059457389782298e-05
21-02 00:00,9.059457389782298e-05
21-02 01:00,0.00011110655289355649
21-02 02:00,0.0001076878897276009
21-02 03:00,0.00011110655289355649
21-02 04:00,0.00011623454764248985
21-02 05:00,0.00013161853188929
21-02 06:00,0.00016922382671480144
21-02 07:00,0.00023759709003391311
21-02 08:00,0.0002563997374466688
21-02 09:00,0.00020853845312329063
21-02 10:00,0.00016238650038289025
21-02 11:00,0.00015896783721693468
21-02 12:00,0.00014187452138715676
21-02 13:00,0.00014016518980417895
21-02 14:00,0.00012478120555737881
21-02 15:00,0.0001299092003063122
21-02 16:00,0.0001299092003063122
21-02 17:00,0.00013845585822120117
21-02 18:00,0.0001487118477190679
21-02 19:00,0.0001470025161360901
21-02 20:00,0.0001299092003063122
21-02 21:00,0.00013503719505524557
21-02 22:00,9.230390548080079e-05
21-02 23:00,0.00010426922656164531
22-02 00:00,0.00012136254239142323
22-02 01:00,0.0001299092003063122
22-02 02:00,0.00013845585822120117
22-02 03:00,0.00013674652663822338
22-02 04:00,0.0001504211793020457
22-02 05:00,0.00016409583196586803
22-02 06:00,0.0001948638004594683
22-02 07:00,0.0002888770375232468
22-02 08:00,0.0002615277321956022
22-02 09:00,0.0002393064216168909
22-02 10:00,0.00022392243737009076
22-02 11:00,0.0001914451372935127
22-02 12:00,0.00018802647412755714
22-02 13:00,0.000172642489880757
22-02 14:00,0.00016067716879991246
22-02 15:00,0.00015725850563395687
22-02 16:00,0.00016067716879991246
22-02 17:00,0.00018118914779564595
22-02 18:00,0.0001914451372935127
22-02 19:00,0.00020341045837435728
22-02 20:00,0.000172642489880757
22-02 21:00,0.00015725850563395687
22-02 22:00,0.0001093972213105787
22-02 23:00,0.0001281998687233344
23-02 00:00,0.00011452521605951207
23-02 01:00,0.00011965321080844545
23-02 02:00,0.00011794387922546766
23-02 03:00,0.00011110655289355649
23-02 04:00,0.00011281588447653427
23-02 05:00,0.0001333278634722678
23-02 06:00,0.0001538398424680013
23-02 07:00,0.00019828246362542387
23-02 08:00,0.0001948638004594683
23-02 09:00,0.0001743518214637348
23-02 10:00,0.0001470025161360901
23-02 11:00,0.0001299092003063122
23-02 12:00,0.00010597855814462311
23-02 13:00,9.230390548080079e-05
23-02 14:00,9.401323706377857e-05
23-02 15:00,9.743190022973415e-05
23-02 16:00,0.00010085056339568975
23-02 17:00,0.0001093972213105787
23-02 18:00,0.00010597855814462311
23-02 19:00,0.00011281588447653427
23-02 20:00,9.401323706377857e-05
23-02 21:00,9.743190022973415e-05
23-02 22:00,5.811727382124493e-05
23-02 23:00,6.324526857017831e-05
24-02 00:00,5.1279947489333765e-05
24-02 01:00,6.49546001531561e-05
24-02 02:00,7.179192648506727e-05
24-02 03:00,7.691992123400065e-05
24-02 04:00,8.033858439995623e-05
24-02 05:00,9.059457389782298e-05
24-02 06:00,9.914123181271193e-05
24-02 07:00,0.00014358385297013454
24-02 08:00,0.00014016518980417895
24-02 09:00,0.0001076878897276009
24-02 10:00,9.059457389782298e-05
24-02 11:00,7.521058965102285e-05
24-02 12:00,8.375724756591181e-05
24-02 13:00,8.888524231484519e-05
24-02 14:00,8.546657914888961e-05
24-02 15:00,9.059457389782298e-05
24-02 16:00,9.914123181271193e-05
24-02 17:00,8.375724756591181e-05
24-02 18:00,7.691992123400065e-05
24-02 19:00,8.375724756591181e-05
24-02 20:00,9.059457389782298e-05
24-02 21:00,8.033858439995623e-05
24-02 22:00,5.469861065528935e-05
24-02 23:00,5.9826605404222724e-05
25-02 00:00,7.179192648506727e-05
25-02 01:00,8.546657914888961e-05
25-02 02:00,8.375724756591181e-05
25-02 03:00,9.914123181271193e-05
25-02 04:00,9.401323706377857e-05
25-02 05:00,0.00010426922656164531
25-02 06:00,0.00011110655289355649
25-02 07:00,0.00012136254239142323
25-02 08:00,0.00011623454764248985
25-02 09:00,7.862925281697843e-05
25-02 10:00,5.6407942238267136e-05
25-02 11:00,3.247730007657805e-05
25-02 12:00,3.247730007657805e-05
25-02 13:00,3.247730007657805e-05
25-02 14:00,3.4186631659555845e-05
25-02 15:00,3.247730007657805e-05
25-02 16:00,3.247730007657805e-05
25-02 17:00,3.4186631659555845e-05
25-02 18:00,4.786128432337818e-05
25-02 19:00,6.49546001531561e-05
25-02 20:00,5.9826605404222724e-05
25-02 21:00,6.49546001531561e-05
25-02 22:00,6.837326331911169e-05
25-02 23:00,7.862925281697843e-05
26-02 00:00,8.546657914888961e-05
26-02 01:00,9.059457389782298e-05
26-02 02:00,9.743190022973415e-05
26-02 03:00,7.691992123400065e-05
26-02 04:00,7.691992123400065e-05
26-02 05:00,9.059457389782298e-05
26-02 06:00,0.00011794387922546766
26-02 07:00,0.00018973580571053492
26-02 08:00,0.00020853845312329063
26-02 09:00,0.00018631714254457936
26-02 10:00,0.00017947981621266817
26-02 11:00,0.00016751449513182363
26-02 12:00,0.00017093315829777922
26-02 13:00,0.00016922382671480144
26-02 14:00,0.00017947981621266817
26-02 15:00,0.00018289847937862373
26-02 16:00,0.00019999179520840165
26-02 17:00,0.00018973580571053492
26-02 18:00,0.00019657313204244609
26-02 19:00,0.00017947981621266817
26-02 20:00,0.00014358385297013454
26-02 21:00,0.0001076878897276009
26-02 22:00,8.204791598293402e-05
26-02 23:00,9.401323706377857e-05
27-02 00:00,0.0001076878897276009
27-02 01:00,0.0001093972213105787
27-02 02:00,0.00010597855814462311
27-02 03:00,0.00010597855814462311
27-02 04:00,0.00011281588447653427
27-02 05:00,0.00013161853188929
27-02 06:00,0.00018289847937862373
27-02 07:00,0.0002649463953615578
27-02 08:00,0.0002940050322721802
27-02 09:00,0.00023417842686795752
27-02 10:00,0.00023417842686795752
27-02 11:00,0.00023075976370200192
27-02 12:00,0.00022392243737009076
27-02 13:00,0.00022392243737009076
27-02 14:00,0.000213666447872224
27-02 15:00,0.0002324690952849797
27-02 16:00,0.00024785307953177984
27-02 17:00,0.00022734110053604636
27-02 18:00,0.00023759709003391311
27-02 19:00,0.00022734110053604636
27-02 20:00,0.00022392243737009076
27-02 21:00,0.00018631714254457936
27-02 22:00,0.0001281998687233344
27-02 23:00,0.00014187452138715676
28-02 00:00,0.0001504211793020457
28-02 01:00,0.00015725850563395687
28-02 02:00,0.00016238650038289025
28-02 03:00,0.00015213051088502352
28-02 04:00,0.000172642489880757
28-02 05:00,0.0001948638004594683
28-02 06:00,0.0002512717426977354
28-02 07:00,0.0003675062903402253
28-02 08:00,0.00036408762717426974
28-02 09:00,0.00032819166393173606
28-02 10:00,0.0003025516901870692
28-02 11:00,0.0003196450060168471
28-02 12:00,0.00031793567443386936
28-02 13:00,0.00030597035335302476
28-02 14:00,0.00029571436385515806
28-02 15:00,0.00031109834810195817
28-02 16:00,0.0003401569850125806
28-02 17:00,0.0003093890165189804
28-02 18:00,0.00029913302702111363
28-02 19:00,0.0002786210480253801
28-02 20:00,0.00024272508478284647
28-02 21:00,0.00021024778470626844
28-02 22:00,0.00013503719505524557
28-02 23:00,0.00013845585822120117
01-03 00:00,0.00016409583196586803
01-03 01:00,0.00016238650038289025
01-03 02:00,0.00016409583196586803
01-03 03:00,0.0001504211793020457
01-03 04:00,0.00015554917405097908
01-03 05:00,0.0001743518214637348
01-03 06:00,0.00022734110053604636
01-03 07:00,0.00033161032709769163
01-03 08:00,0.00034186631659555844
01-03 09:00,0.00029571436385515806
01-03 10:00,0.0002820397111913357
01-03 11:00,0.0002666557269445356
01-03 12:00,0.00025298107428071325
01-03 13:00,0.0002803303796083579
01-03 14:00,0.00025298107428071325
01-03 15:00,0.0002649463953615578
01-03 16:00,0.0002512717426977354
01-03 17:00,0.00025469040586369103
01-03 18:00,0.00023759709003391311
01-03 19:00,0.0002444344163658243
01-03 20:00,0.0002017011267913795
01-03 21:00,0.0001538398424680013
01-03 22:00,0.0001076878897276009
01-03 23:00,0.00012649053714035662
02-03 00:00,0.00012649053714035662
02-03 01:00,0.00012478120555737881
02-03 02:00,0.00013161853188929
02-03 03:00,0.00012649053714035662
02-03 04:00,0.00012478120555737881
02-03 05:00,0.00014016518980417895
02-03 06:00,0.00017947981621266817
02-03 07:00,0.00025469040586369103
02-03 08:00,0.0002598184006126244
02-03 09:00,0.0002581090690296466
02-03 10:00,0.00022734110053604636
02-03 11:00,0.00022221310578711298
02-03 12:00,0.00022734110053604636
02-03 13:00,0.0002324690952849797
02-03 14:00,0.0002393064216168909
02-03 15:00,0.00024272508478284647
02-03 16:00,0.00022392243737009076
02-03 17:00,0.00023417842686795752
02-03 18:00,0.00024272508478284647
02-03 19:00,0.0002393064216168909
02-03 20:00,0.00020853845312329063
02-03 21:00,0.00016409583196586803
02-03 22:00,0.00011281588447653427
02-03 23:00,0.00011794387922546766
03-03 00:00,0.00012307187397440103
03-03 01:00,0.00013161853188929
03-03 02:00,0.00014529318455311233
03-03 03:00,0.00013503719505524557
03-03 04:00,0.00013503719505524557
03-03 05:00,0.00016580516354884581
03-03 06:00,0.00021024778470626844
03-03 07:00,0.00030426102177004703
03-03 08:00,0.0003076796849360026
03-03 09:00,0.00026836505852751336
03-03 10:00,0.00024614374794880206
03-03 11:00,0.00024614374794880206
03-03 12:00,0.00022563176895306855
03-03 13:00,0.00022734110053604636
03-03 14:00,0.00023588775845093533
03-03 15:00,0.0002393064216168909
03-03 16:00,0.00024956241111475763
03-03 17:00,0.0002581090690296466
03-03 18:00,0.0002581090690296466
03-03 19:00,0.0002581090690296466
03-03 20:00,0.000213666447872224
03-03 21:00,0.00018460781096160157
03-03 22:00,0.0001076878897276009
03-03 23:00,0.00011452521605951207
04-03 00:00,0.00011794387922546766
04-03 01:00,0.00011965321080844545
04-03 02:00,0.00012307187397440103
04-03 03:00,0.00012307187397440103
04-03 04:00,0.00013503719505524557
04-03 05:00,0.00014358385297013454
04-03 06:00,0.00017093315829777922
04-03 07:00,0.00020853845312329063
04-03 08:00,0.0001948638004594683
04-03 09:00,0.00016922382671480144
04-03 10:00,0.00015554917405097908
04-03 11:00,0.0001504211793020457
04-03 12:00,0.00014529318455311233
04-03 13:00,0.0001487118477190679
04-03 14:00,0.00015554917405097908
04-03 15:00,0.000172642489880757
04-03 16:00,0.00016067716879991246
04-03 17:00,0.00018118914779564595
04-03 18:00,0.00017093315829777922
04-03 19:00,0.00016751449513182363
04-03 20:00,0.00017093315829777922
04-03 21:00,0.00014016518980417895
04-03 22:00,0.00011110655289355649
04-03 23:00,0.00011623454764248985
05-03 00:00,0.00012307187397440103
05-03 01:00,0.00011965321080844545
05-03 02:00,0.0001299092003063122
05-03 03:00,0.0001333278634722678
05-03 04:00,0.0001281998687233344
05-03 05:00,0.00016067716879991246
05-03 06:00,0.00018118914779564595
05-03 07:00,0.00031451701126791374
05-03 08:00,0.00031280767968493595
05-03 09:00,0.00028545837435729125
05-03 10:00,0.0002940050322721802
05-03 11:00,0.0002786210480253801
05-03 12:00,0.00024614374794880206
05-03 13:00,0.00025298107428071325
05-03 14:00,0.00024785307953177984
05-03 15:00,0.0002649463953615578
05-03 16:00,0.0002563997374466688
05-03 17:00,0.0003008423586040914
05-03 18:00,0.0002717837216934689
05-03 19:00,0.00026323706377858
05-03 20:00,0.00022392243737009076
05-03 21:00,0.00018460781096160157
05-03 22:00,0.0001333278634722678
05-03 23:00,0.00013503719505524557
06-03 00:00,0.0001470025161360901
06-03 01:00,0.0001504211793020457
06-03 02:00,0.00015554917405097908
06-03 03:00,0.00016067716879991246
06-03 04:00,0.00017947981621266817
06-03 05:00,0.00017777048462969038
06-03 06:00,0.00021195711628924622
06-03 07:00,0.0003025516901870692
06-03 08:00,0.00033502899026364725
06-03 09:00,0.00027691171644240233
06-03 10:00,0.00025298107428071325
06-03 11:00,0.00023588775845093533
06-03 12:00,0.0002717837216934689
06-03 13:00,0.00024101575319986868
06-03 14:00,0.00022905043211902414
06-03 15:00,0.00022392243737009076
06-03 16:00,0.00024614374794880206
06-03 17:00,0.00024956241111475763
06-03 18:00,0.00022563176895306855
06-03 19:00,0.0002444344163658243
06-03 20:00,0.0002187944426211574
06-03 21:00,0.0001760611530467126
06-03 22:00,0.00011452521605951207
06-03 23:00,0.00012649053714035662
07-03 00:00,0.00011965321080844545
07-03 01:00,0.00012307187397440103
07-03 02:00,0.00011110655289355649
07-03 03:00,0.00012136254239142323
07-03 04:00,0.00013674652663822338
07-03 05:00,0.00014016518980417895
07-03 06:00,0.0001760611530467126
07-03 07:00,0.00024956241111475763
07-03 08:00,0.0002512717426977354
07-03 09:00,0.00021708511103817957
07-03 10:00,0.00020341045837435728
07-03 11:00,0.0001760611530467126
07-03 12:00,0.00016067716879991246
07-03 13:00,0.00015554917405097908
07-03 14:00,0.00016751449513182363
07-03 15:00,0.0001504211793020457
07-03 16:00,0.00016238650038289025
07-03 17:00,0.00017093315829777922
07-03 18:00,0.0001760611530467126
07-03 19:00,0.00016238650038289025
07-03 20:00,0.00013845585822120117
07-03 21:00,0.00011452521605951207
07-03 22:00,7.008259490208947e-05
07-03 23:00,7.521058965102285e-05
08-03 00:00,7.691992123400065e-05
08-03 01:00,8.71759107318674e-05
08-03 02:00,8.888524231484519e-05
08-03 03:00,8.375724756591181e-05
08-03 04:00,8.71759107318674e-05
08-03 05:00,0.0001076878897276009
08-03 06:00,0.00013674652663822338
08-03 07:00,0.00018289847937862373
08-03 08:00,0.00015725850563395687
08-03 09:00,0.0001299092003063122
08-03 10:00,0.0001281998687233344
08-03 11:00,0.0001093972213105787
08-03 12:00,9.059457389782298e-05
08-03 13:00,7.862925281697843e-05
08-03 14:00,8.71759107318674e-05
08-03 15:00,8.546657914888961e-05
08-03 16:00,9.230390548080079e-05
08-03 17:00,9.401323706377857e-05
08-03 18:00,0.00010085056339568975
08-03 19:00,8.375724756591181e-05
08-03 20:00,7.521058965102285e-05
08-03 21:00,6.66639317361339e-05
08-03 22:00,4.786128432337818e-05
08-03 23:00,5.1279947489333765e-05
09-03 00:00,6.153593698720051e-05
09-03 01:00,7.521058965102285e-05
09-03 02:00,7.350125806804506e-05
09-03 03:00,8.204791598293402e-05
09-03 04:00,7.691992123400065e-05
09-03 05:00,0.00010426922656164531
09-03 06:00,0.00011794387922546766
09-03 07:00,0.00018631714254457936
09-03 08:00,0.00018460781096160157
09-03 09:00,0.00015725850563395687
09-03 10:00,0.00013161853188929
09-03 11:00,0.00014016518980417895
09-03 12:00,0.00014187452138715676
09-03 13:00,0.00013161853188929
09-03 14:00,0.00011794387922546766
09-03 15:00,0.00012307187397440103
09-03 16:00,0.00012307187397440103
09-03 17:00,0.00011452521605951207
09-03 18:00,0.00014016518980417895
09-03 19:00,0.0001281998687233344
09-03 20:00,0.00012478120555737881
09-03 21:00,0.00011281588447653427
09-03 22:00,9.743190022973415e-05
09-03 23:00,0.00010597855814462311
10-03 00:00,9.914123181271193e-05
10-03 01:00,0.0001093972213105787
10-03 02:00,0.00010597855814462311
10-03 03:00,0.00011110655289355649
10-03 04:00,0.00012478120555737881
10-03 05:00,0.0001487118477190679
10-03 06:00,0.0001914451372935127
10-03 07:00,0.0002888770375232468
10-03 08:00,0.0002871677059402691
10-03 09:00,0.00022392243737009076
10-03 10:00,0.00020511978995733506
10-03 11:00,0.00017947981621266817
10-03 12:00,0.0001760611530467126
10-03 13:00,0.00017777048462969038
10-03 14:00,0.00020511978995733506
10-03 15:00,0.00019828246362542387
10-03 16:00,0.00020853845312329063
10-03 17:00,0.00020853845312329063
10-03 18:00,0.00020682912154031284
10-03 19:00,0.00021024778470626844
10-03 20:00,0.00018289847937862373
10-03 21:00,0.00015213051088502352
10-03 22:00,9.572256864675635e-05
10-03 23:00,0.0001076878897276009
11-03 00:00,0.0001076878897276009
11-03 01:00,0.0001093972213105787
11-03 02:00,0.00012649053714035662
11-03 03:00,0.00012649053714035662
11-03 04:00,0.00012307187397440103
11-03 05:00,0.00012478120555737881
11-03 06:00,0.0001538398424680013
11-03 07:00,0.00018118914779564595
11-03 08:00,0.00019828246362542387
11-03 09:00,0.0001743518214637348
11-03 10:00,0.00015896783721693468
11-03 11:00,0.00017093315829777922
11-03 12:00,0.00016067716879991246
11-03 13:00,0.00013503719505524557
11-03 14:00,0.0001333278634722678
11-03 15:00,0.00013161853188929
11-03 16:00,0.00013161853188929
11-03 17:00,0.00014187452138715676
11-03 18:00,0.00013161853188929
11-03 19:00,0.00014529318455311233
11-03 20:00,0.0001299092003063122
11-03 21:00,0.00011281588447653427
11-03 22:00,9.743190022973415e-05
11-03 23:00,0.00011965321080844545
12-03 00:00,0.00014016518980417895
12-03 01:00,0.00014016518980417895
12-03 02:00,0.00013845585822120117
12-03 03:00,0.00013503719505524557
12-03 04:00,0.0001538398424680013
12-03 05:00,0.00017777048462969038
12-03 06:00,0.00020682912154031284
12-03 07:00,0.00032648233234875833
12-03 08:00,0.00031451701126791374
12-03 09:00,0.00029913302702111363
12-03 10:00,0.0002871677059402691
12-03 11:00,0.00028545837435729125
12-03 12:00,0.0002786210480253801
12-03 13:00,0.0002581090690296466
12-03 14:00,0.0002837490427743135
12-03 15:00,0.0002837490427743135
12-03 16:00,0.0002717837216934689
12-03 17:00,0.00027007439011049114
12-03 18:00,0.0002649463953615578
12-03 19:00,0.0002598184006126244
12-03 20:00,0.00019657313204244609
12-03 21:00,0.0001948638004594683
12-03 22:00,0.0001299092003063122
12-03 23:00,0.00014016518980417895
13-03 00:00,0.0001487118477190679
13-03 01:00,0.00015725850563395687
13-03 02:00,0.00016409583196586803
13-03 03:00,0.0001538398424680013
13-03 04:00,0.0001743518214637348
13-03 05:00,0.00020853845312329063
13-03 06:00,0.00027007439011049114
13-03 07:00,0.00037947161142106985
13-03 08:00,0.00039656492725084774
13-03 09:00,0.000345284979761514
13-03 10:00,0.0002717837216934689
13-03 11:00,0.0002837490427743135
13-03 12:00,0.0002717837216934689
13-03 13:00,0.00027007439011049114
13-03 14:00,0.00025298107428071325
13-03 15:00,0.0002581090690296466
13-03 16:00,0.00027349305327644676
13-03 17:00,0.0002666557269445356
13-03 18:00,0.00027007439011049114
13-03 19:00,0.00024956241111475763
13-03 20:00,0.000213666447872224
13-03 21:00,0.00016922382671480144
13-03 22:00,0.00011110655289355649
13-03 23:00,0.00011623454764248985
14-03 00:00,0.00011452521605951207
14-03 01:00,0.00011281588447653427
14-03 02:00,0.00012649053714035662
14-03 03:00,0.00011794387922546766
14-03 04:00,0.00013845585822120117
14-03 05:00,0.00016409583196586803
14-03 06:00,0.00018802647412755714
14-03 07:00,0.0002922957006892025
14-03 08:00,0.00030426102177004703
14-03 09:00,0.0002820397111913357
14-03 10:00,0.00025298107428071325
14-03 11:00,0.0002512717426977354
14-03 12:00,0.00022905043211902414
14-03 13:00,0.00023075976370200192
14-03 14:00,0.00024956241111475763
14-03 15:00,0.0002512717426977354
14-03 16:00,0.00024785307953177984
14-03 17:00,0.00024614374794880206
14-03 18:00,0.00024614374794880206
14-03 19:00,0.00023417842686795752
14-03 20:00,0.00018802647412755714
14-03 21:00,0.00015554917405097908
14-03 22:00,9.743190022973415e-05
14-03 23:00,0.00010085056339568975
15-03 00:00,9.914123181271193e-05
15-03 01:00,0.00011794387922546766
15-03 02:00,0.00011965321080844545
15-03 03:00,0.0001076878897276009
15-03 04:00,0.0001093972213105787
15-03 05:00,0.00013161853188929
15-03 06:00,0.00016922382671480144
15-03 07:00,0.0002666557269445356
15-03 08:00,0.0002820397111913357
15-03 09:00,0.00027007439011049114
15-03 10:00,0.00022734110053604636
15-03 11:00,0.00023759709003391311
15-03 12:00,0.00022734110053604636
15-03 13:00,0.00023075976370200192
15-03 14:00,0.00021195711628924622
15-03 15:00,0.00021708511103817957
15-03 16:00,0.00021708511103817957
15-03 17:00,0.00022734110053604636
15-03 18:00,0.0001948638004594683
15-03 19:00,0.00019828246362542387
15-03 20:00,0.00015896783721693468
15-03 21:00,0.0001333278634722678
15-03 22:00,7.521058965102285e-05
15-03 23:00,7.521058965102285e-05
16-03 00:00,8.204791598293402e-05
16-03 01:00,8.71759107318674e-05
16-03 02:00,8.204791598293402e-05
16-03 03:00,9.401323706377857e-05
16-03 04:00,0.0001093972213105787
16-03 05:00,0.00013503719505524557
16-03 06:00,0.00015554917405097908
16-03 07:00,0.0002205037742041352
16-03 08:00,0.0002017011267913795
16-03 09:00,0.00018631714254457936
16-03 10:00,0.00016751449513182363
16-03 11:00,0.00016409583196586803
16-03 12:00,0.00014358385297013454
16-03 13:00,0.00014529318455311233
16-03 14:00,0.00014016518980417895
16-03 15:00,0.0001538398424680013
16-03 16:00,0.0001487118477190679
16-03 17:00,0.0001538398424680013
16-03 18:00,0.00014358385297013454
16-03 19:00,0.00013674652663822338
16-03 20:00,0.00012478120555737881
16-03 21:00,9.743190022973415e-05
16-03 22:00,7.179192648506727e-05
16-03 23:00,7.008259490208947e-05
17-03 00:00,6.837326331911169e-05
17-03 01:00,7.179192648506727e-05
17-03 02:00,7.521058965102285e-05
17-03 03:00,8.204791598293402e-05
17-03 04:00,9.059457389782298e-05
17-03 05:00,9.401323706377857e-05
17-03 06:00,0.00012478120555737881
17-03 07:00,0.00016409583196586803
17-03 08:00,0.00014016518980417895
17-03 09:00,0.0001281998687233344
17-03 10:00,9.743190022973415e-05
17-03 11:00,8.71759107318674e-05
17-03 12:00,8.888524231484519e-05
17-03 13:00,8.033858439995623e-05
17-03 14:00,9.230390548080079e-05
17-03 15:00,9.401323706377857e-05
17-03 16:00,8.546657914888961e-05
17-03 17:00,9.059457389782298e-05
17-03 18:00,9.572256864675635e-05
17-03 19:00,7.862925281697843e-05
17-03 20:00,8.375724756591181e-05
17-03 21:00,7.691992123400065e-05
17-03 22:00,5.1279947489333765e-05
17-03 23:00,6.153593698720051e-05
18-03 00:00,5.6407942238267136e-05
18-03 01:00,7.350125806804506e-05
18-03 02:00,7.862925281697843e-05
18-03 03:00,9.059457389782298e-05
18-03 04:00,9.059457389782298e-05
18-03 05:00,0.0001076878897276009
18-03 06:00,0.0001299092003063122
18-03 07:00,0.00014529318455311233
18-03 08:00,0.00013845585822120117
18-03 09:00,0.00011452521605951207
18-03 10:00,8.888524231484519e-05
18-03 11:00,8.71759107318674e-05
18-03 12:00,6.837326331911169e-05
18-03 13:00,5.9826605404222724e-05
18-03 14:00,5.1279947489333765e-05
18-03 15:00,5.1279947489333765e-05
18-03 16:00,6.49546001531561e-05
18-03 17:00,6.49546001531561e-05
18-03 18:00,9.743190022973415e-05
18-03 19:00,0.00010426922656164531
18-03 20:00,0.00011623454764248985
18-03 21:00,9.572256864675635e-05
18-03 22:00,0.00010085056339568975
18-03 23:00,0.00011281588447653427
19-03 00:00,0.0001281998687233344
19-03 01:00,0.00012478120555737881
19-03 02:00,0.0001333278634722678
19-03 03:00,0.00013845585822120117
19-03 04:00,0.00014016518980417895
19-03 05:00,0.00018118914779564595
19-03 06:00,0.0002153757794552018
19-03 07:00,0.0002837490427743135
19-03 08:00,0.0002717837216934689
19-03 09:00,0.0002393064216168909
19-03 10:00,0.00019315446887649052
19-03 11:00,0.00018802647412755714
19-03 12:00,0.00016922382671480144
19-03 13:00,0.0001504211793020457
19-03 14:00,0.0001743518214637348
19-03 15:00,0.00016922382671480144
19-03 16:00,0.000172642489880757
19-03 17:00,0.0001948638004594683
19-03 18:00,0.00018973580571053492
19-03 19:00,0.00018973580571053492
19-03 20:00,0.0001743518214637348
19-03 21:00,0.00016922382671480144
19-03 22:00,0.00012136254239142323
19-03 23:00,0.00012478120555737881
20-03 00:00,0.00014529318455311233
20-03 01:00,0.00015725850563395687
20-03 02:00,0.00015725850563395687
20-03 03:00,0.00016922382671480144
20-03 04:00,0.00016922382671480144
20-03 05:00,0.00020341045837435728
20-03 06:00,0.00023588775845093533
20-03 07:00,0.0003230636691828027
20-03 08:00,0.00029058636910622466
20-03 09:00,0.00025298107428071325
20-03 10:00,0.0002017011267913795
20-03 11:00,0.0002017011267913795
20-03 12:00,0.00017947981621266817
20-03 13:00,0.000172642489880757
20-03 14:00,0.00016409583196586803
20-03 15:00,0.00016409583196586803
20-03 16:00,0.000172642489880757
20-03 17:00,0.0001948638004594683
20-03 18:00,0.00020511978995733506
20-03 19:00,0.00018460781096160157
20-03 20:00,0.0001743518214637348
20-03 21:00,0.0001504211793020457
20-03 22:00,9.401323706377857e-05
20-03 23:00,0.00012307187397440103
21-03 00:00,0.00013674652663822338
21-03 01:00,0.0001504211793020457
21-03 02:00,0.00014358385297013454
21-03 03:00,0.0001487118477190679
21-03 04:00,0.0001538398424680013
21-03 05:00,0.0002017011267913795
21-03 06:00,0.00022563176895306855
21-03 07:00,0.00036921562192320314
21-03 08:00,0.0003675062903402253
21-03 09:00,0.0003162263428508915
21-03 10:00,0.00027691171644240233
21-03 11:00,0.00027691171644240233
21-03 12:00,0.0002598184006126244
21-03 13:00,0.00024785307953177984
21-03 14:00,0.0002598184006126244
21-03 15:00,0.0002649463953615578
21-03 16:00,0.00026323706377858
21-03 17:00,0.0002820397111913357
21-03 18:00,0.0002717837216934689
21-03 19:00,0.00026323706377858
21-03 20:00,0.0002393064216168909
21-03 21:00,0.00018631714254457936
21-03 22:00,0.00013161853188929
21-03 23:00,0.00011794387922546766
22-03 00:00,0.0001487118477190679
22-03 01:00,0.00015213051088502352
22-03 02:00,0.00015554917405097908
22-03 03:00,0.00016922382671480144
22-03 04:00,0.0001743518214637348
22-03 05:00,0.000213666447872224
22-03 06:00,0.0002598184006126244
22-03 07:00,0.0003760529482551143
22-03 08:00,0.00042220490099551466
22-03 09:00,0.00035725030084235855
22-03 10:00,0.0003401569850125806
22-03 11:00,0.0003196450060168471
22-03 12:00,0.0003230636691828027
22-03 13:00,0.0002837490427743135
22-03 14:00,0.0003008423586040914
22-03 15:00,0.00030426102177004703
22-03 16:00,0.0003076796849360026
22-03 17:00,0.0002837490427743135
22-03 18:00,0.0003025516901870692
22-03 19:00,0.0003230636691828027
22-03 20:00,0.0002803303796083579
22-03 21:00,0.00022221310578711298
22-03 22:00,0.00014529318455311233
22-03 23:00,0.00015554917405097908
23-03 00:00,0.00015554917405097908
23-03 01:00,0.00016409583196586803
23-03 02:00,0.00015725850563395687
23-03 03:00,0.00015896783721693468
23-03 04:00,0.00016922382671480144
23-03 05:00,0.0001914451372935127
23-03 06:00,0.00024956241111475763
23-03 07:00,0.00030597035335302476
23-03 08:00,0.00031109834810195817
23-03 09:00,0.00026323706377858
23-03 10:00,0.0002324690952849797
23-03 11:00,0.0002153757794552018
23-03 12:00,0.0002017011267913795
23-03 13:00,0.00019657313204244609
23-03 14:00,0.000172642489880757
23-03 15:00,0.00018460781096160157
23-03 16:00,0.0001914451372935127
23-03 17:00,0.0001948638004594683
23-03 18:00,0.00022221310578711298
23-03 19:00,0.0001914451372935127
23-03 20:00,0.0001914451372935127
23-03 21:00,0.0001470025161360901
23-03 22:00,0.0001093972213105787
23-03 23:00,0.00010597855814462311
24-03 00:00,0.00011281588447653427
24-03 01:00,0.00013161853188929
24-03 02:00,0.00012478120555737881
24-03 03:00,0.0001299092003063122
24-03 04:00,0.00013503719505524557
24-03 05:00,0.00016067716879991246
24-03 06:00,0.00019999179520840165
24-03 07:00,0.0002837490427743135
24-03 08:00,0.00026836505852751336
24-03 09:00,0.00020853845312329063
24-03 10:00,0.0001760611530467126
24-03 11:00,0.00016922382671480144
24-03 12:00,0.00016067716879991246
24-03 13:00,0.00017093315829777922
24-03 14:00,0.00016580516354884581
24-03 15:00,0.00016580516354884581
24-03 16:00,0.00016580516354884581
24-03 17:00,0.00017777048462969038
24-03 18:00,0.00018118914779564595
24-03 19:00,0.00016067716879991246
24-03 20:00,0.00013503719505524557
24-03 21:00,0.00011794387922546766
24-03 22:00,8.71759107318674e-05
24-03 23:00,0.0001076878897276009
25-03 00:00,9.572256864675635e-05
25-03 01:00,0.00011281588447653427
25-03 02:00,0.00012478120555737881
25-03 03:00,0.0001299092003063122
25-03 04:00,0.00013845585822120117
25-03 05:00,0.00014016518980417895
25-03 06:00,0.00017093315829777922
25-03 07:00,0.00018973580571053492
25-03 08:00,0.00015554917405097908
25-03 09:00,0.00012478120555737881
25-03 10:00,9.743190022973415e-05
25-03 11:00,7.008259490208947e-05
25-03 12:00,5.2989279072311555e-05
25-03 13:00,3.931462640848922e-05
25-03 14:00,4.102395799146701e-05
25-03 15:00,4.102395799146701e-05
25-03 16:00,4.2733289574444805e-05
25-03 17:00,4.4442621157422596e-05
25-03 18:00,5.9826605404222724e-05
25-03 19:00,6.49546001531561e-05
25-03 20:00,5.811727382124493e-05
25-03 21:00,4.786128432337818e-05
25-03 22:00,4.102395799146701e-05
25-03 23:00,5.1279947489333765e-05
26-03 00:00,6.49546001531561e-05
26-03 01:00,6.66639317361339e-05
26-03 02:00,7.521058965102285e-05
26-03 03:00,5.9826605404222724e-05
26-03 04:00,7.350125806804506e-05
26-03 05:00,7.521058965102285e-05
26-03 06:00,9.914123181271193e-05
26-03 07:00,0.00016922382671480144
26-03 08:00,0.00019999179520840165
26-03 09:00,0.00018802647412755714
26-03 10:00,0.0001538398424680013
26-03 11:00,0.00018118914779564595
26-03 12:00,0.00016751449513182363
26-03 13:00,0.0001743518214637348
26-03 14:00,0.00016922382671480144
26-03 15:00,0.00016067716879991246
26-03 16:00,0.00017947981621266817
26-03 17:00,0.00016751449513182363
26-03 18:00,0.000172642489880757
26-03 19:00,0.00016238650038289025
26-03 20:00,0.00015213051088502352
26-03 21:00,0.00012136254239142323
26-03 22:00,8.375724756591181e-05
26-03 23:00,9.059457389782298e-05
27-03 00:00,9.743190022973415e-05
27-03 01:00,9.914123181271193e-05
27-03 02:00,0.00010085056339568975
27-03 03:00,9.743190022973415e-05
27-03 04:00,0.00011281588447653427
27-03 05:00,0.00012307187397440103
27-03 06:00,0.00015896783721693468
27-03 07:00,0.00023417842686795752
27-03 08:00,0.00023417842686795752
27-03 09:00,0.00018802647412755714
27-03 10:00,0.00017093315829777922
27-03 11:00,0.0001760611530467126
27-03 12:00,0.00015896783721693468
27-03 13:00,0.00016751449513182363
27-03 14:00,0.00018802647412755714
27-03 15:00,0.00016922382671480144
27-03 16:00,0.00018802647412755714
27-03 17:00,0.00018802647412755714
27-03 18:00,0.00018631714254457936
27-03 19:00,0.00018118914779564595
27-03 20:00,0.0001504211793020457
27-03 21:00,0.0001299092003063122
27-03 22:00,8.546657914888961e-05
27-03 23:00,8.375724756591181e-05
28-03 00:00,9.743190022973415e-05
28-03 01:00,9.230390548080079e-05
28-03 02:00,8.888524231484519e-05
28-03 03:00,9.059457389782298e-05
28-03 04:00,0.00010255989497866753
28-03 05:00,0.00011965321080844545
28-03 06:00,0.0001538398424680013
28-03 07:00,0.00023417842686795752
28-03 08:00,0.00023417842686795752
28-03 09:00,0.0001948638004594683
28-03 10:00,0.00018973580571053492
28-03 11:00,0.00019657313204244609
28-03 12:00,0.00017777048462969038
28-03 13:00,0.00019999179520840165
28-03 14:00,0.00018460781096160157
28-03 15:00,0.00018460781096160157
28-03 16:00,0.00017947981621266817
28-03 17:00,0.00019657313204244609
28-03 18:00,0.00019828246362542387
28-03 19:00,0.00019657313204244609
28-03 20:00,0.00016922382671480144
28-03 21:00,0.00013674652663822338
28-03 22:00,8.71759107318674e-05
28-03 23:00,8.033858439995623e-05
29-03 00:00,8.375724756591181e-05
29-03 01:00,8.546657914888961e-05
29-03 02:00,8.888524231484519e-05
29-03 03:00,9.059457389782298e-05
29-03 04:00,8.204791598293402e-05
29-03 05:00,9.401323706377857e-05
29-03 06:00,0.00011110655289355649
29-03 07:00,0.00016580516354884581
29-03 08:00,0.00016922382671480144
29-03 09:00,0.00012649053714035662
29-03 10:00,0.00011452521605951207
29-03 11:00,0.00012307187397440103
29-03 12:00,0.00012136254239142323
29-03 13:00,0.0001281998687233344
29-03 14:00,0.0001281998687233344
29-03 15:00,0.00013845585822120117
29-03 16:00,0.0001470025161360901
29-03 17:00,0.0001538398424680013
29-03 18:00,0.0001538398424680013
29-03 19:00,0.00013503719505524557
29-03 20:00,0.00012136254239142323
29-03 21:00,9.401323706377857e-05
29-03 22:00,4.957061590635597e-05
29-03 23:00,4.957061590635597e-05
30-03 00:00,6.324526857017831e-05
30-03 01:00,7.862925281697843e-05
30-03 02:00,8.204791598293402e-05
30-03 03:00,7.691992123400065e-05
30-03 04:00,9.230390548080079e-05
30-03 05:00,9.572256864675635e-05
30-03 06:00,0.0001076878897276009
30-03 07:00,0.00016238650038289025
30-03 08:00,0.00017093315829777922
30-03 09:00,0.0001487118477190679
30-03 10:00,0.00011965321080844545
30-03 11:00,0.00012136254239142323
30-03 12:00,0.00011965321080844545
30-03 13:00,0.00011794387922546766
30-03 14:00,0.00012478120555737881
30-03 15:00,0.00012136254239142323
30-03 16:00,0.00011452521605951207
30-03 17:00,0.00013674652663822338
30-03 18:00,0.0001333278634722678
30-03 19:00,0.00012649053714035662
30-03 20:00,0.00011965321080844545
30-03 21:00,0.00010085056339568975
30-03 22:00,0.00010085056339568975
30-03 23:00,9.230390548080079e-05
31-03 00:00,0.00011623454764248985
31-03 01:00,0.00012478120555737881
31-03 02:00,0.0001299092003063122
31-03 03:00,0.00011623454764248985
31-03 04:00,0.00012307187397440103
31-03 05:00,0.00016238650038289025
31-03 06:00,0.00021024778470626844
31-03 07:00,0.00029913302702111363
31-03 08:00,0.00032648233234875833
31-03 09:00,0.00026323706377858
31-03 10:00,0.00021708511103817957
31-03 11:00,0.00021024778470626844
31-03 12:00,0.0001743518214637348
31-03 13:00,0.0002017011267913795
31-03 14:00,0.00018802647412755714
31-03 15:00,0.0002017011267913795
31-03 16:00,0.00024101575319986868
31-03 17:00,0.00021024778470626844
31-03 18:00,0.0001948638004594683
31-03 19:00,0.00019657313204244609
31-03 20:00,0.00018289847937862373
31-03 21:00,0.0001470025161360901
31-03 22:00,0.00010426922656164531
31-03 23:00,0.00010426922656164531
01-04 00:00,0.00011281588447653427
01-04 01:00,0.00011110655289355649
01-04 02:00,0.0001093972213105787
01-04 03:00,0.00011281588447653427
01-04 04:00,0.00011452521605951207
01-04 05:00,0.00012649053714035662
01-04 06:00,0.0001470025161360901
01-04 07:00,0.00018289847937862373
01-04 08:00,0.00018460781096160157
01-04 09:00,0.00016409583196586803
01-04 10:00,0.0001470025161360901
01-04 11:00,0.00014187452138715676
01-04 12:00,0.00014187452138715676
01-04 13:00,0.00014187452138715676
01-04 14:00,0.00014016518980417895
01-04 15:00,0.00013161853188929
01-04 16:00,0.0001299092003063122
01-04 17:00,0.00012478120555737881
01-04 18:00,0.00015213051088502352
01-04 19:00,0.00016580516354884581
01-04 20:00,0.00016067716879991246
01-04 21:00,0.00013161853188929
01-04 22:00,0.00012649053714035662
01-04 23:00,0.00013674652663822338
02-04 00:00,0.00013674652663822338
02-04 01:00,0.00012649053714035662
02-04 02:00,0.00012307187397440103
02-04 03:00,0.00013845585822120117
02-04 04:00,0.00013674652663822338
02-04 05:00,0.00014529318455311233
02-04 06:00,0.00018973580571053492
02-04 07:00,0.00018460781096160157
02-04 08:00,0.00020682912154031284
02-04 09:00,0.00018802647412755714
02-04 10:00,0.00015725850563395687
02-04 11:00,0.00014529318455311233
02-04 12:00,0.00014529318455311233
02-04 13:00,0.00013845585822120117
02-04 14:00,0.0001487118477190679
02-04 15:00,0.00016751449513182363
02-04 16:00,0.00015896783721693468
02-04 17:00,0.0001538398424680013
02-04 18:00,0.00017777048462969038
02-04 19:00,0.00016580516354884581
02-04 20:00,0.00015554917405097908
02-04 21:00,0.0001333278634722678
02-04 22:00,0.00011110655289355649
02-04 23:00,0.00011623454764248985
03-04 00:00,0.00013503719505524557
03-04 01:00,0.00012649053714035662
03-04 02:00,0.0001333278634722678
03-04 03:00,0.00013674652663822338
03-04 04:00,0.00014016518980417895
03-04 05:00,0.00015213051088502352
03-04 06:00,0.0001948638004594683
03-04 07:00,0.0002922957006892025
03-04 08:00,0.00031109834810195817
03-04 09:00,0.00028545837435729125
03-04 10:00,0.0002615277321956022
03-04 11:00,0.0002512717426977354
03-04 12:00,0.00023075976370200192
03-04 13:00,0.00023417842686795752
03-04 14:00,0.00022563176895306855
03-04 15:00,0.0002153757794552018
03-04 16:00,0.00022392243737009076
03-04 17:00,0.0002581090690296466
03-04 18:00,0.00024101575319986868
03-04 19:00,0.00024101575319986868
03-04 20:00,0.0002187944426211574
03-04 21:00,0.00018973580571053492
03-04 22:00,0.00012649053714035662
03-04 23:00,0.0001487118477190679
04-04 00:00,0.00015554917405097908
04-04 01:00,0.00016580516354884581
04-04 02:00,0.00016067716879991246
04-04 03:00,0.0001760611530467126
04-04 04:00,0.00018460781096160157
04-04 05:00,0.000213666447872224
04-04 06:00,0.00023417842686795752
04-04 07:00,0.0003196450060168471
04-04 08:00,0.0003196450060168471
04-04 09:00,0.00023759709003391311
04-04 10:00,0.00024956241111475763
04-04 11:00,0.0002512717426977354
04-04 12:00,0.00022563176895306855
04-04 13:00,0.0002563997374466688
04-04 14:00,0.0002187944426211574
04-04 15:00,0.00023588775845093533
04-04 16:00,0.0002444344163658243
04-04 17:00,0.00024614374794880206
04-04 18:00,0.00023075976370200192
04-04 19:00,0.00023075976370200192
04-04 20:00,0.0002205037742041352
04-04 21:00,0.00017947981621266817
04-04 22:00,0.0001299092003063122
04-04 23:00,0.00013503719505524557
05-04 00:00,0.00013503719505524557
05-04 01:00,0.00018973580571053492
05-04 02:00,0.00015213051088502352
05-04 03:00,0.00016580516354884581
05-04 04:00,0.00018460781096160157
05-04 05:00,0.000213666447872224
05-04 06:00,0.00024272508478284647
05-04 07:00,0.0002922957006892025
05-04 08:00,0.00031109834810195817
05-04 09:00,0.0002393064216168909
05-04 10:00,0.0002324690952849797
05-04 11:00,0.00022563176895306855
05-04 12:00,0.00022734110053604636
05-04 13:00,0.00019999179520840165
05-04 14:00,0.0001914451372935127
05-04 15:00,0.00020511978995733506
05-04 16:00,0.00022392243737009076
05-04 17:00,0.00021708511103817957
05-04 18:00,0.00023759709003391311
05-04 19:00,0.00022221310578711298
05-04 20:00,0.00017947981621266817
05-04 21:00,0.00014187452138715676
05-04 22:00,0.00011623454764248985
05-04 23:00,0.00012307187397440103
06-04 00:00,0.0001504211793020457
06-04 01:00,0.00015896783721693468
06-04 02:00,0.00013674652663822338
06-04 03:00,0.00012478120555737881
06-04 04:00,0.00011452521605951207
06-04 05:00,0.00014529318455311233
06-04 06:00,0.00018118914779564595
06-04 07:00,0.0002666557269445356
06-04 08:00,0.0002512717426977354
06-04 09:00,0.00023588775845093533
06-04 10:00,0.00022221310578711298
06-04 11:00,0.00023588775845093533
06-04 12:00,0.00022734110053604636
06-04 13:00,0.00018802647412755714
06-04 14:00,0.00022392243737009076
06-04 15:00,0.000213666447872224
06-04 16:00,0.00020682912154031284
06-04 17:00,0.0002205037742041352
06-04 18:00,0.0002205037742041352
06-04 19:00,0.0001948638004594683
06-04 20:00,0.00017947981621266817
06-04 21:00,0.00015554917405097908
06-04 22:00,0.00010426922656164531
06-04 23:00,0.00012136254239142323
07-04 00:00,0.00012478120555737881
07-04 01:00,0.0001470025161360901
07-04 02:00,0.00015213051088502352
07-04 03:00,0.00015725850563395687
07-04 04:00,0.00016751449513182363
07-04 05:00,0.00021024778470626844
07-04 06:00,0.00021024778470626844
07-04 07:00,0.0002940050322721802
07-04 08:00,0.0002786210480253801
07-04 09:00,0.00024272508478284647
07-04 10:00,0.00018973580571053492
07-04 11:00,0.00018460781096160157
07-04 12:00,0.00018289847937862373
07-04 13:00,0.00017947981621266817
07-04 14:00,0.00018118914779564595
07-04 15:00,0.0001760611530467126
07-04 16:00,0.00019657313204244609
07-04 17:00,0.00019315446887649052
07-04 18:00,0.00018973580571053492
07-04 19:00,0.00017947981621266817
07-04 20:00,0.0001538398424680013
07-04 21:00,0.00011623454764248985
07-04 22:00,5.9826605404222724e-05
07-04 23:00,6.66639317361339e-05
08-04 00:00,5.9826605404222724e-05
08-04 01:00,6.837326331911169e-05
08-04 02:00,8.033858439995623e-05
08-04 03:00,7.521058965102285e-05
08-04 04:00,8.71759107318674e-05
08-04 05:00,8.888524231484519e-05
08-04 06:00,9.914123181271193e-05
08-04 07:00,0.00012307187397440103
08-04 08:00,0.00013161853188929
08-04 09:00,0.00011623454764248985
08-04 10:00,0.00011452521605951207
08-04 11:00,0.00011110655289355649
08-04 12:00,0.00010085056339568975
08-04 13:00,9.401323706377857e-05
08-04 14:00,9.059457389782298e-05
08-04 15:00,8.71759107318674e-05
08-04 16:00,8.546657914888961e-05
08-04 17:00,8.546657914888961e-05
08-04 18:00,8.888524231484519e-05
08-04 19:00,8.375724756591181e-05
08-04 20:00,8.375724756591181e-05
08-04 21:00,7.521058965102285e-05
08-04 22:00,7.521058965102285e-05
08-04 23:00,8.375724756591181e-05
09-04 00:00,8.546657914888961e-05
09-04 01:00,9.914123181271193e-05
09-04 02:00,0.00011110655289355649
09-04 03:00,0.00011110655289355649
09-04 04:00,0.00012649053714035662
09-04 05:00,0.00014529318455311233
09-04 06:00,0.0001504211793020457
09-04 07:00,0.00018631714254457936
09-04 08:00,0.0001743518214637348
09-04 09:00,0.00013845585822120117
09-04 10:00,0.0001299092003063122
09-04 11:00,0.0001076878897276009
09-04 12:00,0.0001093972213105787
09-04 13:00,9.743190022973415e-05
09-04 14:00,8.888524231484519e-05
09-04 15:00,8.71759107318674e-05
09-04 16:00,9.914123181271193e-05
09-04 17:00,9.401323706377857e-05
09-04 18:00,8.375724756591181e-05
09-04 19:00,9.230390548080079e-05
09-04 20:00,9.230390548080079e-05
09-04 21:00,8.033858439995623e-05
09-04 22:00,5.811727382124493e-05
09-04 23:00,7.862925281697843e-05
10-04 00:00,8.204791598293402e-05
10-04 01:00,9.401323706377857e-05
10-04 02:00,0.0001076878897276009
10-04 03:00,0.00011452521605951207
10-04 04:00,0.00011965321080844545
10-04 05:00,0.00012307187397440103
10-04 06:00,0.0001333278634722678
10-04 07:00,0.00016751449513182363
10-04 08:00,0.00013674652663822338
10-04 09:00,9.059457389782298e-05
10-04 10:00,6.837326331911169e-05
10-04 11:00,7.350125806804506e-05
10-04 12:00,7.008259490208947e-05
10-04 13:00,7.350125806804506e-05
10-04 14:00,7.691992123400065e-05
10-04 15:00,7.691992123400065e-05
10-04 16:00,8.204791598293402e-05
10-04 17:00,7.350125806804506e-05
10-04 18:00,7.008259490208947e-05
10-04 19:00,5.811727382124493e-05
10-04 20:00,4.615195274040039e-05
10-04 21:00,4.2733289574444805e-05
10-04 22:00,3.931462640848922e-05
10-04 23:00,5.9826605404222724e-05
11-04 00:00,5.469861065528935e-05
11-04 01:00,7.008259490208947e-05
11-04 02:00,7.350125806804506e-05
11-04 03:00,7.691992123400065e-05
11-04 04:00,7.521058965102285e-05
11-04 05:00,7.691992123400065e-05
11-04 06:00,8.888524231484519e-05
11-04 07:00,8.546657914888961e-05
11-04 08:00,7.179192648506727e-05
11-04 09:00,4.4442621157422596e-05
11-04 10:00,4.4442621157422596e-05
11-04 11:00,4.957061590635597e-05
11-04 12:00,4.786128432337818e-05
11-04 13:00,5.1279947489333765e-05
11-04 14:00,4.957061590635597e-05
11-04 15:00,5.1279947489333765e-05
11-04 16:00,5.469861065528935e-05
11-04 17:00,5.2989279072311555e-05
11-04 18:00,4.786128432337818e-05
11-04 19:00,3.5895963242533636e-05
11-04 20:00,2.5639973744666882e-05
11-04 21:00,1.7093315829777923e-05
11-04 22:00,1.8802647412755713e-05
11-04 23:00,2.0511978995733504e-05
12-04 00:00,4.2733289574444805e-05
12-04 01:00,7.179192648506727e-05
12-04 02:00,7.350125806804506e-05
12-04 03:00,8.546657914888961e-05
12-04 04:00,8.71759107318674e-05
12-04 05:00,0.0001076878897276009
12-04 06:00,0.0001281998687233344
12-04 07:00,0.0001743518214637348
12-04 08:00,0.00015725850563395687
12-04 09:00,0.0001487118477190679
12-04 10:00,0.00011623454764248985
12-04 11:00,0.00011794387922546766
12-04 12:00,9.572256864675635e-05
12-04 13:00,9.914123181271193e-05
12-04 14:00,8.71759107318674e-05
12-04 15:00,8.888524231484519e-05
12-04 16:00,9.743190022973415e-05
12-04 17:00,0.00010426922656164531
12-04 18:00,0.00011794387922546766
12-04 19:00,0.00011110655289355649
12-04 20:00,0.00011110655289355649
12-04 21:00,9.743190022973415e-05
12-04 22:00,7.862925281697843e-05
12-04 23:00,6.324526857017831e-05
13-04 00:00,7.179192648506727e-05
13-04 01:00,5.1279947489333765e-05
13-04 02:00,5.2989279072311555e-05
13-04 03:00,4.2733289574444805e-05
13-04 04:00,3.7605294825511427e-05
13-04 05:00,8.888524231484519e-05
13-04 06:00,0.0001076878897276009
13-04 07:00,0.00014358385297013454
13-04 08:00,0.00016751449513182363
13-04 09:00,0.00014358385297013454
13-04 10:00,0.00014016518980417895
13-04 11:00,0.0001333278634722678
13-04 12:00,0.0001281998687233344
13-04 13:00,0.00011794387922546766
13-04 14:00,0.00012136254239142323
13-04 15:00,0.00013161853188929
13-04 16:00,0.00014358385297013454
13-04 17:00,0.00012649053714035662
13-04 18:00,0.00013503719505524557
13-04 19:00,0.00011965321080844545
13-04 20:00,0.00010426922656164531
13-04 21:00,0.00010597855814462311
13-04 22:00,8.204791598293402e-05
13-04 23:00,9.572256864675635e-05
14-04 00:00,9.743190022973415e-05
14-04 01:00,0.0001093972213105787
14-04 02:00,0.0001299092003063122
14-04 03:00,0.00013674652663822338
14-04 04:00,0.00014016518980417895
14-04 05:00,0.00015896783721693468
14-04 06:00,0.00016580516354884581
14-04 07:00,0.00023417842686795752
14-04 08:00,0.00018973580571053492
14-04 09:00,0.00016751449513182363
14-04 10:00,0.00013845585822120117
14-04 11:00,0.00013161853188929
14-04 12:00,0.00011623454764248985
14-04 13:00,0.00011281588447653427
14-04 14:00,0.00012478120555737881
14-04 15:00,0.00013674652663822338
14-04 16:00,0.00013161853188929
14-04 17:00,0.00012136254239142323
14-04 18:00,0.0001093972213105787
14-04 19:00,0.00010426922656164531
14-04 20:00,8.546657914888961e-05
14-04 21:00,6.49546001531561e-05
14-04 22:00,3.076796849360026e-05
14-04 23:00,3.5895963242533636e-05
15-04 00:00,2.7349305327644676e-05
15-04 01:00,3.5895963242533636e-05
15-04 02:00,2.9058636910622464e-05
15-04 03:00,2.9058636910622464e-05
15-04 04:00,3.7605294825511427e-05
15-04 05:00,4.615195274040039e-05
15-04 06:00,4.786128432337818e-05
15-04 07:00,5.6407942238267136e-05
15-04 08:00,5.2989279072311555e-05
15-04 09:00,2.9058636910622464e-05
15-04 10:00,1.0255989497866752e-05
15-04 11:00,1.1965321080844544e-05
15-04 12:00,1.0255989497866752e-05
15-04 13:00,1.0255989497866752e-05
15-04 14:00,1.1965321080844544e-05
15-04 15:00,1.1965321080844544e-05
15-04 16:00,1.1965321080844544e-05
15-04 17:00,1.1965321080844544e-05
15-04 18:00,1.0255989497866752e-05
15-04 19:00,1.0255989497866752e-05
15-04 20:00,6.837326331911169e-06
15-04 21:00,5.127994748933376e-06
15-04 22:00,1.7093315829777923e-06
15-04 23:00,1.7093315829777923e-06
16-04 00:00,2.393064216168909e-05
16-04 01:00,4.4442621157422596e-05
16-04 02:00,5.1279947489333765e-05
16-04 03:00,5.2989279072311555e-05
16-04 04:00,5.9826605404222724e-05
16-04 05:00,7.008259490208947e-05
16-04 06:00,8.888524231484519e-05
16-04 07:00,0.00012136254239142323
16-04 08:00,0.00013674652663822338
16-04 09:00,0.00011110655289355649
16-04 10:00,9.059457389782298e-05
16-04 11:00,0.00010085056339568975
16-04 12:00,9.059457389782298e-05
16-04 13:00,7.350125806804506e-05
16-04 14:00,9.059457389782298e-05
16-04 15:00,8.546657914888961e-05
16-04 16:00,9.914123181271193e-05
16-04 17:00,8.888524231484519e-05
16-04 18:00,0.00010426922656164531
16-04 19:00,0.00010085056339568975
16-04 20:00,8.71759107318674e-05
16-04 21:00,9.059457389782298e-05
16-04 22:00,7.691992123400065e-05
16-04 23:00,7.521058965102285e-05
17-04 00:00,9.059457389782298e-05
17-04 01:00,0.00012136254239142323
17-04 02:00,0.00013674652663822338
17-04 03:00,0.00011452521605951207
17-04 04:00,0.0001333278634722678
17-04 05:00,0.00015213051088502352
17-04 06:00,0.00017093315829777922
17-04 07:00,0.0002205037742041352
17-04 08:00,0.00024785307953177984
17-04 09:00,0.0001948638004594683
17-04 10:00,0.00018118914779564595
17-04 11:00,0.00018460781096160157
17-04 12:00,0.00017947981621266817
17-04 13:00,0.00016751449513182363
17-04 14:00,0.00016922382671480144
17-04 15:00,0.00016409583196586803
17-04 16:00,0.00016580516354884581
17-04 17:00,0.00015896783721693468
17-04 18:00,0.00016067716879991246
17-04 19:00,0.00016067716879991246
17-04 20:00,0.0001487118477190679
17-04 21:00,0.00011794387922546766
17-04 22:00,7.691992123400065e-05
17-04 23:00,8.888524231484519e-05
18-04 00:00,0.00010085056339568975
18-04 01:00,0.00011965321080844545
18-04 02:00,0.0001299092003063122
18-04 03:00,0.00011623454764248985
18-04 04:00,0.00013503719505524557
18-04 05:00,0.00015213051088502352
18-04 06:00,0.00017777048462969038
18-04 07:00,0.00022905043211902414
18-04 08:00,0.00023588775845093533
18-04 09:00,0.00019828246362542387
18-04 10:00,0.00018460781096160157
18-04 11:00,0.00018289847937862373
18-04 12:00,0.000172642489880757
18-04 13:00,0.00016067716879991246
18-04 14:00,0.00018973580571053492
18-04 15:00,0.0001760611530467126
18-04 16:00,0.00016238650038289025
18-04 17:00,0.00016409583196586803
18-04 18:00,0.00016751449513182363
18-04 19:00,0.00016409583196586803
18-04 20:00,0.00014529318455311233
18-04 21:00,0.00013503719505524557
18-04 22:00,0.00010426922656164531
18-04 23:00,0.00011281588447653427
19-04 00:00,0.0001281998687233344
19-04 01:00,0.00013845585822120117
19-04 02:00,0.0001470025161360901
19-04 03:00,0.00014358385297013454
19-04 04:00,0.0001504211793020457
19-04 05:00,0.00016751449513182363
19-04 06:00,0.00018289847937862373
19-04 07:00,0.0002017011267913795
19-04 08:00,0.00017947981621266817
19-04 09:00,0.0001504211793020457
19-04 10:00,0.00012649053714035662
19-04 11:00,0.00013161853188929
19-04 12:00,0.00011452521605951207
19-04 13:00,0.00011110655289355649
19-04 14:00,0.00011965321080844545
19-04 15:00,0.00011623454764248985
19-04 16:00,0.00011965321080844545
19-04 17:00,0.00011794387922546766
19-04 18:00,0.00011623454764248985
19-04 19:00,0.00012649053714035662
19-04 20:00,0.00011452521605951207
19-04 21:00,9.743190022973415e-05
19-04 22:00,7.179192648506727e-05
19-04 23:00,8.204791598293402e-05
20-04 00:00,9.059457389782298e-05
20-04 01:00,0.00011965321080844545
20-04 02:00,0.00011452521605951207
20-04 03:00,0.00012649053714035662
20-04 04:00,0.00014358385297013454
20-04 05:00,0.00012649053714035662
20-04 06:00,0.00012136254239142323
20-04 07:00,0.0001470025161360901
20-04 08:00,0.00015725850563395687
20-04 09:00,0.00012307187397440103
20-04 10:00,8.546657914888961e-05
20-04 11:00,8.204791598293402e-05
20-04 12:00,8.71759107318674e-05
20-04 13:00,8.204791598293402e-05
20-04 14:00,8.546657914888961e-05
20-04 15:00,9.059457389782298e-05
20-04 16:00,8.375724756591181e-05
20-04 17:00,8.71759107318674e-05
20-04 18:00,9.230390548080079e-05
20-04 19:00,9.059457389782298e-05
20-04 20:00,8.888524231484519e-05
20-04 21:00,8.71759107318674e-05
20-04 22:00,6.324526857017831e-05
20-04 23:00,8.546657914888961e-05
21-04 00:00,0.00010255989497866753
21-04 01:00,0.00010426922656164531
21-04 02:00,0.00011452521605951207
21-04 03:00,0.00012307187397440103
21-04 04:00,0.00012307187397440103
21-04 05:00,0.00012136254239142323
21-04 06:00,0.00011110655289355649
21-04 07:00,0.00011623454764248985
21-04 08:00,9.401323706377857e-05
21-04 09:00,6.837326331911169e-05
21-04 10:00,6.66639317361339e-05
21-04 11:00,8.033858439995623e-05
21-04 12:00,8.546657914888961e-05
21-04 13:00,8.033858439995623e-05
21-04 14:00,7.862925281697843e-05
21-04 15:00,8.888524231484519e-05
21-04 16:00,9.572256864675635e-05
21-04 17:00,8.546657914888961e-05
21-04 18:00,7.350125806804506e-05
21-04 19:00,6.49546001531561e-05
21-04 20:00,5.469861065528935e-05
21-04 21:00,5.811727382124493e-05
21-04 22:00,4.102395799146701e-05
21-04 23:00,4.786128432337818e-05
22-04 00:00,5.9826605404222724e-05
22-04 01:00,7.521058965102285e-05
22-04 02:00,8.546657914888961e-05
22-04 03:00,8.71759107318674e-05
22-04 04:00,8.71759107318674e-05
22-04 05:00,9.743190022973415e-05
22-04 06:00,9.743190022973415e-05
22-04 07:00,0.00011281588447653427
22-04 08:00,0.0001093972213105787
22-04 09:00,9.059457389782298e-05
22-04 10:00,8.204791598293402e-05
22-04 11:00,8.888524231484519e-05
22-04 12:00,6.324526857017831e-05
22-04 13:00,6.324526857017831e-05
22-04 14:00,5.9826605404222724e-05
22-04 15:00,4.957061590635597e-05
22-04 16:00,5.9826605404222724e-05
22-04 17:00,6.66639317361339e-05
22-04 18:00,6.324526857017831e-05
22-04 19:00,7.521058965102285e-05
22-04 20:00,9.059457389782298e-05
22-04 21:00,8.71759107318674e-05
22-04 22:00,0.00010085056339568975
22-04 23:00,0.00010426922656164531
23-04 00:00,9.914123181271193e-05
23-04 01:00,0.00010255989497866753
23-04 02:00,0.00011794387922546766
23-04 03:00,0.00012307187397440103
23-04 04:00,0.00013674652663822338
23-04 05:00,0.00014016518980417895
23-04 06:00,0.00014187452138715676
23-04 07:00,0.0001487118477190679
23-04 08:00,0.0001281998687233344
23-04 09:00,0.00010085056339568975
23-04 10:00,9.230390548080079e-05
23-04 11:00,7.350125806804506e-05
23-04 12:00,7.691992123400065e-05
23-04 13:00,7.862925281697843e-05
23-04 14:00,7.862925281697843e-05
23-04 15:00,8.546657914888961e-05
23-04 16:00,8.71759107318674e-05
23-04 17:00,8.375724756591181e-05
23-04 18:00,7.179192648506727e-05
23-04 19:00,7.350125806804506e-05
23-04 20:00,7.521058965102285e-05
23-04 21:00,7.008259490208947e-05
23-04 22:00,5.469861065528935e-05
23-04 23:00,6.324526857017831e-05
24-04 00:00,8.033858439995623e-05
24-04 01:00,9.230390548080079e-05
24-04 02:00,8.71759107318674e-05
24-04 03:00,9.230390548080079e-05
24-04 04:00,9.914123181271193e-05
24-04 05:00,0.0001076878897276009
24-04 06:00,0.00010255989497866753
24-04 07:00,0.00012649053714035662
24-04 08:00,9.059457389782298e-05
24-04 09:00,7.179192648506727e-05
24-04 10:00,6.153593698720051e-05
24-04 11:00,6.153593698720051e-05
24-04 12:00,5.811727382124493e-05
24-04 13:00,5.9826605404222724e-05
24-04 14:00,6.66639317361339e-05
24-04 15:00,6.49546001531561e-05
24-04 16:00,7.008259490208947e-05
24-04 17:00,6.837326331911169e-05
24-04 18:00,5.811727382124493e-05
24-04 19:00,4.957061590635597e-05
24-04 20:00,4.957061590635597e-05
24-04 21:00,4.786128432337818e-05
24-04 22:00,4.102395799146701e-05
24-04 23:00,4.957061590635597e-05
25-04 00:00,4.4442621157422596e-05
25-04 01:00,4.615195274040039e-05
25-04 02:00,5.6407942238267136e-05
25-04 03:00,5.6407942238267136e-05
25-04 04:00,7.008259490208947e-05
25-04 05:00,7.691992123400065e-05
25-04 06:00,6.153593698720051e-05
25-04 07:00,4.957061590635597e-05
25-04 08:00,3.7605294825511427e-05
25-04 09:00,3.5895963242533636e-05
25-04 10:00,3.4186631659555845e-05
25-04 11:00,3.5895963242533636e-05
25-04 12:00,4.102395799146701e-05
25-04 13:00,4.102395799146701e-05
25-04 14:00,4.102395799146701e-05
25-04 15:00,4.2733289574444805e-05
25-04 16:00,4.102395799146701e-05
25-04 17:00,4.2733289574444805e-05
25-04 18:00,3.7605294825511427e-05
25-04 19:00,2.7349305327644676e-05
25-04 20:00,2.0511978995733504e-05
25-04 21:00,2.0511978995733504e-05
25-04 22:00,1.7093315829777923e-06
25-04 23:00,1.0255989497866752e-05
26-04 00:00,2.0511978995733504e-05
26-04 01:00,2.2221310578711298e-05
26-04 02:00,4.102395799146701e-05
26-04 03:00,3.931462640848922e-05
26-04 04:00,4.957061590635597e-05
26-04 05:00,4.2733289574444805e-05
26-04 06:00,4.2733289574444805e-05
26-04 07:00,5.811727382124493e-05
26-04 08:00,4.786128432337818e-05
26-04 09:00,3.5895963242533636e-05
26-04 10:00,3.247730007657805e-05
26-04 11:00,3.931462640848922e-05
26-04 12:00,3.931462640848922e-05
26-04 13:00,4.102395799146701e-05
26-04 14:00,4.102395799146701e-05
26-04 15:00,4.4442621157422596e-05
26-04 16:00,4.615195274040039e-05
26-04 17:00,3.931462640848922e-05
26-04 18:00,4.4442621157422596e-05
26-04 19:00,4.4442621157422596e-05
26-04 20:00,4.786128432337818e-05
26-04 21:00,5.2989279072311555e-05
26-04 22:00,3.931462640848922e-05
26-04 23:00,3.5895963242533636e-05
27-04 00:00,4.786128432337818e-05
27-04 01:00,6.324526857017831e-05
27-04 02:00,6.153593698720051e-05
27-04 03:00,7.008259490208947e-05
27-04 04:00,6.153593698720051e-05
27-04 05:00,5.9826605404222724e-05
27-04 06:00,8.375724756591181e-05
27-04 07:00,0.00011281588447653427
27-04 08:00,0.00012136254239142323
27-04 09:00,8.375724756591181e-05
27-04 10:00,7.691992123400065e-05
27-04 11:00,7.179192648506727e-05
27-04 12:00,7.008259490208947e-05
27-04 13:00,8.375724756591181e-05
27-04 14:00,0.00010085056339568975
27-04 15:00,0.0001093972213105787
27-04 16:00,0.00011110655289355649
27-04 17:00,0.00010426922656164531
27-04 18:00,0.0001093972213105787
27-04 19:00,0.0001076878897276009
27-04 20:00,0.00011110655289355649
27-04 21:00,9.572256864675635e-05
27-04 22:00,7.008259490208947e-05
27-04 23:00,6.49546001531561e-05
28-04 00:00,7.179192648506727e-05
28-04 01:00,7.691992123400065e-05
28-04 02:00,7.521058965102285e-05
28-04 03:00,7.350125806804506e-05
28-04 04:00,8.888524231484519e-05
28-04 05:00,0.00010426922656164531
28-04 06:00,0.00012307187397440103
28-04 07:00,0.00019999179520840165
28-04 08:00,0.00022905043211902414
28-04 09:00,0.000172642489880757
28-04 10:00,0.0001914451372935127
28-04 11:00,0.00018802647412755714
28-04 12:00,0.00021024778470626844
28-04 13:00,0.0002017011267913795
28-04 14:00,0.00021195711628924622
28-04 15:00,0.00018973580571053492
28-04 16:00,0.00019315446887649052
28-04 17:00,0.00017093315829777922
28-04 18:00,0.00016922382671480144
28-04 19:00,0.00016580516354884581
28-04 20:00,0.00015213051088502352
28-04 21:00,0.00012478120555737881
28-04 22:00,8.888524231484519e-05
28-04 23:00,8.888524231484519e-05
29-04 00:00,9.914123181271193e-05
29-04 01:00,0.00011452521605951207
29-04 02:00,0.00011965321080844545
29-04 03:00,0.0001281998687233344
29-04 04:00,0.00013674652663822338
29-04 05:00,0.00013845585822120117
29-04 06:00,0.0001333278634722678
29-04 07:00,0.00013674652663822338
29-04 08:00,0.00011794387922546766
29-04 09:00,8.375724756591181e-05
29-04 10:00,9.230390548080079e-05
29-04 11:00,7.350125806804506e-05
29-04 12:00,7.179192648506727e-05
29-04 13:00,7.008259490208947e-05
29-04 14:00,6.324526857017831e-05
29-04 15:00,5.9826605404222724e-05
29-04 16:00,5.811727382124493e-05
29-04 17:00,6.324526857017831e-05
29-04 18:00,7.521058965102285e-05
29-04 19:00,8.71759107318674e-05
29-04 20:00,8.71759107318674e-05
29-04 21:00,8.204791598293402e-05
29-04 22:00,7.179192648506727e-05
29-04 23:00,7.179192648506727e-05
30-04 00:00,8.033858439995623e-05
30-04 01:00,9.059457389782298e-05
30-04 02:00,9.230390548080079e-05
30-04 03:00,8.033858439995623e-05
30-04 04:00,0.00010085056339568975
30-04 05:00,0.00011110655289355649
30-04 06:00,0.0001093972213105787
30-04 07:00,0.00013845585822120117
30-04 08:00,0.00012649053714035662
30-04 09:00,9.743190022973415e-05
30-04 10:00,8.375724756591181e-05
30-04 11:00,7.691992123400065e-05
30-04 12:00,8.033858439995623e-05
30-04 13:00,7.691992123400065e-05
30-04 14:00,0.00011110655289355649
30-04 15:00,8.375724756591181e-05
30-04 16:00,8.375724756591181e-05
30-04 17:00,8.546657914888961e-05
30-04 18:00,0.0001076878897276009
30-04 19:00,0.00012307187397440103
30-04 20:00,0.00010085056339568975
30-04 21:00,8.375724756591181e-05
30-04 22:00,5.469861065528935e-05
30-04 23:00,5.2989279072311555e-05
01-05 00:00,4.4442621157422596e-05
01-05 01:00,4.615195274040039e-05
01-05 02:00,5.469861065528935e-05
01-05 03:00,4.786128432337818e-05
01-05 04:00,4.957061590635597e-05
01-05 05:00,3.7605294825511427e-05
01-05 06:00,5.2989279072311555e-05
01-05 07:00,5.1279947489333765e-05
01-05 08:00,2.5639973744666882e-05
01-05 09:00,1.3674652663822338e-05
01-05 10:00,1.1965321080844544e-05
01-05 11:00,1.3674652663822338e-05
01-05 12:00,1.3674652663822338e-05
01-05 13:00,1.3674652663822338e-05
01-05 14:00,1.3674652663822338e-05
01-05 15:00,1.3674652663822338e-05
01-05 16:00,1.3674652663822338e-05
01-05 17:00,1.538398424680013e-05
01-05 18:00,1.1965321080844544e-05
01-05 19:00,1.1965321080844544e-05
01-05 20:00,1.0255989497866752e-05
01-05 21:00,1.538398424680013e-05
01-05 22:00,2.9058636910622464e-05
01-05 23:00,3.5895963242533636e-05
02-05 00:00,4.615195274040039e-05
02-05 01:00,5.9826605404222724e-05
02-05 02:00,7.521058965102285e-05
02-05 03:00,7.862925281697843e-05
02-05 04:00,9.230390548080079e-05
02-05 05:00,9.743190022973415e-05
02-05 06:00,8.375724756591181e-05
02-05 07:00,8.888524231484519e-05
02-05 08:00,6.324526857017831e-05
02-05 09:00,4.957061590635597e-05
02-05 10:00,5.1279947489333765e-05
02-05 11:00,5.2989279072311555e-05
02-05 12:00,5.6407942238267136e-05
02-05 13:00,5.2989279072311555e-05
02-05 14:00,4.786128432337818e-05
02-05 15:00,5.6407942238267136e-05
02-05 16:00,5.469861065528935e-05
02-05 17:00,5.469861065528935e-05
02-05 18:00,4.4442621157422596e-05
02-05 19:00,3.7605294825511427e-05
02-05 20:00,2.9058636910622464e-05
02-05 21:00,2.7349305327644676e-05
02-05 22:00,2.9058636910622464e-05
02-05 23:00,4.786128432337818e-05
03-05 00:00,6.153593698720051e-05
03-05 01:00,6.66639317361339e-05
03-05 02:00,6.837326331911169e-05
03-05 03:00,7.521058965102285e-05
03-05 04:00,7.862925281697843e-05
03-05 05:00,8.375724756591181e-05
03-05 06:00,7.179192648506727e-05
03-05 07:00,7.179192648506727e-05
03-05 08:00,5.1279947489333765e-05
03-05 09:00,4.4442621157422596e-05
03-05 10:00,4.2733289574444805e-05
03-05 11:00,4.957061590635597e-05
03-05 12:00,5.1279947489333765e-05
03-05 13:00,4.957061590635597e-05
03-05 14:00,5.1279947489333765e-05
03-05 15:00,4.957061590635597e-05
03-05 16:00,5.1279947489333765e-05
03-05 17:00,5.2989279072311555e-05
03-05 18:00,4.786128432337818e-05
03-05 19:00,3.4186631659555845e-05
03-05 20:00,2.7349305327644676e-05
03-05 21:00,3.4186631659555845e-05
03-05 22:00,3.076796849360026e-05
03-05 23:00,2.9058636910622464e-05
04-05 00:00,4.2733289574444805e-05
04-05 01:00,4.4442621157422596e-05
04-05 02:00,5.1279947489333765e-05
04-05 03:00,5.9826605404222724e-05
04-05 04:00,6.324526857017831e-05
04-05 05:00,7.691992123400065e-05
04-05 06:00,9.572256864675635e-05
04-05 07:00,0.00012649053714035662
04-05 08:00,0.00013503719505524557
04-05 09:00,0.0001299092003063122
04-05 10:00,0.00011281588447653427
04-05 11:00,0.00011623454764248985
04-05 12:00,9.914123181271193e-05
04-05 13:00,9.230390548080079e-05
04-05 14:00,8.546657914888961e-05
04-05 15:00,8.546657914888961e-05
04-05 16:00,0.00012136254239142323
04-05 17:00,0.00011110655289355649
04-05 18:00,9.743190022973415e-05
04-05 19:00,9.914123181271193e-05
04-05 20:00,0.00010085056339568975
04-05 21:00,9.572256864675635e-05
04-05 22:00,7.350125806804506e-05
04-05 23:00,8.375724756591181e-05
05-05 00:00,9.572256864675635e-05
05-05 01:00,0.00010085056339568975
05-05 02:00,0.00010597855814462311
05-05 03:00,0.00011623454764248985
05-05 04:00,0.00012478120555737881
05-05 05:00,0.00012307187397440103
05-05 06:00,0.0001333278634722678
05-05 07:00,0.00018631714254457936
05-05 08:00,0.0001948638004594683
05-05 09:00,0.0001487118477190679
05-05 10:00,0.00015554917405097908
05-05 11:00,0.00014187452138715676
05-05 12:00,0.00014529318455311233
05-05 13:00,0.00016067716879991246
05-05 14:00,0.00016067716879991246
05-05 15:00,0.00015213051088502352
05-05 16:00,0.00016067716879991246
05-05 17:00,0.0001538398424680013
05-05 18:00,0.0001470025161360901
05-05 19:00,0.00012649053714035662
05-05 20:00,0.00011623454764248985
05-05 21:00,9.401323706377857e-05
05-05 22:00,4.786128432337818e-05
05-05 23:00,4.957061590635597e-05
06-05 00:00,4.957061590635597e-05
06-05 01:00,4.957061590635597e-05
06-05 02:00,5.9826605404222724e-05
06-05 03:00,4.615195274040039e-05
06-05 04:00,4.786128432337818e-05
06-05 05:00,5.1279947489333765e-05
06-05 06:00,4.957061590635597e-05
06-05 07:00,6.49546001531561e-05
06-05 08:00,5.6407942238267136e-05
06-05 09:00,5.2989279072311555e-05
06-05 10:00,5.2989279072311555e-05
06-05 11:00,5.1279947489333765e-05
06-05 12:00,4.2733289574444805e-05
06-05 13:00,4.957061590635597e-05
06-05 14:00,3.4186631659555845e-05
06-05 15:00,3.4186631659555845e-05
06-05 16:00,2.393064216168909e-05
06-05 17:00,3.5895963242533636e-05
06-05 18:00,3.931462640848922e-05
06-05 19:00,4.786128432337818e-05
06-05 20:00,6.153593698720051e-05
06-05 21:00,6.66639317361339e-05
06-05 22:00,6.66639317361339e-05
06-05 23:00,9.230390548080079e-05
07-05 00:00,8.888524231484519e-05
07-05 01:00,9.572256864675635e-05
07-05 02:00,9.059457389782298e-05
07-05 03:00,9.230390548080079e-05
07-05 04:00,8.888524231484519e-05
07-05 05:00,9.401323706377857e-05
07-05 06:00,0.00010255989497866753
07-05 07:00,0.00011623454764248985
07-05 08:00,0.00010255989497866753
07-05 09:00,6.324526857017831e-05
07-05 10:00,6.153593698720051e-05
07-05 11:00,6.153593698720051e-05
07-05 12:00,6.324526857017831e-05
07-05 13:00,5.9826605404222724e-05
07-05 14:00,6.49546001531561e-05
07-05 15:00,6.324526857017831e-05
07-05 16:00,6.66639317361339e-05
07-05 17:00,6.837326331911169e-05
07-05 18:00,5.6407942238267136e-05
07-05 19:00,5.1279947489333765e-05
07-05 20:00,4.102395799146701e-05
07-05 21:00,5.1279947489333765e-05
07-05 22:00,3.931462640848922e-05
07-05 23:00,4.615195274040039e-05
08-05 00:00,5.6407942238267136e-05
08-05 01:00,6.324526857017831e-05
08-05 02:00,6.837326331911169e-05
08-05 03:00,6.837326331911169e-05
08-05 04:00,6.66639317361339e-05
08-05 05:00,5.9826605404222724e-05
08-05 06:00,5.2989279072311555e-05
08-05 07:00,3.4186631659555845e-05
08-05 08:00,4.102395799146701e-05
08-05 09:00,3.5895963242533636e-05
08-05 10:00,3.5895963242533636e-05
08-05 11:00,3.7605294825511427e-05
08-05 12:00,3.931462640848922e-05
08-05 13:00,4.2733289574444805e-05
08-05 14:00,4.2733289574444805e-05
08-05 15:00,4.615195274040039e-05
08-05 16:00,4.2733289574444805e-05
08-05 17:00,4.102395799146701e-05
08-05 18:00,3.7605294825511427e-05
08-05 19:00,2.7349305327644676e-05
08-05 20:00,2.0511978995733504e-05
08-05 21:00,2.2221310578711298e-05
08-05 22:00,2.0511978995733504e-05
08-05 23:00,1.8802647412755713e-05
09-05 00:00,5.1279947489333765e-05
09-05 01:00,7.179192648506727e-05
09-05 02:00,7.691992123400065e-05
09-05 03:00,8.375724756591181e-05
09-05 04:00,9.059457389782298e-05
09-05 05:00,9.230390548080079e-05
09-05 06:00,8.204791598293402e-05
09-05 07:00,8.888524231484519e-05
09-05 08:00,7.521058965102285e-05
09-05 09:00,5.469861065528935e-05
09-05 10:00,5.1279947489333765e-05
09-05 11:00,5.1279947489333765e-05
09-05 12:00,4.786128432337818e-05
09-05 13:00,5.2989279072311555e-05
09-05 14:00,5.1279947489333765e-05
09-05 15:00,5.1279947489333765e-05
09-05 16:00,5.2989279072311555e-05
09-05 17:00,4.957061590635597e-05
09-05 18:00,4.786128432337818e-05
09-05 19:00,3.7605294825511427e-05
09-05 20:00,2.7349305327644676e-05
09-05 21:00,2.7349305327644676e-05
09-05 22:00,1.0255989497866752e-05
09-05 23:00,1.3674652663822338e-05
10-05 00:00,2.5639973744666882e-05
10-05 01:00,3.5895963242533636e-05
10-05 02:00,2.7349305327644676e-05
10-05 03:00,3.076796849360026e-05
10-05 04:00,2.7349305327644676e-05
10-05 05:00,2.9058636910622464e-05
10-05 06:00,3.076796849360026e-05
10-05 07:00,2.9058636910622464e-05
10-05 08:00,2.9058636910622464e-05
10-05 09:00,1.7093315829777923e-05
10-05 10:00,1.0255989497866752e-05
10-05 11:00,1.0255989497866752e-05
10-05 12:00,1.0255989497866752e-05
10-05 13:00,1.0255989497866752e-05
10-05 14:00,1.0255989497866752e-05
10-05 15:00,1.0255989497866752e-05
10-05 16:00,1.0255989497866752e-05
10-05 17:00,1.0255989497866752e-05
10-05 18:00,8.546657914888961e-06
10-05 19:00,8.546657914888961e-06
10-05 20:00,6.837326331911169e-06
10-05 21:00,2.0511978995733504e-05
10-05 22:00,2.7349305327644676e-05
10-05 23:00,2.7349305327644676e-05
11-05 00:00,3.931462640848922e-05
11-05 01:00,4.102395799146701e-05
11-05 02:00,4.102395799146701e-05
11-05 03:00,4.786128432337818e-05
11-05 04:00,5.469861065528935e-05
11-05 05:00,5.469861065528935e-05
11-05 06:00,5.9826605404222724e-05
11-05 07:00,7.862925281697843e-05
11-05 08:00,7.521058965102285e-05
11-05 09:00,5.6407942238267136e-05
11-05 10:00,5.469861065528935e-05
11-05 11:00,5.1279947489333765e-05
11-05 12:00,5.9826605404222724e-05
11-05 13:00,5.6407942238267136e-05
11-05 14:00,6.324526857017831e-05
11-05 15:00,6.66639317361339e-05
11-05 16:00,6.49546001531561e-05
11-05 17:00,5.9826605404222724e-05
11-05 18:00,7.521058965102285e-05
11-05 19:00,6.153593698720051e-05
11-05 20:00,5.6407942238267136e-05
11-05 21:00,4.957061590635597e-05
11-05 22:00,4.615195274040039e-05
11-05 23:00,5.469861065528935e-05
12-05 00:00,5.9826605404222724e-05
12-05 01:00,7.179192648506727e-05
12-05 02:00,8.204791598293402e-05
12-05 03:00,8.033858439995623e-05
12-05 04:00,9.059457389782298e-05
12-05 05:00,9.572256864675635e-05
12-05 06:00,8.71759107318674e-05
12-05 07:00,0.00011110655289355649
12-05 08:00,0.00010255989497866753
12-05 09:00,7.862925281697843e-05
12-05 10:00,8.033858439995623e-05
12-05 11:00,7.691992123400065e-05
12-05 12:00,8.375724756591181e-05
12-05 13:00,7.691992123400065e-05
12-05 14:00,7.691992123400065e-05
12-05 15:00,7.691992123400065e-05
12-05 16:00,8.71759107318674e-05
12-05 17:00,8.546657914888961e-05
12-05 18:00,7.691992123400065e-05
12-05 19:00,7.521058965102285e-05
12-05 20:00,8.204791598293402e-05
12-05 21:00,7.008259490208947e-05
12-05 22:00,5.2989279072311555e-05
12-05 23:00,6.837326331911169e-05
13-05 00:00,7.691992123400065e-05
13-05 01:00,8.546657914888961e-05
13-05 02:00,8.204791598293402e-05
13-05 03:00,9.230390548080079e-05
13-05 04:00,0.00010255989497866753
13-05 05:00,9.059457389782298e-05
13-05 06:00,7.691992123400065e-05
13-05 07:00,7.350125806804506e-05
13-05 08:00,4.615195274040039e-05
13-05 09:00,3.247730007657805e-05
13-05 10:00,2.393064216168909e-05
13-05 11:00,2.393064216168909e-05
13-05 12:00,2.393064216168909e-05
13-05 13:00,2.393064216168909e-05
13-05 14:00,2.2221310578711298e-05
13-05 15:00,2.393064216168909e-05
13-05 16:00,2.5639973744666882e-05
13-05 17:00,2.393064216168909e-05
13-05 18:00,2.393064216168909e-05
13-05 19:00,2.2221310578711298e-05
13-05 20:00,4.4442621157422596e-05
13-05 21:00,4.786128432337818e-05
13-05 22:00,4.615195274040039e-05
13-05 23:00,5.811727382124493e-05
14-05 00:00,5.9826605404222724e-05
14-05 01:00,6.66639317361339e-05
14-05 02:00,7.691992123400065e-05
14-05 03:00,8.204791598293402e-05
14-05 04:00,7.521058965102285e-05
14-05 05:00,8.546657914888961e-05
14-05 06:00,9.230390548080079e-05
14-05 07:00,9.743190022973415e-05
14-05 08:00,0.00010426922656164531
14-05 09:00,7.521058965102285e-05
14-05 10:00,6.324526857017831e-05
14-05 11:00,5.9826605404222724e-05
14-05 12:00,5.1279947489333765e-05
14-05 13:00,5.469861065528935e-05
14-05 14:00,5.9826605404222724e-05
14-05 15:00,6.153593698720051e-05
14-05 16:00,5.9826605404222724e-05
14-05 17:00,5.9826605404222724e-05
14-05 18:00,5.6407942238267136e-05
14-05 19:00,5.6407942238267136e-05
14-05 20:00,5.2989279072311555e-05
14-05 21:00,4.786128432337818e-05
14-05 22:00,3.7605294825511427e-05
14-05 23:00,4.786128432337818e-05
15-05 00:00,5.9826605404222724e-05
15-05 01:00,6.837326331911169e-05
15-05 02:00,6.66639317361339e-05
15-05 03:00,6.66639317361339e-05
15-05 04:00,7.521058965102285e-05
15-05 05:00,7.179192648506727e-05
15-05 06:00,6.837326331911169e-05
15-05 07:00,7.350125806804506e-05
15-05 08:00,5.1279947489333765e-05
15-05 09:00,3.931462640848922e-05
15-05 10:00,3.931462640848922e-05
15-05 11:00,4.102395799146701e-05
15-05 12:00,4.615195274040039e-05
15-05 13:00,4.615195274040039e-05
15-05 14:00,4.615195274040039e-05
15-05 15:00,4.615195274040039e-05
15-05 16:00,4.615195274040039e-05
15-05 17:00,4.786128432337818e-05
15-05 18:00,3.931462640848922e-05
15-05 19:00,2.9058636910622464e-05
15-05 20:00,2.393064216168909e-05
15-05 21:00,1.538398424680013e-05
15-05 22:00,1.7093315829777923e-06
15-05 23:00,1.1965321080844544e-05
16-05 00:00,2.0511978995733504e-05
16-05 01:00,2.2221310578711298e-05
16-05 02:00,4.2733289574444805e-05
16-05 03:00,3.931462640848922e-05
16-05 04:00,4.957061590635597e-05
16-05 05:00,5.469861065528935e-05
16-05 06:00,5.9826605404222724e-05
16-05 07:00,8.204791598293402e-05
16-05 08:00,7.179192648506727e-05
16-05 09:00,6.153593698720051e-05
16-05 10:00,5.6407942238267136e-05
16-05 11:00,4.786128432337818e-05
16-05 12:00,4.615195274040039e-05
16-05 13:00,4.4442621157422596e-05
16-05 14:00,4.4442621157422596e-05
16-05 15:00,4.4442621157422596e-05
16-05 16:00,4.615195274040039e-05
16-05 17:00,4.2733289574444805e-05
16-05 18:00,3.931462640848922e-05
16-05 19:00,3.076796849360026e-05
16-05 20:00,2.393064216168909e-05
16-05 21:00,3.247730007657805e-05
16-05 22:00,3.7605294825511427e-05
16-05 23:00,4.615195274040039e-05
17-05 00:00,5.2989279072311555e-05
17-05 01:00,5.811727382124493e-05
17-05 02:00,5.6407942238267136e-05
17-05 03:00,5.469861065528935e-05
17-05 04:00,6.837326331911169e-05
17-05 05:00,6.153593698720051e-05
17-05 06:00,4.957061590635597e-05
17-05 07:00,4.957061590635597e-05
17-05 08:00,3.247730007657805e-05
17-05 09:00,2.9058636910622464e-05
17-05 10:00,3.247730007657805e-05
17-05 11:00,3.7605294825511427e-05
17-05 12:00,3.7605294825511427e-05
17-05 13:00,3.931462640848922e-05
17-05 14:00,4.102395799146701e-05
17-05 15:00,3.931462640848922e-05
17-05 16:00,3.931462640848922e-05
17-05 17:00,3.7605294825511427e-05
17-05 18:00,3.5895963242533636e-05
17-05 19:00,2.5639973744666882e-05
17-05 20:00,1.8802647412755713e-05
17-05 21:00,1.1965321080844544e-05
17-05 22:00,1.7093315829777923e-06
17-05 23:00,1.7093315829777923e-06
18-05 00:00,0.0
18-05 01:00,0.0
18-05 02:00,0.0
18-05 03:00,0.0
18-05 04:00,0.0
18-05 05:00,0.0
18-05 06:00,1.7093315829777923e-06
18-05 07:00,1.7093315829777923e-06
18-05 08:00,5.127994748933376e-06
18-05 09:00,5.127994748933376e-06
18-05 10:00,8.546657914888961e-06
18-05 11:00,1.3674652663822338e-05
18-05 12:00,1.538398424680013e-05
18-05 13:00,1.7093315829777923e-05
18-05 14:00,1.7093315829777923e-05
18-05 15:00,1.7093315829777923e-05
18-05 16:00,1.7093315829777923e-05
18-05 17:00,1.538398424680013e-05
18-05 18:00,1.0255989497866752e-05
18-05 19:00,3.4186631659555845e-06
18-05 20:00,1.7093315829777923e-06
18-05 21:00,1.7093315829777923e-06
18-05 22:00,8.546657914888961e-06
18-05 23:00,1.7093315829777923e-05
19-05 00:00,2.7349305327644676e-05
19-05 01:00,2.9058636910622464e-05
19-05 02:00,2.7349305327644676e-05
19-05 03:00,2.9058636910622464e-05
19-05 04:00,3.7605294825511427e-05
19-05 05:00,3.076796849360026e-05
19-05 06:00,1.7093315829777923e-05
19-05 07:00,1.7093315829777923e-05
19-05 08:00,1.8802647412755713e-05
19-05 09:00,1.8802647412755713e-05
19-05 10:00,2.2221310578711298e-05
19-05 11:00,2.5639973744666882e-05
19-05 12:00,3.247730007657805e-05
19-05 13:00,3.5895963242533636e-05
19-05 14:00,3.7605294825511427e-05
19-05 15:00,3.931462640848922e-05
19-05 16:00,4.102395799146701e-05
19-05 17:00,3.7605294825511427e-05
19-05 18:00,2.393064216168909e-05
19-05 19:00,1.8802647412755713e-05
19-05 20:00,1.3674652663822338e-05
19-05 21:00,6.837326331911169e-06
19-05 22:00,1.7093315829777923e-06
19-05 23:00,1.0255989497866752e-05
20-05 00:00,1.8802647412755713e-05
20-05 01:00,2.7349305327644676e-05
20-05 02:00,2.7349305327644676e-05
20-05 03:00,3.7605294825511427e-05
20-05 04:00,3.4186631659555845e-05
20-05 05:00,2.9058636910622464e-05
20-05 06:00,1.1965321080844544e-05
20-05 07:00,5.127994748933376e-06
20-05 08:00,5.127994748933376e-06
20-05 09:00,5.127994748933376e-06
20-05 10:00,5.127994748933376e-06
20-05 11:00,6.837326331911169e-06
20-05 12:00,6.837326331911169e-06
20-05 13:00,6.837326331911169e-06
20-05 14:00,6.837326331911169e-06
20-05 15:00,6.837326331911169e-06
20-05 16:00,6.837326331911169e-06
20-05 17:00,6.837326331911169e-06
20-05 18:00,5.127994748933376e-06
20-05 19:00,5.127994748933376e-06
20-05 20:00,3.4186631659555845e-06
20-05 21:00,1.7093315829777923e-06
20-05 22:00,1.7093315829777923e-06
20-05 23:00,1.7093315829777923e-06
21-05 00:00,0.0
21-05 01:00,0.0
21-05 02:00,8.546657914888961e-06
21-05 03:00,1.7093315829777923e-05
21-05 04:00,1.7093315829777923e-05
21-05 05:00,1.7093315829777923e-05
21-05 06:00,1.7093315829777923e-06
21-05 07:00,1.7093315829777923e-06
21-05 08:00,1.7093315829777923e-06
21-05 09:00,1.7093315829777923e-06
21-05 10:00,1.7093315829777923e-06
21-05 11:00,3.4186631659555845e-06
21-05 12:00,3.4186631659555845e-06
21-05 13:00,3.4186631659555845e-06
21-05 14:00,3.4186631659555845e-06
21-05 15:00,3.4186631659555845e-06
21-05 16:00,3.4186631659555845e-06
21-05 17:00,3.4186631659555845e-06
21-05 18:00,1.7093315829777923e-06
21-05 19:00,1.7093315829777923e-06
21-05 20:00,1.7093315829777923e-06
21-05 21:00,1.7093315829777923e-06
21-05 22:00,0.0
21-05 23:00,0.0
22-05 00:00,1.7093315829777923e-06
22-05 01:00,3.4186631659555845e-06
22-05 02:00,1.0255989497866752e-05
22-05 03:00,1.8802647412755713e-05
22-05 04:00,3.076796849360026e-05
22-05 05:00,3.247730007657805e-05
22-05 06:00,2.7349305327644676e-05
22-05 07:00,3.931462640848922e-05
22-05 08:00,4.102395799146701e-05
22-05 09:00,3.076796849360026e-05
22-05 10:00,3.247730007657805e-05
22-05 11:00,3.076796849360026e-05
22-05 12:00,2.9058636910622464e-05
22-05 13:00,3.247730007657805e-05
22-05 14:00,2.9058636910622464e-05
22-05 15:00,3.247730007657805e-05
22-05 16:00,2.9058636910622464e-05
22-05 17:00,3.076796849360026e-05
22-05 18:00,2.393064216168909e-05
22-05 19:00,2.7349305327644676e-05
22-05 20:00,2.0511978995733504e-05
22-05 21:00,2.7349305327644676e-05
22-05 22:00,2.5639973744666882e-05
22-05 23:00,4.4442621157422596e-05
23-05 00:00,4.957061590635597e-05
23-05 01:00,4.957061590635597e-05
23-05 02:00,4.2733289574444805e-05
23-05 03:00,6.66639317361339e-05
23-05 04:00,5.469861065528935e-05
23-05 05:00,4.957061590635597e-05
23-05 06:00,4.957061590635597e-05
23-05 07:00,6.49546001531561e-05
23-05 08:00,6.153593698720051e-05
23-05 09:00,4.615195274040039e-05
23-05 10:00,3.5895963242533636e-05
23-05 11:00,3.931462640848922e-05
23-05 12:00,4.2733289574444805e-05
23-05 13:00,4.102395799146701e-05
23-05 14:00,4.2733289574444805e-05
23-05 15:00,4.2733289574444805e-05
23-05 16:00,3.931462640848922e-05
23-05 17:00,4.102395799146701e-05
23-05 18:00,3.5895963242533636e-05
23-05 19:00,2.9058636910622464e-05
23-05 20:00,2.0511978995733504e-05
23-05 21:00,2.2221310578711298e-05
23-05 22:00,2.5639973744666882e-05
23-05 23:00,2.9058636910622464e-05
24-05 00:00,3.4186631659555845e-05
24-05 01:00,3.7605294825511427e-05
24-05 02:00,3.931462640848922e-05
24-05 03:00,4.786128432337818e-05
24-05 04:00,5.469861065528935e-05
24-05 05:00,5.1279947489333765e-05
24-05 06:00,3.7605294825511427e-05
24-05 07:00,2.2221310578711298e-05
24-05 08:00,2.5639973744666882e-05
24-05 09:00,2.393064216168909e-05
24-05 10:00,2.5639973744666882e-05
24-05 11:00,2.7349305327644676e-05
24-05 12:00,2.9058636910622464e-05
24-05 13:00,3.247730007657805e-05
24-05 14:00,3.076796849360026e-05
24-05 15:00,3.247730007657805e-05
24-05 16:00,3.4186631659555845e-05
24-05 17:00,3.076796849360026e-05
24-05 18:00,2.5639973744666882e-05
24-05 19:00,1.8802647412755713e-05
24-05 20:00,1.3674652663822338e-05
24-05 21:00,8.546657914888961e-06
24-05 22:00,1.7093315829777923e-06
24-05 23:00,1.7093315829777923e-06
25-05 00:00,1.7093315829777923e-06
25-05 01:00,1.0255989497866752e-05
25-05 02:00,2.5639973744666882e-05
25-05 03:00,2.7349305327644676e-05
25-05 04:00,3.7605294825511427e-05
25-05 05:00,3.076796849360026e-05
25-05 06:00,1.3674652663822338e-05
25-05 07:00,1.1965321080844544e-05
25-05 08:00,1.3674652663822338e-05
25-05 09:00,1.3674652663822338e-05
25-05 10:00,1.538398424680013e-05
25-05 11:00,1.8802647412755713e-05
25-05 12:00,2.2221310578711298e-05
25-05 13:00,2.393064216168909e-05
25-05 14:00,2.2221310578711298e-05
25-05 15:00,2.393064216168909e-05
25-05 16:00,2.5639973744666882e-05
25-05 17:00,2.2221310578711298e-05
25-05 18:00,1.7093315829777923e-05
25-05 19:00,1.0255989497866752e-05
25-05 20:00,6.837326331911169e-06
25-05 21:00,3.4186631659555845e-06
25-05 22:00,0.0
25-05 23:00,1.7093315829777923e-06
26-05 00:00,0.0
26-05 01:00,1.0255989497866752e-05
26-05 02:00,1.7093315829777923e-05
26-05 03:00,1.8802647412755713e-05
26-05 04:00,1.8802647412755713e-05
26-05 05:00,1.0255989497866752e-05
26-05 06:00,3.4186631659555845e-06
26-05 07:00,6.837326331911169e-06
26-05 08:00,8.546657914888961e-06
26-05 09:00,6.837326331911169e-06
26-05 10:00,1.1965321080844544e-05
26-05 11:00,1.8802647412755713e-05
26-05 12:00,2.5639973744666882e-05
26-05 13:00,2.5639973744666882e-05
26-05 14:00,3.4186631659555845e-05
26-05 15:00,3.247730007657805e-05
26-05 16:00,3.247730007657805e-05
26-05 17:00,2.7349305327644676e-05
26-05 18:00,1.7093315829777923e-05
26-05 19:00,1.1965321080844544e-05
26-05 20:00,6.837326331911169e-06
26-05 21:00,3.4186631659555845e-06
26-05 22:00,0.0
26-05 23:00,0.0
27-05 00:00,1.0255989497866752e-05
27-05 01:00,2.0511978995733504e-05
27-05 02:00,2.0511978995733504e-05
27-05 03:00,1.8802647412755713e-05
27-05 04:00,1.8802647412755713e-05
27-05 05:00,2.7349305327644676e-05
27-05 06:00,3.076796849360026e-05
27-05 07:00,3.5895963242533636e-05
27-05 08:00,2.7349305327644676e-05
27-05 09:00,1.7093315829777923e-05
27-05 10:00,1.7093315829777923e-05
27-05 11:00,8.546657914888961e-06
27-05 12:00,8.546657914888961e-06
27-05 13:00,8.546657914888961e-06
27-05 14:00,8.546657914888961e-06
27-05 15:00,8.546657914888961e-06
27-05 16:00,1.0255989497866752e-05
27-05 17:00,8.546657914888961e-06
27-05 18:00,6.837326331911169e-06
27-05 19:00,6.837326331911169e-06
27-05 20:00,1.3674652663822338e-05
27-05 21:00,2.0511978995733504e-05
27-05 22:00,1.8802647412755713e-05
27-05 23:00,2.5639973744666882e-05
28-05 00:00,2.2221310578711298e-05
28-05 01:00,2.0511978995733504e-05
28-05 02:00,2.0511978995733504e-05
28-05 03:00,2.9058636910622464e-05
28-05 04:00,2.9058636910622464e-05
28-05 05:00,3.4186631659555845e-05
28-05 06:00,3.931462640848922e-05
28-05 07:00,4.786128432337818e-05
28-05 08:00,6.837326331911169e-05
28-05 09:00,5.9826605404222724e-05
28-05 10:00,4.615195274040039e-05
28-05 11:00,4.102395799146701e-05
28-05 12:00,3.4186631659555845e-05
28-05 13:00,3.7605294825511427e-05
28-05 14:00,3.7605294825511427e-05
28-05 15:00,3.931462640848922e-05
28-05 16:00,3.931462640848922e-05
28-05 17:00,3.7605294825511427e-05
28-05 18:00,3.4186631659555845e-05
28-05 19:00,2.2221310578711298e-05
28-05 20:00,3.4186631659555845e-05
28-05 21:00,2.9058636910622464e-05
28-05 22:00,2.5639973744666882e-05
28-05 23:00,3.5895963242533636e-05
29-05 00:00,4.615195274040039e-05
29-05 01:00,5.811727382124493e-05
29-05 02:00,5.811727382124493e-05
29-05 03:00,5.469861065528935e-05
29-05 04:00,6.324526857017831e-05
29-05 05:00,5.9826605404222724e-05
29-05 06:00,6.49546001531561e-05
29-05 07:00,8.204791598293402e-05
29-05 08:00,6.837326331911169e-05
29-05 09:00,4.615195274040039e-05
29-05 10:00,5.1279947489333765e-05
29-05 11:00,4.615195274040039e-05
29-05 12:00,4.615195274040039e-05
29-05 13:00,4.957061590635597e-05
29-05 14:00,4.957061590635597e-05
29-05 15:00,4.957061590635597e-05
29-05 16:00,5.1279947489333765e-05
29-05 17:00,5.1279947489333765e-05
29-05 18:00,4.2733289574444805e-05
29-05 19:00,4.2733289574444805e-05
29-05 20:00,4.4442621157422596e-05
29-05 21:00,4.4442621157422596e-05
29-05 22:00,3.7605294825511427e-05
29-05 23:00,4.615195274040039e-05
30-05 00:00,4.615195274040039e-05
30-05 01:00,4.4442621157422596e-05
30-05 02:00,4.615195274040039e-05
30-05 03:00,4.615195274040039e-05
30-05 04:00,3.931462640848922e-05
30-05 05:00,4.2733289574444805e-05
30-05 06:00,3.5895963242533636e-05
30-05 07:00,4.615195274040039e-05
30-05 08:00,5.1279947489333765e-05
30-05 09:00,3.4186631659555845e-05
30-05 10:00,3.5895963242533636e-05
30-05 11:00,3.247730007657805e-05
30-05 12:00,3.5895963242533636e-05
30-05 13:00,3.4186631659555845e-05
30-05 14:00,3.7605294825511427e-05
30-05 15:00,3.7605294825511427e-05
30-05 16:00,3.7605294825511427e-05
30-05 17:00,3.7605294825511427e-05
30-05 18:00,3.247730007657805e-05
30-05 19:00,2.2221310578711298e-05
30-05 20:00,1.538398424680013e-05
30-05 21:00,1.0255989497866752e-05
30-05 22:00,1.0255989497866752e-05
30-05 23:00,1.0255989497866752e-05
31-05 00:00,1.0255989497866752e-05
31-05 01:00,1.0255989497866752e-05
31-05 02:00,1.8802647412755713e-05
31-05 03:00,2.9058636910622464e-05
31-05 04:00,3.5895963242533636e-05
31-05 05:00,2.9058636910622464e-05
31-05 06:00,2.2221310578711298e-05
31-05 07:00,1.3674652663822338e-05
31-05 08:00,6.837326331911169e-06
31-05 09:00,5.127994748933376e-06
31-05 10:00,5.127994748933376e-06
31-05 11:00,6.837326331911169e-06
31-05 12:00,6.837326331911169e-06
31-05 13:00,6.837326331911169e-06
31-05 14:00,5.127994748933376e-06
31-05 15:00,6.837326331911169e-06
31-05 16:00,6.837326331911169e-06
31-05 17:00,6.837326331911169e-06
31-05 18:00,5.127994748933376e-06
31-05 19:00,5.127994748933376e-06
31-05 20:00,5.127994748933376e-06
31-05 21:00,3.4186631659555845e-06
31-05 22:00,5.127994748933376e-06
31-05 23:00,6.837326331911169e-06
01-06 00:00,6.837326331911169e-06
01-06 01:00,1.0255989497866752e-05
01-06 02:00,1.0255989497866752e-05
01-06 03:00,6.837326331911169e-06
01-06 04:00,1.7093315829777923e-06
01-06 05:00,0.0
01-06 06:00,1.7093315829777923e-06
01-06 07:00,3.4186631659555845e-06
01-06 08:00,5.127994748933376e-06
01-06 09:00,5.127994748933376e-06
01-06 10:00,8.546657914888961e-06
01-06 11:00,1.1965321080844544e-05
01-06 12:00,1.538398424680013e-05
01-06 13:00,1.538398424680013e-05
01-06 14:00,1.7093315829777923e-05
01-06 15:00,1.7093315829777923e-05
01-06 16:00,1.7093315829777923e-05
01-06 17:00,1.538398424680013e-05
01-06 18:00,1.0255989497866752e-05
01-06 19:00,3.4186631659555845e-06
01-06 20:00,1.7093315829777923e-06
01-06 21:00,1.7093315829777923e-06
01-06 22:00,0.0
01-06 23:00,0.0
02-06 00:00,0.0
02-06 01:00,0.0
02-06 02:00,0.0
02-06 03:00,0.0
02-06 04:00,0.0
02-06 05:00,0.0
02-06 06:00,0.0
02-06 07:00,0.0
02-06 08:00,1.7093315829777923e-06
02-06 09:00,3.4186631659555845e-06
02-06 10:00,8.546657914888961e-06
02-06 11:00,1.3674652663822338e-05
02-06 12:00,2.0511978995733504e-05
02-06 13:00,2.393064216168909e-05
02-06 14:00,2.7349305327644676e-05
02-06 15:00,2.7349305327644676e-05
02-06 16:00,2.9058636910622464e-05
02-06 17:00,2.2221310578711298e-05
02-06 18:00,1.3674652663822338e-05
02-06 19:00,6.837326331911169e-06
02-06 20:00,1.7093315829777923e-06
02-06 21:00,1.7093315829777923e-06
02-06 22:00,0.0
02-06 23:00,0.0
03-06 00:00,0.0
03-06 01:00,0.0
03-06 02:00,0.0
03-06 03:00,8.546657914888961e-06
03-06 04:00,0.0
03-06 05:00,0.0
03-06 06:00,0.0
03-06 07:00,0.0
03-06 08:00,0.0
03-06 09:00,0.0
03-06 10:00,0.0
03-06 11:00,1.7093315829777923e-06
03-06 12:00,1.7093315829777923e-06
03-06 13:00,1.7093315829777923e-06
03-06 14:00,1.7093315829777923e-06
03-06 15:00,1.7093315829777923e-06
03-06 16:00,1.7093315829777923e-06
03-06 17:00,1.7093315829777923e-06
03-06 18:00,0.0
03-06 19:00,0.0
03-06 20:00,0.0
03-06 21:00,0.0
03-06 22:00,0.0
03-06 23:00,0.0
04-06 00:00,0.0
04-06 01:00,0.0
04-06 02:00,0.0
04-06 03:00,0.0
04-06 04:00,0.0
04-06 05:00,0.0
04-06 06:00,0.0
04-06 07:00,0.0
04-06 08:00,1.7093315829777923e-06
04-06 09:00,1.7093315829777923e-06
04-06 10:00,6.837326331911169e-06
04-06 11:00,1.1965321080844544e-05
04-06 12:00,1.3674652663822338e-05
04-06 13:00,1.538398424680013e-05
04-06 14:00,1.538398424680013e-05
04-06 15:00,1.538398424680013e-05
04-06 16:00,1.538398424680013e-05
04-06 17:00,1.3674652663822338e-05
04-06 18:00,1.0255989497866752e-05
04-06 19:00,1.7093315829777923e-06
04-06 20:00,0.0
04-06 21:00,0.0
04-06 22:00,0.0
04-06 23:00,0.0
05-06 00:00,0.0
05-06 01:00,0.0
05-06 02:00,0.0
05-06 03:00,0.0
05-06 04:00,8.546657914888961e-06
05-06 05:00,0.0
05-06 06:00,0.0
05-06 07:00,0.0
05-06 08:00,3.4186631659555845e-06
05-06 09:00,1.7093315829777923e-06
05-06 10:00,6.837326331911169e-06
05-06 11:00,1.0255989497866752e-05
05-06 12:00,1.3674652663822338e-05
05-06 13:00,1.3674652663822338e-05
05-06 14:00,1.3674652663822338e-05
05-06 15:00,1.538398424680013e-05
05-06 16:00,1.538398424680013e-05
05-06 17:00,1.3674652663822338e-05
05-06 18:00,8.546657914888961e-06
05-06 19:00,1.7093315829777923e-06
05-06 20:00,0.0
05-06 21:00,0.0
05-06 22:00,0.0
05-06 23:00,0.0
06-06 00:00,0.0
06-06 01:00,0.0
06-06 02:00,0.0
06-06 03:00,0.0
06-06 04:00,0.0
06-06 05:00,0.0
06-06 06:00,0.0
06-06 07:00,0.0
06-06 08:00,1.7093315829777923e-06
06-06 09:00,3.4186631659555845e-06
06-06 10:00,6.837326331911169e-06
06-06 11:00,1.0255989497866752e-05
06-06 12:00,1.3674652663822338e-05
06-06 13:00,1.538398424680013e-05
06-06 14:00,1.3674652663822338e-05
06-06 15:00,1.538398424680013e-05
06-06 16:00,1.538398424680013e-05
06-06 17:00,1.3674652663822338e-05
06-06 18:00,8.546657914888961e-06
06-06 19:00,1.7093315829777923e-06
06-06 20:00,0.0
06-06 21:00,0.0
06-06 22:00,0.0
06-06 23:00,0.0
07-06 00:00,0.0
07-06 01:00,0.0
07-06 02:00,0.0
07-06 03:00,0.0
07-06 04:00,0.0
07-06 05:00,0.0
07-06 06:00,0.0
07-06 07:00,0.0
07-06 08:00,1.7093315829777923e-06
07-06 09:00,1.7093315829777923e-06
07-06 10:00,6.837326331911169e-06
07-06 11:00,1.0255989497866752e-05
07-06 12:00,1.3674652663822338e-05
07-06 13:00,1.538398424680013e-05
07-06 14:00,1.538398424680013e-05
07-06 15:00,1.538398424680013e-05
07-06 16:00,1.538398424680013e-05
07-06 17:00,1.3674652663822338e-05
07-06 18:00,8.546657914888961e-06
07-06 19:00,1.7093315829777923e-06
07-06 20:00,0.0
07-06 21:00,0.0
07-06 22:00,0.0
07-06 23:00,0.0
08-06 00:00,1.8802647412755713e-05
08-06 01:00,1.8802647412755713e-05
08-06 02:00,2.9058636910622464e-05
08-06 03:00,3.5895963242533636e-05
08-06 04:00,3.4186631659555845e-05
08-06 05:00,2.9058636910622464e-05
08-06 06:00,1.538398424680013e-05
08-06 07:00,1.3674652663822338e-05
08-06 08:00,1.7093315829777923e-05
08-06 09:00,1.7093315829777923e-05
08-06 10:00,1.7093315829777923e-05
08-06 11:00,2.0511978995733504e-05
08-06 12:00,2.7349305327644676e-05
08-06 13:00,2.393064216168909e-05
08-06 14:00,2.393064216168909e-05
08-06 15:00,2.5639973744666882e-05
08-06 16:00,2.5639973744666882e-05
08-06 17:00,2.393064216168909e-05
08-06 18:00,2.0511978995733504e-05
08-06 19:00,1.1965321080844544e-05
08-06 20:00,8.546657914888961e-06
08-06 21:00,5.127994748933376e-06
08-06 22:00,0.0
08-06 23:00,1.7093315829777923e-06
09-06 00:00,1.8802647412755713e-05
09-06 01:00,1.8802647412755713e-05
09-06 02:00,2.7349305327644676e-05
09-06 03:00,2.5639973744666882e-05
09-06 04:00,2.7349305327644676e-05
09-06 05:00,3.4186631659555845e-06
09-06 06:00,5.127994748933376e-06
09-06 07:00,1.0255989497866752e-05
09-06 08:00,1.3674652663822338e-05
09-06 09:00,1.0255989497866752e-05
09-06 10:00,1.538398424680013e-05
09-06 11:00,2.0511978995733504e-05
09-06 12:00,2.5639973744666882e-05
09-06 13:00,3.247730007657805e-05
09-06 14:00,3.4186631659555845e-05
09-06 15:00,3.4186631659555845e-05
09-06 16:00,3.247730007657805e-05
09-06 17:00,3.247730007657805e-05
09-06 18:00,1.8802647412755713e-05
09-06 19:00,1.3674652663822338e-05
09-06 20:00,1.0255989497866752e-05
09-06 21:00,5.127994748933376e-06
09-06 22:00,0.0
09-06 23:00,1.7093315829777923e-06
10-06 00:00,0.0
10-06 01:00,0.0
10-06 02:00,0.0
10-06 03:00,0.0
10-06 04:00,0.0
10-06 05:00,0.0
10-06 06:00,0.0
10-06 07:00,0.0
10-06 08:00,0.0
10-06 09:00,0.0
10-06 10:00,0.0
10-06 11:00,1.7093315829777923e-06
10-06 12:00,1.7093315829777923e-06
10-06 13:00,1.7093315829777923e-06
10-06 14:00,1.7093315829777923e-06
10-06 15:00,1.7093315829777923e-06
10-06 16:00,1.7093315829777923e-06
10-06 17:00,1.7093315829777923e-06
10-06 18:00,0.0
10-06 19:00,0.0
10-06 20:00,0.0
10-06 21:00,0.0
10-06 22:00,0.0
10-06 23:00,1.7093315829777923e-05
11-06 00:00,2.7349305327644676e-05
11-06 01:00,2.2221310578711298e-05
11-06 02:00,1.8802647412755713e-05
11-06 03:00,2.7349305327644676e-05
11-06 04:00,3.7605294825511427e-05
11-06 05:00,3.931462640848922e-05
11-06 06:00,3.5895963242533636e-05
11-06 07:00,4.615195274040039e-05
11-06 08:00,3.076796849360026e-05
11-06 09:00,1.8802647412755713e-05
11-06 10:00,2.2221310578711298e-05
11-06 11:00,2.5639973744666882e-05
11-06 12:00,2.7349305327644676e-05
11-06 13:00,2.7349305327644676e-05
11-06 14:00,3.076796849360026e-05
11-06 15:00,3.076796849360026e-05
11-06 16:00,2.7349305327644676e-05
11-06 17:00,2.9058636910622464e-05
11-06 18:00,2.393064216168909e-05
11-06 19:00,1.7093315829777923e-05
11-06 20:00,1.1965321080844544e-05
11-06 21:00,6.837326331911169e-06
11-06 22:00,1.7093315829777923e-06
11-06 23:00,1.8802647412755713e-05
12-06 00:00,2.5639973744666882e-05
12-06 01:00,3.5895963242533636e-05
12-06 02:00,4.4442621157422596e-05
12-06 03:00,3.7605294825511427e-05
12-06 04:00,4.615195274040039e-05
12-06 05:00,2.0511978995733504e-05
12-06 06:00,8.546657914888961e-06
12-06 07:00,1.7093315829777923e-05
12-06 08:00,1.7093315829777923e-05
12-06 09:00,1.7093315829777923e-05
12-06 10:00,2.2221310578711298e-05
12-06 11:00,2.393064216168909e-05
12-06 12:00,2.7349305327644676e-05
12-06 13:00,2.9058636910622464e-05
12-06 14:00,2.7349305327644676e-05
12-06 15:00,2.9058636910622464e-05
12-06 16:00,2.9058636910622464e-05
12-06 17:00,2.7349305327644676e-05
12-06 18:00,2.393064216168909e-05
12-06 19:00,1.538398424680013e-05
12-06 20:00,1.0255989497866752e-05
12-06 21:00,6.837326331911169e-06
12-06 22:00,1.7093315829777923e-06
12-06 23:00,1.0255989497866752e-05
13-06 00:00,1.8802647412755713e-05
13-06 01:00,1.8802647412755713e-05
13-06 02:00,2.7349305327644676e-05
13-06 03:00,2.7349305327644676e-05
13-06 04:00,3.4186631659555845e-05
13-06 05:00,3.7605294825511427e-05
13-06 06:00,2.393064216168909e-05
13-06 07:00,2.393064216168909e-05
13-06 08:00,1.8802647412755713e-05
13-06 09:00,1.538398424680013e-05
13-06 10:00,1.8802647412755713e-05
13-06 11:00,2.2221310578711298e-05
13-06 12:00,2.393064216168909e-05
13-06 13:00,2.393064216168909e-05
13-06 14:00,2.393064216168909e-05
13-06 15:00,2.393064216168909e-05
13-06 16:00,2.9058636910622464e-05
13-06 17:00,2.5639973744666882e-05
13-06 18:00,2.2221310578711298e-05
13-06 19:00,1.1965321080844544e-05
13-06 20:00,8.546657914888961e-06
13-06 21:00,6.837326331911169e-06
13-06 22:00,1.7093315829777923e-06
13-06 23:00,1.7093315829777923e-06
14-06 00:00,1.7093315829777923e-06
14-06 01:00,1.8802647412755713e-05
14-06 02:00,2.0511978995733504e-05
14-06 03:00,2.0511978995733504e-05
14-06 04:00,2.9058636910622464e-05
14-06 05:00,3.076796849360026e-05
14-06 06:00,3.7605294825511427e-05
14-06 07:00,3.931462640848922e-05
14-06 08:00,4.2733289574444805e-05
14-06 09:00,3.931462640848922e-05
14-06 10:00,3.076796849360026e-05
14-06 11:00,3.247730007657805e-05
14-06 12:00,3.7605294825511427e-05
14-06 13:00,2.7349305327644676e-05
14-06 14:00,2.7349305327644676e-05
14-06 15:00,2.7349305327644676e-05
14-06 16:00,3.076796849360026e-05
14-06 17:00,2.9058636910622464e-05
14-06 18:00,2.5639973744666882e-05
14-06 19:00,1.538398424680013e-05
14-06 20:00,1.1965321080844544e-05
14-06 21:00,6.837326331911169e-06
14-06 22:00,1.0255989497866752e-05
14-06 23:00,1.0255989497866752e-05
15-06 00:00,8.546657914888961e-06
15-06 01:00,8.546657914888961e-06
15-06 02:00,1.0255989497866752e-05
15-06 03:00,1.0255989497866752e-05
15-06 04:00,8.546657914888961e-06
15-06 05:00,8.546657914888961e-06
15-06 06:00,1.0255989497866752e-05
15-06 07:00,5.127994748933376e-06
15-06 08:00,6.837326331911169e-06
15-06 09:00,8.546657914888961e-06
15-06 10:00,1.0255989497866752e-05
15-06 11:00,1.3674652663822338e-05
15-06 12:00,1.7093315829777923e-05
15-06 13:00,1.7093315829777923e-05
15-06 14:00,1.8802647412755713e-05
15-06 15:00,1.8802647412755713e-05
15-06 16:00,1.8802647412755713e-05
15-06 17:00,1.7093315829777923e-05
15-06 18:00,1.1965321080844544e-05
15-06 19:00,5.127994748933376e-06
15-06 20:00,3.4186631659555845e-06
15-06 21:00,1.7093315829777923e-06
15-06 22:00,0.0
15-06 23:00,0.0
16-06 00:00,1.0255989497866752e-05
16-06 01:00,1.0255989497866752e-05
16-06 02:00,1.8802647412755713e-05
16-06 03:00,2.7349305327644676e-05
16-06 04:00,2.0511978995733504e-05
16-06 05:00,1.1965321080844544e-05
16-06 06:00,6.837326331911169e-06
16-06 07:00,1.538398424680013e-05
16-06 08:00,1.7093315829777923e-05
16-06 09:00,1.7093315829777923e-05
16-06 10:00,2.0511978995733504e-05
16-06 11:00,2.393064216168909e-05
16-06 12:00,2.9058636910622464e-05
16-06 13:00,3.5895963242533636e-05
16-06 14:00,3.931462640848922e-05
16-06 15:00,4.102395799146701e-05
16-06 16:00,3.5895963242533636e-05
16-06 17:00,3.5895963242533636e-05
16-06 18:00,2.2221310578711298e-05
16-06 19:00,3.5895963242533636e-05
16-06 20:00,2.7349305327644676e-05
16-06 21:00,2.393064216168909e-05
16-06 22:00,1.0255989497866752e-05
16-06 23:00,1.8802647412755713e-05
17-06 00:00,2.5639973744666882e-05
17-06 01:00,3.7605294825511427e-05
17-06 02:00,3.4186631659555845e-05
17-06 03:00,4.2733289574444805e-05
17-06 04:00,4.615195274040039e-05
17-06 05:00,2.7349305327644676e-05
17-06 06:00,1.3674652663822338e-05
17-06 07:00,6.837326331911169e-06
17-06 08:00,8.546657914888961e-06
17-06 09:00,6.837326331911169e-06
17-06 10:00,5.127994748933376e-06
17-06 11:00,8.546657914888961e-06
17-06 12:00,6.837326331911169e-06
17-06 13:00,8.546657914888961e-06
17-06 14:00,6.837326331911169e-06
17-06 15:00,8.546657914888961e-06
17-06 16:00,8.546657914888961e-06
17-06 17:00,8.546657914888961e-06
17-06 18:00,6.837326331911169e-06
17-06 19:00,6.837326331911169e-06
17-06 20:00,5.127994748933376e-06
17-06 21:00,3.4186631659555845e-06
17-06 22:00,1.7093315829777923e-06
17-06 23:00,1.7093315829777923e-06
18-06 00:00,0.0
18-06 01:00,0.0
18-06 02:00,0.0
18-06 03:00,0.0
18-06 04:00,0.0
18-06 05:00,1.7093315829777923e-06
18-06 06:00,1.7093315829777923e-06
18-06 07:00,3.4186631659555845e-06
18-06 08:00,5.127994748933376e-06
18-06 09:00,5.127994748933376e-06
18-06 10:00,1.8802647412755713e-05
18-06 11:00,2.0511978995733504e-05
18-06 12:00,2.5639973744666882e-05
18-06 13:00,1.7093315829777923e-05
18-06 14:00,1.8802647412755713e-05
18-06 15:00,1.8802647412755713e-05
18-06 16:00,1.8802647412755713e-05
18-06 17:00,1.7093315829777923e-05
18-06 18:00,1.3674652663822338e-05
18-06 19:00,5.127994748933376e-06
18-06 20:00,1.7093315829777923e-06
18-06 21:00,1.7093315829777923e-06
18-06 22:00,1.0255989497866752e-05
18-06 23:00,8.546657914888961e-06
19-06 00:00,1.8802647412755713e-05
19-06 01:00,1.8802647412755713e-05
19-06 02:00,1.8802647412755713e-05
19-06 03:00,1.8802647412755713e-05
19-06 04:00,2.7349305327644676e-05
19-06 05:00,2.0511978995733504e-05
19-06 06:00,5.127994748933376e-06
19-06 07:00,1.1965321080844544e-05
19-06 08:00,1.3674652663822338e-05
19-06 09:00,1.3674652663822338e-05
19-06 10:00,1.538398424680013e-05
19-06 11:00,2.0511978995733504e-05
19-06 12:00,2.2221310578711298e-05
19-06 13:00,2.2221310578711298e-05
19-06 14:00,2.393064216168909e-05
19-06 15:00,2.393064216168909e-05
19-06 16:00,2.5639973744666882e-05
19-06 17:00,2.393064216168909e-05
19-06 18:00,1.7093315829777923e-05
19-06 19:00,1.0255989497866752e-05
19-06 20:00,6.837326331911169e-06
19-06 21:00,3.4186631659555845e-06
19-06 22:00,1.0255989497866752e-05
19-06 23:00,1.8802647412755713e-05
20-06 00:00,2.0511978995733504e-05
20-06 01:00,1.7093315829777923e-05
20-06 02:00,2.9058636910622464e-05
20-06 03:00,2.5639973744666882e-05
20-06 04:00,2.5639973744666882e-05
20-06 05:00,2.0511978995733504e-05
20-06 06:00,5.127994748933376e-06
20-06 07:00,1.1965321080844544e-05
20-06 08:00,1.538398424680013e-05
20-06 09:00,1.1965321080844544e-05
20-06 10:00,1.538398424680013e-05
20-06 11:00,1.8802647412755713e-05
20-06 12:00,2.2221310578711298e-05
20-06 13:00,2.2221310578711298e-05
20-06 14:00,2.2221310578711298e-05
20-06 15:00,2.393064216168909e-05
20-06 16:00,2.5639973744666882e-05
20-06 17:00,2.0511978995733504e-05
20-06 18:00,1.7093315829777923e-05
20-06 19:00,1.0255989497866752e-05
20-06 20:00,6.837326331911169e-06
20-06 21:00,3.4186631659555845e-06
20-06 22:00,0.0
20-06 23:00,1.0255989497866752e-05
21-06 00:00,2.0511978995733504e-05
21-06 01:00,2.9058636910622464e-05
21-06 02:00,3.7605294825511427e-05
21-06 03:00,5.469861065528935e-05
21-06 04:00,4.615195274040039e-05
21-06 05:00,3.247730007657805e-05
21-06 06:00,8.546657914888961e-06
21-06 07:00,1.538398424680013e-05
21-06 08:00,2.0511978995733504e-05
21-06 09:00,1.7093315829777923e-05
21-06 10:00,2.0511978995733504e-05
21-06 11:00,2.393064216168909e-05
21-06 12:00,2.7349305327644676e-05
21-06 13:00,2.7349305327644676e-05
21-06 14:00,2.7349305327644676e-05
21-06 15:00,2.5639973744666882e-05
21-06 16:00,2.9058636910622464e-05
21-06 17:00,2.7349305327644676e-05
21-06 18:00,2.2221310578711298e-05
21-06 19:00,1.3674652663822338e-05
21-06 20:00,1.0255989497866752e-05
21-06 21:00,6.837326331911169e-06
21-06 22:00,1.7093315829777923e-06
21-06 23:00,1.7093315829777923e-06
22-06 00:00,0.0
22-06 01:00,0.0
22-06 02:00,0.0
22-06 03:00,0.0
22-06 04:00,0.0
22-06 05:00,0.0
22-06 06:00,0.0
22-06 07:00,0.0
22-06 08:00,1.7093315829777923e-06
22-06 09:00,1.7093315829777923e-06
22-06 10:00,6.837326331911169e-06
22-06 11:00,1.0255989497866752e-05
22-06 12:00,1.1965321080844544e-05
22-06 13:00,1.3674652663822338e-05
22-06 14:00,1.3674652663822338e-05
22-06 15:00,1.538398424680013e-05
22-06 16:00,1.538398424680013e-05
22-06 17:00,1.3674652663822338e-05
22-06 18:00,1.0255989497866752e-05
22-06 19:00,1.7093315829777923e-06
22-06 20:00,0.0
22-06 21:00,0.0
22-06 22:00,0.0
22-06 23:00,0.0
23-06 00:00,0.0
23-06 01:00,0.0
23-06 02:00,8.546657914888961e-06
23-06 03:00,8.546657914888961e-06
23-06 04:00,8.546657914888961e-06
23-06 05:00,0.0
23-06 06:00,1.7093315829777923e-06
23-06 07:00,1.7093315829777923e-06
23-06 08:00,5.127994748933376e-06
23-06 09:00,3.4186631659555845e-06
23-06 10:00,8.546657914888961e-06
23-06 11:00,1.7093315829777923e-05
23-06 12:00,2.0511978995733504e-05
23-06 13:00,2.5639973744666882e-05
23-06 14:00,2.9058636910622464e-05
23-06 15:00,2.9058636910622464e-05
23-06 16:00,2.9058636910622464e-05
23-06 17:00,2.393064216168909e-05
23-06 18:00,1.538398424680013e-05
23-06 19:00,8.546657914888961e-06
23-06 20:00,3.4186631659555845e-06
23-06 21:00,3.4186631659555845e-06
23-06 22:00,0.0
23-06 23:00,0.0
24-06 00:00,0.0
24-06 01:00,0.0
24-06 02:00,0.0
24-06 03:00,0.0
24-06 04:00,0.0
24-06 05:00,0.0
24-06 06:00,0.0
24-06 07:00,0.0
24-06 08:00,0.0
24-06 09:00,0.0
24-06 10:00,0.0
24-06 11:00,1.7093315829777923e-06
24-06 12:00,1.7093315829777923e-06
24-06 13:00,1.7093315829777923e-06
24-06 14:00,1.7093315829777923e-06
24-06 15:00,1.7093315829777923e-06
24-06 16:00,1.7093315829777923e-06
24-06 17:00,1.7093315829777923e-06
24-06 18:00,0.0
24-06 19:00,0.0
24-06 20:00,0.0
24-06 21:00,0.0
24-06 22:00,0.0
24-06 23:00,0.0
25-06 00:00,0.0
25-06 01:00,0.0
25-06 02:00,0.0
25-06 03:00,0.0
25-06 04:00,0.0
25-06 05:00,0.0
25-06 06:00,0.0
25-06 07:00,0.0
25-06 08:00,1.7093315829777923e-06
25-06 09:00,1.7093315829777923e-06
25-06 10:00,6.837326331911169e-06
25-06 11:00,1.0255989497866752e-05
25-06 12:00,1.3674652663822338e-05
25-06 13:00,1.3674652663822338e-05
25-06 14:00,1.3674652663822338e-05
25-06 15:00,1.538398424680013e-05
25-06 16:00,1.538398424680013e-05
25-06 17:00,1.1965321080844544e-05
25-06 18:00,8.546657914888961e-06
25-06 19:00,1.7093315829777923e-06
25-06 20:00,0.0
25-06 21:00,0.0
25-06 22:00,0.0
25-06 23:00,0.0
26-06 00:00,0.0
26-06 01:00,0.0
26-06 02:00,0.0
26-06 03:00,0.0
26-06 04:00,0.0
26-06 05:00,0.0
26-06 06:00,0.0
26-06 07:00,0.0
26-06 08:00,1.7093315829777923e-06
26-06 09:00,1.7093315829777923e-06
26-06 10:00,6.837326331911169e-06
26-06 11:00,1.0255989497866752e-05
26-06 12:00,1.1965321080844544e-05
26-06 13:00,1.3674652663822338e-05
26-06 14:00,1.3674652663822338e-05
26-06 15:00,1.538398424680013e-05
26-06 16:00,1.3674652663822338e-05
26-06 17:00,1.3674652663822338e-05
26-06 18:00,1.0255989497866752e-05
26-06 19:00,1.7093315829777923e-06
26-06 20:00,0.0
26-06 21:00,0.0
26-06 22:00,0.0
26-06 23:00,0.0
27-06 00:00,0.0
27-06 01:00,0.0
27-06 02:00,0.0
27-06 03:00,0.0
27-06 04:00,0.0
27-06 05:00,0.0
27-06 06:00,0.0
27-06 07:00,0.0
27-06 08:00,1.7093315829777923e-06
27-06 09:00,1.7093315829777923e-06
27-06 10:00,6.837326331911169e-06
27-06 11:00,1.0255989497866752e-05
27-06 12:00,1.538398424680013e-05
27-06 13:00,1.538398424680013e-05
27-06 14:00,1.3674652663822338e-05
27-06 15:00,1.538398424680013e-05
27-06 16:00,1.538398424680013e-05
27-06 17:00,1.3674652663822338e-05
27-06 18:00,8.546657914888961e-06
27-06 19:00,1.7093315829777923e-06
27-06 20:00,0.0
27-06 21:00,0.0
27-06 22:00,0.0
27-06 23:00,0.0
28-06 00:00,8.546657914888961e-06
28-06 01:00,1.7093315829777923e-05
28-06 02:00,2.5639973744666882e-05
28-06 03:00,2.5639973744666882e-05
28-06 04:00,1.7093315829777923e-05
28-06 05:00,1.0255989497866752e-05
28-06 06:00,5.127994748933376e-06
28-06 07:00,8.546657914888961e-06
28-06 08:00,1.1965321080844544e-05
28-06 09:00,1.0255989497866752e-05
28-06 10:00,1.3674652663822338e-05
28-06 11:00,1.7093315829777923e-05
28-06 12:00,2.0511978995733504e-05
28-06 13:00,2.0511978995733504e-05
28-06 14:00,1.8802647412755713e-05
28-06 15:00,2.2221310578711298e-05
28-06 16:00,2.2221310578711298e-05
28-06 17:00,2.0511978995733504e-05
28-06 18:00,1.538398424680013e-05
28-06 19:00,8.546657914888961e-06
28-06 20:00,5.127994748933376e-06
28-06 21:00,3.4186631659555845e-06
28-06 22:00,0.0
28-06 23:00,0.0
29-06 00:00,0.0
29-06 01:00,8.546657914888961e-06
29-06 02:00,0.0
29-06 03:00,0.0
29-06 04:00,0.0
29-06 05:00,0.0
29-06 06:00,0.0
29-06 07:00,0.0
29-06 08:00,1.7093315829777923e-06
29-06 09:00,1.7093315829777923e-06
29-06 10:00,6.837326331911169e-06
29-06 11:00,1.0255989497866752e-05
29-06 12:00,1.1965321080844544e-05
29-06 13:00,1.3674652663822338e-05
29-06 14:00,1.538398424680013e-05
29-06 15:00,1.538398424680013e-05
29-06 16:00,1.538398424680013e-05
29-06 17:00,1.3674652663822338e-05
29-06 18:00,8.546657914888961e-06
29-06 19:00,1.7093315829777923e-06
29-06 20:00,0.0
29-06 21:00,0.0
29-06 22:00,0.0
29-06 23:00,0.0
30-06 00:00,8.546657914888961e-06
30-06 01:00,1.7093315829777923e-05
30-06 02:00,1.8802647412755713e-05
30-06 03:00,8.546657914888961e-06
30-06 04:00,1.0255989497866752e-05
30-06 05:00,1.0255989497866752e-05
30-06 06:00,3.4186631659555845e-06
30-06 07:00,5.127994748933376e-06
30-06 08:00,8.546657914888961e-06
30-06 09:00,6.837326331911169e-06
30-06 10:00,1.1965321080844544e-05
30-06 11:00,2.0511978995733504e-05
30-06 12:00,2.5639973744666882e-05
30-06 13:00,2.7349305327644676e-05
30-06 14:00,3.076796849360026e-05
30-06 15:00,3.247730007657805e-05
30-06 16:00,3.076796849360026e-05
30-06 17:00,2.7349305327644676e-05
30-06 18:00,1.7093315829777923e-05
30-06 19:00,1.1965321080844544e-05
30-06 20:00,5.127994748933376e-06
30-06 21:00,5.127994748933376e-06
30-06 22:00,0.0
30-06 23:00,0.0
01-07 00:00,5.127994748933376e-06
01-07 01:00,1.0255989497866752e-05
01-07 02:00,1.0255989497866752e-05
01-07 03:00,3.4186631659555845e-06
01-07 04:00,0.0
01-07 05:00,0.0
01-07 06:00,0.0
01-07 07:00,1.7093315829777923e-06
01-07 08:00,1.7093315829777923e-06
01-07 09:00,1.7093315829777923e-06
01-07 10:00,1.7093315829777923e-06
01-07 11:00,3.4186631659555845e-06
01-07 12:00,3.4186631659555845e-06
01-07 13:00,3.4186631659555845e-06
01-07 14:00,1.7093315829777923e-06
01-07 15:00,3.4186631659555845e-06
01-07 16:00,3.4186631659555845e-06
01-07 17:00,3.4186631659555845e-06
01-07 18:00,1.7093315829777923e-06
01-07 19:00,1.7093315829777923e-06
01-07 20:00,0.0
01-07 21:00,0.0
01-07 22:00,0.0
01-07 23:00,0.0
02-07 00:00,0.0
02-07 01:00,0.0
02-07 02:00,1.0255989497866752e-05
02-07 03:00,0.0
02-07 04:00,0.0
02-07 05:00,0.0
02-07 06:00,0.0
02-07 07:00,0.0
02-07 08:00,1.7093315829777923e-06
02-07 09:00,3.4186631659555845e-06
02-07 10:00,6.837326331911169e-06
02-07 11:00,1.0255989497866752e-05
02-07 12:00,1.3674652663822338e-05
02-07 13:00,1.3674652663822338e-05
02-07 14:00,1.3674652663822338e-05
02-07 15:00,1.538398424680013e-05
02-07 16:00,1.538398424680013e-05
02-07 17:00,1.3674652663822338e-05
02-07 18:00,1.0255989497866752e-05
02-07 19:00,1.7093315829777923e-06
02-07 20:00,0.0
02-07 21:00,0.0
02-07 22:00,0.0
02-07 23:00,0.0
03-07 00:00,0.0
03-07 01:00,0.0
03-07 02:00,0.0
03-07 03:00,0.0
03-07 04:00,0.0
03-07 05:00,0.0
03-07 06:00,0.0
03-07 07:00,0.0
03-07 08:00,1.7093315829777923e-06
03-07 09:00,3.4186631659555845e-06
03-07 10:00,6.837326331911169e-06
03-07 11:00,1.0255989497866752e-05
03-07 12:00,1.3674652663822338e-05
03-07 13:00,1.3674652663822338e-05
03-07 14:00,1.3674652663822338e-05
03-07 15:00,1.538398424680013e-05
03-07 16:00,1.538398424680013e-05
03-07 17:00,1.3674652663822338e-05
03-07 18:00,8.546657914888961e-06
03-07 19:00,1.7093315829777923e-06
03-07 20:00,0.0
03-07 21:00,0.0
03-07 22:00,0.0
03-07 23:00,0.0
04-07 00:00,0.0
04-07 01:00,0.0
04-07 02:00,0.0
04-07 03:00,0.0
04-07 04:00,0.0
04-07 05:00,0.0
04-07 06:00,0.0
04-07 07:00,0.0
04-07 08:00,1.7093315829777923e-06
04-07 09:00,1.7093315829777923e-06
04-07 10:00,6.837326331911169e-06
04-07 11:00,1.0255989497866752e-05
04-07 12:00,1.3674652663822338e-05
04-07 13:00,1.3674652663822338e-05
04-07 14:00,1.3674652663822338e-05
04-07 15:00,1.538398424680013e-05
04-07 16:00,1.538398424680013e-05
04-07 17:00,1.3674652663822338e-05
04-07 18:00,8.546657914888961e-06
04-07 19:00,1.7093315829777923e-06
04-07 20:00,0.0
04-07 21:00,0.0
04-07 22:00,0.0
04-07 23:00,0.0
05-07 00:00,0.0
05-07 01:00,0.0
05-07 02:00,0.0
05-07 03:00,0.0
05-07 04:00,0.0
05-07 05:00,0.0
05-07 06:00,0.0
05-07 07:00,0.0
05-07 08:00,1.7093315829777923e-06
05-07 09:00,3.4186631659555845e-06
05-07 10:00,6.837326331911169e-06
05-07 11:00,1.0255989497866752e-05
05-07 12:00,1.3674652663822338e-05
05-07 13:00,1.3674652663822338e-05
05-07 14:00,1.3674652663822338e-05
05-07 15:00,1.538398424680013e-05
05-07 16:00,1.538398424680013e-05
05-07 17:00,1.1965321080844544e-05
05-07 18:00,8.546657914888961e-06
05-07 19:00,1.7093315829777923e-06
05-07 20:00,0.0
05-07 21:00,0.0
05-07 22:00,0.0
05-07 23:00,0.0
06-07 00:00,0.0
06-07 01:00,0.0
06-07 02:00,0.0
06-07 03:00,0.0
06-07 04:00,0.0
06-07 05:00,0.0
06-07 06:00,0.0
06-07 07:00,0.0
06-07 08:00,1.7093315829777923e-06
06-07 09:00,1.7093315829777923e-06
06-07 10:00,6.837326331911169e-06
06-07 11:00,1.0255989497866752e-05
06-07 12:00,1.3674652663822338e-05
06-07 13:00,1.3674652663822338e-05
06-07 14:00,1.3674652663822338e-05
06-07 15:00,1.538398424680013e-05
06-07 16:00,1.538398424680013e-05
06-07 17:00,1.3674652663822338e-05
06-07 18:00,1.0255989497866752e-05
06-07 19:00,1.7093315829777923e-06
06-07 20:00,0.0
06-07 21:00,0.0
06-07 22:00,0.0
06-07 23:00,0.0
07-07 00:00,0.0
07-07 01:00,0.0
07-07 02:00,0.0
07-07 03:00,8.546657914888961e-06
07-07 04:00,8.546657914888961e-06
07-07 05:00,0.0
07-07 06:00,0.0
07-07 07:00,1.7093315829777923e-06
07-07 08:00,3.4186631659555845e-06
07-07 09:00,3.4186631659555845e-06
07-07 10:00,1.0255989497866752e-05
07-07 11:00,1.538398424680013e-05
07-07 12:00,2.0511978995733504e-05
07-07 13:00,2.5639973744666882e-05
07-07 14:00,2.7349305327644676e-05
07-07 15:00,3.076796849360026e-05
07-07 16:00,2.9058636910622464e-05
07-07 17:00,2.2221310578711298e-05
07-07 18:00,1.3674652663822338e-05
07-07 19:00,8.546657914888961e-06
07-07 20:00,3.4186631659555845e-06
07-07 21:00,1.7093315829777923e-06
07-07 22:00,0.0
07-07 23:00,0.0
08-07 00:00,0.0
08-07 01:00,0.0
08-07 02:00,0.0
08-07 03:00,0.0
08-07 04:00,0.0
08-07 05:00,0.0
08-07 06:00,0.0
08-07 07:00,0.0
08-07 08:00,0.0
08-07 09:00,0.0
08-07 10:00,0.0
08-07 11:00,1.7093315829777923e-06
08-07 12:00,1.7093315829777923e-06
08-07 13:00,1.7093315829777923e-06
08-07 14:00,1.7093315829777923e-06
08-07 15:00,1.7093315829777923e-06
08-07 16:00,1.7093315829777923e-06
08-07 17:00,1.7093315829777923e-06
08-07 18:00,0.0
08-07 19:00,0.0
08-07 20:00,0.0
08-07 21:00,0.0
08-07 22:00,0.0
08-07 23:00,0.0
09-07 00:00,0.0
09-07 01:00,0.0
09-07 02:00,0.0
09-07 03:00,0.0
09-07 04:00,1.7093315829777923e-06
09-07 05:00,1.0255989497866752e-05
09-07 06:00,2.0511978995733504e-05
09-07 07:00,1.538398424680013e-05
09-07 08:00,1.7093315829777923e-05
09-07 09:00,6.837326331911169e-06
09-07 10:00,1.1965321080844544e-05
09-07 11:00,1.538398424680013e-05
09-07 12:00,1.7093315829777923e-05
09-07 13:00,1.8802647412755713e-05
09-07 14:00,2.0511978995733504e-05
09-07 15:00,2.0511978995733504e-05
09-07 16:00,2.0511978995733504e-05
09-07 17:00,1.8802647412755713e-05
09-07 18:00,1.538398424680013e-05
09-07 19:00,6.837326331911169e-06
09-07 20:00,3.4186631659555845e-06
09-07 21:00,1.0255989497866752e-05
09-07 22:00,8.546657914888961e-06
09-07 23:00,8.546657914888961e-06
10-07 00:00,2.0511978995733504e-05
10-07 01:00,2.9058636910622464e-05
10-07 02:00,2.0511978995733504e-05
10-07 03:00,2.9058636910622464e-05
10-07 04:00,2.9058636910622464e-05
10-07 05:00,3.076796849360026e-05
10-07 06:00,3.5895963242533636e-05
10-07 07:00,4.102395799146701e-05
10-07 08:00,2.7349305327644676e-05
10-07 09:00,3.076796849360026e-05
10-07 10:00,3.4186631659555845e-05
10-07 11:00,2.9058636910622464e-05
10-07 12:00,3.076796849360026e-05
10-07 13:00,3.076796849360026e-05
10-07 14:00,3.076796849360026e-05
10-07 15:00,3.076796849360026e-05
10-07 16:00,3.4186631659555845e-05
10-07 17:00,3.247730007657805e-05
10-07 18:00,2.7349305327644676e-05
10-07 19:00,1.8802647412755713e-05
10-07 20:00,1.3674652663822338e-05
10-07 21:00,1.7093315829777923e-05
10-07 22:00,3.076796849360026e-05
10-07 23:00,4.2733289574444805e-05
11-07 00:00,4.786128432337818e-05
11-07 01:00,5.6407942238267136e-05
11-07 02:00,5.2989279072311555e-05
11-07 03:00,6.153593698720051e-05
11-07 04:00,5.1279947489333765e-05
11-07 05:00,4.786128432337818e-05
11-07 06:00,4.102395799146701e-05
11-07 07:00,2.5639973744666882e-05
11-07 08:00,2.7349305327644676e-05
11-07 09:00,2.7349305327644676e-05
11-07 10:00,3.076796849360026e-05
11-07 11:00,3.247730007657805e-05
11-07 12:00,3.4186631659555845e-05
11-07 13:00,3.247730007657805e-05
11-07 14:00,3.4186631659555845e-05
11-07 15:00,3.5895963242533636e-05
11-07 16:00,3.7605294825511427e-05
11-07 17:00,3.4186631659555845e-05
11-07 18:00,3.247730007657805e-05
11-07 19:00,2.2221310578711298e-05
11-07 20:00,1.538398424680013e-05
11-07 21:00,1.0255989497866752e-05
11-07 22:00,1.7093315829777923e-06
11-07 23:00,1.7093315829777923e-06
12-07 00:00,0.0
12-07 01:00,1.0255989497866752e-05
12-07 02:00,1.7093315829777923e-05
12-07 03:00,2.5639973744666882e-05
12-07 04:00,2.7349305327644676e-05
12-07 05:00,1.8802647412755713e-05
12-07 06:00,3.4186631659555845e-06
12-07 07:00,8.546657914888961e-06
12-07 08:00,1.0255989497866752e-05
12-07 09:00,8.546657914888961e-06
12-07 10:00,1.3674652663822338e-05
12-07 11:00,1.7093315829777923e-05
12-07 12:00,1.8802647412755713e-05
12-07 13:00,1.8802647412755713e-05
12-07 14:00,1.8802647412755713e-05
12-07 15:00,2.0511978995733504e-05
12-07 16:00,2.393064216168909e-05
12-07 17:00,2.0511978995733504e-05
12-07 18:00,1.3674652663822338e-05
12-07 19:00,8.546657914888961e-06
12-07 20:00,5.127994748933376e-06
12-07 21:00,3.4186631659555845e-06
12-07 22:00,0.0
12-07 23:00,0.0
13-07 00:00,0.0
13-07 01:00,0.0
13-07 02:00,0.0
13-07 03:00,0.0
13-07 04:00,0.0
13-07 05:00,0.0
13-07 06:00,0.0
13-07 07:00,0.0
13-07 08:00,0.0
13-07 09:00,1.7093315829777923e-06
13-07 10:00,6.837326331911169e-06
13-07 11:00,1.0255989497866752e-05
13-07 12:00,1.3674652663822338e-05
13-07 13:00,1.3674652663822338e-05
13-07 14:00,1.3674652663822338e-05
13-07 15:00,1.538398424680013e-05
13-07 16:00,1.538398424680013e-05
13-07 17:00,1.3674652663822338e-05
13-07 18:00,8.546657914888961e-06
13-07 19:00,1.7093315829777923e-06
13-07 20:00,0.0
13-07 21:00,0.0
13-07 22:00,0.0
13-07 23:00,0.0
14-07 00:00,0.0
14-07 01:00,0.0
14-07 02:00,0.0
14-07 03:00,0.0
14-07 04:00,0.0
14-07 05:00,0.0
14-07 06:00,0.0
14-07 07:00,0.0
14-07 08:00,1.7093315829777923e-06
14-07 09:00,1.7093315829777923e-06
14-07 10:00,8.546657914888961e-06
14-07 11:00,1.3674652663822338e-05
14-07 12:00,1.8802647412755713e-05
14-07 13:00,2.5639973744666882e-05
14-07 14:00,2.7349305327644676e-05
14-07 15:00,2.7349305327644676e-05
14-07 16:00,2.5639973744666882e-05
14-07 17:00,2.2221310578711298e-05
14-07 18:00,1.3674652663822338e-05
14-07 19:00,6.837326331911169e-06
14-07 20:00,1.7093315829777923e-06
14-07 21:00,1.7093315829777923e-06
14-07 22:00,0.0
14-07 23:00,0.0
15-07 00:00,0.0
15-07 01:00,8.546657914888961e-06
15-07 02:00,8.546657914888961e-06
15-07 03:00,8.546657914888961e-06
15-07 04:00,0.0
15-07 05:00,0.0
15-07 06:00,0.0
15-07 07:00,1.7093315829777923e-06
15-07 08:00,1.7093315829777923e-06
15-07 09:00,1.7093315829777923e-06
15-07 10:00,1.7093315829777923e-06
15-07 11:00,0.0
15-07 12:00,1.7093315829777923e-06
15-07 13:00,1.7093315829777923e-06
15-07 14:00,1.7093315829777923e-06
15-07 15:00,1.7093315829777923e-06
15-07 16:00,1.7093315829777923e-06
15-07 17:00,1.7093315829777923e-06
15-07 18:00,1.7093315829777923e-06
15-07 19:00,0.0
15-07 20:00,0.0
15-07 21:00,0.0
15-07 22:00,0.0
15-07 23:00,0.0
16-07 00:00,0.0
16-07 01:00,0.0
16-07 02:00,0.0
16-07 03:00,0.0
16-07 04:00,0.0
16-07 05:00,0.0
16-07 06:00,0.0
16-07 07:00,0.0
16-07 08:00,1.7093315829777923e-06
16-07 09:00,1.7093315829777923e-06
16-07 10:00,6.837326331911169e-06
16-07 11:00,1.1965321080844544e-05
16-07 12:00,1.3674652663822338e-05
16-07 13:00,1.3674652663822338e-05
16-07 14:00,1.538398424680013e-05
16-07 15:00,1.538398424680013e-05
16-07 16:00,1.538398424680013e-05
16-07 17:00,1.3674652663822338e-05
16-07 18:00,1.0255989497866752e-05
16-07 19:00,1.7093315829777923e-06
16-07 20:00,0.0
16-07 21:00,0.0
16-07 22:00,0.0
16-07 23:00,0.0
17-07 00:00,0.0
17-07 01:00,0.0
17-07 02:00,0.0
17-07 03:00,0.0
17-07 04:00,0.0
17-07 05:00,0.0
17-07 06:00,0.0
17-07 07:00,0.0
17-07 08:00,1.7093315829777923e-06
17-07 09:00,3.4186631659555845e-06
17-07 10:00,6.837326331911169e-06
17-07 11:00,1.0255989497866752e-05
17-07 12:00,1.1965321080844544e-05
17-07 13:00,1.3674652663822338e-05
17-07 14:00,1.3674652663822338e-05
17-07 15:00,1.3674652663822338e-05
17-07 16:00,1.538398424680013e-05
17-07 17:00,1.3674652663822338e-05
17-07 18:00,1.0255989497866752e-05
17-07 19:00,1.7093315829777923e-06
17-07 20:00,0.0
17-07 21:00,0.0
17-07 22:00,0.0
17-07 23:00,0.0
18-07 00:00,0.0
18-07 01:00,0.0
18-07 02:00,0.0
18-07 03:00,0.0
18-07 04:00,0.0
18-07 05:00,0.0
18-07 06:00,0.0
18-07 07:00,0.0
18-07 08:00,1.7093315829777923e-06
18-07 09:00,1.7093315829777923e-06
18-07 10:00,6.837326331911169e-06
18-07 11:00,1.0255989497866752e-05
18-07 12:00,1.3674652663822338e-05
18-07 13:00,1.538398424680013e-05
18-07 14:00,1.3674652663822338e-05
18-07 15:00,1.3674652663822338e-05
18-07 16:00,1.538398424680013e-05
18-07 17:00,1.3674652663822338e-05
18-07 18:00,8.546657914888961e-06
18-07 19:00,1.7093315829777923e-06
18-07 20:00,0.0
18-07 21:00,0.0
18-07 22:00,0.0
18-07 23:00,0.0
19-07 00:00,0.0
19-07 01:00,0.0
19-07 02:00,0.0
19-07 03:00,0.0
19-07 04:00,0.0
19-07 05:00,0.0
19-07 06:00,0.0
19-07 07:00,0.0
19-07 08:00,1.7093315829777923e-06
19-07 09:00,3.4186631659555845e-06
19-07 10:00,6.837326331911169e-06
19-07 11:00,1.0255989497866752e-05
19-07 12:00,1.3674652663822338e-05
19-07 13:00,1.3674652663822338e-05
19-07 14:00,1.3674652663822338e-05
19-07 15:00,1.538398424680013e-05
19-07 16:00,1.538398424680013e-05
19-07 17:00,1.3674652663822338e-05
19-07 18:00,8.546657914888961e-06
19-07 19:00,1.7093315829777923e-06
19-07 20:00,0.0
19-07 21:00,0.0
19-07 22:00,0.0
19-07 23:00,0.0
20-07 00:00,0.0
20-07 01:00,0.0
20-07 02:00,8.546657914888961e-06
20-07 03:00,8.546657914888961e-06
20-07 04:00,8.546657914888961e-06
20-07 05:00,0.0
20-07 06:00,1.7093315829777923e-06
20-07 07:00,1.7093315829777923e-06
20-07 08:00,3.4186631659555845e-06
20-07 09:00,3.4186631659555845e-06
20-07 10:00,8.546657914888961e-06
20-07 11:00,1.3674652663822338e-05
20-07 12:00,1.538398424680013e-05
20-07 13:00,1.538398424680013e-05
20-07 14:00,1.538398424680013e-05
20-07 15:00,1.7093315829777923e-05
20-07 16:00,1.7093315829777923e-05
20-07 17:00,1.3674652663822338e-05
20-07 18:00,1.0255989497866752e-05
20-07 19:00,3.4186631659555845e-06
20-07 20:00,1.7093315829777923e-06
20-07 21:00,1.7093315829777923e-06
20-07 22:00,0.0
20-07 23:00,0.0
21-07 00:00,0.0
21-07 01:00,0.0
21-07 02:00,0.0
21-07 03:00,0.0
21-07 04:00,0.0
21-07 05:00,0.0
21-07 06:00,0.0
21-07 07:00,0.0
21-07 08:00,1.7093315829777923e-06
21-07 09:00,1.7093315829777923e-06
21-07 10:00,8.546657914888961e-06
21-07 11:00,1.538398424680013e-05
21-07 12:00,1.8802647412755713e-05
21-07 13:00,2.393064216168909e-05
21-07 14:00,2.5639973744666882e-05
21-07 15:00,2.7349305327644676e-05
21-07 16:00,2.7349305327644676e-05
21-07 17:00,2.2221310578711298e-05
21-07 18:00,1.1965321080844544e-05
21-07 19:00,6.837326331911169e-06
21-07 20:00,1.7093315829777923e-06
21-07 21:00,1.7093315829777923e-06
21-07 22:00,0.0
21-07 23:00,0.0
22-07 00:00,0.0
22-07 01:00,0.0
22-07 02:00,0.0
22-07 03:00,0.0
22-07 04:00,0.0
22-07 05:00,0.0
22-07 06:00,0.0
22-07 07:00,0.0
22-07 08:00,0.0
22-07 09:00,0.0
22-07 10:00,0.0
22-07 11:00,0.0
22-07 12:00,1.7093315829777923e-06
22-07 13:00,1.7093315829777923e-06
22-07 14:00,1.7093315829777923e-06
22-07 15:00,1.7093315829777923e-06
22-07 16:00,1.7093315829777923e-06
22-07 17:00,1.7093315829777923e-06
22-07 18:00,0.0
22-07 19:00,0.0
22-07 20:00,0.0
22-07 21:00,0.0
22-07 22:00,0.0
22-07 23:00,0.0
23-07 00:00,0.0
23-07 01:00,0.0
23-07 02:00,0.0
23-07 03:00,0.0
23-07 04:00,0.0
23-07 05:00,0.0
23-07 06:00,0.0
23-07 07:00,0.0
23-07 08:00,0.0
23-07 09:00,1.7093315829777923e-06
23-07 10:00,6.837326331911169e-06
23-07 11:00,1.0255989497866752e-05
23-07 12:00,1.1965321080844544e-05
23-07 13:00,1.3674652663822338e-05
23-07 14:00,1.538398424680013e-05
23-07 15:00,1.538398424680013e-05
23-07 16:00,1.538398424680013e-05
23-07 17:00,1.3674652663822338e-05
23-07 18:00,8.546657914888961e-06
23-07 19:00,1.7093315829777923e-06
23-07 20:00,0.0
23-07 21:00,0.0
23-07 22:00,0.0
23-07 23:00,0.0
24-07 00:00,0.0
24-07 01:00,1.0255989497866752e-05
24-07 02:00,1.0255989497866752e-05
24-07 03:00,8.546657914888961e-06
24-07 04:00,0.0
24-07 05:00,0.0
24-07 06:00,1.7093315829777923e-06
24-07 07:00,1.7093315829777923e-06
24-07 08:00,3.4186631659555845e-06
24-07 09:00,3.4186631659555845e-06
24-07 10:00,8.546657914888961e-06
24-07 11:00,1.1965321080844544e-05
24-07 12:00,1.538398424680013e-05
24-07 13:00,1.7093315829777923e-05
24-07 14:00,1.538398424680013e-05
24-07 15:00,1.7093315829777923e-05
24-07 16:00,1.7093315829777923e-05
24-07 17:00,1.538398424680013e-05
24-07 18:00,1.1965321080844544e-05
24-07 19:00,3.4186631659555845e-06
24-07 20:00,1.7093315829777923e-06
24-07 21:00,1.7093315829777923e-06
24-07 22:00,0.0
24-07 23:00,0.0
25-07 00:00,0.0
25-07 01:00,0.0
25-07 02:00,0.0
25-07 03:00,0.0
25-07 04:00,0.0
25-07 05:00,0.0
25-07 06:00,0.0
25-07 07:00,0.0
25-07 08:00,1.7093315829777923e-06
25-07 09:00,1.7093315829777923e-06
25-07 10:00,6.837326331911169e-06
25-07 11:00,1.0255989497866752e-05
25-07 12:00,1.1965321080844544e-05
25-07 13:00,1.3674652663822338e-05
25-07 14:00,1.3674652663822338e-05
25-07 15:00,1.538398424680013e-05
25-07 16:00,1.3674652663822338e-05
25-07 17:00,1.3674652663822338e-05
25-07 18:00,1.0255989497866752e-05
25-07 19:00,1.7093315829777923e-06
25-07 20:00,0.0
25-07 21:00,0.0
25-07 22:00,0.0
25-07 23:00,0.0
26-07 00:00,8.546657914888961e-06
26-07 01:00,1.8802647412755713e-05
26-07 02:00,1.0255989497866752e-05
26-07 03:00,1.0255989497866752e-05
26-07 04:00,1.0255989497866752e-05
26-07 05:00,1.1965321080844544e-05
26-07 06:00,1.3674652663822338e-05
26-07 07:00,1.0255989497866752e-05
26-07 08:00,1.1965321080844544e-05
26-07 09:00,1.1965321080844544e-05
26-07 10:00,1.3674652663822338e-05
26-07 11:00,1.8802647412755713e-05
26-07 12:00,2.0511978995733504e-05
26-07 13:00,2.0511978995733504e-05
26-07 14:00,2.2221310578711298e-05
26-07 15:00,2.2221310578711298e-05
26-07 16:00,2.0511978995733504e-05
26-07 17:00,2.0511978995733504e-05
26-07 18:00,1.538398424680013e-05
26-07 19:00,8.546657914888961e-06
26-07 20:00,5.127994748933376e-06
26-07 21:00,1.1965321080844544e-05
26-07 22:00,1.7093315829777923e-05
26-07 23:00,1.8802647412755713e-05
27-07 00:00,1.7093315829777923e-05
27-07 01:00,1.0255989497866752e-05
27-07 02:00,1.7093315829777923e-06
27-07 03:00,8.546657914888961e-06
27-07 04:00,1.7093315829777923e-05
27-07 05:00,1.8802647412755713e-05
27-07 06:00,1.1965321080844544e-05
27-07 07:00,6.837326331911169e-06
27-07 08:00,8.546657914888961e-06
27-07 09:00,1.0255989497866752e-05
27-07 10:00,1.1965321080844544e-05
27-07 11:00,1.538398424680013e-05
27-07 12:00,1.8802647412755713e-05
27-07 13:00,1.8802647412755713e-05
27-07 14:00,2.0511978995733504e-05
27-07 15:00,1.8802647412755713e-05
27-07 16:00,1.8802647412755713e-05
27-07 17:00,1.7093315829777923e-05
27-07 18:00,1.3674652663822338e-05
27-07 19:00,6.837326331911169e-06
27-07 20:00,3.4186631659555845e-06
27-07 21:00,1.7093315829777923e-06
27-07 22:00,0.0
27-07 23:00,0.0
28-07 00:00,0.0
28-07 01:00,0.0
28-07 02:00,0.0
28-07 03:00,0.0
28-07 04:00,0.0
28-07 05:00,0.0
28-07 06:00,0.0
28-07 07:00,0.0
28-07 08:00,1.7093315829777923e-06
28-07 09:00,3.4186631659555845e-06
28-07 10:00,6.837326331911169e-06
28-07 11:00,1.3674652663822338e-05
28-07 12:00,1.8802647412755713e-05
28-07 13:00,2.5639973744666882e-05
28-07 14:00,2.5639973744666882e-05
28-07 15:00,2.7349305327644676e-05
28-07 16:00,2.393064216168909e-05
28-07 17:00,2.2221310578711298e-05
28-07 18:00,1.1965321080844544e-05
28-07 19:00,6.837326331911169e-06
28-07 20:00,3.4186631659555845e-06
28-07 21:00,1.7093315829777923e-06
28-07 22:00,0.0
28-07 23:00,0.0
29-07 00:00,0.0
29-07 01:00,0.0
29-07 02:00,0.0
29-07 03:00,1.0255989497866752e-05
29-07 04:00,1.7093315829777923e-05
29-07 05:00,1.7093315829777923e-05
29-07 06:00,1.7093315829777923e-06
29-07 07:00,3.4186631659555845e-06
29-07 08:00,3.4186631659555845e-06
29-07 09:00,3.4186631659555845e-06
29-07 10:00,3.4186631659555845e-06
29-07 11:00,5.127994748933376e-06
29-07 12:00,5.127994748933376e-06
29-07 13:00,5.127994748933376e-06
29-07 14:00,5.127994748933376e-06
29-07 15:00,5.127994748933376e-06
29-07 16:00,5.127994748933376e-06
29-07 17:00,5.127994748933376e-06
29-07 18:00,3.4186631659555845e-06
29-07 19:00,3.4186631659555845e-06
29-07 20:00,1.1965321080844544e-05
29-07 21:00,1.8802647412755713e-05
29-07 22:00,1.8802647412755713e-05
29-07 23:00,1.7093315829777923e-05
30-07 00:00,1.0255989497866752e-05
30-07 01:00,1.0255989497866752e-05
30-07 02:00,1.0255989497866752e-05
30-07 03:00,1.0255989497866752e-05
30-07 04:00,2.0511978995733504e-05
30-07 05:00,2.0511978995733504e-05
30-07 06:00,1.7093315829777923e-05
30-07 07:00,2.5639973744666882e-05
30-07 08:00,2.0511978995733504e-05
30-07 09:00,1.7093315829777923e-05
30-07 10:00,2.0511978995733504e-05
30-07 11:00,2.393064216168909e-05
30-07 12:00,2.5639973744666882e-05
30-07 13:00,2.5639973744666882e-05
30-07 14:00,2.9058636910622464e-05
30-07 15:00,2.5639973744666882e-05
30-07 16:00,2.5639973744666882e-05
30-07 17:00,2.7349305327644676e-05
30-07 18:00,2.393064216168909e-05
30-07 19:00,1.3674652663822338e-05
30-07 20:00,1.8802647412755713e-05
30-07 21:00,4.2733289574444805e-05
30-07 22:00,2.9058636910622464e-05
30-07 23:00,4.615195274040039e-05
31-07 00:00,4.786128432337818e-05
31-07 01:00,4.957061590635597e-05
31-07 02:00,5.6407942238267136e-05
31-07 03:00,6.837326331911169e-05
31-07 04:00,6.66639317361339e-05
31-07 05:00,5.469861065528935e-05
31-07 06:00,5.6407942238267136e-05
31-07 07:00,5.6407942238267136e-05
31-07 08:00,5.6407942238267136e-05
31-07 09:00,4.4442621157422596e-05
31-07 10:00,3.931462640848922e-05
31-07 11:00,4.2733289574444805e-05
31-07 12:00,4.4442621157422596e-05
31-07 13:00,4.4442621157422596e-05
31-07 14:00,4.786128432337818e-05
31-07 15:00,4.957061590635597e-05
31-07 16:00,4.957061590635597e-05
31-07 17:00,4.786128432337818e-05
31-07 18:00,4.102395799146701e-05
31-07 19:00,4.786128432337818e-05
31-07 20:00,5.469861065528935e-05
31-07 21:00,5.2989279072311555e-05
31-07 22:00,2.9058636910622464e-05
31-07 23:00,3.076796849360026e-05
01-08 00:00,2.7349305327644676e-05
01-08 01:00,3.247730007657805e-05
01-08 02:00,3.7605294825511427e-05
01-08 03:00,3.4186631659555845e-05
01-08 04:00,2.0511978995733504e-05
01-08 05:00,6.837326331911169e-06
01-08 06:00,2.393064216168909e-05
01-08 07:00,1.3674652663822338e-05
01-08 08:00,1.7093315829777923e-05
01-08 09:00,1.3674652663822338e-05
01-08 10:00,1.8802647412755713e-05
01-08 11:00,2.0511978995733504e-05
01-08 12:00,2.393064216168909e-05
01-08 13:00,2.393064216168909e-05
01-08 14:00,2.393064216168909e-05
01-08 15:00,2.5639973744666882e-05
01-08 16:00,2.5639973744666882e-05
01-08 17:00,2.393064216168909e-05
01-08 18:00,2.0511978995733504e-05
01-08 19:00,1.1965321080844544e-05
01-08 20:00,8.546657914888961e-06
01-08 21:00,5.127994748933376e-06
01-08 22:00,0.0
01-08 23:00,1.7093315829777923e-06
02-08 00:00,0.0
02-08 01:00,0.0
02-08 02:00,0.0
02-08 03:00,1.0255989497866752e-05
02-08 04:00,1.8802647412755713e-05
02-08 05:00,1.7093315829777923e-05
02-08 06:00,1.7093315829777923e-06
02-08 07:00,3.4186631659555845e-06
02-08 08:00,3.4186631659555845e-06
02-08 09:00,6.837326331911169e-06
02-08 10:00,1.0255989497866752e-05
02-08 11:00,1.538398424680013e-05
02-08 12:00,1.7093315829777923e-05
02-08 13:00,1.7093315829777923e-05
02-08 14:00,1.8802647412755713e-05
02-08 15:00,1.8802647412755713e-05
02-08 16:00,1.8802647412755713e-05
02-08 17:00,1.7093315829777923e-05
02-08 18:00,1.1965321080844544e-05
02-08 19:00,5.127994748933376e-06
02-08 20:00,1.7093315829777923e-06
02-08 21:00,1.7093315829777923e-06
02-08 22:00,0.0
02-08 23:00,0.0
03-08 00:00,0.0
03-08 01:00,0.0
03-08 02:00,0.0
03-08 03:00,0.0
03-08 04:00,0.0
03-08 05:00,0.0
03-08 06:00,0.0
03-08 07:00,0.0
03-08 08:00,1.7093315829777923e-06
03-08 09:00,3.4186631659555845e-06
03-08 10:00,6.837326331911169e-06
03-08 11:00,1.0255989497866752e-05
03-08 12:00,1.3674652663822338e-05
03-08 13:00,1.3674652663822338e-05
03-08 14:00,1.538398424680013e-05
03-08 15:00,1.538398424680013e-05
03-08 16:00,1.3674652663822338e-05
03-08 17:00,1.3674652663822338e-05
03-08 18:00,8.546657914888961e-06
03-08 19:00,1.7093315829777923e-06
03-08 20:00,0.0
03-08 21:00,0.0
03-08 22:00,0.0
03-08 23:00,0.0
04-08 00:00,0.0
04-08 01:00,0.0
04-08 02:00,0.0
04-08 03:00,0.0
04-08 04:00,0.0
04-08 05:00,0.0
04-08 06:00,0.0
04-08 07:00,0.0
04-08 08:00,1.7093315829777923e-06
04-08 09:00,1.7093315829777923e-06
04-08 10:00,6.837326331911169e-06
04-08 11:00,1.3674652663822338e-05
04-08 12:00,2.0511978995733504e-05
04-08 13:00,2.393064216168909e-05
04-08 14:00,2.5639973744666882e-05
04-08 15:00,2.5639973744666882e-05
04-08 16:00,2.7349305327644676e-05
04-08 17:00,2.393064216168909e-05
04-08 18:00,1.3674652663822338e-05
04-08 19:00,6.837326331911169e-06
04-08 20:00,1.7093315829777923e-06
04-08 21:00,1.7093315829777923e-06
04-08 22:00,0.0
04-08 23:00,0.0
05-08 00:00,0.0
05-08 01:00,0.0
05-08 02:00,0.0
05-08 03:00,0.0
05-08 04:00,0.0
05-08 05:00,0.0
05-08 06:00,0.0
05-08 07:00,0.0
05-08 08:00,0.0
05-08 09:00,0.0
05-08 10:00,0.0
05-08 11:00,0.0
05-08 12:00,1.7093315829777923e-06
05-08 13:00,1.7093315829777923e-06
05-08 14:00,1.7093315829777923e-06
05-08 15:00,1.7093315829777923e-06
05-08 16:00,1.7093315829777923e-06
05-08 17:00,1.7093315829777923e-06
05-08 18:00,0.0
05-08 19:00,0.0
05-08 20:00,0.0
05-08 21:00,0.0
05-08 22:00,0.0
05-08 23:00,0.0
06-08 00:00,0.0
06-08 01:00,0.0
06-08 02:00,0.0
06-08 03:00,0.0
06-08 04:00,0.0
06-08 05:00,0.0
06-08 06:00,0.0
06-08 07:00,0.0
06-08 08:00,1.7093315829777923e-06
06-08 09:00,1.7093315829777923e-06
06-08 10:00,6.837326331911169e-06
06-08 11:00,1.0255989497866752e-05
06-08 12:00,1.3674652663822338e-05
06-08 13:00,1.538398424680013e-05
06-08 14:00,1.3674652663822338e-05
06-08 15:00,1.538398424680013e-05
06-08 16:00,1.3674652663822338e-05
06-08 17:00,1.3674652663822338e-05
06-08 18:00,8.546657914888961e-06
06-08 19:00,1.7093315829777923e-06
06-08 20:00,0.0
06-08 21:00,0.0
06-08 22:00,0.0
06-08 23:00,0.0
07-08 00:00,0.0
07-08 01:00,0.0
07-08 02:00,0.0
07-08 03:00,0.0
07-08 04:00,0.0
07-08 05:00,0.0
07-08 06:00,0.0
07-08 07:00,0.0
07-08 08:00,1.7093315829777923e-06
07-08 09:00,1.7093315829777923e-06
07-08 10:00,6.837326331911169e-06
07-08 11:00,1.0255989497866752e-05
07-08 12:00,1.538398424680013e-05
07-08 13:00,1.3674652663822338e-05
07-08 14:00,1.538398424680013e-05
07-08 15:00,1.538398424680013e-05
07-08 16:00,1.538398424680013e-05
07-08 17:00,1.3674652663822338e-05
07-08 18:00,8.546657914888961e-06
07-08 19:00,1.7093315829777923e-06
07-08 20:00,0.0
07-08 21:00,0.0
07-08 22:00,0.0
07-08 23:00,0.0
08-08 00:00,0.0
08-08 01:00,0.0
08-08 02:00,0.0
08-08 03:00,0.0
08-08 04:00,0.0
08-08 05:00,0.0
08-08 06:00,0.0
08-08 07:00,0.0
08-08 08:00,1.7093315829777923e-06
08-08 09:00,1.7093315829777923e-06
08-08 10:00,6.837326331911169e-06
08-08 11:00,1.0255989497866752e-05
08-08 12:00,1.3674652663822338e-05
08-08 13:00,1.3674652663822338e-05
08-08 14:00,1.538398424680013e-05
08-08 15:00,1.538398424680013e-05
08-08 16:00,1.538398424680013e-05
08-08 17:00,1.3674652663822338e-05
08-08 18:00,8.546657914888961e-06
08-08 19:00,1.7093315829777923e-06
08-08 20:00,0.0
08-08 21:00,0.0
08-08 22:00,0.0
08-08 23:00,0.0
09-08 00:00,0.0
09-08 01:00,0.0
09-08 02:00,1.0255989497866752e-05
09-08 03:00,1.7093315829777923e-05
09-08 04:00,1.8802647412755713e-05
09-08 05:00,1.0255989497866752e-05
09-08 06:00,1.1965321080844544e-05
09-08 07:00,5.127994748933376e-06
09-08 08:00,6.837326331911169e-06
09-08 09:00,8.546657914888961e-06
09-08 10:00,1.0255989497866752e-05
09-08 11:00,1.3674652663822338e-05
09-08 12:00,1.7093315829777923e-05
09-08 13:00,1.7093315829777923e-05
09-08 14:00,1.8802647412755713e-05
09-08 15:00,1.8802647412755713e-05
09-08 16:00,1.8802647412755713e-05
09-08 17:00,1.7093315829777923e-05
09-08 18:00,1.3674652663822338e-05
09-08 19:00,5.127994748933376e-06
09-08 20:00,3.4186631659555845e-06
09-08 21:00,1.7093315829777923e-06
09-08 22:00,0.0
09-08 23:00,0.0
10-08 00:00,1.0255989497866752e-05
10-08 01:00,1.8802647412755713e-05
10-08 02:00,2.7349305327644676e-05
10-08 03:00,2.5639973744666882e-05
10-08 04:00,2.9058636910622464e-05
10-08 05:00,2.9058636910622464e-05
10-08 06:00,1.3674652663822338e-05
10-08 07:00,1.1965321080844544e-05
10-08 08:00,1.538398424680013e-05
10-08 09:00,1.1965321080844544e-05
10-08 10:00,1.7093315829777923e-05
10-08 11:00,2.0511978995733504e-05
10-08 12:00,2.2221310578711298e-05
10-08 13:00,2.5639973744666882e-05
10-08 14:00,2.2221310578711298e-05
10-08 15:00,2.5639973744666882e-05
10-08 16:00,2.5639973744666882e-05
10-08 17:00,2.2221310578711298e-05
10-08 18:00,2.0511978995733504e-05
10-08 19:00,1.1965321080844544e-05
10-08 20:00,6.837326331911169e-06
10-08 21:00,5.127994748933376e-06
10-08 22:00,0.0
10-08 23:00,1.0255989497866752e-05
11-08 00:00,1.8802647412755713e-05
11-08 01:00,2.7349305327644676e-05
11-08 02:00,2.7349305327644676e-05
11-08 03:00,2.5639973744666882e-05
11-08 04:00,2.9058636910622464e-05
11-08 05:00,3.076796849360026e-05
11-08 06:00,2.7349305327644676e-05
11-08 07:00,2.9058636910622464e-05
11-08 08:00,2.2221310578711298e-05
11-08 09:00,1.8802647412755713e-05
11-08 10:00,2.2221310578711298e-05
11-08 11:00,2.9058636910622464e-05
11-08 12:00,3.5895963242533636e-05
11-08 13:00,3.4186631659555845e-05
11-08 14:00,4.4442621157422596e-05
11-08 15:00,4.4442621157422596e-05
11-08 16:00,4.4442621157422596e-05
11-08 17:00,3.4186631659555845e-05
11-08 18:00,2.7349305327644676e-05
11-08 19:00,2.2221310578711298e-05
11-08 20:00,1.538398424680013e-05
11-08 21:00,1.8802647412755713e-05
11-08 22:00,1.8802647412755713e-05
11-08 23:00,1.8802647412755713e-05
12-08 00:00,1.538398424680013e-05
12-08 01:00,1.8802647412755713e-05
12-08 02:00,1.8802647412755713e-05
12-08 03:00,2.7349305327644676e-05
12-08 04:00,1.8802647412755713e-05
12-08 05:00,2.0511978995733504e-05
12-08 06:00,2.0511978995733504e-05
12-08 07:00,1.3674652663822338e-05
12-08 08:00,6.837326331911169e-06
12-08 09:00,5.127994748933376e-06
12-08 10:00,5.127994748933376e-06
12-08 11:00,6.837326331911169e-06
12-08 12:00,6.837326331911169e-06
12-08 13:00,6.837326331911169e-06
12-08 14:00,6.837326331911169e-06
12-08 15:00,6.837326331911169e-06
12-08 16:00,6.837326331911169e-06
12-08 17:00,6.837326331911169e-06
12-08 18:00,5.127994748933376e-06
12-08 19:00,5.127994748933376e-06
12-08 20:00,3.4186631659555845e-06
12-08 21:00,1.7093315829777923e-06
12-08 22:00,8.546657914888961e-06
12-08 23:00,1.8802647412755713e-05
13-08 00:00,1.8802647412755713e-05
13-08 01:00,2.9058636910622464e-05
13-08 02:00,3.931462640848922e-05
13-08 03:00,3.4186631659555845e-05
13-08 04:00,3.931462640848922e-05
13-08 05:00,3.247730007657805e-05
13-08 06:00,2.9058636910622464e-05
13-08 07:00,3.247730007657805e-05
13-08 08:00,2.393064216168909e-05
13-08 09:00,2.0511978995733504e-05
13-08 10:00,2.5639973744666882e-05
13-08 11:00,2.9058636910622464e-05
13-08 12:00,2.9058636910622464e-05
13-08 13:00,2.9058636910622464e-05
13-08 14:00,3.076796849360026e-05
13-08 15:00,3.247730007657805e-05
13-08 16:00,3.247730007657805e-05
13-08 17:00,3.076796849360026e-05
13-08 18:00,2.393064216168909e-05
13-08 19:00,1.7093315829777923e-05
13-08 20:00,1.1965321080844544e-05
13-08 21:00,1.538398424680013e-05
13-08 22:00,1.8802647412755713e-05
13-08 23:00,2.5639973744666882e-05
14-08 00:00,2.7349305327644676e-05
14-08 01:00,3.076796849360026e-05
14-08 02:00,4.786128432337818e-05
14-08 03:00,4.957061590635597e-05
14-08 04:00,4.786128432337818e-05
14-08 05:00,4.786128432337818e-05
14-08 06:00,2.9058636910622464e-05
14-08 07:00,2.2221310578711298e-05
14-08 08:00,2.5639973744666882e-05
14-08 09:00,2.2221310578711298e-05
14-08 10:00,2.393064216168909e-05
14-08 11:00,2.7349305327644676e-05
14-08 12:00,3.076796849360026e-05
14-08 13:00,3.247730007657805e-05
14-08 14:00,3.4186631659555845e-05
14-08 15:00,3.4186631659555845e-05
14-08 16:00,3.247730007657805e-05
14-08 17:00,3.247730007657805e-05
14-08 18:00,2.9058636910622464e-05
14-08 19:00,1.8802647412755713e-05
14-08 20:00,1.3674652663822338e-05
14-08 21:00,8.546657914888961e-06
14-08 22:00,1.0255989497866752e-05
14-08 23:00,2.0511978995733504e-05
15-08 00:00,2.7349305327644676e-05
15-08 01:00,2.9058636910622464e-05
15-08 02:00,2.7349305327644676e-05
15-08 03:00,3.5895963242533636e-05
15-08 04:00,4.615195274040039e-05
15-08 05:00,4.957061590635597e-05
15-08 06:00,3.4186631659555845e-05
15-08 07:00,1.8802647412755713e-05
15-08 08:00,2.2221310578711298e-05
15-08 09:00,1.8802647412755713e-05
15-08 10:00,2.2221310578711298e-05
15-08 11:00,2.393064216168909e-05
15-08 12:00,2.7349305327644676e-05
15-08 13:00,2.7349305327644676e-05
15-08 14:00,3.076796849360026e-05
15-08 15:00,2.9058636910622464e-05
15-08 16:00,3.076796849360026e-05
15-08 17:00,2.5639973744666882e-05
15-08 18:00,2.393064216168909e-05
15-08 19:00,1.538398424680013e-05
15-08 20:00,1.1965321080844544e-05
15-08 21:00,6.837326331911169e-06
15-08 22:00,1.7093315829777923e-06
15-08 23:00,1.7093315829777923e-06
16-08 00:00,1.0255989497866752e-05
16-08 01:00,1.8802647412755713e-05
16-08 02:00,2.9058636910622464e-05
16-08 03:00,3.5895963242533636e-05
16-08 04:00,3.5895963242533636e-05
16-08 05:00,3.4186631659555845e-05
16-08 06:00,2.393064216168909e-05
16-08 07:00,1.3674652663822338e-05
16-08 08:00,1.3674652663822338e-05
16-08 09:00,1.7093315829777923e-05
16-08 10:00,1.8802647412755713e-05
16-08 11:00,2.393064216168909e-05
16-08 12:00,2.5639973744666882e-05
16-08 13:00,2.7349305327644676e-05
16-08 14:00,2.393064216168909e-05
16-08 15:00,2.7349305327644676e-05
16-08 16:00,2.7349305327644676e-05
16-08 17:00,2.5639973744666882e-05
16-08 18:00,1.8802647412755713e-05
16-08 19:00,1.3674652663822338e-05
16-08 20:00,8.546657914888961e-06
16-08 21:00,5.127994748933376e-06
16-08 22:00,1.7093315829777923e-06
16-08 23:00,1.7093315829777923e-06
17-08 00:00,1.0255989497866752e-05
17-08 01:00,1.0255989497866752e-05
17-08 02:00,1.8802647412755713e-05
17-08 03:00,1.7093315829777923e-05
17-08 04:00,1.8802647412755713e-05
17-08 05:00,2.5639973744666882e-05
17-08 06:00,1.3674652663822338e-05
17-08 07:00,8.546657914888961e-06
17-08 08:00,1.1965321080844544e-05
17-08 09:00,1.0255989497866752e-05
17-08 10:00,1.3674652663822338e-05
17-08 11:00,1.7093315829777923e-05
17-08 12:00,2.0511978995733504e-05
17-08 13:00,2.0511978995733504e-05
17-08 14:00,2.0511978995733504e-05
17-08 15:00,2.2221310578711298e-05
17-08 16:00,2.2221310578711298e-05
17-08 17:00,2.0511978995733504e-05
17-08 18:00,1.538398424680013e-05
17-08 19:00,8.546657914888961e-06
17-08 20:00,5.127994748933376e-06
17-08 21:00,3.4186631659555845e-06
17-08 22:00,0.0
17-08 23:00,0.0
18-08 00:00,0.0
18-08 01:00,0.0
18-08 02:00,0.0
18-08 03:00,0.0
18-08 04:00,0.0
18-08 05:00,0.0
18-08 06:00,0.0
18-08 07:00,0.0
18-08 08:00,1.7093315829777923e-06
18-08 09:00,3.4186631659555845e-06
18-08 10:00,8.546657914888961e-06
18-08 11:00,1.538398424680013e-05
18-08 12:00,1.8802647412755713e-05
18-08 13:00,2.5639973744666882e-05
18-08 14:00,2.9058636910622464e-05
18-08 15:00,2.7349305327644676e-05
18-08 16:00,2.7349305327644676e-05
18-08 17:00,2.393064216168909e-05
18-08 18:00,1.1965321080844544e-05
18-08 19:00,6.837326331911169e-06
18-08 20:00,1.7093315829777923e-06
18-08 21:00,1.7093315829777923e-06
18-08 22:00,0.0
18-08 23:00,0.0
19-08 00:00,0.0
19-08 01:00,0.0
19-08 02:00,8.546657914888961e-06
19-08 03:00,1.7093315829777923e-05
19-08 04:00,1.7093315829777923e-05
19-08 05:00,1.7093315829777923e-05
19-08 06:00,1.7093315829777923e-06
19-08 07:00,1.7093315829777923e-06
19-08 08:00,1.7093315829777923e-06
19-08 09:00,1.7093315829777923e-06
19-08 10:00,1.7093315829777923e-06
19-08 11:00,3.4186631659555845e-06
19-08 12:00,3.4186631659555845e-06
19-08 13:00,3.4186631659555845e-06
19-08 14:00,3.4186631659555845e-06
19-08 15:00,3.4186631659555845e-06
19-08 16:00,3.4186631659555845e-06
19-08 17:00,3.4186631659555845e-06
19-08 18:00,1.7093315829777923e-06
19-08 19:00,1.7093315829777923e-06
19-08 20:00,1.7093315829777923e-06
19-08 21:00,1.7093315829777923e-06
19-08 22:00,0.0
19-08 23:00,0.0
20-08 00:00,0.0
20-08 01:00,0.0
20-08 02:00,0.0
20-08 03:00,0.0
20-08 04:00,0.0
20-08 05:00,0.0
20-08 06:00,0.0
20-08 07:00,0.0
20-08 08:00,0.0
20-08 09:00,1.7093315829777923e-06
20-08 10:00,6.837326331911169e-06
20-08 11:00,1.1965321080844544e-05
20-08 12:00,1.538398424680013e-05
20-08 13:00,1.538398424680013e-05
20-08 14:00,1.3674652663822338e-05
20-08 15:00,1.538398424680013e-05
20-08 16:00,1.538398424680013e-05
20-08 17:00,1.3674652663822338e-05
20-08 18:00,8.546657914888961e-06
20-08 19:00,1.7093315829777923e-06
20-08 20:00,0.0
20-08 21:00,0.0
20-08 22:00,0.0
20-08 23:00,0.0
21-08 00:00,0.0
21-08 01:00,0.0
21-08 02:00,0.0
21-08 03:00,0.0
21-08 04:00,0.0
21-08 05:00,0.0
21-08 06:00,0.0
21-08 07:00,0.0
21-08 08:00,1.7093315829777923e-06
21-08 09:00,1.7093315829777923e-06
21-08 10:00,6.837326331911169e-06
21-08 11:00,1.1965321080844544e-05
21-08 12:00,1.3674652663822338e-05
21-08 13:00,1.3674652663822338e-05
21-08 14:00,1.538398424680013e-05
21-08 15:00,1.538398424680013e-05
21-08 16:00,1.538398424680013e-05
21-08 17:00,1.3674652663822338e-05
21-08 18:00,1.0255989497866752e-05
21-08 19:00,1.7093315829777923e-06
21-08 20:00,0.0
21-08 21:00,0.0
21-08 22:00,0.0
21-08 23:00,0.0
22-08 00:00,0.0
22-08 01:00,0.0
22-08 02:00,0.0
22-08 03:00,0.0
22-08 04:00,0.0
22-08 05:00,0.0
22-08 06:00,0.0
22-08 07:00,0.0
22-08 08:00,1.7093315829777923e-06
22-08 09:00,3.4186631659555845e-06
22-08 10:00,6.837326331911169e-06
22-08 11:00,1.0255989497866752e-05
22-08 12:00,1.3674652663822338e-05
22-08 13:00,1.3674652663822338e-05
22-08 14:00,1.538398424680013e-05
22-08 15:00,1.538398424680013e-05
22-08 16:00,1.7093315829777923e-05
22-08 17:00,1.3674652663822338e-05
22-08 18:00,1.0255989497866752e-05
22-08 19:00,1.7093315829777923e-06
22-08 20:00,0.0
22-08 21:00,0.0
22-08 22:00,0.0
22-08 23:00,0.0
23-08 00:00,0.0
23-08 01:00,0.0
23-08 02:00,0.0
23-08 03:00,0.0
23-08 04:00,0.0
23-08 05:00,0.0
23-08 06:00,0.0
23-08 07:00,0.0
23-08 08:00,1.7093315829777923e-06
23-08 09:00,3.4186631659555845e-06
23-08 10:00,6.837326331911169e-06
23-08 11:00,1.1965321080844544e-05
23-08 12:00,1.3674652663822338e-05
23-08 13:00,1.538398424680013e-05
23-08 14:00,1.538398424680013e-05
23-08 15:00,1.538398424680013e-05
23-08 16:00,1.538398424680013e-05
23-08 17:00,1.3674652663822338e-05
23-08 18:00,8.546657914888961e-06
23-08 19:00,1.7093315829777923e-06
23-08 20:00,0.0
23-08 21:00,0.0
23-08 22:00,0.0
23-08 23:00,0.0
24-08 00:00,1.7093315829777923e-06
24-08 01:00,1.7093315829777923e-06
24-08 02:00,1.0255989497866752e-05
24-08 03:00,1.7093315829777923e-05
24-08 04:00,1.8802647412755713e-05
24-08 05:00,3.076796849360026e-05
24-08 06:00,2.2221310578711298e-05
24-08 07:00,1.0255989497866752e-05
24-08 08:00,1.1965321080844544e-05
24-08 09:00,1.1965321080844544e-05
24-08 10:00,1.3674652663822338e-05
24-08 11:00,1.7093315829777923e-05
24-08 12:00,2.0511978995733504e-05
24-08 13:00,2.2221310578711298e-05
24-08 14:00,2.0511978995733504e-05
24-08 15:00,2.5639973744666882e-05
24-08 16:00,2.0511978995733504e-05
24-08 17:00,2.0511978995733504e-05
24-08 18:00,1.7093315829777923e-05
24-08 19:00,8.546657914888961e-06
24-08 20:00,5.127994748933376e-06
24-08 21:00,3.4186631659555845e-06
24-08 22:00,1.0255989497866752e-05
24-08 23:00,1.7093315829777923e-05
25-08 00:00,1.8802647412755713e-05
25-08 01:00,2.9058636910622464e-05
25-08 02:00,3.931462640848922e-05
25-08 03:00,2.7349305327644676e-05
25-08 04:00,2.7349305327644676e-05
25-08 05:00,3.247730007657805e-05
25-08 06:00,2.393064216168909e-05
25-08 07:00,3.4186631659555845e-05
25-08 08:00,3.076796849360026e-05
25-08 09:00,1.7093315829777923e-05
25-08 10:00,2.393064216168909e-05
25-08 11:00,3.076796849360026e-05
25-08 12:00,3.247730007657805e-05
25-08 13:00,3.931462640848922e-05
25-08 14:00,3.931462640848922e-05
25-08 15:00,4.102395799146701e-05
25-08 16:00,4.4442621157422596e-05
25-08 17:00,3.7605294825511427e-05
25-08 18:00,2.7349305327644676e-05
25-08 19:00,2.0511978995733504e-05
25-08 20:00,1.1965321080844544e-05
25-08 21:00,8.546657914888961e-06
25-08 22:00,1.7093315829777923e-06
25-08 23:00,1.7093315829777923e-06
26-08 00:00,0.0
26-08 01:00,0.0
26-08 02:00,0.0
26-08 03:00,0.0
26-08 04:00,0.0
26-08 05:00,0.0
26-08 06:00,0.0
26-08 07:00,0.0
26-08 08:00,0.0
26-08 09:00,0.0
26-08 10:00,0.0
26-08 11:00,1.7093315829777923e-06
26-08 12:00,1.7093315829777923e-06
26-08 13:00,1.7093315829777923e-06
26-08 14:00,1.7093315829777923e-06
26-08 15:00,1.7093315829777923e-06
26-08 16:00,1.7093315829777923e-06
26-08 17:00,1.7093315829777923e-06
26-08 18:00,0.0
26-08 19:00,0.0
26-08 20:00,0.0
26-08 21:00,0.0
26-08 22:00,0.0
26-08 23:00,0.0
27-08 00:00,0.0
27-08 01:00,0.0
27-08 02:00,0.0
27-08 03:00,0.0
27-08 04:00,0.0
27-08 05:00,0.0
27-08 06:00,0.0
27-08 07:00,0.0
27-08 08:00,1.7093315829777923e-06
27-08 09:00,1.7093315829777923e-06
27-08 10:00,6.837326331911169e-06
27-08 11:00,1.0255989497866752e-05
27-08 12:00,1.3674652663822338e-05
27-08 13:00,1.3674652663822338e-05
27-08 14:00,1.3674652663822338e-05
27-08 15:00,1.538398424680013e-05
27-08 16:00,1.538398424680013e-05
27-08 17:00,1.3674652663822338e-05
27-08 18:00,1.0255989497866752e-05
27-08 19:00,1.7093315829777923e-06
27-08 20:00,0.0
27-08 21:00,0.0
27-08 22:00,0.0
27-08 23:00,0.0
28-08 00:00,1.7093315829777923e-06
28-08 01:00,1.7093315829777923e-06
28-08 02:00,1.0255989497866752e-05
28-08 03:00,1.0255989497866752e-05
28-08 04:00,1.8802647412755713e-05
28-08 05:00,2.0511978995733504e-05
28-08 06:00,1.538398424680013e-05
28-08 07:00,1.1965321080844544e-05
28-08 08:00,1.538398424680013e-05
28-08 09:00,1.3674652663822338e-05
28-08 10:00,1.7093315829777923e-05
28-08 11:00,2.0511978995733504e-05
28-08 12:00,2.2221310578711298e-05
28-08 13:00,2.393064216168909e-05
28-08 14:00,2.393064216168909e-05
28-08 15:00,2.7349305327644676e-05
28-08 16:00,2.393064216168909e-05
28-08 17:00,2.2221310578711298e-05
28-08 18:00,1.7093315829777923e-05
28-08 19:00,1.0255989497866752e-05
28-08 20:00,6.837326331911169e-06
28-08 21:00,2.2221310578711298e-05
28-08 22:00,2.9058636910622464e-05
28-08 23:00,3.4186631659555845e-05
29-08 00:00,3.7605294825511427e-05
29-08 01:00,4.615195274040039e-05
29-08 02:00,4.4442621157422596e-05
29-08 03:00,4.786128432337818e-05
29-08 04:00,5.6407942238267136e-05
29-08 05:00,5.6407942238267136e-05
29-08 06:00,4.957061590635597e-05
29-08 07:00,3.4186631659555845e-05
29-08 08:00,3.076796849360026e-05
29-08 09:00,2.393064216168909e-05
29-08 10:00,2.7349305327644676e-05
29-08 11:00,3.4186631659555845e-05
29-08 12:00,3.4186631659555845e-05
29-08 13:00,3.4186631659555845e-05
29-08 14:00,3.5895963242533636e-05
29-08 15:00,3.247730007657805e-05
29-08 16:00,3.5895963242533636e-05
29-08 17:00,3.4186631659555845e-05
29-08 18:00,3.076796849360026e-05
29-08 19:00,2.2221310578711298e-05
29-08 20:00,1.3674652663822338e-05
29-08 21:00,1.0255989497866752e-05
29-08 22:00,1.7093315829777923e-06
29-08 23:00,1.7093315829777923e-06
30-08 00:00,1.0255989497866752e-05
30-08 01:00,2.0511978995733504e-05
30-08 02:00,2.7349305327644676e-05
30-08 03:00,2.5639973744666882e-05
30-08 04:00,2.5639973744666882e-05
30-08 05:00,2.9058636910622464e-05
30-08 06:00,2.2221310578711298e-05
30-08 07:00,1.3674652663822338e-05
30-08 08:00,1.538398424680013e-05
30-08 09:00,1.3674652663822338e-05
30-08 10:00,1.7093315829777923e-05
30-08 11:00,2.0511978995733504e-05
30-08 12:00,2.393064216168909e-05
30-08 13:00,2.2221310578711298e-05
30-08 14:00,2.5639973744666882e-05
30-08 15:00,2.5639973744666882e-05
30-08 16:00,2.5639973744666882e-05
30-08 17:00,2.0511978995733504e-05
30-08 18:00,1.8802647412755713e-05
30-08 19:00,1.0255989497866752e-05
30-08 20:00,6.837326331911169e-06
30-08 21:00,5.127994748933376e-06
30-08 22:00,0.0
30-08 23:00,1.7093315829777923e-06
31-08 00:00,0.0
31-08 01:00,0.0
31-08 02:00,0.0
31-08 03:00,0.0
31-08 04:00,0.0
31-08 05:00,0.0
31-08 06:00,0.0
31-08 07:00,0.0
31-08 08:00,1.7093315829777923e-06
31-08 09:00,1.7093315829777923e-06
31-08 10:00,6.837326331911169e-06
31-08 11:00,1.1965321080844544e-05
31-08 12:00,1.538398424680013e-05
31-08 13:00,1.3674652663822338e-05
31-08 14:00,1.538398424680013e-05
31-08 15:00,1.538398424680013e-05
31-08 16:00,1.538398424680013e-05
31-08 17:00,1.3674652663822338e-05
31-08 18:00,8.546657914888961e-06
31-08 19:00,1.7093315829777923e-06
31-08 20:00,0.0
31-08 21:00,0.0
31-08 22:00,0.0
31-08 23:00,0.0
01-09 00:00,0.0
01-09 01:00,0.0
01-09 02:00,0.0
01-09 03:00,0.0
01-09 04:00,0.0
01-09 05:00,0.0
01-09 06:00,0.0
01-09 07:00,0.0
01-09 08:00,1.7093315829777923e-06
01-09 09:00,3.4186631659555845e-06
01-09 10:00,8.546657914888961e-06
01-09 11:00,1.538398424680013e-05
01-09 12:00,2.0511978995733504e-05
01-09 13:00,2.5639973744666882e-05
01-09 14:00,2.7349305327644676e-05
01-09 15:00,2.7349305327644676e-05
01-09 16:00,2.7349305327644676e-05
01-09 17:00,2.0511978995733504e-05
01-09 18:00,1.3674652663822338e-05
01-09 19:00,6.837326331911169e-06
01-09 20:00,1.7093315829777923e-06
01-09 21:00,1.7093315829777923e-06
01-09 22:00,0.0
01-09 23:00,0.0
02-09 00:00,0.0
02-09 01:00,0.0
02-09 02:00,0.0
02-09 03:00,0.0
02-09 04:00,0.0
02-09 05:00,1.0255989497866752e-05
02-09 06:00,1.0255989497866752e-05
02-09 07:00,1.7093315829777923e-06
02-09 08:00,1.7093315829777923e-06
02-09 09:00,1.7093315829777923e-06
02-09 10:00,1.7093315829777923e-06
02-09 11:00,3.4186631659555845e-06
02-09 12:00,3.4186631659555845e-06
02-09 13:00,3.4186631659555845e-06
02-09 14:00,3.4186631659555845e-06
02-09 15:00,3.4186631659555845e-06
02-09 16:00,3.4186631659555845e-06
02-09 17:00,3.4186631659555845e-06
02-09 18:00,1.7093315829777923e-06
02-09 19:00,1.7093315829777923e-06
02-09 20:00,1.7093315829777923e-06
02-09 21:00,1.0255989497866752e-05
02-09 22:00,1.0255989497866752e-05
02-09 23:00,2.7349305327644676e-05
03-09 00:00,3.5895963242533636e-05
03-09 01:00,4.4442621157422596e-05
03-09 02:00,5.6407942238267136e-05
03-09 03:00,4.957061590635597e-05
03-09 04:00,6.49546001531561e-05
03-09 05:00,7.008259490208947e-05
03-09 06:00,4.786128432337818e-05
03-09 07:00,4.4442621157422596e-05
03-09 08:00,3.5895963242533636e-05
03-09 09:00,2.9058636910622464e-05
03-09 10:00,3.076796849360026e-05
03-09 11:00,3.7605294825511427e-05
03-09 12:00,3.931462640848922e-05
03-09 13:00,3.4186631659555845e-05
03-09 14:00,3.931462640848922e-05
03-09 15:00,4.2733289574444805e-05
03-09 16:00,4.102395799146701e-05
03-09 17:00,3.7605294825511427e-05
03-09 18:00,3.247730007657805e-05
03-09 19:00,2.393064216168909e-05
03-09 20:00,1.7093315829777923e-05
03-09 21:00,1.1965321080844544e-05
03-09 22:00,1.0255989497866752e-05
03-09 23:00,1.0255989497866752e-05
04-09 00:00,0.0
04-09 01:00,0.0
04-09 02:00,8.546657914888961e-06
04-09 03:00,8.546657914888961e-06
04-09 04:00,8.546657914888961e-06
04-09 05:00,1.0255989497866752e-05
04-09 06:00,1.0255989497866752e-05
04-09 07:00,3.4186631659555845e-06
04-09 08:00,5.127994748933376e-06
04-09 09:00,6.837326331911169e-06
04-09 10:00,1.0255989497866752e-05
04-09 11:00,1.538398424680013e-05
04-09 12:00,1.7093315829777923e-05
04-09 13:00,1.8802647412755713e-05
04-09 14:00,1.8802647412755713e-05
04-09 15:00,1.8802647412755713e-05
04-09 16:00,1.8802647412755713e-05
04-09 17:00,1.7093315829777923e-05
04-09 18:00,1.1965321080844544e-05
04-09 19:00,5.127994748933376e-06
04-09 20:00,1.7093315829777923e-06
04-09 21:00,1.7093315829777923e-06
04-09 22:00,0.0
04-09 23:00,0.0
05-09 00:00,0.0
05-09 01:00,0.0
05-09 02:00,0.0
05-09 03:00,0.0
05-09 04:00,0.0
05-09 05:00,0.0
05-09 06:00,0.0
05-09 07:00,0.0
05-09 08:00,3.4186631659555845e-06
05-09 09:00,3.4186631659555845e-06
05-09 10:00,6.837326331911169e-06
05-09 11:00,1.0255989497866752e-05
05-09 12:00,1.3674652663822338e-05
05-09 13:00,1.538398424680013e-05
05-09 14:00,1.538398424680013e-05
05-09 15:00,1.7093315829777923e-05
05-09 16:00,1.538398424680013e-05
05-09 17:00,1.3674652663822338e-05
05-09 18:00,8.546657914888961e-06
05-09 19:00,1.7093315829777923e-06
05-09 20:00,0.0
05-09 21:00,0.0
05-09 22:00,0.0
05-09 23:00,1.0255989497866752e-05
06-09 00:00,2.0511978995733504e-05
06-09 01:00,3.931462640848922e-05
06-09 02:00,4.786128432337818e-05
06-09 03:00,5.6407942238267136e-05
06-09 04:00,6.49546001531561e-05
06-09 05:00,6.66639317361339e-05
06-09 06:00,6.837326331911169e-05
06-09 07:00,7.521058965102285e-05
06-09 08:00,6.49546001531561e-05
06-09 09:00,3.7605294825511427e-05
06-09 10:00,4.102395799146701e-05
06-09 11:00,4.102395799146701e-05
06-09 12:00,4.957061590635597e-05
06-09 13:00,4.615195274040039e-05
06-09 14:00,4.957061590635597e-05
06-09 15:00,4.786128432337818e-05
06-09 16:00,4.786128432337818e-05
06-09 17:00,4.4442621157422596e-05
06-09 18:00,4.102395799146701e-05
06-09 19:00,3.247730007657805e-05
06-09 20:00,3.931462640848922e-05
06-09 21:00,4.2733289574444805e-05
06-09 22:00,2.7349305327644676e-05
06-09 23:00,4.615195274040039e-05
07-09 00:00,6.66639317361339e-05
07-09 01:00,6.837326331911169e-05
07-09 02:00,7.691992123400065e-05
07-09 03:00,8.546657914888961e-05
07-09 04:00,7.691992123400065e-05
07-09 05:00,8.546657914888961e-05
07-09 06:00,9.230390548080079e-05
07-09 07:00,7.008259490208947e-05
07-09 08:00,6.837326331911169e-05
07-09 09:00,4.957061590635597e-05
07-09 10:00,4.102395799146701e-05
07-09 11:00,4.957061590635597e-05
07-09 12:00,5.1279947489333765e-05
07-09 13:00,4.615195274040039e-05
07-09 14:00,4.957061590635597e-05
07-09 15:00,4.957061590635597e-05
07-09 16:00,5.469861065528935e-05
07-09 17:00,4.957061590635597e-05
07-09 18:00,4.102395799146701e-05
07-09 19:00,3.4186631659555845e-05
07-09 20:00,2.5639973744666882e-05
07-09 21:00,1.7093315829777923e-05
07-09 22:00,1.7093315829777923e-06
07-09 23:00,1.1965321080844544e-05
08-09 00:00,1.7093315829777923e-05
08-09 01:00,1.8802647412755713e-05
08-09 02:00,2.7349305327644676e-05
08-09 03:00,2.9058636910622464e-05
08-09 04:00,4.4442621157422596e-05
08-09 05:00,4.102395799146701e-05
08-09 06:00,3.247730007657805e-05
08-09 07:00,3.247730007657805e-05
08-09 08:00,2.2221310578711298e-05
08-09 09:00,1.7093315829777923e-05
08-09 10:00,2.0511978995733504e-05
08-09 11:00,2.9058636910622464e-05
08-09 12:00,3.4186631659555845e-05
08-09 13:00,3.931462640848922e-05
08-09 14:00,4.102395799146701e-05
08-09 15:00,4.102395799146701e-05
08-09 16:00,4.102395799146701e-05
08-09 17:00,3.5895963242533636e-05
08-09 18:00,2.9058636910622464e-05
08-09 19:00,2.0511978995733504e-05
08-09 20:00,1.3674652663822338e-05
08-09 21:00,8.546657914888961e-06
08-09 22:00,1.7093315829777923e-06
08-09 23:00,1.7093315829777923e-06
09-09 00:00,1.0255989497866752e-05
09-09 01:00,1.0255989497866752e-05
09-09 02:00,1.0255989497866752e-05
09-09 03:00,1.8802647412755713e-05
09-09 04:00,2.0511978995733504e-05
09-09 05:00,2.2221310578711298e-05
09-09 06:00,2.2221310578711298e-05
09-09 07:00,2.9058636910622464e-05
09-09 08:00,3.247730007657805e-05
09-09 09:00,1.8802647412755713e-05
09-09 10:00,1.8802647412755713e-05
09-09 11:00,2.0511978995733504e-05
09-09 12:00,1.8802647412755713e-05
09-09 13:00,2.0511978995733504e-05
09-09 14:00,2.0511978995733504e-05
09-09 15:00,1.8802647412755713e-05
09-09 16:00,2.0511978995733504e-05
09-09 17:00,2.0511978995733504e-05
09-09 18:00,2.5639973744666882e-05
09-09 19:00,2.7349305327644676e-05
09-09 20:00,2.393064216168909e-05
09-09 21:00,2.0511978995733504e-05
09-09 22:00,1.8802647412755713e-05
09-09 23:00,2.7349305327644676e-05
10-09 00:00,2.7349305327644676e-05
10-09 01:00,1.8802647412755713e-05
10-09 02:00,1.8802647412755713e-05
10-09 03:00,1.8802647412755713e-05
10-09 04:00,2.0511978995733504e-05
10-09 05:00,2.2221310578711298e-05
10-09 06:00,2.5639973744666882e-05
10-09 07:00,3.4186631659555845e-05
10-09 08:00,2.0511978995733504e-05
10-09 09:00,1.8802647412755713e-05
10-09 10:00,2.0511978995733504e-05
10-09 11:00,2.393064216168909e-05
10-09 12:00,2.5639973744666882e-05
10-09 13:00,2.7349305327644676e-05
10-09 14:00,2.9058636910622464e-05
10-09 15:00,2.9058636910622464e-05
10-09 16:00,2.9058636910622464e-05
10-09 17:00,2.7349305327644676e-05
10-09 18:00,2.393064216168909e-05
10-09 19:00,1.538398424680013e-05
10-09 20:00,1.0255989497866752e-05
10-09 21:00,1.538398424680013e-05
10-09 22:00,2.9058636910622464e-05
10-09 23:00,2.9058636910622464e-05
11-09 00:00,3.7605294825511427e-05
11-09 01:00,4.615195274040039e-05
11-09 02:00,5.469861065528935e-05
11-09 03:00,5.9826605404222724e-05
11-09 04:00,6.324526857017831e-05
11-09 05:00,6.837326331911169e-05
11-09 06:00,7.008259490208947e-05
11-09 07:00,6.324526857017831e-05
11-09 08:00,4.786128432337818e-05
11-09 09:00,3.5895963242533636e-05
11-09 10:00,3.4186631659555845e-05
11-09 11:00,3.5895963242533636e-05
11-09 12:00,3.931462640848922e-05
11-09 13:00,4.102395799146701e-05
11-09 14:00,4.102395799146701e-05
11-09 15:00,4.102395799146701e-05
11-09 16:00,4.102395799146701e-05
11-09 17:00,4.102395799146701e-05
11-09 18:00,3.7605294825511427e-05
11-09 19:00,2.5639973744666882e-05
11-09 20:00,2.2221310578711298e-05
11-09 21:00,1.3674652663822338e-05
11-09 22:00,1.7093315829777923e-06
11-09 23:00,1.7093315829777923e-06
12-09 00:00,0.0
12-09 01:00,0.0
12-09 02:00,8.546657914888961e-06
12-09 03:00,8.546657914888961e-06
12-09 04:00,1.0255989497866752e-05
12-09 05:00,1.0255989497866752e-05
12-09 06:00,1.7093315829777923e-06
12-09 07:00,3.4186631659555845e-06
12-09 08:00,5.127994748933376e-06
12-09 09:00,6.837326331911169e-06
12-09 10:00,8.546657914888961e-06
12-09 11:00,1.1965321080844544e-05
12-09 12:00,1.538398424680013e-05
12-09 13:00,1.7093315829777923e-05
12-09 14:00,1.7093315829777923e-05
12-09 15:00,1.7093315829777923e-05
12-09 16:00,1.8802647412755713e-05
12-09 17:00,1.7093315829777923e-05
12-09 18:00,1.1965321080844544e-05
12-09 19:00,3.4186631659555845e-06
12-09 20:00,1.7093315829777923e-06
12-09 21:00,1.7093315829777923e-06
12-09 22:00,0.0
12-09 23:00,0.0
13-09 00:00,0.0
13-09 01:00,0.0
13-09 02:00,0.0
13-09 03:00,0.0
13-09 04:00,0.0
13-09 05:00,0.0
13-09 06:00,1.7093315829777923e-06
13-09 07:00,3.4186631659555845e-06
13-09 08:00,5.127994748933376e-06
13-09 09:00,6.837326331911169e-06
13-09 10:00,1.1965321080844544e-05
13-09 11:00,1.1965321080844544e-05
13-09 12:00,1.538398424680013e-05
13-09 13:00,1.538398424680013e-05
13-09 14:00,1.7093315829777923e-05
13-09 15:00,1.7093315829777923e-05
13-09 16:00,1.7093315829777923e-05
13-09 17:00,1.538398424680013e-05
13-09 18:00,1.1965321080844544e-05
13-09 19:00,3.4186631659555845e-06
13-09 20:00,1.7093315829777923e-06
13-09 21:00,1.0255989497866752e-05
13-09 22:00,8.546657914888961e-06
13-09 23:00,1.7093315829777923e-05
14-09 00:00,3.931462640848922e-05
14-09 01:00,4.102395799146701e-05
14-09 02:00,3.931462640848922e-05
14-09 03:00,5.9826605404222724e-05
14-09 04:00,5.1279947489333765e-05
14-09 05:00,5.2989279072311555e-05
14-09 06:00,7.350125806804506e-05
14-09 07:00,7.862925281697843e-05
14-09 08:00,5.2989279072311555e-05
14-09 09:00,4.2733289574444805e-05
14-09 10:00,3.931462640848922e-05
14-09 11:00,4.102395799146701e-05
14-09 12:00,4.4442621157422596e-05
14-09 13:00,4.615195274040039e-05
14-09 14:00,4.615195274040039e-05
14-09 15:00,5.1279947489333765e-05
14-09 16:00,4.786128432337818e-05
14-09 17:00,4.786128432337818e-05
14-09 18:00,4.2733289574444805e-05
14-09 19:00,3.247730007657805e-05
14-09 20:00,4.2733289574444805e-05
14-09 21:00,4.957061590635597e-05
14-09 22:00,5.469861065528935e-05
14-09 23:00,5.469861065528935e-05
15-09 00:00,6.49546001531561e-05
15-09 01:00,6.837326331911169e-05
15-09 02:00,5.6407942238267136e-05
15-09 03:00,5.9826605404222724e-05
15-09 04:00,7.862925281697843e-05
15-09 05:00,6.49546001531561e-05
15-09 06:00,7.179192648506727e-05
15-09 07:00,7.521058965102285e-05
15-09 08:00,5.2989279072311555e-05
15-09 09:00,3.931462640848922e-05
15-09 10:00,3.931462640848922e-05
15-09 11:00,4.786128432337818e-05
15-09 12:00,5.1279947489333765e-05
15-09 13:00,5.469861065528935e-05
15-09 14:00,5.6407942238267136e-05
15-09 15:00,5.9826605404222724e-05
15-09 16:00,5.811727382124493e-05
15-09 17:00,5.6407942238267136e-05
15-09 18:00,4.615195274040039e-05
15-09 19:00,3.5895963242533636e-05
15-09 20:00,2.7349305327644676e-05
15-09 21:00,1.538398424680013e-05
15-09 22:00,1.7093315829777923e-06
15-09 23:00,3.4186631659555845e-06
16-09 00:00,1.7093315829777923e-06
16-09 01:00,1.7093315829777923e-06
16-09 02:00,1.0255989497866752e-05
16-09 03:00,1.0255989497866752e-05
16-09 04:00,1.0255989497866752e-05
16-09 05:00,1.1965321080844544e-05
16-09 06:00,2.0511978995733504e-05
16-09 07:00,1.8802647412755713e-05
16-09 08:00,1.8802647412755713e-05
16-09 09:00,1.8802647412755713e-05
16-09 10:00,8.546657914888961e-06
16-09 11:00,1.3674652663822338e-05
16-09 12:00,2.9058636910622464e-05
16-09 13:00,8.546657914888961e-06
16-09 14:00,8.546657914888961e-06
16-09 15:00,8.546657914888961e-06
16-09 16:00,1.8802647412755713e-05
16-09 17:00,1.8802647412755713e-05
16-09 18:00,1.7093315829777923e-05
16-09 19:00,3.247730007657805e-05
16-09 20:00,3.247730007657805e-05
16-09 21:00,3.076796849360026e-05
16-09 22:00,2.9058636910622464e-05
16-09 23:00,2.9058636910622464e-05
17-09 00:00,2.9058636910622464e-05
17-09 01:00,3.247730007657805e-05
17-09 02:00,3.4186631659555845e-05
17-09 03:00,2.9058636910622464e-05
17-09 04:00,3.931462640848922e-05
17-09 05:00,4.615195274040039e-05
17-09 06:00,6.153593698720051e-05
17-09 07:00,7.862925281697843e-05
17-09 08:00,7.179192648506727e-05
17-09 09:00,5.6407942238267136e-05
17-09 10:00,4.786128432337818e-05
17-09 11:00,5.469861065528935e-05
17-09 12:00,7.008259490208947e-05
17-09 13:00,6.324526857017831e-05
17-09 14:00,8.375724756591181e-05
17-09 15:00,7.862925281697843e-05
17-09 16:00,8.546657914888961e-05
17-09 17:00,7.521058965102285e-05
17-09 18:00,7.691992123400065e-05
17-09 19:00,7.350125806804506e-05
17-09 20:00,6.153593698720051e-05
17-09 21:00,6.49546001531561e-05
17-09 22:00,4.615195274040039e-05
17-09 23:00,4.786128432337818e-05
18-09 00:00,4.786128432337818e-05
18-09 01:00,5.811727382124493e-05
18-09 02:00,6.66639317361339e-05
18-09 03:00,6.66639317361339e-05
18-09 04:00,7.179192648506727e-05
18-09 05:00,6.837326331911169e-05
18-09 06:00,9.572256864675635e-05
18-09 07:00,0.00011452521605951207
18-09 08:00,0.0001093972213105787
18-09 09:00,7.862925281697843e-05
18-09 10:00,7.179192648506727e-05
18-09 11:00,6.49546001531561e-05
18-09 12:00,6.324526857017831e-05
18-09 13:00,5.469861065528935e-05
18-09 14:00,5.9826605404222724e-05
18-09 15:00,6.49546001531561e-05
18-09 16:00,6.49546001531561e-05
18-09 17:00,5.811727382124493e-05
18-09 18:00,5.9826605404222724e-05
18-09 19:00,5.9826605404222724e-05
18-09 20:00,5.2989279072311555e-05
18-09 21:00,4.786128432337818e-05
18-09 22:00,3.931462640848922e-05
18-09 23:00,4.786128432337818e-05
19-09 00:00,5.811727382124493e-05
19-09 01:00,7.350125806804506e-05
19-09 02:00,6.324526857017831e-05
19-09 03:00,6.49546001531561e-05
19-09 04:00,8.888524231484519e-05
19-09 05:00,8.375724756591181e-05
19-09 06:00,9.914123181271193e-05
19-09 07:00,0.00011794387922546766
19-09 08:00,0.00011281588447653427
19-09 09:00,9.230390548080079e-05
19-09 10:00,8.204791598293402e-05
19-09 11:00,7.008259490208947e-05
19-09 12:00,6.324526857017831e-05
19-09 13:00,6.49546001531561e-05
19-09 14:00,6.49546001531561e-05
19-09 15:00,6.837326331911169e-05
19-09 16:00,7.350125806804506e-05
19-09 17:00,6.66639317361339e-05
19-09 18:00,6.66639317361339e-05
19-09 19:00,7.179192648506727e-05
19-09 20:00,8.375724756591181e-05
19-09 21:00,7.691992123400065e-05
19-09 22:00,5.469861065528935e-05
19-09 23:00,5.9826605404222724e-05
20-09 00:00,7.691992123400065e-05
20-09 01:00,8.71759107318674e-05
20-09 02:00,8.204791598293402e-05
20-09 03:00,9.572256864675635e-05
20-09 04:00,0.00010085056339568975
20-09 05:00,0.00010085056339568975
20-09 06:00,0.00011623454764248985
20-09 07:00,0.00014187452138715676
20-09 08:00,0.00012136254239142323
20-09 09:00,9.230390548080079e-05
20-09 10:00,8.375724756591181e-05
20-09 11:00,7.179192648506727e-05
20-09 12:00,8.033858439995623e-05
20-09 13:00,6.66639317361339e-05
20-09 14:00,7.008259490208947e-05
20-09 15:00,7.350125806804506e-05
20-09 16:00,7.350125806804506e-05
20-09 17:00,6.66639317361339e-05
20-09 18:00,6.837326331911169e-05
20-09 19:00,5.9826605404222724e-05
20-09 20:00,4.957061590635597e-05
20-09 21:00,3.4186631659555845e-05
20-09 22:00,3.076796849360026e-05
20-09 23:00,4.786128432337818e-05
21-09 00:00,4.615195274040039e-05
21-09 01:00,6.66639317361339e-05
21-09 02:00,6.66639317361339e-05
21-09 03:00,7.179192648506727e-05
21-09 04:00,7.691992123400065e-05
21-09 05:00,9.401323706377857e-05
21-09 06:00,0.00010085056339568975
21-09 07:00,0.00011110655289355649
21-09 08:00,9.572256864675635e-05
21-09 09:00,6.837326331911169e-05
21-09 10:00,5.469861065528935e-05
21-09 11:00,5.2989279072311555e-05
21-09 12:00,5.6407942238267136e-05
21-09 13:00,5.6407942238267136e-05
21-09 14:00,5.6407942238267136e-05
21-09 15:00,5.811727382124493e-05
21-09 16:00,6.49546001531561e-05
21-09 17:00,5.811727382124493e-05
21-09 18:00,5.469861065528935e-05
21-09 19:00,5.1279947489333765e-05
21-09 20:00,5.1279947489333765e-05
21-09 21:00,4.786128432337818e-05
21-09 22:00,3.7605294825511427e-05
21-09 23:00,4.957061590635597e-05
22-09 00:00,4.615195274040039e-05
22-09 01:00,6.837326331911169e-05
22-09 02:00,6.49546001531561e-05
22-09 03:00,7.008259490208947e-05
22-09 04:00,7.350125806804506e-05
22-09 05:00,8.375724756591181e-05
22-09 06:00,9.743190022973415e-05
22-09 07:00,8.888524231484519e-05
22-09 08:00,6.153593698720051e-05
22-09 09:00,4.957061590635597e-05
22-09 10:00,4.615195274040039e-05
22-09 11:00,5.2989279072311555e-05
22-09 12:00,5.811727382124493e-05
22-09 13:00,6.153593698720051e-05
22-09 14:00,6.153593698720051e-05
22-09 15:00,6.66639317361339e-05
22-09 16:00,6.837326331911169e-05
22-09 17:00,6.49546001531561e-05
22-09 18:00,5.1279947489333765e-05
22-09 19:00,3.931462640848922e-05
22-09 20:00,3.247730007657805e-05
22-09 21:00,2.0511978995733504e-05
22-09 22:00,2.7349305327644676e-05
22-09 23:00,2.7349305327644676e-05
23-09 00:00,3.247730007657805e-05
23-09 01:00,3.931462640848922e-05
23-09 02:00,4.4442621157422596e-05
23-09 03:00,5.2989279072311555e-05
23-09 04:00,5.469861065528935e-05
23-09 05:00,6.153593698720051e-05
23-09 06:00,6.837326331911169e-05
23-09 07:00,6.153593698720051e-05
23-09 08:00,3.4186631659555845e-05
23-09 09:00,1.3674652663822338e-05
23-09 10:00,1.3674652663822338e-05
23-09 11:00,1.3674652663822338e-05
23-09 12:00,1.3674652663822338e-05
23-09 13:00,1.3674652663822338e-05
23-09 14:00,1.1965321080844544e-05
23-09 15:00,1.1965321080844544e-05
23-09 16:00,1.3674652663822338e-05
23-09 17:00,1.3674652663822338e-05
23-09 18:00,1.1965321080844544e-05
23-09 19:00,1.0255989497866752e-05
23-09 20:00,8.546657914888961e-06
23-09 21:00,5.127994748933376e-06
23-09 22:00,1.7093315829777923e-06
23-09 23:00,1.7093315829777923e-06
24-09 00:00,1.7093315829777923e-06
24-09 01:00,1.7093315829777923e-06
24-09 02:00,8.546657914888961e-06
24-09 03:00,1.8802647412755713e-05
24-09 04:00,1.8802647412755713e-05
24-09 05:00,2.7349305327644676e-05
24-09 06:00,2.2221310578711298e-05
24-09 07:00,2.2221310578711298e-05
24-09 08:00,2.2221310578711298e-05
24-09 09:00,1.3674652663822338e-05
24-09 10:00,1.7093315829777923e-05
24-09 11:00,1.8802647412755713e-05
24-09 12:00,2.2221310578711298e-05
24-09 13:00,2.393064216168909e-05
24-09 14:00,2.393064216168909e-05
24-09 15:00,2.393064216168909e-05
24-09 16:00,2.393064216168909e-05
24-09 17:00,2.2221310578711298e-05
24-09 18:00,2.0511978995733504e-05
24-09 19:00,1.0255989497866752e-05
24-09 20:00,6.837326331911169e-06
24-09 21:00,1.3674652663822338e-05
24-09 22:00,1.8802647412755713e-05
24-09 23:00,8.546657914888961e-06
25-09 00:00,1.0255989497866752e-05
25-09 01:00,1.7093315829777923e-06
25-09 02:00,1.0255989497866752e-05
25-09 03:00,1.8802647412755713e-05
25-09 04:00,2.0511978995733504e-05
25-09 05:00,2.0511978995733504e-05
25-09 06:00,2.5639973744666882e-05
25-09 07:00,3.4186631659555845e-05
25-09 08:00,2.7349305327644676e-05
25-09 09:00,1.8802647412755713e-05
25-09 10:00,1.8802647412755713e-05
25-09 11:00,2.5639973744666882e-05
25-09 12:00,2.7349305327644676e-05
25-09 13:00,2.5639973744666882e-05
25-09 14:00,2.7349305327644676e-05
25-09 15:00,2.7349305327644676e-05
25-09 16:00,2.9058636910622464e-05
25-09 17:00,2.7349305327644676e-05
25-09 18:00,2.2221310578711298e-05
25-09 19:00,2.0511978995733504e-05
25-09 20:00,1.8802647412755713e-05
25-09 21:00,1.3674652663822338e-05
25-09 22:00,1.7093315829777923e-05
25-09 23:00,2.7349305327644676e-05
26-09 00:00,3.7605294825511427e-05
26-09 01:00,4.615195274040039e-05
26-09 02:00,4.2733289574444805e-05
26-09 03:00,4.786128432337818e-05
26-09 04:00,5.6407942238267136e-05
26-09 05:00,5.9826605404222724e-05
26-09 06:00,7.008259490208947e-05
26-09 07:00,7.350125806804506e-05
26-09 08:00,4.957061590635597e-05
26-09 09:00,3.247730007657805e-05
26-09 10:00,3.076796849360026e-05
26-09 11:00,4.102395799146701e-05
26-09 12:00,3.7605294825511427e-05
26-09 13:00,3.931462640848922e-05
26-09 14:00,4.102395799146701e-05
26-09 15:00,3.931462640848922e-05
26-09 16:00,4.2733289574444805e-05
26-09 17:00,3.931462640848922e-05
26-09 18:00,3.4186631659555845e-05
26-09 19:00,2.5639973744666882e-05
26-09 20:00,2.0511978995733504e-05
26-09 21:00,1.1965321080844544e-05
26-09 22:00,1.7093315829777923e-06
26-09 23:00,1.7093315829777923e-06
27-09 00:00,1.7093315829777923e-06
27-09 01:00,1.7093315829777923e-06
27-09 02:00,1.7093315829777923e-06
27-09 03:00,1.7093315829777923e-06
27-09 04:00,1.7093315829777923e-06
27-09 05:00,1.7093315829777923e-06
27-09 06:00,5.127994748933376e-06
27-09 07:00,1.0255989497866752e-05
27-09 08:00,1.1965321080844544e-05
27-09 09:00,1.1965321080844544e-05
27-09 10:00,1.3674652663822338e-05
27-09 11:00,2.0511978995733504e-05
27-09 12:00,2.2221310578711298e-05
27-09 13:00,2.2221310578711298e-05
27-09 14:00,2.2221310578711298e-05
27-09 15:00,2.393064216168909e-05
27-09 16:00,2.5639973744666882e-05
27-09 17:00,2.0511978995733504e-05
27-09 18:00,2.5639973744666882e-05
27-09 19:00,2.7349305327644676e-05
27-09 20:00,2.2221310578711298e-05
27-09 21:00,2.0511978995733504e-05
27-09 22:00,2.5639973744666882e-05
27-09 23:00,2.7349305327644676e-05
28-09 00:00,3.5895963242533636e-05
28-09 01:00,3.931462640848922e-05
28-09 02:00,3.7605294825511427e-05
28-09 03:00,2.7349305327644676e-05
28-09 04:00,2.7349305327644676e-05
28-09 05:00,3.076796849360026e-05
28-09 06:00,3.7605294825511427e-05
28-09 07:00,4.102395799146701e-05
28-09 08:00,3.5895963242533636e-05
28-09 09:00,2.393064216168909e-05
28-09 10:00,2.7349305327644676e-05
28-09 11:00,2.5639973744666882e-05
28-09 12:00,2.9058636910622464e-05
28-09 13:00,3.076796849360026e-05
28-09 14:00,3.076796849360026e-05
28-09 15:00,3.4186631659555845e-05
28-09 16:00,3.247730007657805e-05
28-09 17:00,2.9058636910622464e-05
28-09 18:00,2.393064216168909e-05
28-09 19:00,1.538398424680013e-05
28-09 20:00,2.0511978995733504e-05
28-09 21:00,6.837326331911169e-06
28-09 22:00,1.7093315829777923e-06
28-09 23:00,1.0255989497866752e-05
29-09 00:00,1.0255989497866752e-05
29-09 01:00,1.0255989497866752e-05
29-09 02:00,1.8802647412755713e-05
29-09 03:00,2.0511978995733504e-05
29-09 04:00,1.8802647412755713e-05
29-09 05:00,2.0511978995733504e-05
29-09 06:00,2.2221310578711298e-05
29-09 07:00,2.0511978995733504e-05
29-09 08:00,1.3674652663822338e-05
29-09 09:00,1.3674652663822338e-05
29-09 10:00,1.7093315829777923e-05
29-09 11:00,3.076796849360026e-05
29-09 12:00,3.5895963242533636e-05
29-09 13:00,3.5895963242533636e-05
29-09 14:00,3.7605294825511427e-05
29-09 15:00,3.7605294825511427e-05
29-09 16:00,3.7605294825511427e-05
29-09 17:00,3.247730007657805e-05
29-09 18:00,2.2221310578711298e-05
29-09 19:00,1.538398424680013e-05
29-09 20:00,1.0255989497866752e-05
29-09 21:00,5.127994748933376e-06
29-09 22:00,0.0
29-09 23:00,1.7093315829777923e-06
30-09 00:00,1.7093315829777923e-06
30-09 01:00,1.7093315829777923e-06
30-09 02:00,1.7093315829777923e-06
30-09 03:00,1.7093315829777923e-06
30-09 04:00,1.7093315829777923e-06
30-09 05:00,3.4186631659555845e-06
30-09 06:00,5.127994748933376e-06
30-09 07:00,8.546657914888961e-06
30-09 08:00,1.7093315829777923e-05
30-09 09:00,1.7093315829777923e-05
30-09 10:00,1.538398424680013e-05
30-09 11:00,1.8802647412755713e-05
30-09 12:00,1.7093315829777923e-05
30-09 13:00,8.546657914888961e-06
30-09 14:00,8.546657914888961e-06
30-09 15:00,8.546657914888961e-06
30-09 16:00,8.546657914888961e-06
30-09 17:00,1.8802647412755713e-05
30-09 18:00,1.8802647412755713e-05
30-09 19:00,2.7349305327644676e-05
30-09 20:00,3.247730007657805e-05
30-09 21:00,4.102395799146701e-05
30-09 22:00,4.786128432337818e-05
30-09 23:00,5.9826605404222724e-05
01-10 00:00,7.008259490208947e-05
01-10 01:00,7.862925281697843e-05
01-10 02:00,7.350125806804506e-05
01-10 03:00,7.179192648506727e-05
01-10 04:00,7.691992123400065e-05
01-10 05:00,8.033858439995623e-05
01-10 06:00,0.00010085056339568975
01-10 07:00,0.00012136254239142323
01-10 08:00,0.0001093972213105787
01-10 09:00,8.546657914888961e-05
01-10 10:00,6.324526857017831e-05
01-10 11:00,6.153593698720051e-05
01-10 12:00,6.324526857017831e-05
01-10 13:00,6.324526857017831e-05
01-10 14:00,6.153593698720051e-05
01-10 15:00,6.324526857017831e-05
01-10 16:00,6.837326331911169e-05
01-10 17:00,5.9826605404222724e-05
01-10 18:00,6.49546001531561e-05
01-10 19:00,5.811727382124493e-05
01-10 20:00,5.469861065528935e-05
01-10 21:00,4.786128432337818e-05
01-10 22:00,2.9058636910622464e-05
01-10 23:00,3.931462640848922e-05
02-10 00:00,4.4442621157422596e-05
02-10 01:00,4.957061590635597e-05
02-10 02:00,4.786128432337818e-05
02-10 03:00,5.1279947489333765e-05
02-10 04:00,5.6407942238267136e-05
02-10 05:00,6.324526857017831e-05
02-10 06:00,5.6407942238267136e-05
02-10 07:00,8.204791598293402e-05
02-10 08:00,7.179192648506727e-05
02-10 09:00,5.6407942238267136e-05
02-10 10:00,3.5895963242533636e-05
02-10 11:00,4.102395799146701e-05
02-10 12:00,4.4442621157422596e-05
02-10 13:00,4.102395799146701e-05
02-10 14:00,4.615195274040039e-05
02-10 15:00,4.2733289574444805e-05
02-10 16:00,4.615195274040039e-05
02-10 17:00,3.931462640848922e-05
02-10 18:00,3.4186631659555845e-05
02-10 19:00,2.7349305327644676e-05
02-10 20:00,2.0511978995733504e-05
02-10 21:00,1.3674652663822338e-05
02-10 22:00,1.0255989497866752e-05
02-10 23:00,3.4186631659555845e-06
03-10 00:00,0.0
03-10 01:00,0.0
03-10 02:00,8.546657914888961e-06
03-10 03:00,8.546657914888961e-06
03-10 04:00,8.546657914888961e-06
03-10 05:00,8.546657914888961e-06
03-10 06:00,1.0255989497866752e-05
03-10 07:00,1.0255989497866752e-05
03-10 08:00,1.7093315829777923e-06
03-10 09:00,1.7093315829777923e-06
03-10 10:00,1.7093315829777923e-06
03-10 11:00,3.4186631659555845e-06
03-10 12:00,3.4186631659555845e-06
03-10 13:00,3.4186631659555845e-06
03-10 14:00,3.4186631659555845e-06
03-10 15:00,3.4186631659555845e-06
03-10 16:00,3.4186631659555845e-06
03-10 17:00,3.4186631659555845e-06
03-10 18:00,1.7093315829777923e-06
03-10 19:00,1.7093315829777923e-06
03-10 20:00,1.7093315829777923e-06
03-10 21:00,0.0
03-10 22:00,0.0
03-10 23:00,0.0
04-10 00:00,1.7093315829777923e-06
04-10 01:00,1.7093315829777923e-06
04-10 02:00,1.7093315829777923e-06
04-10 03:00,1.7093315829777923e-06
04-10 04:00,1.7093315829777923e-06
04-10 05:00,3.4186631659555845e-06
04-10 06:00,6.837326331911169e-06
04-10 07:00,2.2221310578711298e-05
04-10 08:00,2.5639973744666882e-05
04-10 09:00,2.393064216168909e-05
04-10 10:00,1.8802647412755713e-05
04-10 11:00,2.2221310578711298e-05
04-10 12:00,2.5639973744666882e-05
04-10 13:00,2.5639973744666882e-05
04-10 14:00,3.5895963242533636e-05
04-10 15:00,3.7605294825511427e-05
04-10 16:00,3.7605294825511427e-05
04-10 17:00,3.4186631659555845e-05
04-10 18:00,3.931462640848922e-05
04-10 19:00,2.9058636910622464e-05
04-10 20:00,2.5639973744666882e-05
04-10 21:00,2.393064216168909e-05
04-10 22:00,1.8802647412755713e-05
04-10 23:00,1.8802647412755713e-05
05-10 00:00,1.8802647412755713e-05
05-10 01:00,2.2221310578711298e-05
05-10 02:00,2.0511978995733504e-05
05-10 03:00,2.0511978995733504e-05
05-10 04:00,3.076796849360026e-05
05-10 05:00,3.4186631659555845e-05
05-10 06:00,4.4442621157422596e-05
05-10 07:00,6.49546001531561e-05
05-10 08:00,5.811727382124493e-05
05-10 09:00,5.2989279072311555e-05
05-10 10:00,4.786128432337818e-05
05-10 11:00,4.957061590635597e-05
05-10 12:00,4.2733289574444805e-05
05-10 13:00,4.4442621157422596e-05
05-10 14:00,4.4442621157422596e-05
05-10 15:00,5.6407942238267136e-05
05-10 16:00,5.469861065528935e-05
05-10 17:00,6.66639317361339e-05
05-10 18:00,6.324526857017831e-05
05-10 19:00,5.811727382124493e-05
05-10 20:00,4.786128432337818e-05
05-10 21:00,4.786128432337818e-05
05-10 22:00,2.7349305327644676e-05
05-10 23:00,4.102395799146701e-05
06-10 00:00,3.7605294825511427e-05
06-10 01:00,2.9058636910622464e-05
06-10 02:00,3.7605294825511427e-05
06-10 03:00,2.9058636910622464e-05
06-10 04:00,3.247730007657805e-05
06-10 05:00,3.4186631659555845e-05
06-10 06:00,4.2733289574444805e-05
06-10 07:00,7.691992123400065e-05
06-10 08:00,6.49546001531561e-05
06-10 09:00,5.1279947489333765e-05
06-10 10:00,4.4442621157422596e-05
06-10 11:00,4.957061590635597e-05
06-10 12:00,5.6407942238267136e-05
06-10 13:00,5.9826605404222724e-05
06-10 14:00,6.153593698720051e-05
06-10 15:00,6.324526857017831e-05
06-10 16:00,6.837326331911169e-05
06-10 17:00,6.49546001531561e-05
06-10 18:00,6.324526857017831e-05
06-10 19:00,8.033858439995623e-05
06-10 20:00,6.66639317361339e-05
06-10 21:00,5.1279947489333765e-05
06-10 22:00,4.615195274040039e-05
06-10 23:00,6.49546001531561e-05
07-10 00:00,7.350125806804506e-05
07-10 01:00,8.204791598293402e-05
07-10 02:00,7.521058965102285e-05
07-10 03:00,8.204791598293402e-05
07-10 04:00,9.401323706377857e-05
07-10 05:00,9.401323706377857e-05
07-10 06:00,0.00010085056339568975
07-10 07:00,9.914123181271193e-05
07-10 08:00,7.521058965102285e-05
07-10 09:00,5.2989279072311555e-05
07-10 10:00,3.076796849360026e-05
07-10 11:00,2.5639973744666882e-05
07-10 12:00,2.393064216168909e-05
07-10 13:00,2.393064216168909e-05
07-10 14:00,2.393064216168909e-05
07-10 15:00,2.5639973744666882e-05
07-10 16:00,2.393064216168909e-05
07-10 17:00,2.5639973744666882e-05
07-10 18:00,3.247730007657805e-05
07-10 19:00,4.786128432337818e-05
07-10 20:00,3.7605294825511427e-05
07-10 21:00,2.9058636910622464e-05
07-10 22:00,2.0511978995733504e-05
07-10 23:00,2.2221310578711298e-05
08-10 00:00,2.9058636910622464e-05
08-10 01:00,4.102395799146701e-05
08-10 02:00,5.6407942238267136e-05
08-10 03:00,6.153593698720051e-05
08-10 04:00,6.324526857017831e-05
08-10 05:00,7.179192648506727e-05
08-10 06:00,8.375724756591181e-05
08-10 07:00,0.00010255989497866753
08-10 08:00,0.00011281588447653427
08-10 09:00,9.401323706377857e-05
08-10 10:00,7.691992123400065e-05
08-10 11:00,6.66639317361339e-05
08-10 12:00,6.324526857017831e-05
08-10 13:00,6.66639317361339e-05
08-10 14:00,6.324526857017831e-05
08-10 15:00,6.837326331911169e-05
08-10 16:00,7.008259490208947e-05
08-10 17:00,9.572256864675635e-05
08-10 18:00,9.230390548080079e-05
08-10 19:00,0.00010085056339568975
08-10 20:00,9.572256864675635e-05
08-10 21:00,8.033858439995623e-05
08-10 22:00,6.837326331911169e-05
08-10 23:00,7.350125806804506e-05
09-10 00:00,8.375724756591181e-05
09-10 01:00,9.914123181271193e-05
09-10 02:00,9.230390548080079e-05
09-10 03:00,0.00010085056339568975
09-10 04:00,0.00011452521605951207
09-10 05:00,0.00011965321080844545
09-10 06:00,0.0001487118477190679
09-10 07:00,0.0002153757794552018
09-10 08:00,0.00018802647412755714
09-10 09:00,0.00016580516354884581
09-10 10:00,0.00014016518980417895
09-10 11:00,0.00012478120555737881
09-10 12:00,0.00010597855814462311
09-10 13:00,0.00010426922656164531
09-10 14:00,0.0001093972213105787
09-10 15:00,0.00010085056339568975
09-10 16:00,0.00011794387922546766
09-10 17:00,0.0001333278634722678
09-10 18:00,0.00016067716879991246
09-10 19:00,0.0001504211793020457
09-10 20:00,0.0001487118477190679
09-10 21:00,0.00011965321080844545
09-10 22:00,8.375724756591181e-05
09-10 23:00,9.572256864675635e-05
10-10 00:00,0.00011110655289355649
10-10 01:00,0.00011794387922546766
10-10 02:00,0.00012307187397440103
10-10 03:00,0.00012478120555737881
10-10 04:00,0.00013674652663822338
10-10 05:00,0.00015213051088502352
10-10 06:00,0.0002017011267913795
10-10 07:00,0.0002666557269445356
10-10 08:00,0.00023759709003391311
10-10 09:00,0.00020511978995733506
10-10 10:00,0.0001743518214637348
10-10 11:00,0.0001538398424680013
10-10 12:00,0.00013161853188929
10-10 13:00,0.0001299092003063122
10-10 14:00,0.00013674652663822338
10-10 15:00,0.00013674652663822338
10-10 16:00,0.0001538398424680013
10-10 17:00,0.00016580516354884581
10-10 18:00,0.0001914451372935127
10-10 19:00,0.00017777048462969038
10-10 20:00,0.0001743518214637348
10-10 21:00,0.0001504211793020457
10-10 22:00,9.401323706377857e-05
10-10 23:00,0.00011794387922546766
11-10 00:00,0.00011794387922546766
11-10 01:00,0.00013503719505524557
11-10 02:00,0.0001281998687233344
11-10 03:00,0.00012136254239142323
11-10 04:00,0.00012307187397440103
11-10 05:00,0.0001299092003063122
11-10 06:00,0.0001487118477190679
11-10 07:00,0.00019657313204244609
11-10 08:00,0.00021024778470626844
11-10 09:00,0.00018460781096160157
11-10 10:00,0.00017777048462969038
11-10 11:00,0.00014358385297013454
11-10 12:00,0.00014016518980417895
11-10 13:00,0.00012307187397440103
11-10 14:00,0.00013674652663822338
11-10 15:00,0.00014529318455311233
11-10 16:00,0.00013845585822120117
11-10 17:00,0.00015725850563395687
11-10 18:00,0.0001470025161360901
11-10 19:00,0.00013161853188929
11-10 20:00,0.00013161853188929
11-10 21:00,0.00012136254239142323
11-10 22:00,5.9826605404222724e-05
11-10 23:00,5.6407942238267136e-05
12-10 00:00,6.837326331911169e-05
12-10 01:00,8.71759107318674e-05
12-10 02:00,0.00010426922656164531
12-10 03:00,0.00010255989497866753
12-10 04:00,0.00010426922656164531
12-10 05:00,0.00010597855814462311
12-10 06:00,0.00012649053714035662
12-10 07:00,0.00017777048462969038
12-10 08:00,0.0001760611530467126
12-10 09:00,0.00016238650038289025
12-10 10:00,0.00014529318455311233
12-10 11:00,0.00015213051088502352
12-10 12:00,0.0001299092003063122
12-10 13:00,0.0001281998687233344
12-10 14:00,0.0001281998687233344
12-10 15:00,0.00013674652663822338
12-10 16:00,0.00013845585822120117
12-10 17:00,0.00015213051088502352
12-10 18:00,0.00015896783721693468
12-10 19:00,0.0001538398424680013
12-10 20:00,0.00014358385297013454
12-10 21:00,0.0001299092003063122
12-10 22:00,0.00011110655289355649
12-10 23:00,0.00010085056339568975
13-10 00:00,9.743190022973415e-05
13-10 01:00,0.00011281588447653427
13-10 02:00,0.00011794387922546766
13-10 03:00,0.00011281588447653427
13-10 04:00,0.00013674652663822338
13-10 05:00,0.0001487118477190679
13-10 06:00,0.00016751449513182363
13-10 07:00,0.00023417842686795752
13-10 08:00,0.0002666557269445356
13-10 09:00,0.00020341045837435728
13-10 10:00,0.0001504211793020457
13-10 11:00,0.0001538398424680013
13-10 12:00,0.00016067716879991246
13-10 13:00,0.0001504211793020457
13-10 14:00,0.00018118914779564595
13-10 15:00,0.0001743518214637348
13-10 16:00,0.00016751449513182363
13-10 17:00,0.0002187944426211574
13-10 18:00,0.00021024778470626844
13-10 19:00,0.0001914451372935127
13-10 20:00,0.00016067716879991246
13-10 21:00,0.00012478120555737881
13-10 22:00,8.71759107318674e-05
13-10 23:00,7.862925281697843e-05
14-10 00:00,7.179192648506727e-05
14-10 01:00,6.837326331911169e-05
14-10 02:00,6.66639317361339e-05
14-10 03:00,5.9826605404222724e-05
14-10 04:00,5.469861065528935e-05
14-10 05:00,7.521058965102285e-05
14-10 06:00,6.49546001531561e-05
14-10 07:00,9.059457389782298e-05
14-10 08:00,9.230390548080079e-05
14-10 09:00,7.350125806804506e-05
14-10 10:00,7.179192648506727e-05
14-10 11:00,7.008259490208947e-05
14-10 12:00,5.2989279072311555e-05
14-10 13:00,5.469861065528935e-05
14-10 14:00,4.2733289574444805e-05
14-10 15:00,4.615195274040039e-05
14-10 16:00,4.615195274040039e-05
14-10 17:00,5.811727382124493e-05
14-10 18:00,5.2989279072311555e-05
14-10 19:00,5.1279947489333765e-05
14-10 20:00,4.957061590635597e-05
14-10 21:00,4.786128432337818e-05
14-10 22:00,3.076796849360026e-05
14-10 23:00,3.076796849360026e-05
15-10 00:00,4.2733289574444805e-05
15-10 01:00,3.5895963242533636e-05
15-10 02:00,3.4186631659555845e-05
15-10 03:00,3.4186631659555845e-05
15-10 04:00,4.786128432337818e-05
15-10 05:00,5.9826605404222724e-05
15-10 06:00,7.350125806804506e-05
15-10 07:00,0.00011623454764248985
15-10 08:00,0.00011794387922546766
15-10 09:00,0.00010255989497866753
15-10 10:00,8.375724756591181e-05
15-10 11:00,8.546657914888961e-05
15-10 12:00,0.00010597855814462311
15-10 13:00,0.00011452521605951207
15-10 14:00,0.00011623454764248985
15-10 15:00,0.00012649053714035662
15-10 16:00,0.00012307187397440103
15-10 17:00,0.00014358385297013454
15-10 18:00,0.0001281998687233344
15-10 19:00,0.00012478120555737881
15-10 20:00,0.0001281998687233344
15-10 21:00,0.00011794387922546766
15-10 22:00,8.888524231484519e-05
15-10 23:00,9.401323706377857e-05
16-10 00:00,9.572256864675635e-05
16-10 01:00,9.914123181271193e-05
16-10 02:00,9.914123181271193e-05
16-10 03:00,0.00010426922656164531
16-10 04:00,0.00011623454764248985
16-10 05:00,0.00011794387922546766
16-10 06:00,0.00013845585822120117
16-10 07:00,0.00018631714254457936
16-10 08:00,0.0001948638004594683
16-10 09:00,0.0001760611530467126
16-10 10:00,0.0001504211793020457
16-10 11:00,0.0001333278634722678
16-10 12:00,0.00014187452138715676
16-10 13:00,0.0001333278634722678
16-10 14:00,0.00012307187397440103
16-10 15:00,0.00014358385297013454
16-10 16:00,0.00014529318455311233
16-10 17:00,0.00015725850563395687
16-10 18:00,0.0001538398424680013
16-10 19:00,0.00014016518980417895
16-10 20:00,0.0001299092003063122
16-10 21:00,9.401323706377857e-05
16-10 22:00,6.324526857017831e-05
16-10 23:00,7.008259490208947e-05
17-10 00:00,7.179192648506727e-05
17-10 01:00,7.521058965102285e-05
17-10 02:00,7.350125806804506e-05
17-10 03:00,6.837326331911169e-05
17-10 04:00,7.691992123400065e-05
17-10 05:00,9.914123181271193e-05
17-10 06:00,0.00014016518980417895
17-10 07:00,0.00016238650038289025
17-10 08:00,0.00015896783721693468
17-10 09:00,0.00015896783721693468
17-10 10:00,0.0001299092003063122
17-10 11:00,0.00013674652663822338
17-10 12:00,0.00011452521605951207
17-10 13:00,0.0001076878897276009
17-10 14:00,0.00012136254239142323
17-10 15:00,0.00011794387922546766
17-10 16:00,0.00011452521605951207
17-10 17:00,0.00012649053714035662
17-10 18:00,0.00011794387922546766
17-10 19:00,0.00011794387922546766
17-10 20:00,9.572256864675635e-05
17-10 21:00,9.059457389782298e-05
17-10 22:00,5.6407942238267136e-05
17-10 23:00,6.324526857017831e-05
18-10 00:00,5.469861065528935e-05
18-10 01:00,6.153593698720051e-05
18-10 02:00,5.6407942238267136e-05
18-10 03:00,6.324526857017831e-05
18-10 04:00,6.49546001531561e-05
18-10 05:00,7.179192648506727e-05
18-10 06:00,8.888524231484519e-05
18-10 07:00,0.00012307187397440103
18-10 08:00,0.00010597855814462311
18-10 09:00,0.00010597855814462311
18-10 10:00,8.204791598293402e-05
18-10 11:00,7.691992123400065e-05
18-10 12:00,6.153593698720051e-05
18-10 13:00,6.66639317361339e-05
18-10 14:00,7.008259490208947e-05
18-10 15:00,7.008259490208947e-05
18-10 16:00,7.862925281697843e-05
18-10 17:00,9.914123181271193e-05
18-10 18:00,0.00010085056339568975
18-10 19:00,8.375724756591181e-05
18-10 20:00,8.546657914888961e-05
18-10 21:00,7.008259490208947e-05
18-10 22:00,5.469861065528935e-05
18-10 23:00,5.9826605404222724e-05
19-10 00:00,5.6407942238267136e-05
19-10 01:00,5.811727382124493e-05
19-10 02:00,6.66639317361339e-05
19-10 03:00,6.324526857017831e-05
19-10 04:00,7.179192648506727e-05
19-10 05:00,7.008259490208947e-05
19-10 06:00,7.862925281697843e-05
19-10 07:00,0.00011623454764248985
19-10 08:00,9.572256864675635e-05
19-10 09:00,8.204791598293402e-05
19-10 10:00,7.862925281697843e-05
19-10 11:00,5.9826605404222724e-05
19-10 12:00,5.469861065528935e-05
19-10 13:00,5.6407942238267136e-05
19-10 14:00,5.6407942238267136e-05
19-10 15:00,5.1279947489333765e-05
19-10 16:00,5.6407942238267136e-05
19-10 17:00,4.957061590635597e-05
19-10 18:00,4.786128432337818e-05
19-10 19:00,3.5895963242533636e-05
19-10 20:00,2.9058636910622464e-05
19-10 21:00,1.8802647412755713e-05
19-10 22:00,1.1965321080844544e-05
19-10 23:00,1.3674652663822338e-05
20-10 00:00,1.7093315829777923e-06
20-10 01:00,1.0255989497866752e-05
20-10 02:00,1.0255989497866752e-05
20-10 03:00,1.0255989497866752e-05
20-10 04:00,1.8802647412755713e-05
20-10 05:00,2.0511978995733504e-05
20-10 06:00,2.393064216168909e-05
20-10 07:00,2.7349305327644676e-05
20-10 08:00,1.8802647412755713e-05
20-10 09:00,1.1965321080844544e-05
20-10 10:00,1.538398424680013e-05
20-10 11:00,2.2221310578711298e-05
20-10 12:00,2.9058636910622464e-05
20-10 13:00,3.247730007657805e-05
20-10 14:00,3.7605294825511427e-05
20-10 15:00,3.5895963242533636e-05
20-10 16:00,3.7605294825511427e-05
20-10 17:00,3.4186631659555845e-05
20-10 18:00,2.0511978995733504e-05
20-10 19:00,1.3674652663822338e-05
20-10 20:00,8.546657914888961e-06
20-10 21:00,5.127994748933376e-06
20-10 22:00,0.0
20-10 23:00,0.0
21-10 00:00,3.4186631659555845e-06
21-10 01:00,3.4186631659555845e-06
21-10 02:00,3.4186631659555845e-06
21-10 03:00,3.4186631659555845e-06
21-10 04:00,3.4186631659555845e-06
21-10 05:00,5.127994748933376e-06
21-10 06:00,1.0255989497866752e-05
21-10 07:00,1.8802647412755713e-05
21-10 08:00,2.0511978995733504e-05
21-10 09:00,1.7093315829777923e-05
21-10 10:00,1.538398424680013e-05
21-10 11:00,1.7093315829777923e-05
21-10 12:00,3.247730007657805e-05
21-10 13:00,3.5895963242533636e-05
21-10 14:00,3.4186631659555845e-05
21-10 15:00,3.247730007657805e-05
21-10 16:00,4.102395799146701e-05
21-10 17:00,4.4442621157422596e-05
21-10 18:00,8.033858439995623e-05
21-10 19:00,7.691992123400065e-05
21-10 20:00,7.179192648506727e-05
21-10 21:00,7.691992123400065e-05
21-10 22:00,7.179192648506727e-05
21-10 23:00,7.350125806804506e-05
22-10 00:00,8.204791598293402e-05
22-10 01:00,9.914123181271193e-05
22-10 02:00,9.572256864675635e-05
22-10 03:00,9.401323706377857e-05
22-10 04:00,9.743190022973415e-05
22-10 05:00,0.00011452521605951207
22-10 06:00,0.0001504211793020457
22-10 07:00,0.00020682912154031284
22-10 08:00,0.00020511978995733506
22-10 09:00,0.00019999179520840165
22-10 10:00,0.00018460781096160157
22-10 11:00,0.00018460781096160157
22-10 12:00,0.000172642489880757
22-10 13:00,0.00016580516354884581
22-10 14:00,0.00016409583196586803
22-10 15:00,0.00018460781096160157
22-10 16:00,0.00018460781096160157
22-10 17:00,0.0001743518214637348
22-10 18:00,0.00017777048462969038
22-10 19:00,0.00017947981621266817
22-10 20:00,0.0001504211793020457
22-10 21:00,0.00013674652663822338
22-10 22:00,8.888524231484519e-05
22-10 23:00,8.546657914888961e-05
23-10 00:00,9.743190022973415e-05
23-10 01:00,0.00010255989497866753
23-10 02:00,9.743190022973415e-05
23-10 03:00,0.00010255989497866753
23-10 04:00,0.00010085056339568975
23-10 05:00,0.00011623454764248985
23-10 06:00,0.00014187452138715676
23-10 07:00,0.00022905043211902414
23-10 08:00,0.0002324690952849797
23-10 09:00,0.00018460781096160157
23-10 10:00,0.00017777048462969038
23-10 11:00,0.00018460781096160157
23-10 12:00,0.00015554917405097908
23-10 13:00,0.0001538398424680013
23-10 14:00,0.00016751449513182363
23-10 15:00,0.00016922382671480144
23-10 16:00,0.00016580516354884581
23-10 17:00,0.00021195711628924622
23-10 18:00,0.00022221310578711298
23-10 19:00,0.00018802647412755714
23-10 20:00,0.00018460781096160157
23-10 21:00,0.0001470025161360901
23-10 22:00,0.00010597855814462311
23-10 23:00,0.00011110655289355649
24-10 00:00,0.0001076878897276009
24-10 01:00,0.00012478120555737881
24-10 02:00,0.00012649053714035662
24-10 03:00,0.00010426922656164531
24-10 04:00,0.00014187452138715676
24-10 05:00,0.0001487118477190679
24-10 06:00,0.00018631714254457936
24-10 07:00,0.0002820397111913357
24-10 08:00,0.00027349305327644676
24-10 09:00,0.00023759709003391311
24-10 10:00,0.0001760611530467126
24-10 11:00,0.000172642489880757
24-10 12:00,0.00016751449513182363
24-10 13:00,0.0001504211793020457
24-10 14:00,0.00015213051088502352
24-10 15:00,0.00015554917405097908
24-10 16:00,0.000172642489880757
24-10 17:00,0.0001948638004594683
24-10 18:00,0.00019828246362542387
24-10 19:00,0.00018802647412755714
24-10 20:00,0.00017093315829777922
24-10 21:00,0.00014529318455311233
24-10 22:00,9.572256864675635e-05
24-10 23:00,0.00010255989497866753
25-10 00:00,0.0001093972213105787
25-10 01:00,0.00011965321080844545
25-10 02:00,0.00011965321080844545
25-10 03:00,0.00012478120555737881
25-10 04:00,0.00014187452138715676
25-10 05:00,0.00015896783721693468
25-10 06:00,0.0001914451372935127
25-10 07:00,0.0002666557269445356
25-10 08:00,0.00025298107428071325
25-10 09:00,0.0002017011267913795
25-10 10:00,0.00018460781096160157
25-10 11:00,0.00017777048462969038
25-10 12:00,0.00016922382671480144
25-10 13:00,0.00016751449513182363
25-10 14:00,0.00016751449513182363
25-10 15:00,0.0001743518214637348
25-10 16:00,0.00018802647412755714
25-10 17:00,0.00018973580571053492
25-10 18:00,0.00019657313204244609
25-10 19:00,0.00018118914779564595
25-10 20:00,0.000172642489880757
25-10 21:00,0.00013674652663822338
25-10 22:00,9.743190022973415e-05
25-10 23:00,0.00011281588447653427
26-10 00:00,0.00010255989497866753
26-10 01:00,9.572256864675635e-05
26-10 02:00,9.743190022973415e-05
26-10 03:00,0.0001076878897276009
26-10 04:00,0.00010597855814462311
26-10 05:00,0.00010597855814462311
26-10 06:00,0.00012478120555737881
26-10 07:00,0.000172642489880757
26-10 08:00,0.00016409583196586803
26-10 09:00,0.00013845585822120117
26-10 10:00,0.0001299092003063122
26-10 11:00,0.0001299092003063122
26-10 12:00,0.00011110655289355649
26-10 13:00,0.0001076878897276009
26-10 14:00,0.00010597855814462311
26-10 15:00,0.00010255989497866753
26-10 16:00,0.00011623454764248985
26-10 17:00,0.00012649053714035662
26-10 18:00,0.00012649053714035662
26-10 19:00,0.00010426922656164531
26-10 20:00,0.0001076878897276009
26-10 21:00,9.059457389782298e-05
26-10 22:00,5.1279947489333765e-05
26-10 23:00,4.786128432337818e-05
27-10 00:00,4.615195274040039e-05
27-10 01:00,4.2733289574444805e-05
27-10 02:00,5.1279947489333765e-05
27-10 03:00,4.615195274040039e-05
27-10 04:00,5.2989279072311555e-05
27-10 05:00,5.6407942238267136e-05
27-10 06:00,7.008259490208947e-05
27-10 07:00,9.401323706377857e-05
27-10 08:00,0.00010255989497866753
27-10 09:00,8.888524231484519e-05
27-10 10:00,8.375724756591181e-05
27-10 11:00,8.033858439995623e-05
27-10 12:00,8.204791598293402e-05
27-10 13:00,9.230390548080079e-05
27-10 14:00,9.230390548080079e-05
27-10 15:00,9.059457389782298e-05
27-10 16:00,8.888524231484519e-05
27-10 17:00,8.546657914888961e-05
27-10 18:00,7.350125806804506e-05
27-10 19:00,6.837326331911169e-05
27-10 20:00,5.811727382124493e-05
27-10 21:00,4.102395799146701e-05
27-10 22:00,2.0511978995733504e-05
27-10 23:00,2.9058636910622464e-05
28-10 00:00,4.2733289574444805e-05
28-10 01:00,5.469861065528935e-05
28-10 02:00,5.6407942238267136e-05
28-10 03:00,6.49546001531561e-05
28-10 04:00,7.862925281697843e-05
28-10 05:00,7.691992123400065e-05
28-10 06:00,9.572256864675635e-05
28-10 07:00,0.00011281588447653427
28-10 08:00,0.00010085056339568975
28-10 09:00,8.888524231484519e-05
28-10 10:00,6.153593698720051e-05
28-10 11:00,4.4442621157422596e-05
28-10 12:00,3.5895963242533636e-05
28-10 13:00,2.9058636910622464e-05
28-10 14:00,2.9058636910622464e-05
28-10 15:00,3.076796849360026e-05
28-10 16:00,4.102395799146701e-05
28-10 17:00,5.811727382124493e-05
28-10 18:00,6.324526857017831e-05
28-10 19:00,7.179192648506727e-05
28-10 20:00,7.179192648506727e-05
28-10 21:00,6.837326331911169e-05
28-10 22:00,6.324526857017831e-05
28-10 23:00,6.324526857017831e-05
29-10 00:00,6.66639317361339e-05
29-10 01:00,8.204791598293402e-05
29-10 02:00,9.230390548080079e-05
29-10 03:00,9.230390548080079e-05
29-10 04:00,0.00011110655289355649
29-10 05:00,0.00012136254239142323
29-10 06:00,0.00016238650038289025
29-10 07:00,0.00020682912154031284
29-10 08:00,0.00021024778470626844
29-10 09:00,0.00016238650038289025
29-10 10:00,0.0001487118477190679
29-10 11:00,0.0001470025161360901
29-10 12:00,0.00012136254239142323
29-10 13:00,0.0001093972213105787
29-10 14:00,0.0001093972213105787
29-10 15:00,0.00011965321080844545
29-10 16:00,0.00013674652663822338
29-10 17:00,0.0001538398424680013
29-10 18:00,0.00016580516354884581
29-10 19:00,0.0001487118477190679
29-10 20:00,0.00013674652663822338
29-10 21:00,0.00010085056339568975
29-10 22:00,7.350125806804506e-05
29-10 23:00,9.230390548080079e-05
30-10 00:00,7.521058965102285e-05
30-10 01:00,8.71759107318674e-05
30-10 02:00,9.059457389782298e-05
30-10 03:00,9.230390548080079e-05
30-10 04:00,0.00010426922656164531
30-10 05:00,0.00012478120555737881
30-10 06:00,0.00014358385297013454
30-10 07:00,0.00017947981621266817
30-10 08:00,0.00017947981621266817
30-10 09:00,0.0001333278634722678
30-10 10:00,0.00012307187397440103
30-10 11:00,0.00011110655289355649
30-10 12:00,0.00010085056339568975
30-10 13:00,9.572256864675635e-05
30-10 14:00,9.401323706377857e-05
30-10 15:00,0.0001076878897276009
30-10 16:00,0.00012307187397440103
30-10 17:00,0.0001299092003063122
30-10 18:00,0.00014187452138715676
30-10 19:00,0.00012307187397440103
30-10 20:00,9.572256864675635e-05
30-10 21:00,7.179192648506727e-05
30-10 22:00,4.786128432337818e-05
30-10 23:00,5.2989279072311555e-05
31-10 00:00,5.1279947489333765e-05
31-10 01:00,5.2989279072311555e-05
31-10 02:00,4.957061590635597e-05
31-10 03:00,4.957061590635597e-05
31-10 04:00,5.811727382124493e-05
31-10 05:00,5.6407942238267136e-05
31-10 06:00,7.350125806804506e-05
31-10 07:00,0.00011794387922546766
31-10 08:00,0.00012136254239142323
31-10 09:00,9.059457389782298e-05
31-10 10:00,7.008259490208947e-05
31-10 11:00,6.153593698720051e-05
31-10 12:00,6.324526857017831e-05
31-10 13:00,6.324526857017831e-05
31-10 14:00,6.66639317361339e-05
31-10 15:00,6.66639317361339e-05
31-10 16:00,7.008259490208947e-05
31-10 17:00,8.033858439995623e-05
31-10 18:00,8.375724756591181e-05
31-10 19:00,7.350125806804506e-05
31-10 20:00,7.179192648506727e-05
31-10 21:00,7.350125806804506e-05
31-10 22:00,7.862925281697843e-05
31-10 23:00,9.914123181271193e-05
01-11 00:00,0.00014358385297013454
01-11 01:00,0.00013161853188929
01-11 02:00,0.00014187452138715676
01-11 03:00,0.00014358385297013454
01-11 04:00,0.0001333278634722678
01-11 05:00,0.00015725850563395687
01-11 06:00,0.00018460781096160157
01-11 07:00,0.0002153757794552018
01-11 08:00,0.00020341045837435728
01-11 09:00,0.00018118914779564595
01-11 10:00,0.00015554917405097908
01-11 11:00,0.00013845585822120117
01-11 12:00,0.00011623454764248985
01-11 13:00,0.00011452521605951207
01-11 14:00,0.00011110655289355649
01-11 15:00,0.00011623454764248985
01-11 16:00,0.00012649053714035662
01-11 17:00,0.00013674652663822338
01-11 18:00,0.0001333278634722678
01-11 19:00,0.0001487118477190679
01-11 20:00,0.00013845585822120117
01-11 21:00,0.00011281588447653427
01-11 22:00,0.00010085056339568975
01-11 23:00,0.00010085056339568975
02-11 00:00,0.00011281588447653427
02-11 01:00,0.00011794387922546766
02-11 02:00,0.00013845585822120117
02-11 03:00,0.0001281998687233344
02-11 04:00,0.0001333278634722678
02-11 05:00,0.00015896783721693468
02-11 06:00,0.00018631714254457936
02-11 07:00,0.00027007439011049114
02-11 08:00,0.0002649463953615578
02-11 09:00,0.00024101575319986868
02-11 10:00,0.00023075976370200192
02-11 11:00,0.00024272508478284647
02-11 12:00,0.0002205037742041352
02-11 13:00,0.00021195711628924622
02-11 14:00,0.00021708511103817957
02-11 15:00,0.0002393064216168909
02-11 16:00,0.00023417842686795752
02-11 17:00,0.00022563176895306855
02-11 18:00,0.0002187944426211574
02-11 19:00,0.00021708511103817957
02-11 20:00,0.0001760611530467126
02-11 21:00,0.00014529318455311233
02-11 22:00,9.059457389782298e-05
02-11 23:00,9.230390548080079e-05
03-11 00:00,7.862925281697843e-05
03-11 01:00,8.546657914888961e-05
03-11 02:00,8.546657914888961e-05
03-11 03:00,8.375724756591181e-05
03-11 04:00,7.691992123400065e-05
03-11 05:00,0.0001076878897276009
03-11 06:00,0.00014358385297013454
03-11 07:00,0.00022905043211902414
03-11 08:00,0.00022221310578711298
03-11 09:00,0.0001948638004594683
03-11 10:00,0.00017947981621266817
03-11 11:00,0.00017777048462969038
03-11 12:00,0.00017777048462969038
03-11 13:00,0.00017947981621266817
03-11 14:00,0.00019657313204244609
03-11 15:00,0.00017947981621266817
03-11 16:00,0.0001914451372935127
03-11 17:00,0.00019999179520840165
03-11 18:00,0.0001914451372935127
03-11 19:00,0.0002153757794552018
03-11 20:00,0.00016580516354884581
03-11 21:00,0.0001470025161360901
03-11 22:00,9.059457389782298e-05
03-11 23:00,8.033858439995623e-05
04-11 00:00,9.059457389782298e-05
04-11 01:00,9.059457389782298e-05
04-11 02:00,8.888524231484519e-05
04-11 03:00,8.888524231484519e-05
04-11 04:00,9.059457389782298e-05
04-11 05:00,9.401323706377857e-05
04-11 06:00,0.00011794387922546766
04-11 07:00,0.0001487118477190679
04-11 08:00,0.0001470025161360901
04-11 09:00,0.0001299092003063122
04-11 10:00,0.00012307187397440103
04-11 11:00,0.0001093972213105787
04-11 12:00,9.230390548080079e-05
04-11 13:00,9.401323706377857e-05
04-11 14:00,0.00010597855814462311
04-11 15:00,9.914123181271193e-05
04-11 16:00,0.0001093972213105787
04-11 17:00,0.00012649053714035662
04-11 18:00,0.00012136254239142323
04-11 19:00,0.00011110655289355649
04-11 20:00,9.059457389782298e-05
04-11 21:00,7.691992123400065e-05
04-11 22:00,6.49546001531561e-05
04-11 23:00,6.837326331911169e-05
05-11 00:00,8.033858439995623e-05
05-11 01:00,8.71759107318674e-05
05-11 02:00,8.204791598293402e-05
05-11 03:00,8.71759107318674e-05
05-11 04:00,0.00010426922656164531
05-11 05:00,0.0001093972213105787
05-11 06:00,0.0001538398424680013
05-11 07:00,0.00022392243737009076
05-11 08:00,0.00023417842686795752
05-11 09:00,0.00019657313204244609
05-11 10:00,0.00018802647412755714
05-11 11:00,0.00016751449513182363
05-11 12:00,0.00016751449513182363
05-11 13:00,0.00015725850563395687
05-11 14:00,0.0001743518214637348
05-11 15:00,0.00017093315829777922
05-11 16:00,0.0001760611530467126
05-11 17:00,0.0001760611530467126
05-11 18:00,0.00017777048462969038
05-11 19:00,0.00015896783721693468
05-11 20:00,0.00013674652663822338
05-11 21:00,0.00011452521605951207
05-11 22:00,6.66639317361339e-05
05-11 23:00,6.837326331911169e-05
06-11 00:00,7.179192648506727e-05
06-11 01:00,7.691992123400065e-05
06-11 02:00,8.033858439995623e-05
06-11 03:00,7.521058965102285e-05
06-11 04:00,8.71759107318674e-05
06-11 05:00,0.00010255989497866753
06-11 06:00,0.00012649053714035662
06-11 07:00,0.00020853845312329063
06-11 08:00,0.00021708511103817957
06-11 09:00,0.00018118914779564595
06-11 10:00,0.00017093315829777922
06-11 11:00,0.00016922382671480144
06-11 12:00,0.0001487118477190679
06-11 13:00,0.0001487118477190679
06-11 14:00,0.00016751449513182363
06-11 15:00,0.00016409583196586803
06-11 16:00,0.00017777048462969038
06-11 17:00,0.00018460781096160157
06-11 18:00,0.00016751449513182363
06-11 19:00,0.00016067716879991246
06-11 20:00,0.0001504211793020457
06-11 21:00,0.00011623454764248985
06-11 22:00,7.691992123400065e-05
06-11 23:00,8.71759107318674e-05
07-11 00:00,8.71759107318674e-05
07-11 01:00,0.00010255989497866753
07-11 02:00,9.743190022973415e-05
07-11 03:00,8.888524231484519e-05
07-11 04:00,0.0001093972213105787
07-11 05:00,0.0001281998687233344
07-11 06:00,0.00016409583196586803
07-11 07:00,0.0002444344163658243
07-11 08:00,0.0002786210480253801
07-11 09:00,0.00025298107428071325
07-11 10:00,0.00023075976370200192
07-11 11:00,0.00021195711628924622
07-11 12:00,0.00020511978995733506
07-11 13:00,0.00020341045837435728
07-11 14:00,0.00019999179520840165
07-11 15:00,0.00019315446887649052
07-11 16:00,0.0002017011267913795
07-11 17:00,0.00024101575319986868
07-11 18:00,0.00022905043211902414
07-11 19:00,0.00019315446887649052
07-11 20:00,0.00017777048462969038
07-11 21:00,0.00014358385297013454
07-11 22:00,8.375724756591181e-05
07-11 23:00,8.375724756591181e-05
08-11 00:00,8.71759107318674e-05
08-11 01:00,0.00010255989497866753
08-11 02:00,9.401323706377857e-05
08-11 03:00,9.401323706377857e-05
08-11 04:00,8.71759107318674e-05
08-11 05:00,0.00011281588447653427
08-11 06:00,0.00011281588447653427
08-11 07:00,0.0001743518214637348
08-11 08:00,0.000172642489880757
08-11 09:00,0.00016067716879991246
08-11 10:00,0.00013674652663822338
08-11 11:00,0.0001538398424680013
08-11 12:00,0.00014529318455311233
08-11 13:00,0.00014358385297013454
08-11 14:00,0.00013674652663822338
08-11 15:00,0.0001470025161360901
08-11 16:00,0.00014529318455311233
08-11 17:00,0.00013503719505524557
08-11 18:00,0.00013161853188929
08-11 19:00,0.00011110655289355649
08-11 20:00,0.00010085056339568975
08-11 21:00,8.375724756591181e-05
08-11 22:00,4.102395799146701e-05
08-11 23:00,4.957061590635597e-05
09-11 00:00,4.615195274040039e-05
09-11 01:00,6.837326331911169e-05
09-11 02:00,6.66639317361339e-05
09-11 03:00,6.153593698720051e-05
09-11 04:00,6.66639317361339e-05
09-11 05:00,7.862925281697843e-05
09-11 06:00,0.00010597855814462311
09-11 07:00,0.00015896783721693468
09-11 08:00,0.00015896783721693468
09-11 09:00,0.00015213051088502352
09-11 10:00,0.00014529318455311233
09-11 11:00,0.0001470025161360901
09-11 12:00,0.0001299092003063122
09-11 13:00,0.00014016518980417895
09-11 14:00,0.00014187452138715676
09-11 15:00,0.00014016518980417895
09-11 16:00,0.00015896783721693468
09-11 17:00,0.0001504211793020457
09-11 18:00,0.00014187452138715676
09-11 19:00,0.0001299092003063122
09-11 20:00,0.0001093972213105787
09-11 21:00,9.572256864675635e-05
09-11 22:00,5.6407942238267136e-05
09-11 23:00,5.9826605404222724e-05
10-11 00:00,6.324526857017831e-05
10-11 01:00,7.008259490208947e-05
10-11 02:00,7.008259490208947e-05
10-11 03:00,6.66639317361339e-05
10-11 04:00,7.862925281697843e-05
10-11 05:00,8.375724756591181e-05
10-11 06:00,0.00011623454764248985
10-11 07:00,0.000172642489880757
10-11 08:00,0.00018118914779564595
10-11 09:00,0.00016751449513182363
10-11 10:00,0.00015554917405097908
10-11 11:00,0.0001487118477190679
10-11 12:00,0.0001504211793020457
10-11 13:00,0.00016238650038289025
10-11 14:00,0.00016922382671480144
10-11 15:00,0.00015554917405097908
10-11 16:00,0.00017093315829777922
10-11 17:00,0.00016922382671480144
10-11 18:00,0.0001504211793020457
10-11 19:00,0.00014016518980417895
10-11 20:00,0.00012478120555737881
10-11 21:00,0.0001076878897276009
10-11 22:00,7.691992123400065e-05
10-11 23:00,8.204791598293402e-05
11-11 00:00,7.862925281697843e-05
11-11 01:00,8.546657914888961e-05
11-11 02:00,9.059457389782298e-05
11-11 03:00,8.888524231484519e-05
11-11 04:00,9.743190022973415e-05
11-11 05:00,0.00010085056339568975
11-11 06:00,0.0001076878897276009
11-11 07:00,0.0001470025161360901
11-11 08:00,0.00013161853188929
11-11 09:00,0.0001281998687233344
11-11 10:00,0.0001076878897276009
11-11 11:00,9.401323706377857e-05
11-11 12:00,8.033858439995623e-05
11-11 13:00,8.204791598293402e-05
11-11 14:00,8.033858439995623e-05
11-11 15:00,8.71759107318674e-05
11-11 16:00,0.00010597855814462311
11-11 17:00,0.00010426922656164531
11-11 18:00,9.743190022973415e-05
11-11 19:00,0.00010597855814462311
11-11 20:00,9.401323706377857e-05
11-11 21:00,8.546657914888961e-05
11-11 22:00,6.49546001531561e-05
11-11 23:00,6.66639317361339e-05
12-11 00:00,8.033858439995623e-05
12-11 01:00,9.230390548080079e-05
12-11 02:00,8.204791598293402e-05
12-11 03:00,7.521058965102285e-05
12-11 04:00,7.521058965102285e-05
12-11 05:00,8.375724756591181e-05
12-11 06:00,0.00011965321080844545
12-11 07:00,0.00018118914779564595
12-11 08:00,0.00016922382671480144
12-11 09:00,0.0001504211793020457
12-11 10:00,0.00013503719505524557
12-11 11:00,0.00013845585822120117
12-11 12:00,0.0001299092003063122
12-11 13:00,0.0001299092003063122
12-11 14:00,0.0001333278634722678
12-11 15:00,0.00014016518980417895
12-11 16:00,0.00012478120555737881
12-11 17:00,0.00013845585822120117
12-11 18:00,0.00014187452138715676
12-11 19:00,0.0001333278634722678
12-11 20:00,0.00011110655289355649
12-11 21:00,9.059457389782298e-05
12-11 22:00,6.837326331911169e-05
12-11 23:00,7.862925281697843e-05
13-11 00:00,8.204791598293402e-05
13-11 01:00,0.00010597855814462311
13-11 02:00,9.743190022973415e-05
13-11 03:00,0.00011110655289355649
13-11 04:00,0.00011794387922546766
13-11 05:00,0.00014358385297013454
13-11 06:00,0.0001743518214637348
13-11 07:00,0.0002649463953615578
13-11 08:00,0.0002786210480253801
13-11 09:00,0.00022563176895306855
13-11 10:00,0.00020511978995733506
13-11 11:00,0.00019315446887649052
13-11 12:00,0.00018973580571053492
13-11 13:00,0.00017777048462969038
13-11 14:00,0.00017947981621266817
13-11 15:00,0.00018289847937862373
13-11 16:00,0.00021024778470626844
13-11 17:00,0.00020511978995733506
13-11 18:00,0.0002017011267913795
13-11 19:00,0.0001760611530467126
13-11 20:00,0.0001470025161360901
13-11 21:00,0.00014529318455311233
13-11 22:00,9.572256864675635e-05
13-11 23:00,0.0001093972213105787
14-11 00:00,0.00012136254239142323
14-11 01:00,0.00013161853188929
14-11 02:00,0.0001299092003063122
14-11 03:00,0.00015213051088502352
14-11 04:00,0.00014358385297013454
14-11 05:00,0.00017947981621266817
14-11 06:00,0.00022392243737009076
14-11 07:00,0.0003196450060168471
14-11 08:00,0.00031280767968493595
14-11 09:00,0.00027520238485942455
14-11 10:00,0.0002598184006126244
14-11 11:00,0.00024101575319986868
14-11 12:00,0.00022563176895306855
14-11 13:00,0.0002153757794552018
14-11 14:00,0.00020511978995733506
14-11 15:00,0.000213666447872224
14-11 16:00,0.0002393064216168909
14-11 17:00,0.0002563997374466688
14-11 18:00,0.0002717837216934689
14-11 19:00,0.00025469040586369103
14-11 20:00,0.00022221310578711298
14-11 21:00,0.00018802647412755714
14-11 22:00,0.00013161853188929
14-11 23:00,0.00013845585822120117
15-11 00:00,0.0001470025161360901
15-11 01:00,0.00016238650038289025
15-11 02:00,0.00016238650038289025
15-11 03:00,0.00015554917405097908
15-11 04:00,0.00016238650038289025
15-11 05:00,0.00019828246362542387
15-11 06:00,0.00024785307953177984
15-11 07:00,0.00036921562192320314
15-11 08:00,0.00039656492725084774
15-11 09:00,0.00036921562192320314
15-11 10:00,0.0002922957006892025
15-11 11:00,0.0002803303796083579
15-11 12:00,0.00026323706377858
15-11 13:00,0.00025298107428071325
15-11 14:00,0.00026323706377858
15-11 15:00,0.0002393064216168909
15-11 16:00,0.0002922957006892025
15-11 17:00,0.0002974236954381358
15-11 18:00,0.0003008423586040914
15-11 19:00,0.0003008423586040914
15-11 20:00,0.00025469040586369103
15-11 21:00,0.0002153757794552018
15-11 22:00,0.00014358385297013454
15-11 23:00,0.00015554917405097908
16-11 00:00,0.0001743518214637348
16-11 01:00,0.0001914451372935127
16-11 02:00,0.00018802647412755714
16-11 03:00,0.00018973580571053492
16-11 04:00,0.00021195711628924622
16-11 05:00,0.00023075976370200192
16-11 06:00,0.0003008423586040914
16-11 07:00,0.00045981019582102606
16-11 08:00,0.0005213461328082266
16-11 09:00,0.0003982742588338256
16-11 10:00,0.00039314626408489217
16-11 11:00,0.0004051115851657367
16-11 12:00,0.00038630893775298104
16-11 13:00,0.00037776227983809206
16-11 14:00,0.00037776227983809206
16-11 15:00,0.0003845996061700032
16-11 16:00,0.00040682091674871455
16-11 17:00,0.0003999835904168033
16-11 18:00,0.0003845996061700032
16-11 19:00,0.0003709249535061809
16-11 20:00,0.00031109834810195817
16-11 21:00,0.0002581090690296466
16-11 22:00,0.0001487118477190679
16-11 23:00,0.00015725850563395687
17-11 00:00,0.0001538398424680013
17-11 01:00,0.00016751449513182363
17-11 02:00,0.00018118914779564595
17-11 03:00,0.00016580516354884581
17-11 04:00,0.00018631714254457936
17-11 05:00,0.00021024778470626844
17-11 06:00,0.0002871677059402691
17-11 07:00,0.00042904222732742585
17-11 08:00,0.0004478448747401815
17-11 09:00,0.000435879553659337
17-11 10:00,0.0003709249535061809
17-11 11:00,0.000353831637676403
17-11 12:00,0.00036066896400831417
17-11 13:00,0.00035041297451044736
17-11 14:00,0.00036579695875724747
17-11 15:00,0.0003623782955912919
17-11 16:00,0.0003709249535061809
17-11 17:00,0.00036579695875724747
17-11 18:00,0.0003880182693359588
17-11 19:00,0.00036579695875724747
17-11 20:00,0.0002820397111913357
17-11 21:00,0.00022563176895306855
17-11 22:00,0.00012649053714035662
17-11 23:00,0.00014358385297013454
18-11 00:00,0.0001333278634722678
18-11 01:00,0.0001470025161360901
18-11 02:00,0.00014529318455311233
18-11 03:00,0.00013161853188929
18-11 04:00,0.00014529318455311233
18-11 05:00,0.00016409583196586803
18-11 06:00,0.00018631714254457936
18-11 07:00,0.00023759709003391311
18-11 08:00,0.00026323706377858
18-11 09:00,0.0002017011267913795
18-11 10:00,0.00022221310578711298
18-11 11:00,0.0002017011267913795
18-11 12:00,0.00021708511103817957
18-11 13:00,0.00019315446887649052
18-11 14:00,0.00020682912154031284
18-11 15:00,0.00019315446887649052
18-11 16:00,0.00020341045837435728
18-11 17:00,0.00020341045837435728
18-11 18:00,0.00019999179520840165
18-11 19:00,0.00017777048462969038
18-11 20:00,0.00017777048462969038
18-11 21:00,0.00014529318455311233
18-11 22:00,0.00014016518980417895
18-11 23:00,0.00014529318455311233
19-11 00:00,0.00014016518980417895
19-11 01:00,0.0001487118477190679
19-11 02:00,0.0001487118477190679
19-11 03:00,0.00014187452138715676
19-11 04:00,0.0001538398424680013
19-11 05:00,0.00015896783721693468
19-11 06:00,0.00019999179520840165
19-11 07:00,0.0003247730007657805
19-11 08:00,0.00031793567443386936
19-11 09:00,0.00027520238485942455
19-11 10:00,0.00024785307953177984
19-11 11:00,0.0002717837216934689
19-11 12:00,0.0002717837216934689
19-11 13:00,0.00024272508478284647
19-11 14:00,0.00024272508478284647
19-11 15:00,0.00024956241111475763
19-11 16:00,0.00024614374794880206
19-11 17:00,0.0002512717426977354
19-11 18:00,0.00025469040586369103
19-11 19:00,0.00022221310578711298
19-11 20:00,0.00018631714254457936
19-11 21:00,0.00016922382671480144
19-11 22:00,9.059457389782298e-05
19-11 23:00,0.00010085056339568975
20-11 00:00,9.401323706377857e-05
20-11 01:00,9.572256864675635e-05
20-11 02:00,9.059457389782298e-05
20-11 03:00,9.914123181271193e-05
20-11 04:00,9.914123181271193e-05
20-11 05:00,0.00011794387922546766
20-11 06:00,0.00016067716879991246
20-11 07:00,0.00024614374794880206
20-11 08:00,0.0002563997374466688
20-11 09:00,0.00023075976370200192
20-11 10:00,0.00022221310578711298
20-11 11:00,0.00019828246362542387
20-11 12:00,0.00020341045837435728
20-11 13:00,0.00019999179520840165
20-11 14:00,0.00019315446887649052
20-11 15:00,0.0002017011267913795
20-11 16:00,0.0002187944426211574
20-11 17:00,0.00019657313204244609
20-11 18:00,0.00019315446887649052
20-11 19:00,0.00017777048462969038
20-11 20:00,0.00016238650038289025
20-11 21:00,0.0001299092003063122
20-11 22:00,7.862925281697843e-05
20-11 23:00,7.862925281697843e-05
21-11 00:00,9.059457389782298e-05
21-11 01:00,9.743190022973415e-05
21-11 02:00,0.00010255989497866753
21-11 03:00,0.00010255989497866753
21-11 04:00,0.00011452521605951207
21-11 05:00,0.0001333278634722678
21-11 06:00,0.00018631714254457936
21-11 07:00,0.00027007439011049114
21-11 08:00,0.00031793567443386936
21-11 09:00,0.0002666557269445356
21-11 10:00,0.00024614374794880206
21-11 11:00,0.00025469040586369103
21-11 12:00,0.00024614374794880206
21-11 13:00,0.0002581090690296466
21-11 14:00,0.00025298107428071325
21-11 15:00,0.00024614374794880206
21-11 16:00,0.00026836505852751336
21-11 17:00,0.0002563997374466688
21-11 18:00,0.00023759709003391311
21-11 19:00,0.00022392243737009076
21-11 20:00,0.00019999179520840165
21-11 21:00,0.0001504211793020457
21-11 22:00,9.059457389782298e-05
21-11 23:00,9.572256864675635e-05
22-11 00:00,9.743190022973415e-05
22-11 01:00,0.0001093972213105787
22-11 02:00,0.0001076878897276009
22-11 03:00,0.00011623454764248985
22-11 04:00,0.00011794387922546766
22-11 05:00,0.00013845585822120117
22-11 06:00,0.0001760611530467126
22-11 07:00,0.00027007439011049114
22-11 08:00,0.00029913302702111363
22-11 09:00,0.0002598184006126244
22-11 10:00,0.0002324690952849797
22-11 11:00,0.00024614374794880206
22-11 12:00,0.00022905043211902414
22-11 13:00,0.00023075976370200192
22-11 14:00,0.00023075976370200192
22-11 15:00,0.00023588775845093533
22-11 16:00,0.00023417842686795752
22-11 17:00,0.00022563176895306855
22-11 18:00,0.00022392243737009076
22-11 19:00,0.00021024778470626844
22-11 20:00,0.00018460781096160157
22-11 21:00,0.0001333278634722678
22-11 22:00,9.230390548080079e-05
22-11 23:00,8.888524231484519e-05
23-11 00:00,8.375724756591181e-05
23-11 01:00,0.00011623454764248985
23-11 02:00,0.00011965321080844545
23-11 03:00,0.00011965321080844545
23-11 04:00,0.00012307187397440103
23-11 05:00,0.00013845585822120117
23-11 06:00,0.00016409583196586803
23-11 07:00,0.00024614374794880206
23-11 08:00,0.00026836505852751336
23-11 09:00,0.00022392243737009076
23-11 10:00,0.00022392243737009076
23-11 11:00,0.00021195711628924622
23-11 12:00,0.00018460781096160157
23-11 13:00,0.0001743518214637348
23-11 14:00,0.0001914451372935127
23-11 15:00,0.00018289847937862373
23-11 16:00,0.0002187944426211574
23-11 17:00,0.0002187944426211574
23-11 18:00,0.00023588775845093533
23-11 19:00,0.0002187944426211574
23-11 20:00,0.00020341045837435728
23-11 21:00,0.00015554917405097908
23-11 22:00,0.00012136254239142323
23-11 23:00,0.00012649053714035662
24-11 00:00,0.00015554917405097908
24-11 01:00,0.0001504211793020457
24-11 02:00,0.00015725850563395687
24-11 03:00,0.00015896783721693468
24-11 04:00,0.00016922382671480144
24-11 05:00,0.00020511978995733506
24-11 06:00,0.00025298107428071325
24-11 07:00,0.000345284979761514
24-11 08:00,0.00039656492725084774
24-11 09:00,0.00032648233234875833
24-11 10:00,0.00030426102177004703
24-11 11:00,0.0002940050322721802
24-11 12:00,0.0002598184006126244
24-11 13:00,0.0002512717426977354
24-11 14:00,0.00027520238485942455
24-11 15:00,0.00026836505852751336
24-11 16:00,0.00027007439011049114
24-11 17:00,0.00028545837435729125
24-11 18:00,0.00024785307953177984
24-11 19:00,0.0002615277321956022
24-11 20:00,0.0002153757794552018
24-11 21:00,0.0001538398424680013
24-11 22:00,0.00010085056339568975
24-11 23:00,9.230390548080079e-05
25-11 00:00,8.204791598293402e-05
25-11 01:00,9.401323706377857e-05
25-11 02:00,8.546657914888961e-05
25-11 03:00,8.888524231484519e-05
25-11 04:00,9.572256864675635e-05
25-11 05:00,0.00011281588447653427
25-11 06:00,0.00011623454764248985
25-11 07:00,0.00014529318455311233
25-11 08:00,0.0001487118477190679
25-11 09:00,0.00014529318455311233
25-11 10:00,0.00011794387922546766
25-11 11:00,0.00012307187397440103
25-11 12:00,0.00011794387922546766
25-11 13:00,0.00011110655289355649
25-11 14:00,0.00010597855814462311
25-11 15:00,0.00012478120555737881
25-11 16:00,0.00011794387922546766
25-11 17:00,0.00011794387922546766
25-11 18:00,0.00011965321080844545
25-11 19:00,0.00012307187397440103
25-11 20:00,0.00012136254239142323
25-11 21:00,0.00010255989497866753
25-11 22:00,8.888524231484519e-05
25-11 23:00,7.691992123400065e-05
26-11 00:00,8.204791598293402e-05
26-11 01:00,9.743190022973415e-05
26-11 02:00,9.059457389782298e-05
26-11 03:00,9.059457389782298e-05
26-11 04:00,9.230390548080079e-05
26-11 05:00,0.0001093972213105787
26-11 06:00,0.00014187452138715676
26-11 07:00,0.00020682912154031284
26-11 08:00,0.00021708511103817957
26-11 09:00,0.00020341045837435728
26-11 10:00,0.00016751449513182363
26-11 11:00,0.00018973580571053492
26-11 12:00,0.00018289847937862373
26-11 13:00,0.0001487118477190679
26-11 14:00,0.00016067716879991246
26-11 15:00,0.0001487118477190679
26-11 16:00,0.00015725850563395687
26-11 17:00,0.00014187452138715676
26-11 18:00,0.0001504211793020457
26-11 19:00,0.00014358385297013454
26-11 20:00,0.00013674652663822338
26-11 21:00,0.00012649053714035662
26-11 22:00,8.033858439995623e-05
26-11 23:00,7.179192648506727e-05
27-11 00:00,7.350125806804506e-05
27-11 01:00,9.059457389782298e-05
27-11 02:00,9.743190022973415e-05
27-11 03:00,0.00010426922656164531
27-11 04:00,0.00011452521605951207
27-11 05:00,0.00012649053714035662
27-11 06:00,0.00018289847937862373
27-11 07:00,0.00025298107428071325
27-11 08:00,0.0002581090690296466
27-11 09:00,0.0002444344163658243
27-11 10:00,0.00022905043211902414
27-11 11:00,0.00018802647412755714
27-11 12:00,0.00018289847937862373
27-11 13:00,0.00019315446887649052
27-11 14:00,0.00018460781096160157
27-11 15:00,0.00019999179520840165
27-11 16:00,0.00021024778470626844
27-11 17:00,0.00020341045837435728
27-11 18:00,0.0002187944426211574
27-11 19:00,0.00018631714254457936
27-11 20:00,0.00014529318455311233
27-11 21:00,0.0001299092003063122
27-11 22:00,7.691992123400065e-05
27-11 23:00,8.375724756591181e-05
28-11 00:00,7.862925281697843e-05
28-11 01:00,7.862925281697843e-05
28-11 02:00,7.179192648506727e-05
28-11 03:00,7.179192648506727e-05
28-11 04:00,8.204791598293402e-05
28-11 05:00,9.572256864675635e-05
28-11 06:00,0.0001299092003063122
28-11 07:00,0.0001760611530467126
28-11 08:00,0.000213666447872224
28-11 09:00,0.00018289847937862373
28-11 10:00,0.00016751449513182363
28-11 11:00,0.0001760611530467126
28-11 12:00,0.00015725850563395687
28-11 13:00,0.00017093315829777922
28-11 14:00,0.00016580516354884581
28-11 15:00,0.00016922382671480144
28-11 16:00,0.00019999179520840165
28-11 17:00,0.00019315446887649052
28-11 18:00,0.00018118914779564595
28-11 19:00,0.0001743518214637348
28-11 20:00,0.00017093315829777922
28-11 21:00,0.00013503719505524557
28-11 22:00,9.572256864675635e-05
28-11 23:00,9.914123181271193e-05
29-11 00:00,9.059457389782298e-05
29-11 01:00,0.00010426922656164531
29-11 02:00,0.00010426922656164531
29-11 03:00,9.743190022973415e-05
29-11 04:00,0.00010426922656164531
29-11 05:00,0.00013161853188929
29-11 06:00,0.00016922382671480144
29-11 07:00,0.00023588775845093533
29-11 08:00,0.00024272508478284647
29-11 09:00,0.00023075976370200192
29-11 10:00,0.00022905043211902414
29-11 11:00,0.0002153757794552018
29-11 12:00,0.00022563176895306855
29-11 13:00,0.00020682912154031284
29-11 14:00,0.00020511978995733506
29-11 15:00,0.0002153757794552018
29-11 16:00,0.0002153757794552018
29-11 17:00,0.0002153757794552018
29-11 18:00,0.00021024778470626844
29-11 19:00,0.00020511978995733506
29-11 20:00,0.0001743518214637348
29-11 21:00,0.00013845585822120117
29-11 22:00,8.375724756591181e-05
29-11 23:00,8.546657914888961e-05
30-11 00:00,9.230390548080079e-05
30-11 01:00,9.914123181271193e-05
30-11 02:00,0.00011110655289355649
30-11 03:00,0.00010426922656164531
30-11 04:00,0.00011110655289355649
30-11 05:00,0.0001333278634722678
30-11 06:00,0.00016751449513182363
30-11 07:00,0.00026323706377858
30-11 08:00,0.00029058636910622466
30-11 09:00,0.0002649463953615578
30-11 10:00,0.0002563997374466688
30-11 11:00,0.00027007439011049114
30-11 12:00,0.0002563997374466688
30-11 13:00,0.00024956241111475763
30-11 14:00,0.0002581090690296466
30-11 15:00,0.0002666557269445356
30-11 16:00,0.00026836505852751336
30-11 17:00,0.00024614374794880206
30-11 18:00,0.0002786210480253801
30-11 19:00,0.00024272508478284647
30-11 20:00,0.0002205037742041352
30-11 21:00,0.0001760611530467126
30-11 22:00,0.00010426922656164531
30-11 23:00,0.00011452521605951207
01-12 00:00,9.572256864675635e-05
01-12 01:00,9.914123181271193e-05
01-12 02:00,0.00010085056339568975
01-12 03:00,9.572256864675635e-05
01-12 04:00,9.914123181271193e-05
01-12 05:00,0.00011965321080844545
01-12 06:00,0.0001504211793020457
01-12 07:00,0.0002393064216168909
01-12 08:00,0.00024272508478284647
01-12 09:00,0.00020682912154031284
01-12 10:00,0.00019315446887649052
01-12 11:00,0.00021708511103817957
01-12 12:00,0.00020341045837435728
01-12 13:00,0.00020682912154031284
01-12 14:00,0.000213666447872224
01-12 15:00,0.0002187944426211574
01-12 16:00,0.00022221310578711298
01-12 17:00,0.00024101575319986868
01-12 18:00,0.00021195711628924622
01-12 19:00,0.00020511978995733506
01-12 20:00,0.0001914451372935127
01-12 21:00,0.00013674652663822338
01-12 22:00,8.888524231484519e-05
01-12 23:00,0.00010085056339568975
02-12 00:00,9.572256864675635e-05
02-12 01:00,0.00010085056339568975
02-12 02:00,0.00011281588447653427
02-12 03:00,0.00011110655289355649
02-12 04:00,0.00010597855814462311
02-12 05:00,0.00010426922656164531
02-12 06:00,0.00011452521605951207
02-12 07:00,0.00015554917405097908
02-12 08:00,0.00013503719505524557
02-12 09:00,0.0001333278634722678
02-12 10:00,0.00011452521605951207
02-12 11:00,0.00011281588447653427
02-12 12:00,0.0001093972213105787
02-12 13:00,0.00011281588447653427
02-12 14:00,0.00010085056339568975
02-12 15:00,0.00011281588447653427
02-12 16:00,0.00011281588447653427
02-12 17:00,0.00012478120555737881
02-12 18:00,0.00012478120555737881
02-12 19:00,0.00011110655289355649
02-12 20:00,0.00010255989497866753
02-12 21:00,8.204791598293402e-05
02-12 22:00,6.153593698720051e-05
02-12 23:00,5.9826605404222724e-05
03-12 00:00,6.324526857017831e-05
03-12 01:00,7.008259490208947e-05
03-12 02:00,6.66639317361339e-05
03-12 03:00,7.350125806804506e-05
03-12 04:00,7.521058965102285e-05
03-12 05:00,8.546657914888961e-05
03-12 06:00,0.00013161853188929
03-12 07:00,0.0002017011267913795
03-12 08:00,0.0002324690952849797
03-12 09:00,0.00018973580571053492
03-12 10:00,0.00019828246362542387
03-12 11:00,0.00018973580571053492
03-12 12:00,0.00017777048462969038
03-12 13:00,0.00018460781096160157
03-12 14:00,0.00019828246362542387
03-12 15:00,0.0002153757794552018
03-12 16:00,0.00021195711628924622
03-12 17:00,0.00020511978995733506
03-12 18:00,0.0002017011267913795
03-12 19:00,0.00018802647412755714
03-12 20:00,0.00017947981621266817
03-12 21:00,0.00014016518980417895
03-12 22:00,9.230390548080079e-05
03-12 23:00,0.00010426922656164531
04-12 00:00,9.401323706377857e-05
04-12 01:00,0.00010426922656164531
04-12 02:00,0.0001093972213105787
04-12 03:00,0.00010255989497866753
04-12 04:00,0.00011281588447653427
04-12 05:00,0.00014187452138715676
04-12 06:00,0.00016751449513182363
04-12 07:00,0.0002615277321956022
04-12 08:00,0.0002786210480253801
04-12 09:00,0.00025298107428071325
04-12 10:00,0.0002444344163658243
04-12 11:00,0.00022905043211902414
04-12 12:00,0.0002153757794552018
04-12 13:00,0.00020511978995733506
04-12 14:00,0.0002205037742041352
04-12 15:00,0.0002444344163658243
04-12 16:00,0.00023588775845093533
04-12 17:00,0.0002563997374466688
04-12 18:00,0.00023588775845093533
04-12 19:00,0.00024272508478284647
04-12 20:00,0.00020682912154031284
04-12 21:00,0.00016067716879991246
04-12 22:00,0.0001093972213105787
04-12 23:00,0.00010597855814462311
05-12 00:00,0.00010597855814462311
05-12 01:00,0.0001093972213105787
05-12 02:00,0.00010426922656164531
05-12 03:00,0.00010597855814462311
05-12 04:00,9.914123181271193e-05
05-12 05:00,0.00013161853188929
05-12 06:00,0.0001470025161360901
05-12 07:00,0.00020853845312329063
05-12 08:00,0.00024101575319986868
05-12 09:00,0.00020853845312329063
05-12 10:00,0.00020341045837435728
05-12 11:00,0.00019999179520840165
05-12 12:00,0.00017777048462969038
05-12 13:00,0.00017947981621266817
05-12 14:00,0.00016238650038289025
05-12 15:00,0.00017947981621266817
05-12 16:00,0.00018289847937862373
05-12 17:00,0.00017947981621266817
05-12 18:00,0.00016922382671480144
05-12 19:00,0.00015213051088502352
05-12 20:00,0.00013674652663822338
05-12 21:00,9.401323706377857e-05
05-12 22:00,4.615195274040039e-05
05-12 23:00,5.469861065528935e-05
06-12 00:00,5.2989279072311555e-05
06-12 01:00,5.6407942238267136e-05
06-12 02:00,5.1279947489333765e-05
06-12 03:00,5.811727382124493e-05
06-12 04:00,6.837326331911169e-05
06-12 05:00,8.546657914888961e-05
06-12 06:00,0.0001076878897276009
06-12 07:00,0.0001538398424680013
06-12 08:00,0.00017777048462969038
06-12 09:00,0.00016580516354884581
06-12 10:00,0.0001487118477190679
06-12 11:00,0.0001299092003063122
06-12 12:00,0.00013845585822120117
06-12 13:00,0.00014529318455311233
06-12 14:00,0.00015554917405097908
06-12 15:00,0.00015896783721693468
06-12 16:00,0.0001470025161360901
06-12 17:00,0.0001743518214637348
06-12 18:00,0.0001504211793020457
06-12 19:00,0.0001333278634722678
06-12 20:00,0.0001281998687233344
06-12 21:00,0.00010085056339568975
06-12 22:00,6.66639317361339e-05
06-12 23:00,6.837326331911169e-05
07-12 00:00,5.9826605404222724e-05
07-12 01:00,6.153593698720051e-05
07-12 02:00,6.324526857017831e-05
07-12 03:00,5.811727382124493e-05
07-12 04:00,5.9826605404222724e-05
07-12 05:00,8.204791598293402e-05
07-12 06:00,9.743190022973415e-05
07-12 07:00,0.00014358385297013454
07-12 08:00,0.0001538398424680013
07-12 09:00,0.0001333278634722678
07-12 10:00,0.00011623454764248985
07-12 11:00,0.00011452521605951207
07-12 12:00,0.00010255989497866753
07-12 13:00,0.00010255989497866753
07-12 14:00,0.00011623454764248985
07-12 15:00,0.00014187452138715676
07-12 16:00,0.00013161853188929
07-12 17:00,0.00014358385297013454
07-12 18:00,0.00015896783721693468
07-12 19:00,0.00015554917405097908
07-12 20:00,0.0001281998687233344
07-12 21:00,0.0001093972213105787
07-12 22:00,8.888524231484519e-05
07-12 23:00,8.033858439995623e-05
08-12 00:00,0.00010426922656164531
08-12 01:00,0.0001076878897276009
08-12 02:00,0.0001076878897276009
08-12 03:00,8.546657914888961e-05
08-12 04:00,0.00010597855814462311
08-12 05:00,0.0001281998687233344
08-12 06:00,0.0001538398424680013
08-12 07:00,0.0002615277321956022
08-12 08:00,0.0002649463953615578
08-12 09:00,0.00022392243737009076
08-12 10:00,0.0002205037742041352
08-12 11:00,0.0002187944426211574
08-12 12:00,0.00022563176895306855
08-12 13:00,0.00020682912154031284
08-12 14:00,0.00021708511103817957
08-12 15:00,0.00024785307953177984
08-12 16:00,0.00023759709003391311
08-12 17:00,0.00024101575319986868
08-12 18:00,0.0002444344163658243
08-12 19:00,0.00022392243737009076
08-12 20:00,0.0001948638004594683
08-12 21:00,0.0001470025161360901
08-12 22:00,0.00010085056339568975
08-12 23:00,0.00011281588447653427
09-12 00:00,0.0001076878897276009
09-12 01:00,0.00011794387922546766
09-12 02:00,0.00010426922656164531
09-12 03:00,0.00011110655289355649
09-12 04:00,9.914123181271193e-05
09-12 05:00,0.00011281588447653427
09-12 06:00,0.00011623454764248985
09-12 07:00,0.00016580516354884581
09-12 08:00,0.00016580516354884581
09-12 09:00,0.00015213051088502352
09-12 10:00,0.0001470025161360901
09-12 11:00,0.00014016518980417895
09-12 12:00,0.0001281998687233344
09-12 13:00,0.00012478120555737881
09-12 14:00,0.0001333278634722678
09-12 15:00,0.00014187452138715676
09-12 16:00,0.00014187452138715676
09-12 17:00,0.00014187452138715676
09-12 18:00,0.00014358385297013454
09-12 19:00,0.0001333278634722678
09-12 20:00,0.0001504211793020457
09-12 21:00,0.00012649053714035662
09-12 22:00,0.00011794387922546766
09-12 23:00,0.00010255989497866753
10-12 00:00,0.00011794387922546766
10-12 01:00,0.0001281998687233344
10-12 02:00,0.00014529318455311233
10-12 03:00,0.0001281998687233344
10-12 04:00,0.00014529318455311233
10-12 05:00,0.000172642489880757
10-12 06:00,0.00023417842686795752
10-12 07:00,0.00032819166393173606
10-12 08:00,0.00034186631659555844
10-12 09:00,0.0002871677059402691
10-12 10:00,0.0002666557269445356
10-12 11:00,0.00023759709003391311
10-12 12:00,0.00023588775845093533
10-12 13:00,0.0002598184006126244
10-12 14:00,0.00022221310578711298
10-12 15:00,0.00025298107428071325
10-12 16:00,0.00028545837435729125
10-12 17:00,0.0002666557269445356
10-12 18:00,0.0002444344163658243
10-12 19:00,0.0002393064216168909
10-12 20:00,0.00019657313204244609
10-12 21:00,0.00016238650038289025
10-12 22:00,0.00010597855814462311
10-12 23:00,0.00011965321080844545
11-12 00:00,0.0001093972213105787
11-12 01:00,0.00011794387922546766
11-12 02:00,0.00012478120555737881
11-12 03:00,0.00012478120555737881
11-12 04:00,0.0001299092003063122
11-12 05:00,0.00015896783721693468
11-12 06:00,0.0002153757794552018
11-12 07:00,0.0002940050322721802
11-12 08:00,0.0003162263428508915
11-12 09:00,0.0002837490427743135
11-12 10:00,0.0002871677059402691
11-12 11:00,0.0002563997374466688
11-12 12:00,0.00027520238485942455
11-12 13:00,0.00024272508478284647
11-12 14:00,0.0002649463953615578
11-12 15:00,0.00024101575319986868
11-12 16:00,0.00024785307953177984
11-12 17:00,0.00025298107428071325
11-12 18:00,0.00022392243737009076
11-12 19:00,0.00022734110053604636
11-12 20:00,0.00019657313204244609
11-12 21:00,0.00015725850563395687
11-12 22:00,9.572256864675635e-05
11-12 23:00,0.00010426922656164531
12-12 00:00,0.00010085056339568975
12-12 01:00,0.00010597855814462311
12-12 02:00,0.0001076878897276009
12-12 03:00,0.00010426922656164531
12-12 04:00,0.0001093972213105787
12-12 05:00,0.00013845585822120117
12-12 06:00,0.0001743518214637348
12-12 07:00,0.00024272508478284647
12-12 08:00,0.00027007439011049114
12-12 09:00,0.00024272508478284647
12-12 10:00,0.0002205037742041352
12-12 11:00,0.00023075976370200192
12-12 12:00,0.0002205037742041352
12-12 13:00,0.00022734110053604636
12-12 14:00,0.0002187944426211574
12-12 15:00,0.00023588775845093533
12-12 16:00,0.00023759709003391311
12-12 17:00,0.00022563176895306855
12-12 18:00,0.00022905043211902414
12-12 19:00,0.0002017011267913795
12-12 20:00,0.0001760611530467126
12-12 21:00,0.00015725850563395687
12-12 22:00,9.743190022973415e-05
12-12 23:00,9.401323706377857e-05
13-12 00:00,0.00011110655289355649
13-12 01:00,0.00010085056339568975
13-12 02:00,0.00011794387922546766
13-12 03:00,0.00011965321080844545
13-12 04:00,0.0001333278634722678
13-12 05:00,0.00014358385297013454
13-12 06:00,0.0002153757794552018
13-12 07:00,0.0002940050322721802
13-12 08:00,0.0003299009955147139
13-12 09:00,0.0002786210480253801
13-12 10:00,0.0002598184006126244
13-12 11:00,0.0002563997374466688
13-12 12:00,0.00025298107428071325
13-12 13:00,0.0002393064216168909
13-12 14:00,0.0002786210480253801
13-12 15:00,0.00025469040586369103
13-12 16:00,0.00026323706377858
13-12 17:00,0.0002717837216934689
13-12 18:00,0.0002837490427743135
13-12 19:00,0.00023759709003391311
13-12 20:00,0.00020682912154031284
13-12 21:00,0.00018289847937862373
13-12 22:00,0.00011281588447653427
13-12 23:00,0.00011965321080844545
14-12 00:00,0.00013503719505524557
14-12 01:00,0.00013845585822120117
14-12 02:00,0.0001487118477190679
14-12 03:00,0.00014016518980417895
14-12 04:00,0.0001504211793020457
14-12 05:00,0.00018802647412755714
14-12 06:00,0.00022221310578711298
14-12 07:00,0.0003760529482551143
14-12 08:00,0.0003709249535061809
14-12 09:00,0.00033161032709769163
14-12 10:00,0.00031793567443386936
14-12 11:00,0.00033673832184662504
14-12 12:00,0.00032819166393173606
14-12 13:00,0.0002871677059402691
14-12 14:00,0.00029058636910622466
14-12 15:00,0.0002940050322721802
14-12 16:00,0.00029913302702111363
14-12 17:00,0.00031109834810195817
14-12 18:00,0.00027691171644240233
14-12 19:00,0.00029058636910622466
14-12 20:00,0.0002649463953615578
14-12 21:00,0.0002017011267913795
14-12 22:00,0.00014187452138715676
14-12 23:00,0.0001487118477190679
15-12 00:00,0.00016067716879991246
15-12 01:00,0.00017093315829777922
15-12 02:00,0.00016067716879991246
15-12 03:00,0.00016409583196586803
15-12 04:00,0.00018631714254457936
15-12 05:00,0.0002324690952849797
15-12 06:00,0.0003008423586040914
15-12 07:00,0.0004700661853188928
15-12 08:00,0.0004375888852423148
15-12 09:00,0.0004546822010720927
15-12 10:00,0.0003880182693359588
15-12 11:00,0.00036921562192320314
15-12 12:00,0.0003675062903402253
15-12 13:00,0.0003982742588338256
15-12 14:00,0.000353831637676403
15-12 15:00,0.0003675062903402253
15-12 16:00,0.0004204955694125369
15-12 17:00,0.0004375888852423148
15-12 18:00,0.0004102395799146701
15-12 19:00,0.0003982742588338256
15-12 20:00,0.0003401569850125806
15-12 21:00,0.0003008423586040914
15-12 22:00,0.00018289847937862373
15-12 23:00,0.000172642489880757
16-12 00:00,0.00019999179520840165
16-12 01:00,0.00018802647412755714
16-12 02:00,0.00019828246362542387
16-12 03:00,0.00018973580571053492
16-12 04:00,0.00020682912154031284
16-12 05:00,0.00020682912154031284
16-12 06:00,0.0002444344163658243
16-12 07:00,0.00026323706377858
16-12 08:00,0.0003025516901870692
16-12 09:00,0.00025469040586369103
16-12 10:00,0.0002324690952849797
16-12 11:00,0.00024785307953177984
16-12 12:00,0.00022221310578711298
16-12 13:00,0.00023759709003391311
16-12 14:00,0.00022392243737009076
16-12 15:00,0.0002324690952849797
16-12 16:00,0.0002444344163658243
16-12 17:00,0.0002393064216168909
16-12 18:00,0.00023588775845093533
16-12 19:00,0.0002324690952849797
16-12 20:00,0.00021708511103817957
16-12 21:00,0.00018289847937862373
16-12 22:00,0.00014016518980417895
16-12 23:00,0.0001333278634722678
17-12 00:00,0.00014529318455311233
17-12 01:00,0.00016409583196586803
17-12 02:00,0.000172642489880757
17-12 03:00,0.00015213051088502352
17-12 04:00,0.00016580516354884581
17-12 05:00,0.00019657313204244609
17-12 06:00,0.0002598184006126244
17-12 07:00,0.00037434361667213644
17-12 08:00,0.0004119489114976479
17-12 09:00,0.00038118094300404763
17-12 10:00,0.000353831637676403
17-12 11:00,0.00035554096925938077
17-12 12:00,0.00035041297451044736
17-12 13:00,0.00032648233234875833
17-12 14:00,0.00032819166393173606
17-12 15:00,0.0003521223060934252
17-12 16:00,0.00037434361667213644
17-12 17:00,0.00036579695875724747
17-12 18:00,0.00035041297451044736
17-12 19:00,0.0003487036429274696
17-12 20:00,0.00027691171644240233
17-12 21:00,0.00021708511103817957
17-12 22:00,0.00016238650038289025
17-12 23:00,0.00016067716879991246
18-12 00:00,0.00016409583196586803
18-12 01:00,0.00017093315829777922
18-12 02:00,0.000172642489880757
18-12 03:00,0.00015725850563395687
18-12 04:00,0.00016922382671480144
18-12 05:00,0.0002187944426211574
18-12 06:00,0.0003008423586040914
18-12 07:00,0.00041707690624658125
18-12 08:00,0.00043417022207635915
18-12 09:00,0.00039656492725084774
18-12 10:00,0.00042391423257849244
18-12 11:00,0.0003828902745870254
18-12 12:00,0.0003623782955912919
18-12 13:00,0.0003760529482551143
18-12 14:00,0.0003675062903402253
18-12 15:00,0.00039485559566787
18-12 16:00,0.00039314626408489217
18-12 17:00,0.00038118094300404763
18-12 18:00,0.00037434361667213644
18-12 19:00,0.00035554096925938077
18-12 20:00,0.0002837490427743135
18-12 21:00,0.0002444344163658243
18-12 22:00,0.0001538398424680013
18-12 23:00,0.00015896783721693468
19-12 00:00,0.00016067716879991246
19-12 01:00,0.00016238650038289025
19-12 02:00,0.00017947981621266817
19-12 03:00,0.00016067716879991246
19-12 04:00,0.00016751449513182363
19-12 05:00,0.0002324690952849797
19-12 06:00,0.00027691171644240233
19-12 07:00,0.0004512635379061371
19-12 08:00,0.0004051115851657367
19-12 09:00,0.0003726342850891587
19-12 10:00,0.000353831637676403
19-12 11:00,0.0003999835904168033
19-12 12:00,0.0003760529482551143
19-12 13:00,0.00035895963242533633
19-12 14:00,0.0003623782955912919
19-12 15:00,0.0003914369325019144
19-12 16:00,0.0003709249535061809
19-12 17:00,0.00036579695875724747
19-12 18:00,0.00037947161142106985
19-12 19:00,0.000353831637676403
19-12 20:00,0.0003008423586040914
19-12 21:00,0.00025298107428071325
19-12 22:00,0.0001470025161360901
19-12 23:00,0.00016409583196586803
20-12 00:00,0.0001743518214637348
20-12 01:00,0.000172642489880757
20-12 02:00,0.00018460781096160157
20-12 03:00,0.00018802647412755714
20-12 04:00,0.00018289847937862373
20-12 05:00,0.00023417842686795752
20-12 06:00,0.00029913302702111363
20-12 07:00,0.00044442621157422596
20-12 08:00,0.0004649381905699594
20-12 09:00,0.0004102395799146701
20-12 10:00,0.0004187862378295591
20-12 11:00,0.000403402253582759
20-12 12:00,0.0004102395799146701
20-12 13:00,0.00036408762717426974
20-12 14:00,0.00038630893775298104
20-12 15:00,0.0003982742588338256
20-12 16:00,0.00042220490099551466
20-12 17:00,0.0003999835904168033
20-12 18:00,0.0004102395799146701
20-12 19:00,0.0004102395799146701
20-12 20:00,0.0003247730007657805
20-12 21:00,0.00027520238485942455
20-12 22:00,0.0001948638004594683
20-12 23:00,0.00018289847937862373
21-12 00:00,0.0002017011267913795
21-12 01:00,0.00020511978995733506
21-12 02:00,0.00021195711628924622
21-12 03:00,0.0002153757794552018
21-12 04:00,0.00021195711628924622
21-12 05:00,0.0002512717426977354
21-12 06:00,0.00032648233234875833
21-12 07:00,0.0004837408379827152
21-12 08:00,0.0005811727382124493
21-12 09:00,0.0004837408379827152
21-12 10:00,0.0004375888852423148
21-12 11:00,0.00047177551690187066
21-12 12:00,0.00045297286948911493
21-12 13:00,0.0004563915326550705
21-12 14:00,0.0005093808117273821
21-12 15:00,0.0004734848484848484
21-12 16:00,0.00045297286948911493
21-12 17:00,0.00046835685373591504
21-12 18:00,0.00043417022207635915
21-12 19:00,0.0004187862378295591
21-12 20:00,0.00039485559566787
21-12 21:00,0.00031793567443386936
21-12 22:00,0.0001948638004594683
21-12 23:00,0.00020341045837435728
22-12 00:00,0.00021195711628924622
22-12 01:00,0.00023759709003391311
22-12 02:00,0.00022221310578711298
22-12 03:00,0.0002205037742041352
22-12 04:00,0.0002581090690296466
22-12 05:00,0.00030597035335302476
22-12 06:00,0.0003760529482551143
22-12 07:00,0.0005589514276337381
22-12 08:00,0.0005486954381358713
22-12 09:00,0.0004939968274805819
22-12 10:00,0.00048715950114867077
22-12 11:00,0.0005042528169784487
22-12 12:00,0.00047690351165080396
22-12 13:00,0.0004581008642380483
22-12 14:00,0.00048545016956569293
22-12 15:00,0.0005059621485614265
22-12 16:00,0.0005110901433103599
22-12 17:00,0.00048545016956569293
22-12 18:00,0.0004991248222295153
22-12 19:00,0.00046151952740400385
22-12 20:00,0.000403402253582759
22-12 21:00,0.00033331965868066947
22-12 22:00,0.0001914451372935127
22-12 23:00,0.00021024778470626844
23-12 00:00,0.00018460781096160157
23-12 01:00,0.0001914451372935127
23-12 02:00,0.00018973580571053492
23-12 03:00,0.00019657313204244609
23-12 04:00,0.00019999179520840165
23-12 05:00,0.00022905043211902414
23-12 06:00,0.00025469040586369103
23-12 07:00,0.0003247730007657805
23-12 08:00,0.0003247730007657805
23-12 09:00,0.0002786210480253801
23-12 10:00,0.00027520238485942455
23-12 11:00,0.0002786210480253801
23-12 12:00,0.00024956241111475763
23-12 13:00,0.00024272508478284647
23-12 14:00,0.00023759709003391311
23-12 15:00,0.0002444344163658243
23-12 16:00,0.0002512717426977354
23-12 17:00,0.00027007439011049114
23-12 18:00,0.00023075976370200192
23-12 19:00,0.0002205037742041352
23-12 20:00,0.00018802647412755714
23-12 21:00,0.0001914451372935127
23-12 22:00,0.0001504211793020457
23-12 23:00,0.00015554917405097908
24-12 00:00,0.00014187452138715676
24-12 01:00,0.0001470025161360901
24-12 02:00,0.00015554917405097908
24-12 03:00,0.0001538398424680013
24-12 04:00,0.00016067716879991246
24-12 05:00,0.00015554917405097908
24-12 06:00,0.000172642489880757
24-12 07:00,0.0002324690952849797
24-12 08:00,0.00024956241111475763
24-12 09:00,0.00022392243737009076
24-12 10:00,0.0002153757794552018
24-12 11:00,0.0002324690952849797
24-12 12:00,0.00021024778470626844
24-12 13:00,0.00020511978995733506
24-12 14:00,0.00019999179520840165
24-12 15:00,0.00021024778470626844
24-12 16:00,0.0002187944426211574
24-12 17:00,0.000213666447872224
24-12 18:00,0.0002153757794552018
24-12 19:00,0.00019315446887649052
24-12 20:00,0.00018973580571053492
24-12 21:00,0.00016751449513182363
24-12 22:00,0.0001333278634722678
24-12 23:00,0.00013503719505524557
25-12 00:00,0.00013161853188929
25-12 01:00,0.00013503719505524557
25-12 02:00,0.00013674652663822338
25-12 03:00,0.0001538398424680013
25-12 04:00,0.00013674652663822338
25-12 05:00,0.00016067716879991246
25-12 06:00,0.00020341045837435728
25-12 07:00,0.0002581090690296466
25-12 08:00,0.0002649463953615578
25-12 09:00,0.00022905043211902414
25-12 10:00,0.00022563176895306855
25-12 11:00,0.00021708511103817957
25-12 12:00,0.00019828246362542387
25-12 13:00,0.0001948638004594683
25-12 14:00,0.0002017011267913795
25-12 15:00,0.0002187944426211574
25-12 16:00,0.00022392243737009076
25-12 17:00,0.00023417842686795752
25-12 18:00,0.0002393064216168909
25-12 19:00,0.00023075976370200192
25-12 20:00,0.000213666447872224
25-12 21:00,0.00019315446887649052
25-12 22:00,0.00014529318455311233
25-12 23:00,0.00017777048462969038
26-12 00:00,0.00016580516354884581
26-12 01:00,0.0001760611530467126
26-12 02:00,0.00018460781096160157
26-12 03:00,0.00018973580571053492
26-12 04:00,0.00017093315829777922
26-12 05:00,0.00017777048462969038
26-12 06:00,0.00022563176895306855
26-12 07:00,0.0002649463953615578
26-12 08:00,0.0003008423586040914
26-12 09:00,0.0002974236954381358
26-12 10:00,0.00023075976370200192
26-12 11:00,0.00024101575319986868
26-12 12:00,0.00019828246362542387
26-12 13:00,0.00022563176895306855
26-12 14:00,0.0002324690952849797
26-12 15:00,0.00023075976370200192
26-12 16:00,0.00022221310578711298
26-12 17:00,0.00023075976370200192
26-12 18:00,0.0002187944426211574
26-12 19:00,0.0002153757794552018
26-12 20:00,0.00019315446887649052
26-12 21:00,0.00016409583196586803
26-12 22:00,0.0001333278634722678
26-12 23:00,0.0001333278634722678
27-12 00:00,0.00016922382671480144
27-12 01:00,0.00015725850563395687
27-12 02:00,0.00015213051088502352
27-12 03:00,0.00015896783721693468
27-12 04:00,0.00016922382671480144
27-12 05:00,0.00020853845312329063
27-12 06:00,0.00025469040586369103
27-12 07:00,0.0004119489114976479
27-12 08:00,0.000403402253582759
27-12 09:00,0.0003880182693359588
27-12 10:00,0.00038118094300404763
27-12 11:00,0.00036066896400831417
27-12 12:00,0.00033673832184662504
27-12 13:00,0.00033161032709769163
27-12 14:00,0.00032819166393173606
27-12 15:00,0.0003384476534296029
27-12 16:00,0.0003213543375998249
27-12 17:00,0.00033502899026364725
27-12 18:00,0.0003675062903402253
27-12 19:00,0.0003247730007657805
27-12 20:00,0.00031280767968493595
27-12 21:00,0.0002324690952849797
27-12 22:00,0.00014358385297013454
27-12 23:00,0.00014358385297013454
28-12 00:00,0.00014529318455311233
28-12 01:00,0.0001504211793020457
28-12 02:00,0.0001504211793020457
28-12 03:00,0.00014529318455311233
28-12 04:00,0.0001504211793020457
28-12 05:00,0.00017947981621266817
28-12 06:00,0.000213666447872224
28-12 07:00,0.0003162263428508915
28-12 08:00,0.000345284979761514
28-12 09:00,0.00031280767968493595
28-12 10:00,0.0002803303796083579
28-12 11:00,0.00027007439011049114
28-12 12:00,0.0002581090690296466
28-12 13:00,0.0002649463953615578
28-12 14:00,0.0002649463953615578
28-12 15:00,0.0002649463953615578
28-12 16:00,0.00026836505852751336
28-12 17:00,0.0002786210480253801
28-12 18:00,0.00028545837435729125
28-12 19:00,0.00027007439011049114
28-12 20:00,0.00023588775845093533
28-12 21:00,0.00017777048462969038
28-12 22:00,0.00011794387922546766
28-12 23:00,0.00012478120555737881
29-12 00:00,0.00013503719505524557
29-12 01:00,0.0001504211793020457
29-12 02:00,0.0001538398424680013
29-12 03:00,0.0001470025161360901
29-12 04:00,0.00016751449513182363
29-12 05:00,0.00019657313204244609
29-12 06:00,0.0002563997374466688
29-12 07:00,0.00036066896400831417
29-12 08:00,0.00037776227983809206
29-12 09:00,0.0003093890165189804
29-12 10:00,0.0003213543375998249
29-12 11:00,0.0003008423586040914
29-12 12:00,0.0003025516901870692
29-12 13:00,0.0003093890165189804
29-12 14:00,0.0002974236954381358
29-12 15:00,0.0003093890165189804
29-12 16:00,0.00031109834810195817
29-12 17:00,0.0003008423586040914
29-12 18:00,0.00031109834810195817
29-12 19:00,0.00027691171644240233
29-12 20:00,0.00022734110053604636
29-12 21:00,0.00019999179520840165
29-12 22:00,0.00012307187397440103
29-12 23:00,0.00013161853188929
30-12 00:00,0.00011110655289355649
30-12 01:00,0.0001299092003063122
30-12 02:00,0.00012307187397440103
30-12 03:00,0.00014016518980417895
30-12 04:00,0.0001299092003063122
30-12 05:00,0.00014016518980417895
30-12 06:00,0.00016580516354884581
30-12 07:00,0.00021024778470626844
30-12 08:00,0.0002017011267913795
30-12 09:00,0.00017777048462969038
30-12 10:00,0.0001760611530467126
30-12 11:00,0.00016409583196586803
30-12 12:00,0.0001470025161360901
30-12 13:00,0.0001487118477190679
30-12 14:00,0.00015213051088502352
30-12 15:00,0.00015725850563395687
30-12 16:00,0.00018802647412755714
30-12 17:00,0.000172642489880757
30-12 18:00,0.00015554917405097908
30-12 19:00,0.00015725850563395687
30-12 20:00,0.00016067716879991246
30-12 21:00,0.00012478120555737881
30-12 22:00,0.00011623454764248985
30-12 23:00,0.00011281588447653427
31-12 00:00,0.00012649053714035662
31-12 01:00,0.00011623454764248985
31-12 02:00,0.00011452521605951207
31-12 03:00,0.00011794387922546766
31-12 04:00,0.00013674652663822338
31-12 05:00,0.00013845585822120117
31-12 06:00,0.0001538398424680013
31-12 07:00,0.00019828246362542387
31-12 08:00,0.0001948638004594683
31-12 09:00,0.00018802647412755714
31-12 10:00,0.00018118914779564595
31-12 11:00,0.00018118914779564595
31-12 12:00,0.00017093315829777922
31-12 13:00,0.00017777048462969038
31-12 14:00,0.0001914451372935127
31-12 15:00,0.00018802647412755714
31-12 16:00,0.00018973580571053492
31-12 17:00,0.00020853845312329063
31-12 18:00,0.00020853845312329063
31-12 19:00,0.00018289847937862373
31-12 20:00,0.00018289847937862373
31-12 21:00,0.00015213051088502352
31-12 22:00,0.00014358385297013454
31-12 23:00,0.00015554917405097908
