Zeit (TT-MM hh:mm),Wärme gesamt (kW),Kälte gesamt (kW),Strom gesamt (kW),Zone 1-Raumwärme (kW),Zone 1-Trinkwarmwasser (kW),Zone 1-Klimatisierung (kW),Zone 1-Prozesskälte (kW),Zone 1-Nutzerstrom (kW),Zone 1-Elektromobilität (kW)
01-01 00:00,68.2,0.0,0.0,68.19999694824219,0.0,0,0,0,0
01-01 01:00,68.7,0.0,0.0,68.69999694824219,0.0,0,0,0,0
01-01 02:00,59.9,0.0,0.0,59.900001525878906,0.0,0,0,0,0
01-01 03:00,63.1,0.0,0.0,63.099998474121094,0.0,0,0,0,0
01-01 04:00,66.6,0.0,0.0,66.5999984741211,0.0,0,0,0,0
01-01 05:00,64.7,0.0,0.0,64.69999694824219,0.0,0,0,0,0
01-01 06:00,75.3,0.0,0.0,75.4000015258789,0.0,0,0,0,0
01-01 07:00,78.1,0.0,0.0,74.5,3.5999999046325684,0,0,0,0
01-01 08:00,89.6,0.0,0.0,80.5999984741211,9.0,0,0,0,0
01-01 09:00,100.7,0.0,0.0,87.5999984741211,13.100000381469727,0,0,0,0
01-01 10:00,110.2,0.0,0.0,93.0999984741211,17.100000381469727,0,0,0,0
01-01 11:00,117.6,0.0,0.0,97.5999984741211,20.0,0,0,0,0
01-01 12:00,126.8,0.0,0.0,101.19999694824219,25.600000381469727,0,0,0,0
01-01 13:00,160.7,0.0,0.0,126.30000305175781,34.400001525878906,0,0,0,0
01-01 14:00,176.0,0.0,0.0,134.8000030517578,41.20000076293945,0,0,0,0
01-01 15:00,206.1,0.0,0.0,161.39999389648438,44.70000076293945,0,0,0,0
01-01 16:00,193.7,0.0,0.0,153.39999389648438,40.29999923706055,0,0,0,0
01-01 17:00,152.6,0.0,0.0,122.30000305175781,30.299999237060547,0,0,0,0
01-01 18:00,132.4,0.0,0.0,110.80000305175781,21.600000381469727,0,0,0,0
01-01 19:00,121.3,0.0,0.0,103.9000015258789,17.399999618530273,0,0,0,0
01-01 20:00,107.7,0.0,0.0,95.0999984741211,12.600000381469727,0,0,0,0
01-01 21:00,104.4,0.0,0.0,96.0999984741211,8.300000190734863,0,0,0,0
01-01 22:00,94.5,0.0,0.0,93.0,1.5,0,0,0,0
01-01 23:00,98.4,0.0,0.0,96.9000015258789,1.5,0,0,0,0
02-01 00:00,114.7,0.0,0.0,114.69999694824219,0.0,0,0,0,0
02-01 01:00,114.6,0.0,0.0,114.5999984741211,0.0,0,0,0,0
02-01 02:00,104.6,0.0,0.0,104.5999984741211,0.0,0,0,0,0
02-01 03:00,110.8,0.0,0.0,110.80000305175781,0.0,0,0,0,0
02-01 04:00,113.2,0.0,0.0,113.19999694824219,0.0,0,0,0,0
02-01 05:00,109.0,0.0,0.0,109.0,0.0,0,0,0,0
02-01 06:00,144.6,0.0,0.0,140.6999969482422,3.9000000953674316,0,0,0,0
02-01 07:00,179.0,0.0,0.0,156.6999969482422,22.299999237060547,0,0,0,0
02-01 08:00,215.4,0.0,0.0,183.10000610351562,32.29999923706055,0,0,0,0
02-01 09:00,244.3,0.0,0.0,206.0,38.29999923706055,0,0,0,0
02-01 10:00,268.8,0.0,0.0,227.60000610351562,41.20000076293945,0,0,0,0
02-01 11:00,259.2,0.0,0.0,218.1999969482422,41.0,0,0,0,0
02-01 12:00,267.6,0.0,0.0,225.0,42.599998474121094,0,0,0,0
02-01 13:00,290.2,0.0,0.0,240.8000030517578,49.29999923706055,0,0,0,0
02-01 14:00,286.1,0.0,0.0,237.3000030517578,48.79999923706055,0,0,0,0
02-01 15:00,345.8,0.0,0.0,283.20001220703125,62.599998474121094,0,0,0,0
02-01 16:00,382.1,0.0,0.0,312.79998779296875,69.30000305175781,0,0,0,0
02-01 17:00,387.0,0.0,0.0,314.1000061035156,72.9000015258789,0,0,0,0
02-01 18:00,408.0,0.0,0.0,335.20001220703125,72.80000305175781,0,0,0,0
02-01 19:00,342.9,0.0,0.0,284.0,58.900001525878906,0,0,0,0
02-01 20:00,268.5,0.0,0.0,227.6999969482422,40.79999923706055,0,0,0,0
02-01 21:00,206.6,0.0,0.0,183.60000610351562,23.0,0,0,0,0
02-01 22:00,153.1,0.0,0.0,142.0,11.199999809265137,0,0,0,0
02-01 23:00,147.4,0.0,0.0,146.60000610351562,0.800000011920929,0,0,0,0
03-01 00:00,161.6,0.0,0.0,161.60000610351562,0.0,0,0,0,0
03-01 01:00,146.8,0.0,0.0,146.8000030517578,0.0,0,0,0,0
03-01 02:00,146.0,0.0,0.0,146.0,0.0,0,0,0,0
03-01 03:00,128.0,0.0,0.0,128.0,0.0,0,0,0,0
03-01 04:00,143.0,0.0,0.0,143.0,0.0,0,0,0,0
03-01 05:00,153.5,0.0,0.0,153.5,0.0,0,0,0,0
03-01 06:00,178.7,0.0,0.0,174.6999969482422,4.0,0,0,0,0
03-01 07:00,224.8,0.0,0.0,201.10000610351562,23.700000762939453,0,0,0,0
03-01 08:00,256.1,0.0,0.0,224.39999389648438,31.700000762939453,0,0,0,0
03-01 09:00,258.2,0.0,0.0,223.6999969482422,34.599998474121094,0,0,0,0
03-01 10:00,310.7,0.0,0.0,266.6000061035156,44.099998474121094,0,0,0,0
03-01 11:00,290.1,0.0,0.0,248.60000610351562,41.400001525878906,0,0,0,0
03-01 12:00,299.4,0.0,0.0,256.3999938964844,43.0,0,0,0,0
03-01 13:00,319.2,0.0,0.0,270.29998779296875,48.900001525878906,0,0,0,0
03-01 14:00,351.5,0.0,0.0,297.6000061035156,53.900001525878906,0,0,0,0
03-01 15:00,389.0,0.0,0.0,325.70001220703125,63.29999923706055,0,0,0,0
03-01 16:00,437.8,0.0,0.0,366.3999938964844,71.4000015258789,0,0,0,0
03-01 17:00,474.1,0.0,0.0,393.70001220703125,80.4000015258789,0,0,0,0
03-01 18:00,423.9,0.0,0.0,354.6000061035156,69.30000305175781,0,0,0,0
03-01 19:00,395.3,0.0,0.0,334.0,61.29999923706055,0,0,0,0
03-01 20:00,308.6,0.0,0.0,266.1000061035156,42.5,0,0,0,0
03-01 21:00,195.1,0.0,0.0,175.1999969482422,19.899999618530273,0,0,0,0
03-01 22:00,172.5,0.0,0.0,160.89999389648438,11.600000381469727,0,0,0,0
03-01 23:00,141.6,0.0,0.0,140.89999389648438,0.699999988079071,0,0,0,0
04-01 00:00,145.0,0.0,0.0,145.0,0.0,0,0,0,0
04-01 01:00,138.4,0.0,0.0,138.39999389648438,0.0,0,0,0,0
04-01 02:00,144.6,0.0,0.0,144.60000610351562,0.0,0,0,0,0
04-01 03:00,139.4,0.0,0.0,139.39999389648438,0.0,0,0,0,0
04-01 04:00,139.2,0.0,0.0,139.1999969482422,0.0,0,0,0,0
04-01 05:00,145.0,0.0,0.0,145.0,0.0,0,0,0,0
04-01 06:00,156.6,0.0,0.0,153.0,3.5999999046325684,0,0,0,0
04-01 07:00,222.1,0.0,0.0,197.8000030517578,24.299999237060547,0,0,0,0
04-01 08:00,246.7,0.0,0.0,214.6999969482422,32.0,0,0,0,0
04-01 09:00,246.0,0.0,0.0,212.1999969482422,33.79999923706055,0,0,0,0
04-01 10:00,271.8,0.0,0.0,231.10000610351562,40.70000076293945,0,0,0,0
04-01 11:00,273.5,0.0,0.0,231.1999969482422,42.29999923706055,0,0,0,0
04-01 12:00,282.2,0.0,0.0,238.3000030517578,43.900001525878906,0,0,0,0
04-01 13:00,295.5,0.0,0.0,247.60000610351562,47.900001525878906,0,0,0,0
04-01 14:00,308.6,0.0,0.0,257.20001220703125,51.400001525878906,0,0,0,0
04-01 15:00,358.4,0.0,0.0,295.1000061035156,63.29999923706055,0,0,0,0
04-01 16:00,412.2,0.0,0.0,338.0,74.19999694824219,0,0,0,0
04-01 17:00,394.1,0.0,0.0,320.3999938964844,73.69999694824219,0,0,0,0
04-01 18:00,377.1,0.0,0.0,307.79998779296875,69.30000305175781,0,0,0,0
04-01 19:00,316.6,0.0,0.0,260.0,56.599998474121094,0,0,0,0
04-01 20:00,261.0,0.0,0.0,218.89999389648438,42.099998474121094,0,0,0,0
04-01 21:00,169.8,0.0,0.0,148.10000610351562,21.700000762939453,0,0,0,0
04-01 22:00,123.3,0.0,0.0,112.4000015258789,10.899999618530273,0,0,0,0
04-01 23:00,107.2,0.0,0.0,106.4000015258789,0.800000011920929,0,0,0,0
05-01 00:00,94.8,0.0,0.0,94.80000305175781,0.0,0,0,0,0
05-01 01:00,91.3,0.0,0.0,91.30000305175781,0.0,0,0,0,0
05-01 02:00,81.2,0.0,0.0,81.19999694824219,0.0,0,0,0,0
05-01 03:00,79.1,0.0,0.0,79.0999984741211,0.0,0,0,0,0
05-01 04:00,77.6,0.0,0.0,77.5999984741211,0.0,0,0,0,0
05-01 05:00,83.9,0.0,0.0,83.9000015258789,0.0,0,0,0,0
05-01 06:00,92.0,0.0,0.0,88.4000015258789,3.5999999046325684,0,0,0,0
05-01 07:00,139.8,0.0,0.0,115.69999694824219,24.100000381469727,0,0,0,0
05-01 08:00,151.8,0.0,0.0,121.69999694824219,30.100000381469727,0,0,0,0
05-01 09:00,172.5,0.0,0.0,136.8000030517578,35.70000076293945,0,0,0,0
05-01 10:00,206.0,0.0,0.0,161.0,45.0,0,0,0,0
05-01 11:00,202.6,0.0,0.0,158.10000610351562,44.5,0,0,0,0
05-01 12:00,172.6,0.0,0.0,133.10000610351562,39.5,0,0,0,0
05-01 13:00,192.0,0.0,0.0,146.5,45.5,0,0,0,0
05-01 14:00,219.0,0.0,0.0,167.1999969482422,51.900001525878906,0,0,0,0
05-01 15:00,253.7,0.0,0.0,192.3000030517578,61.400001525878906,0,0,0,0
05-01 16:00,288.5,0.0,0.0,219.1999969482422,69.30000305175781,0,0,0,0
05-01 17:00,287.2,0.0,0.0,215.6999969482422,71.5,0,0,0,0
05-01 18:00,305.6,0.0,0.0,232.0,73.5999984741211,0,0,0,0
05-01 19:00,278.3,0.0,0.0,215.1999969482422,63.099998474121094,0,0,0,0
05-01 20:00,214.7,0.0,0.0,171.3000030517578,43.400001525878906,0,0,0,0
05-01 21:00,154.1,0.0,0.0,131.3000030517578,22.799999237060547,0,0,0,0
05-01 22:00,111.8,0.0,0.0,101.5,10.300000190734863,0,0,0,0
05-01 23:00,110.0,0.0,0.0,109.30000305175781,0.699999988079071,0,0,0,0
06-01 00:00,116.9,0.0,0.0,116.9000015258789,0.0,0,0,0,0
06-01 01:00,115.6,0.0,0.0,115.5999984741211,0.0,0,0,0,0
06-01 02:00,102.1,0.0,0.0,102.0999984741211,0.0,0,0,0,0
06-01 03:00,110.1,0.0,0.0,110.0999984741211,0.0,0,0,0,0
06-01 04:00,121.6,0.0,0.0,121.5999984741211,0.0,0,0,0,0
06-01 05:00,121.8,0.0,0.0,121.80000305175781,0.0,0,0,0,0
06-01 06:00,119.3,0.0,0.0,119.30000305175781,0.0,0,0,0,0
06-01 07:00,123.1,0.0,0.0,121.5999984741211,1.5,0,0,0,0
06-01 08:00,132.8,0.0,0.0,126.19999694824219,6.599999904632568,0,0,0,0
06-01 09:00,170.7,0.0,0.0,156.0,14.699999809265137,0,0,0,0
06-01 10:00,213.9,0.0,0.0,186.60000610351562,27.299999237060547,0,0,0,0
06-01 11:00,248.4,0.0,0.0,210.8000030517578,37.599998474121094,0,0,0,0
06-01 12:00,270.6,0.0,0.0,227.1999969482422,43.400001525878906,0,0,0,0
06-01 13:00,301.5,0.0,0.0,250.10000610351562,51.400001525878906,0,0,0,0
06-01 14:00,338.4,0.0,0.0,279.79998779296875,58.599998474121094,0,0,0,0
06-01 15:00,339.6,0.0,0.0,279.29998779296875,60.29999923706055,0,0,0,0
06-01 16:00,316.0,0.0,0.0,260.8999938964844,55.099998474121094,0,0,0,0
06-01 17:00,254.0,0.0,0.0,215.6999969482422,38.29999923706055,0,0,0,0
06-01 18:00,216.7,0.0,0.0,187.6999969482422,29.0,0,0,0,0
06-01 19:00,181.0,0.0,0.0,161.5,19.5,0,0,0,0
06-01 20:00,145.0,0.0,0.0,132.6999969482422,12.300000190734863,0,0,0,0
06-01 21:00,133.2,0.0,0.0,126.5,6.699999809265137,0,0,0,0
06-01 22:00,120.0,0.0,0.0,117.9000015258789,2.0999999046325684,0,0,0,0
06-01 23:00,136.7,0.0,0.0,136.6999969482422,0.0,0,0,0,0
07-01 00:00,116.3,0.0,0.0,116.30000305175781,0.0,0,0,0,0
07-01 01:00,132.8,0.0,0.0,132.8000030517578,0.0,0,0,0,0
07-01 02:00,123.4,0.0,0.0,123.4000015258789,0.0,0,0,0,0
07-01 03:00,125.9,0.0,0.0,125.9000015258789,0.0,0,0,0,0
07-01 04:00,128.5,0.0,0.0,128.5,0.0,0,0,0,0
07-01 05:00,126.2,0.0,0.0,126.19999694824219,0.0,0,0,0,0
07-01 06:00,136.3,0.0,0.0,136.3000030517578,0.0,0,0,0,0
07-01 07:00,136.2,0.0,0.0,132.39999389648438,3.799999952316284,0,0,0,0
07-01 08:00,155.9,0.0,0.0,146.1999969482422,9.800000190734863,0,0,0,0
07-01 09:00,148.8,0.0,0.0,136.5,12.300000190734863,0,0,0,0
07-01 10:00,153.2,0.0,0.0,137.1999969482422,16.100000381469727,0,0,0,0
07-01 11:00,169.1,0.0,0.0,148.5,20.600000381469727,0,0,0,0
07-01 12:00,191.0,0.0,0.0,164.60000610351562,26.399999618530273,0,0,0,0
07-01 13:00,225.3,0.0,0.0,187.60000610351562,37.70000076293945,0,0,0,0
07-01 14:00,189.2,0.0,0.0,154.89999389648438,34.29999923706055,0,0,0,0
07-01 15:00,252.6,0.0,0.0,208.3000030517578,44.29999923706055,0,0,0,0
07-01 16:00,235.0,0.0,0.0,193.89999389648438,41.099998474121094,0,0,0,0
07-01 17:00,207.0,0.0,0.0,173.5,33.599998474121094,0,0,0,0
07-01 18:00,169.4,0.0,0.0,145.3000030517578,24.100000381469727,0,0,0,0
07-01 19:00,154.9,0.0,0.0,135.3000030517578,19.600000381469727,0,0,0,0
07-01 20:00,127.3,0.0,0.0,113.80000305175781,13.5,0,0,0,0
07-01 21:00,108.9,0.0,0.0,101.0,7.900000095367432,0,0,0,0
07-01 22:00,95.2,0.0,0.0,93.80000305175781,1.399999976158142,0,0,0,0
07-01 23:00,99.2,0.0,0.0,97.69999694824219,1.5,0,0,0,0
08-01 00:00,96.3,0.0,0.0,96.30000305175781,0.0,0,0,0,0
08-01 01:00,92.6,0.0,0.0,92.5999984741211,0.0,0,0,0,0
08-01 02:00,81.9,0.0,0.0,82.0,0.0,0,0,0,0
08-01 03:00,77.7,0.0,0.0,77.69999694824219,0.0,0,0,0,0
08-01 04:00,87.2,0.0,0.0,87.19999694824219,0.0,0,0,0,0
08-01 05:00,98.2,0.0,0.0,98.19999694824219,0.0,0,0,0,0
08-01 06:00,106.6,0.0,0.0,103.0999984741211,3.5,0,0,0,0
08-01 07:00,153.0,0.0,0.0,130.1999969482422,22.799999237060547,0,0,0,0
08-01 08:00,172.4,0.0,0.0,141.3000030517578,31.100000381469727,0,0,0,0
08-01 09:00,215.1,0.0,0.0,176.0,39.099998474121094,0,0,0,0
08-01 10:00,220.4,0.0,0.0,178.0,42.400001525878906,0,0,0,0
08-01 11:00,227.4,0.0,0.0,183.39999389648438,44.0,0,0,0,0
08-01 12:00,213.9,0.0,0.0,170.89999389648438,43.0,0,0,0,0
08-01 13:00,217.9,0.0,0.0,172.39999389648438,45.5,0,0,0,0
08-01 14:00,257.9,0.0,0.0,203.89999389648438,54.0,0,0,0,0
08-01 15:00,283.5,0.0,0.0,220.8000030517578,62.70000076293945,0,0,0,0
08-01 16:00,320.3,0.0,0.0,248.1999969482422,72.0999984741211,0,0,0,0
08-01 17:00,329.5,0.0,0.0,254.3000030517578,75.19999694824219,0,0,0,0
08-01 18:00,337.8,0.0,0.0,264.8999938964844,72.9000015258789,0,0,0,0
08-01 19:00,286.2,0.0,0.0,226.60000610351562,59.599998474121094,0,0,0,0
08-01 20:00,241.6,0.0,0.0,198.1999969482422,43.400001525878906,0,0,0,0
08-01 21:00,162.7,0.0,0.0,140.60000610351562,22.100000381469727,0,0,0,0
08-01 22:00,120.7,0.0,0.0,109.9000015258789,10.800000190734863,0,0,0,0
08-01 23:00,106.4,0.0,0.0,105.69999694824219,0.699999988079071,0,0,0,0
09-01 00:00,117.1,0.0,0.0,117.0,0.0,0,0,0,0
09-01 01:00,111.3,0.0,0.0,111.30000305175781,0.0,0,0,0,0
09-01 02:00,119.6,0.0,0.0,119.5999984741211,0.0,0,0,0,0
09-01 03:00,113.8,0.0,0.0,113.80000305175781,0.0,0,0,0,0
09-01 04:00,115.0,0.0,0.0,115.0,0.0,0,0,0,0
09-01 05:00,111.0,0.0,0.0,111.0,0.0,0,0,0,0
09-01 06:00,147.7,0.0,0.0,143.8000030517578,3.799999952316284,0,0,0,0
09-01 07:00,195.3,0.0,0.0,171.8000030517578,23.5,0,0,0,0
09-01 08:00,227.3,0.0,0.0,195.3000030517578,32.0,0,0,0,0
09-01 09:00,266.2,0.0,0.0,226.6999969482422,39.5,0,0,0,0
09-01 10:00,279.4,0.0,0.0,236.5,42.900001525878906,0,0,0,0
09-01 11:00,277.8,0.0,0.0,233.8000030517578,44.0,0,0,0,0
09-01 12:00,267.2,0.0,0.0,224.60000610351562,42.599998474121094,0,0,0,0
09-01 13:00,291.2,0.0,0.0,242.8000030517578,48.400001525878906,0,0,0,0
09-01 14:00,315.7,0.0,0.0,261.70001220703125,54.0,0,0,0,0
09-01 15:00,334.8,0.0,0.0,274.0,60.79999923706055,0,0,0,0
09-01 16:00,377.5,0.0,0.0,308.8999938964844,68.5999984741211,0,0,0,0
09-01 17:00,374.5,0.0,0.0,303.79998779296875,70.69999694824219,0,0,0,0
09-01 18:00,399.9,0.0,0.0,327.0,72.9000015258789,0,0,0,0
09-01 19:00,345.4,0.0,0.0,284.6000061035156,60.79999923706055,0,0,0,0
09-01 20:00,256.7,0.0,0.0,215.39999389648438,41.29999923706055,0,0,0,0
09-01 21:00,175.2,0.0,0.0,153.3000030517578,21.899999618530273,0,0,0,0
09-01 22:00,143.3,0.0,0.0,131.10000610351562,12.199999809265137,0,0,0,0
09-01 23:00,116.5,0.0,0.0,115.69999694824219,0.800000011920929,0,0,0,0
10-01 00:00,114.2,0.0,0.0,114.19999694824219,0.0,0,0,0,0
10-01 01:00,115.3,0.0,0.0,115.30000305175781,0.0,0,0,0,0
10-01 02:00,111.8,0.0,0.0,111.80000305175781,0.0,0,0,0,0
10-01 03:00,120.8,0.0,0.0,120.80000305175781,0.0,0,0,0,0
10-01 04:00,116.4,0.0,0.0,116.4000015258789,0.0,0,0,0,0
10-01 05:00,116.4,0.0,0.0,116.4000015258789,0.0,0,0,0,0
10-01 06:00,149.5,0.0,0.0,145.6999969482422,3.799999952316284,0,0,0,0
10-01 07:00,200.0,0.0,0.0,177.39999389648438,22.600000381469727,0,0,0,0
10-01 08:00,239.1,0.0,0.0,207.39999389648438,31.700000762939453,0,0,0,0
10-01 09:00,268.9,0.0,0.0,231.3000030517578,37.599998474121094,0,0,0,0
10-01 10:00,288.7,0.0,0.0,245.8000030517578,42.900001525878906,0,0,0,0
10-01 11:00,283.1,0.0,0.0,240.8000030517578,42.29999923706055,0,0,0,0
10-01 12:00,296.3,0.0,0.0,250.60000610351562,45.70000076293945,0,0,0,0
10-01 13:00,286.4,0.0,0.0,240.39999389648438,46.0,0,0,0,0
10-01 14:00,341.3,0.0,0.0,286.29998779296875,55.0,0,0,0,0
10-01 15:00,332.6,0.0,0.0,275.6000061035156,57.0,0,0,0,0
10-01 16:00,403.5,0.0,0.0,334.20001220703125,69.30000305175781,0,0,0,0
10-01 17:00,421.1,0.0,0.0,345.79998779296875,75.19999694824219,0,0,0,0
10-01 18:00,443.6,0.0,0.0,367.20001220703125,76.4000015258789,0,0,0,0
10-01 19:00,369.4,0.0,0.0,309.20001220703125,60.20000076293945,0,0,0,0
10-01 20:00,291.1,0.0,0.0,248.10000610351562,43.0,0,0,0,0
10-01 21:00,213.3,0.0,0.0,190.1999969482422,23.200000762939453,0,0,0,0
10-01 22:00,155.4,0.0,0.0,144.1999969482422,11.199999809265137,0,0,0,0
10-01 23:00,137.6,0.0,0.0,136.89999389648438,0.699999988079071,0,0,0,0
11-01 00:00,139.6,0.0,0.0,139.60000610351562,0.0,0,0,0,0
11-01 01:00,130.5,0.0,0.0,130.5,0.0,0,0,0,0
11-01 02:00,127.3,0.0,0.0,127.30000305175781,0.0,0,0,0,0
11-01 03:00,129.5,0.0,0.0,129.5,0.0,0,0,0,0
11-01 04:00,126.0,0.0,0.0,126.0,0.0,0,0,0,0
11-01 05:00,135.5,0.0,0.0,135.5,0.0,0,0,0,0
11-01 06:00,175.9,0.0,0.0,171.8000030517578,4.099999904632568,0,0,0,0
11-01 07:00,201.5,0.0,0.0,179.1999969482422,22.299999237060547,0,0,0,0
11-01 08:00,245.8,0.0,0.0,213.5,32.29999923706055,0,0,0,0
11-01 09:00,266.9,0.0,0.0,229.6999969482422,37.20000076293945,0,0,0,0
11-01 10:00,271.7,0.0,0.0,231.39999389648438,40.29999923706055,0,0,0,0
11-01 11:00,312.1,0.0,0.0,265.5,46.599998474121094,0,0,0,0
11-01 12:00,287.8,0.0,0.0,243.39999389648438,44.400001525878906,0,0,0,0
11-01 13:00,305.4,0.0,0.0,255.10000610351562,50.29999923706055,0,0,0,0
11-01 14:00,298.0,0.0,0.0,248.6999969482422,49.29999923706055,0,0,0,0
11-01 15:00,330.8,0.0,0.0,271.29998779296875,59.5,0,0,0,0
11-01 16:00,370.7,0.0,0.0,301.3999938964844,69.30000305175781,0,0,0,0
11-01 17:00,383.4,0.0,0.0,309.0,74.4000015258789,0,0,0,0
11-01 18:00,385.1,0.0,0.0,311.5,73.5999984741211,0,0,0,0
11-01 19:00,319.1,0.0,0.0,258.29998779296875,60.79999923706055,0,0,0,0
11-01 20:00,244.6,0.0,0.0,202.10000610351562,42.5,0,0,0,0
11-01 21:00,141.0,0.0,0.0,121.0999984741211,19.899999618530273,0,0,0,0
11-01 22:00,122.3,0.0,0.0,110.69999694824219,11.600000381469727,0,0,0,0
11-01 23:00,103.3,0.0,0.0,102.5,0.800000011920929,0,0,0,0
12-01 00:00,90.4,0.0,0.0,90.4000015258789,0.0,0,0,0,0
12-01 01:00,85.1,0.0,0.0,85.0999984741211,0.0,0,0,0,0
12-01 02:00,85.3,0.0,0.0,85.30000305175781,0.0,0,0,0,0
12-01 03:00,86.1,0.0,0.0,86.0999984741211,0.0,0,0,0,0
12-01 04:00,90.4,0.0,0.0,90.4000015258789,0.0,0,0,0,0
12-01 05:00,100.4,0.0,0.0,100.4000015258789,0.0,0,0,0,0
12-01 06:00,119.0,0.0,0.0,115.30000305175781,3.700000047683716,0,0,0,0
12-01 07:00,153.8,0.0,0.0,130.8000030517578,23.0,0,0,0,0
12-01 08:00,187.3,0.0,0.0,155.89999389648438,31.399999618530273,0,0,0,0
12-01 09:00,219.1,0.0,0.0,180.39999389648438,38.70000076293945,0,0,0,0
12-01 10:00,221.8,0.0,0.0,180.1999969482422,41.599998474121094,0,0,0,0
12-01 11:00,229.5,0.0,0.0,183.3000030517578,46.20000076293945,0,0,0,0
12-01 12:00,219.2,0.0,0.0,174.8000030517578,44.400001525878906,0,0,0,0
12-01 13:00,225.7,0.0,0.0,178.3000030517578,47.400001525878906,0,0,0,0
12-01 14:00,246.4,0.0,0.0,194.5,51.900001525878906,0,0,0,0
12-01 15:00,279.9,0.0,0.0,219.10000610351562,60.79999923706055,0,0,0,0
12-01 16:00,365.2,0.0,0.0,286.1000061035156,79.0999984741211,0,0,0,0
12-01 17:00,331.1,0.0,0.0,256.70001220703125,74.4000015258789,0,0,0,0
12-01 18:00,337.6,0.0,0.0,262.6000061035156,75.0,0,0,0,0
12-01 19:00,263.3,0.0,0.0,206.6999969482422,56.599998474121094,0,0,0,0
12-01 20:00,218.8,0.0,0.0,176.6999969482422,42.099998474121094,0,0,0,0
12-01 21:00,136.4,0.0,0.0,115.0,21.399999618530273,0,0,0,0
12-01 22:00,106.6,0.0,0.0,95.0,11.600000381469727,0,0,0,0
12-01 23:00,85.9,0.0,0.0,85.19999694824219,0.699999988079071,0,0,0,0
13-01 00:00,84.2,0.0,0.0,84.19999694824219,0.0,0,0,0,0
13-01 01:00,86.8,0.0,0.0,86.80000305175781,0.0,0,0,0,0
13-01 02:00,94.4,0.0,0.0,94.4000015258789,0.0,0,0,0,0
13-01 03:00,81.0,0.0,0.0,81.0,0.0,0,0,0,0
13-01 04:00,89.2,0.0,0.0,89.19999694824219,0.0,0,0,0,0
13-01 05:00,97.9,0.0,0.0,97.9000015258789,0.0,0,0,0,0
13-01 06:00,91.4,0.0,0.0,91.4000015258789,0.0,0,0,0,0
13-01 07:00,92.7,0.0,0.0,91.19999694824219,1.5,0,0,0,0
13-01 08:00,93.9,0.0,0.0,87.4000015258789,6.599999904632568,0,0,0,0
13-01 09:00,113.2,0.0,0.0,99.5999984741211,13.600000381469727,0,0,0,0
13-01 10:00,150.2,0.0,0.0,124.0,26.200000762939453,0,0,0,0
13-01 11:00,190.2,0.0,0.0,152.3000030517578,37.900001525878906,0,0,0,0
13-01 12:00,218.2,0.0,0.0,172.10000610351562,46.099998474121094,0,0,0,0
13-01 13:00,255.3,0.0,0.0,198.0,57.29999923706055,0,0,0,0
13-01 14:00,254.4,0.0,0.0,196.39999389648438,58.0,0,0,0,0
13-01 15:00,233.5,0.0,0.0,177.5,56.0,0,0,0,0
13-01 16:00,259.9,0.0,0.0,196.6999969482422,63.20000076293945,0,0,0,0
13-01 17:00,169.4,0.0,0.0,132.0,37.599998474121094,0,0,0,0
13-01 18:00,131.4,0.0,0.0,105.0,26.399999618530273,0,0,0,0
13-01 19:00,120.9,0.0,0.0,100.80000305175781,20.100000381469727,0,0,0,0
13-01 20:00,96.7,0.0,0.0,84.4000015258789,12.300000190734863,0,0,0,0
13-01 21:00,92.2,0.0,0.0,85.0999984741211,7.099999904632568,0,0,0,0
13-01 22:00,87.2,0.0,0.0,85.0,2.200000047683716,0,0,0,0
13-01 23:00,80.0,0.0,0.0,80.0,0.0,0,0,0,0
14-01 00:00,92.5,0.0,0.0,92.5,0.0,0,0,0,0
14-01 01:00,90.3,0.0,0.0,90.30000305175781,0.0,0,0,0,0
14-01 02:00,89.5,0.0,0.0,89.5,0.0,0,0,0,0
14-01 03:00,89.5,0.0,0.0,89.5,0.0,0,0,0,0
14-01 04:00,92.3,0.0,0.0,92.30000305175781,0.0,0,0,0,0
14-01 05:00,97.7,0.0,0.0,97.69999694824219,0.0,0,0,0,0
14-01 06:00,108.9,0.0,0.0,108.9000015258789,0.0,0,0,0,0
14-01 07:00,107.5,0.0,0.0,104.0999984741211,3.4000000953674316,0,0,0,0
14-01 08:00,120.0,0.0,0.0,112.0,7.900000095367432,0,0,0,0
14-01 09:00,150.8,0.0,0.0,137.6999969482422,13.100000381469727,0,0,0,0
14-01 10:00,164.5,0.0,0.0,147.1999969482422,17.299999237060547,0,0,0,0
14-01 11:00,164.6,0.0,0.0,144.60000610351562,20.0,0,0,0,0
14-01 12:00,199.1,0.0,0.0,171.60000610351562,27.399999618530273,0,0,0,0
14-01 13:00,229.9,0.0,0.0,194.0,35.900001525878906,0,0,0,0
14-01 14:00,218.5,0.0,0.0,182.6999969482422,35.79999923706055,0,0,0,0
14-01 15:00,265.7,0.0,0.0,223.10000610351562,42.599998474121094,0,0,0,0
14-01 16:00,262.7,0.0,0.0,220.8000030517578,41.900001525878906,0,0,0,0
14-01 17:00,241.9,0.0,0.0,207.6999969482422,34.20000076293945,0,0,0,0
14-01 18:00,184.8,0.0,0.0,162.60000610351562,22.200000762939453,0,0,0,0
14-01 19:00,168.4,0.0,0.0,150.60000610351562,17.799999237060547,0,0,0,0
14-01 20:00,164.3,0.0,0.0,150.1999969482422,14.100000381469727,0,0,0,0
14-01 21:00,142.6,0.0,0.0,134.39999389648438,8.199999809265137,0,0,0,0
14-01 22:00,135.4,0.0,0.0,133.89999389648438,1.5,0,0,0,0
14-01 23:00,129.4,0.0,0.0,127.9000015258789,1.5,0,0,0,0
15-01 00:00,124.7,0.0,0.0,124.69999694824219,0.0,0,0,0,0
15-01 01:00,114.3,0.0,0.0,114.30000305175781,0.0,0,0,0,0
15-01 02:00,104.8,0.0,0.0,104.80000305175781,0.0,0,0,0,0
15-01 03:00,104.0,0.0,0.0,104.0,0.0,0,0,0,0
15-01 04:00,121.5,0.0,0.0,121.5,0.0,0,0,0,0
15-01 05:00,121.0,0.0,0.0,121.0,0.0,0,0,0,0
15-01 06:00,130.7,0.0,0.0,127.0,3.700000047683716,0,0,0,0
15-01 07:00,167.2,0.0,0.0,145.3000030517578,21.899999618530273,0,0,0,0
15-01 08:00,195.7,0.0,0.0,165.60000610351562,30.100000381469727,0,0,0,0
15-01 09:00,236.4,0.0,0.0,198.10000610351562,38.29999923706055,0,0,0,0
15-01 10:00,249.0,0.0,0.0,206.1999969482422,42.79999923706055,0,0,0,0
15-01 11:00,266.8,0.0,0.0,220.60000610351562,46.20000076293945,0,0,0,0
15-01 12:00,226.8,0.0,0.0,187.3000030517578,39.5,0,0,0,0
15-01 13:00,267.1,0.0,0.0,217.3000030517578,49.79999923706055,0,0,0,0
15-01 14:00,268.8,0.0,0.0,218.5,50.29999923706055,0,0,0,0
15-01 15:00,314.9,0.0,0.0,252.3000030517578,62.599998474121094,0,0,0,0
15-01 16:00,344.7,0.0,0.0,274.79998779296875,70.0,0,0,0,0
15-01 17:00,335.7,0.0,0.0,263.5,72.19999694824219,0,0,0,0
15-01 18:00,319.8,0.0,0.0,252.0,67.9000015258789,0,0,0,0
15-01 19:00,302.4,0.0,0.0,239.89999389648438,62.5,0,0,0,0
15-01 20:00,211.1,0.0,0.0,171.5,39.599998474121094,0,0,0,0
15-01 21:00,157.9,0.0,0.0,134.1999969482422,23.700000762939453,0,0,0,0
15-01 22:00,108.0,0.0,0.0,96.5999984741211,11.399999618530273,0,0,0,0
15-01 23:00,92.2,0.0,0.0,91.4000015258789,0.800000011920929,0,0,0,0
16-01 00:00,89.8,0.0,0.0,89.80000305175781,0.0,0,0,0,0
16-01 01:00,82.3,0.0,0.0,82.30000305175781,0.0,0,0,0,0
16-01 02:00,71.2,0.0,0.0,71.19999694824219,0.0,0,0,0,0
16-01 03:00,66.1,0.0,0.0,66.0999984741211,0.0,0,0,0,0
16-01 04:00,67.6,0.0,0.0,67.5999984741211,0.0,0,0,0,0
16-01 05:00,81.4,0.0,0.0,81.4000015258789,0.0,0,0,0,0
16-01 06:00,107.1,0.0,0.0,103.19999694824219,3.9000000953674316,0,0,0,0
16-01 07:00,144.9,0.0,0.0,121.19999694824219,23.700000762939453,0,0,0,0
16-01 08:00,165.4,0.0,0.0,134.0,31.399999618530273,0,0,0,0
16-01 09:00,186.8,0.0,0.0,149.60000610351562,37.20000076293945,0,0,0,0
16-01 10:00,209.5,0.0,0.0,165.39999389648438,44.099998474121094,0,0,0,0
16-01 11:00,203.9,0.0,0.0,160.6999969482422,43.20000076293945,0,0,0,0
16-01 12:00,206.2,0.0,0.0,162.3000030517578,43.900001525878906,0,0,0,0
16-01 13:00,207.2,0.0,0.0,159.8000030517578,47.400001525878906,0,0,0,0
16-01 14:00,221.8,0.0,0.0,171.0,50.79999923706055,0,0,0,0
16-01 15:00,276.7,0.0,0.0,211.60000610351562,65.0999984741211,0,0,0,0
16-01 16:00,300.1,0.0,0.0,228.10000610351562,72.0,0,0,0,0
16-01 17:00,299.1,0.0,0.0,224.6999969482422,74.4000015258789,0,0,0,0
16-01 18:00,293.8,0.0,0.0,223.10000610351562,70.69999694824219,0,0,0,0
16-01 19:00,250.2,0.0,0.0,192.0,58.29999923706055,0,0,0,0
16-01 20:00,206.4,0.0,0.0,164.6999969482422,41.70000076293945,0,0,0,0
16-01 21:00,139.5,0.0,0.0,117.9000015258789,21.600000381469727,0,0,0,0
16-01 22:00,114.3,0.0,0.0,103.0999984741211,11.199999809265137,0,0,0,0
16-01 23:00,98.0,0.0,0.0,97.30000305175781,0.699999988079071,0,0,0,0
17-01 00:00,110.1,0.0,0.0,110.0,0.0,0,0,0,0
17-01 01:00,95.3,0.0,0.0,95.30000305175781,0.0,0,0,0,0
17-01 02:00,104.3,0.0,0.0,104.30000305175781,0.0,0,0,0,0
17-01 03:00,94.3,0.0,0.0,94.30000305175781,0.0,0,0,0,0
17-01 04:00,96.1,0.0,0.0,96.0999984741211,0.0,0,0,0,0
17-01 05:00,98.7,0.0,0.0,98.69999694824219,0.0,0,0,0,0
17-01 06:00,111.8,0.0,0.0,108.19999694824219,3.5999999046325684,0,0,0,0
17-01 07:00,165.0,0.0,0.0,140.8000030517578,24.100000381469727,0,0,0,0
17-01 08:00,192.6,0.0,0.0,160.0,32.599998474121094,0,0,0,0
17-01 09:00,212.7,0.0,0.0,173.60000610351562,39.099998474121094,0,0,0,0
17-01 10:00,216.3,0.0,0.0,174.3000030517578,42.0,0,0,0,0
17-01 11:00,221.0,0.0,0.0,177.89999389648438,43.099998474121094,0,0,0,0
17-01 12:00,217.0,0.0,0.0,174.39999389648438,42.599998474121094,0,0,0,0
17-01 13:00,239.6,0.0,0.0,189.3000030517578,50.29999923706055,0,0,0,0
17-01 14:00,247.1,0.0,0.0,195.3000030517578,51.79999923706055,0,0,0,0
17-01 15:00,285.1,0.0,0.0,223.8000030517578,61.29999923706055,0,0,0,0
17-01 16:00,349.6,0.0,0.0,274.79998779296875,74.80000305175781,0,0,0,0
17-01 17:00,328.3,0.0,0.0,255.39999389648438,72.9000015258789,0,0,0,0
17-01 18:00,340.0,0.0,0.0,268.6000061035156,71.4000015258789,0,0,0,0
17-01 19:00,326.2,0.0,0.0,263.1000061035156,63.099998474121094,0,0,0,0
17-01 20:00,264.2,0.0,0.0,219.1999969482422,45.0,0,0,0,0
17-01 21:00,160.3,0.0,0.0,139.8000030517578,20.5,0,0,0,0
17-01 22:00,127.1,0.0,0.0,115.80000305175781,11.300000190734863,0,0,0,0
17-01 23:00,120.4,0.0,0.0,119.5999984741211,0.800000011920929,0,0,0,0
18-01 00:00,129.1,0.0,0.0,129.10000610351562,0.0,0,0,0,0
18-01 01:00,130.1,0.0,0.0,130.0,0.0,0,0,0,0
18-01 02:00,122.4,0.0,0.0,122.4000015258789,0.0,0,0,0,0
18-01 03:00,128.3,0.0,0.0,128.3000030517578,0.0,0,0,0,0
18-01 04:00,139.4,0.0,0.0,139.39999389648438,0.0,0,0,0,0
18-01 05:00,133.0,0.0,0.0,133.0,0.0,0,0,0,0
18-01 06:00,165.1,0.0,0.0,161.39999389648438,3.700000047683716,0,0,0,0
18-01 07:00,205.1,0.0,0.0,183.1999969482422,21.899999618530273,0,0,0,0
18-01 08:00,264.4,0.0,0.0,232.10000610351562,32.29999923706055,0,0,0,0
18-01 09:00,287.4,0.0,0.0,250.1999969482422,37.20000076293945,0,0,0,0
18-01 10:00,276.7,0.0,0.0,237.6999969482422,39.0,0,0,0,0
18-01 11:00,305.7,0.0,0.0,261.29998779296875,44.400001525878906,0,0,0,0
18-01 12:00,309.1,0.0,0.0,263.8999938964844,45.20000076293945,0,0,0,0
18-01 13:00,307.0,0.0,0.0,259.20001220703125,47.79999923706055,0,0,0,0
18-01 14:00,328.4,0.0,0.0,277.1000061035156,51.29999923706055,0,0,0,0
18-01 15:00,350.7,0.0,0.0,292.5,58.20000076293945,0,0,0,0
18-01 16:00,453.3,0.0,0.0,379.20001220703125,74.0999984741211,0,0,0,0
18-01 17:00,441.6,0.0,0.0,366.5,75.0999984741211,0,0,0,0
18-01 18:00,449.2,0.0,0.0,374.29998779296875,74.9000015258789,0,0,0,0
18-01 19:00,361.9,0.0,0.0,303.6000061035156,58.29999923706055,0,0,0,0
18-01 20:00,300.5,0.0,0.0,258.3999938964844,42.099998474121094,0,0,0,0
18-01 21:00,208.1,0.0,0.0,185.1999969482422,23.0,0,0,0,0
18-01 22:00,148.6,0.0,0.0,137.60000610351562,11.0,0,0,0,0
18-01 23:00,138.7,0.0,0.0,137.89999389648438,0.800000011920929,0,0,0,0
19-01 00:00,130.2,0.0,0.0,130.1999969482422,0.0,0,0,0,0
19-01 01:00,131.5,0.0,0.0,131.5,0.0,0,0,0,0
19-01 02:00,116.1,0.0,0.0,116.0999984741211,0.0,0,0,0,0
19-01 03:00,133.2,0.0,0.0,133.1999969482422,0.0,0,0,0,0
19-01 04:00,121.5,0.0,0.0,121.5,0.0,0,0,0,0
19-01 05:00,131.7,0.0,0.0,131.6999969482422,0.0,0,0,0,0
19-01 06:00,162.4,0.0,0.0,158.60000610351562,3.799999952316284,0,0,0,0
19-01 07:00,220.5,0.0,0.0,198.1999969482422,22.299999237060547,0,0,0,0
19-01 08:00,275.8,0.0,0.0,242.89999389648438,32.900001525878906,0,0,0,0
19-01 09:00,297.5,0.0,0.0,260.0,37.5,0,0,0,0
19-01 10:00,314.7,0.0,0.0,271.5,43.20000076293945,0,0,0,0
19-01 11:00,307.8,0.0,0.0,264.29998779296875,43.599998474121094,0,0,0,0
19-01 12:00,295.0,0.0,0.0,252.0,43.0,0,0,0,0
19-01 13:00,328.5,0.0,0.0,278.70001220703125,49.79999923706055,0,0,0,0
19-01 14:00,334.6,0.0,0.0,283.79998779296875,50.79999923706055,0,0,0,0
19-01 15:00,384.0,0.0,0.0,323.29998779296875,60.70000076293945,0,0,0,0
19-01 16:00,450.8,0.0,0.0,378.1000061035156,72.69999694824219,0,0,0,0
19-01 17:00,427.9,0.0,0.0,357.29998779296875,70.5999984741211,0,0,0,0
19-01 18:00,487.4,0.0,0.0,411.1000061035156,76.30000305175781,0,0,0,0
19-01 19:00,381.6,0.0,0.0,325.1000061035156,56.5,0,0,0,0
19-01 20:00,309.9,0.0,0.0,269.5,40.400001525878906,0,0,0,0
19-01 21:00,232.6,0.0,0.0,210.5,22.100000381469727,0,0,0,0
19-01 22:00,175.4,0.0,0.0,164.60000610351562,10.800000190734863,0,0,0,0
19-01 23:00,173.0,0.0,0.0,172.1999969482422,0.800000011920929,0,0,0,0
20-01 00:00,183.5,0.0,0.0,183.5,0.0,0,0,0,0
20-01 01:00,176.4,0.0,0.0,176.39999389648438,0.0,0,0,0,0
20-01 02:00,187.2,0.0,0.0,187.1999969482422,0.0,0,0,0,0
20-01 03:00,176.7,0.0,0.0,176.6999969482422,0.0,0,0,0,0
20-01 04:00,173.0,0.0,0.0,173.0,0.0,0,0,0,0
20-01 05:00,206.1,0.0,0.0,206.10000610351562,0.0,0,0,0,0
20-01 06:00,185.7,0.0,0.0,185.6999969482422,0.0,0,0,0,0
20-01 07:00,202.6,0.0,0.0,201.10000610351562,1.5,0,0,0,0
20-01 08:00,221.1,0.0,0.0,214.3000030517578,6.800000190734863,0,0,0,0
20-01 09:00,240.9,0.0,0.0,226.8000030517578,14.100000381469727,0,0,0,0
20-01 10:00,312.3,0.0,0.0,284.0,28.299999237060547,0,0,0,0
20-01 11:00,328.8,0.0,0.0,292.79998779296875,36.0,0,0,0,0
20-01 12:00,378.1,0.0,0.0,332.5,45.599998474121094,0,0,0,0
20-01 13:00,393.3,0.0,0.0,342.0,51.29999923706055,0,0,0,0
20-01 14:00,433.9,0.0,0.0,376.6000061035156,57.29999923706055,0,0,0,0
20-01 15:00,451.2,0.0,0.0,391.1000061035156,60.099998474121094,0,0,0,0
20-01 16:00,463.6,0.0,0.0,405.70001220703125,57.900001525878906,0,0,0,0
20-01 17:00,315.9,0.0,0.0,281.20001220703125,34.79999923706055,0,0,0,0
20-01 18:00,272.8,0.0,0.0,246.1999969482422,26.600000381469727,0,0,0,0
20-01 19:00,251.4,0.0,0.0,231.8000030517578,19.600000381469727,0,0,0,0
20-01 20:00,206.7,0.0,0.0,194.0,12.699999809265137,0,0,0,0
20-01 21:00,190.1,0.0,0.0,183.1999969482422,6.900000095367432,0,0,0,0
20-01 22:00,178.3,0.0,0.0,176.10000610351562,2.200000047683716,0,0,0,0
20-01 23:00,167.5,0.0,0.0,167.5,0.0,0,0,0,0
21-01 00:00,167.0,0.0,0.0,167.0,0.0,0,0,0,0
21-01 01:00,163.8,0.0,0.0,163.8000030517578,0.0,0,0,0,0
21-01 02:00,157.3,0.0,0.0,157.3000030517578,0.0,0,0,0,0
21-01 03:00,166.8,0.0,0.0,166.8000030517578,0.0,0,0,0,0
21-01 04:00,163.7,0.0,0.0,163.6999969482422,0.0,0,0,0,0
21-01 05:00,160.5,0.0,0.0,160.5,0.0,0,0,0,0
21-01 06:00,167.1,0.0,0.0,167.10000610351562,0.0,0,0,0,0
21-01 07:00,173.7,0.0,0.0,170.1999969482422,3.5,0,0,0,0
21-01 08:00,206.2,0.0,0.0,196.8000030517578,9.399999618530273,0,0,0,0
21-01 09:00,195.6,0.0,0.0,183.8000030517578,11.800000190734863,0,0,0,0
21-01 10:00,203.8,0.0,0.0,188.89999389648438,15.0,0,0,0,0
21-01 11:00,237.4,0.0,0.0,218.10000610351562,19.299999237060547,0,0,0,0
21-01 12:00,267.0,0.0,0.0,241.39999389648438,25.600000381469727,0,0,0,0
21-01 13:00,328.3,0.0,0.0,292.5,35.79999923706055,0,0,0,0
21-01 14:00,334.5,0.0,0.0,296.1000061035156,38.400001525878906,0,0,0,0
21-01 15:00,364.3,0.0,0.0,322.20001220703125,42.099998474121094,0,0,0,0
21-01 16:00,353.0,0.0,0.0,312.3999938964844,40.599998474121094,0,0,0,0
21-01 17:00,302.9,0.0,0.0,271.0,31.799999237060547,0,0,0,0
21-01 18:00,273.9,0.0,0.0,249.89999389648438,24.0,0,0,0,0
21-01 19:00,237.7,0.0,0.0,219.39999389648438,18.299999237060547,0,0,0,0
21-01 20:00,207.8,0.0,0.0,194.8000030517578,13.0,0,0,0,0
21-01 21:00,190.0,0.0,0.0,182.0,8.0,0,0,0,0
21-01 22:00,184.2,0.0,0.0,182.6999969482422,1.5,0,0,0,0
21-01 23:00,179.0,0.0,0.0,177.60000610351562,1.399999976158142,0,0,0,0
22-01 00:00,187.8,0.0,0.0,187.8000030517578,0.0,0,0,0,0
22-01 01:00,182.3,0.0,0.0,182.3000030517578,0.0,0,0,0,0
22-01 02:00,177.6,0.0,0.0,177.60000610351562,0.0,0,0,0,0
22-01 03:00,194.3,0.0,0.0,194.3000030517578,0.0,0,0,0,0
22-01 04:00,192.2,0.0,0.0,192.1999969482422,0.0,0,0,0,0
22-01 05:00,194.5,0.0,0.0,194.5,0.0,0,0,0,0
22-01 06:00,218.4,0.0,0.0,214.8000030517578,3.5999999046325684,0,0,0,0
22-01 07:00,267.4,0.0,0.0,245.3000030517578,22.100000381469727,0,0,0,0
22-01 08:00,326.7,0.0,0.0,294.79998779296875,31.899999618530273,0,0,0,0
22-01 09:00,366.2,0.0,0.0,328.29998779296875,37.900001525878906,0,0,0,0
22-01 10:00,388.1,0.0,0.0,344.5,43.599998474121094,0,0,0,0
22-01 11:00,396.2,0.0,0.0,350.5,45.70000076293945,0,0,0,0
22-01 12:00,341.7,0.0,0.0,300.3999938964844,41.20000076293945,0,0,0,0
22-01 13:00,369.9,0.0,0.0,322.6000061035156,47.29999923706055,0,0,0,0
22-01 14:00,408.6,0.0,0.0,356.29998779296875,52.29999923706055,0,0,0,0
22-01 15:00,480.1,0.0,0.0,415.1000061035156,65.0,0,0,0,0
22-01 16:00,539.2,0.0,0.0,465.8999938964844,73.30000305175781,0,0,0,0
22-01 17:00,510.6,0.0,0.0,439.29998779296875,71.30000305175781,0,0,0,0
22-01 18:00,553.3,0.0,0.0,479.8999938964844,73.4000015258789,0,0,0,0
22-01 19:00,459.2,0.0,0.0,400.3999938964844,58.79999923706055,0,0,0,0
22-01 20:00,372.7,0.0,0.0,331.20001220703125,41.599998474121094,0,0,0,0
22-01 21:00,283.6,0.0,0.0,260.20001220703125,23.399999618530273,0,0,0,0
22-01 22:00,191.0,0.0,0.0,180.60000610351562,10.399999618530273,0,0,0,0
22-01 23:00,196.0,0.0,0.0,195.1999969482422,0.800000011920929,0,0,0,0
23-01 00:00,187.3,0.0,0.0,187.3000030517578,0.0,0,0,0,0
23-01 01:00,181.9,0.0,0.0,181.89999389648438,0.0,0,0,0,0
23-01 02:00,200.7,0.0,0.0,200.6999969482422,0.0,0,0,0,0
23-01 03:00,176.8,0.0,0.0,176.8000030517578,0.0,0,0,0,0
23-01 04:00,185.9,0.0,0.0,185.89999389648438,0.0,0,0,0,0
23-01 05:00,199.0,0.0,0.0,199.0,0.0,0,0,0,0
23-01 06:00,241.5,0.0,0.0,237.6999969482422,3.799999952316284,0,0,0,0
23-01 07:00,291.3,0.0,0.0,269.29998779296875,22.0,0,0,0,0
23-01 08:00,330.5,0.0,0.0,300.79998779296875,29.700000762939453,0,0,0,0
23-01 09:00,383.0,0.0,0.0,345.79998779296875,37.099998474121094,0,0,0,0
23-01 10:00,438.6,0.0,0.0,393.29998779296875,45.29999923706055,0,0,0,0
23-01 11:00,439.7,0.0,0.0,393.20001220703125,46.5,0,0,0,0
23-01 12:00,407.5,0.0,0.0,364.1000061035156,43.400001525878906,0,0,0,0
23-01 13:00,443.0,0.0,0.0,393.79998779296875,49.20000076293945,0,0,0,0
23-01 14:00,447.9,0.0,0.0,398.70001220703125,49.20000076293945,0,0,0,0
23-01 15:00,531.8,0.0,0.0,469.29998779296875,62.5,0,0,0,0
23-01 16:00,609.5,0.0,0.0,536.2000122070312,73.30000305175781,0,0,0,0
23-01 17:00,616.0,0.0,0.0,538.7999877929688,77.19999694824219,0,0,0,0
23-01 18:00,544.0,0.0,0.0,478.3999938964844,65.5999984741211,0,0,0,0
23-01 19:00,480.7,0.0,0.0,424.8999938964844,55.79999923706055,0,0,0,0
23-01 20:00,394.4,0.0,0.0,353.20001220703125,41.20000076293945,0,0,0,0
23-01 21:00,268.7,0.0,0.0,247.3000030517578,21.399999618530273,0,0,0,0
23-01 22:00,211.0,0.0,0.0,199.39999389648438,11.600000381469727,0,0,0,0
23-01 23:00,186.9,0.0,0.0,186.10000610351562,0.800000011920929,0,0,0,0
24-01 00:00,164.2,0.0,0.0,164.1999969482422,0.0,0,0,0,0
24-01 01:00,167.6,0.0,0.0,167.60000610351562,0.0,0,0,0,0
24-01 02:00,159.3,0.0,0.0,159.3000030517578,0.0,0,0,0,0
24-01 03:00,152.9,0.0,0.0,152.89999389648438,0.0,0,0,0,0
24-01 04:00,159.3,0.0,0.0,159.3000030517578,0.0,0,0,0,0
24-01 05:00,181.1,0.0,0.0,181.10000610351562,0.0,0,0,0,0
24-01 06:00,218.5,0.0,0.0,214.60000610351562,3.9000000953674316,0,0,0,0
24-01 07:00,256.5,0.0,0.0,234.6999969482422,21.799999237060547,0,0,0,0
24-01 08:00,327.4,0.0,0.0,294.5,32.900001525878906,0,0,0,0
24-01 09:00,349.8,0.0,0.0,312.70001220703125,37.099998474121094,0,0,0,0
24-01 10:00,374.6,0.0,0.0,332.29998779296875,42.29999923706055,0,0,0,0
24-01 11:00,340.8,0.0,0.0,302.1000061035156,38.70000076293945,0,0,0,0
24-01 12:00,394.2,0.0,0.0,349.1000061035156,45.099998474121094,0,0,0,0
24-01 13:00,424.0,0.0,0.0,373.29998779296875,50.599998474121094,0,0,0,0
24-01 14:00,443.7,0.0,0.0,390.5,53.20000076293945,0,0,0,0
24-01 15:00,496.5,0.0,0.0,432.79998779296875,63.70000076293945,0,0,0,0
24-01 16:00,526.1,0.0,0.0,457.0,69.0999984741211,0,0,0,0
24-01 17:00,526.2,0.0,0.0,454.20001220703125,72.0,0,0,0,0
24-01 18:00,535.5,0.0,0.0,465.0,70.5,0,0,0,0
24-01 19:00,430.5,0.0,0.0,375.8999938964844,54.599998474121094,0,0,0,0
24-01 20:00,333.5,0.0,0.0,296.1000061035156,37.400001525878906,0,0,0,0
24-01 21:00,253.9,0.0,0.0,232.3000030517578,21.600000381469727,0,0,0,0
24-01 22:00,209.4,0.0,0.0,197.60000610351562,11.800000190734863,0,0,0,0
24-01 23:00,164.8,0.0,0.0,164.10000610351562,0.699999988079071,0,0,0,0
25-01 00:00,174.4,0.0,0.0,174.39999389648438,0.0,0,0,0,0
25-01 01:00,180.3,0.0,0.0,180.3000030517578,0.0,0,0,0,0
25-01 02:00,168.4,0.0,0.0,168.39999389648438,0.0,0,0,0,0
25-01 03:00,169.7,0.0,0.0,169.6999969482422,0.0,0,0,0,0
25-01 04:00,166.5,0.0,0.0,166.5,0.0,0,0,0,0
25-01 05:00,171.1,0.0,0.0,171.10000610351562,0.0,0,0,0,0
25-01 06:00,212.7,0.0,0.0,209.10000610351562,3.5999999046325684,0,0,0,0
25-01 07:00,277.2,0.0,0.0,253.60000610351562,23.600000381469727,0,0,0,0
25-01 08:00,331.1,0.0,0.0,298.6000061035156,32.5,0,0,0,0
25-01 09:00,324.4,0.0,0.0,290.0,34.400001525878906,0,0,0,0
25-01 10:00,355.5,0.0,0.0,315.29998779296875,40.20000076293945,0,0,0,0
25-01 11:00,378.2,0.0,0.0,335.20001220703125,43.0,0,0,0,0
25-01 12:00,367.6,0.0,0.0,324.70001220703125,42.900001525878906,0,0,0,0
25-01 13:00,435.6,0.0,0.0,382.6000061035156,53.0,0,0,0,0
25-01 14:00,431.5,0.0,0.0,378.79998779296875,52.70000076293945,0,0,0,0
25-01 15:00,445.0,0.0,0.0,387.0,58.0,0,0,0,0
25-01 16:00,539.2,0.0,0.0,467.3999938964844,71.80000305175781,0,0,0,0
25-01 17:00,561.3,0.0,0.0,483.3999938964844,77.9000015258789,0,0,0,0
25-01 18:00,532.8,0.0,0.0,461.6000061035156,71.19999694824219,0,0,0,0
25-01 19:00,478.5,0.0,0.0,416.79998779296875,61.70000076293945,0,0,0,0
25-01 20:00,344.8,0.0,0.0,305.29998779296875,39.5,0,0,0,0
25-01 21:00,259.4,0.0,0.0,236.6999969482422,22.700000762939453,0,0,0,0
25-01 22:00,196.0,0.0,0.0,184.5,11.5,0,0,0,0
25-01 23:00,164.8,0.0,0.0,164.10000610351562,0.699999988079071,0,0,0,0
26-01 00:00,154.0,0.0,0.0,154.0,0.0,0,0,0,0
26-01 01:00,148.4,0.0,0.0,148.39999389648438,0.0,0,0,0,0
26-01 02:00,148.4,0.0,0.0,148.39999389648438,0.0,0,0,0,0
26-01 03:00,148.6,0.0,0.0,148.60000610351562,0.0,0,0,0,0
26-01 04:00,144.1,0.0,0.0,144.0,0.0,0,0,0,0
26-01 05:00,154.8,0.0,0.0,154.8000030517578,0.0,0,0,0,0
26-01 06:00,185.1,0.0,0.0,181.10000610351562,4.0,0,0,0,0
26-01 07:00,221.7,0.0,0.0,199.0,22.700000762939453,0,0,0,0
26-01 08:00,266.1,0.0,0.0,232.89999389648438,33.20000076293945,0,0,0,0
26-01 09:00,284.7,0.0,0.0,247.3000030517578,37.400001525878906,0,0,0,0
26-01 10:00,277.4,0.0,0.0,237.6999969482422,39.70000076293945,0,0,0,0
26-01 11:00,298.5,0.0,0.0,255.5,43.0,0,0,0,0
26-01 12:00,303.4,0.0,0.0,258.3999938964844,45.0,0,0,0,0
26-01 13:00,293.2,0.0,0.0,247.89999389648438,45.29999923706055,0,0,0,0
26-01 14:00,340.3,0.0,0.0,287.6000061035156,52.70000076293945,0,0,0,0
26-01 15:00,375.9,0.0,0.0,314.1000061035156,61.79999923706055,0,0,0,0
26-01 16:00,416.0,0.0,0.0,346.29998779296875,69.69999694824219,0,0,0,0
26-01 17:00,463.0,0.0,0.0,383.70001220703125,79.30000305175781,0,0,0,0
26-01 18:00,435.0,0.0,0.0,363.20001220703125,71.80000305175781,0,0,0,0
26-01 19:00,375.3,0.0,0.0,314.20001220703125,61.099998474121094,0,0,0,0
26-01 20:00,281.8,0.0,0.0,240.6999969482422,41.099998474121094,0,0,0,0
26-01 21:00,201.6,0.0,0.0,178.6999969482422,22.899999618530273,0,0,0,0
26-01 22:00,138.8,0.0,0.0,127.5,11.300000190734863,0,0,0,0
26-01 23:00,116.8,0.0,0.0,116.0999984741211,0.699999988079071,0,0,0,0
27-01 00:00,101.9,0.0,0.0,101.9000015258789,0.0,0,0,0,0
27-01 01:00,101.9,0.0,0.0,101.9000015258789,0.0,0,0,0,0
27-01 02:00,111.2,0.0,0.0,111.19999694824219,0.0,0,0,0,0
27-01 03:00,102.8,0.0,0.0,102.80000305175781,0.0,0,0,0,0
27-01 04:00,106.0,0.0,0.0,106.0,0.0,0,0,0,0
27-01 05:00,118.6,0.0,0.0,118.5999984741211,0.0,0,0,0,0
27-01 06:00,121.9,0.0,0.0,121.9000015258789,0.0,0,0,0,0
27-01 07:00,112.4,0.0,0.0,110.9000015258789,1.399999976158142,0,0,0,0
27-01 08:00,126.5,0.0,0.0,119.69999694824219,6.800000190734863,0,0,0,0
27-01 09:00,144.0,0.0,0.0,130.5,13.5,0,0,0,0
27-01 10:00,185.8,0.0,0.0,159.89999389648438,25.799999237060547,0,0,0,0
27-01 11:00,210.0,0.0,0.0,174.0,35.900001525878906,0,0,0,0
27-01 12:00,259.4,0.0,0.0,212.60000610351562,46.79999923706055,0,0,0,0
27-01 13:00,289.3,0.0,0.0,233.89999389648438,55.400001525878906,0,0,0,0
27-01 14:00,303.1,0.0,0.0,244.1999969482422,58.900001525878906,0,0,0,0
27-01 15:00,301.4,0.0,0.0,241.39999389648438,60.0,0,0,0,0
27-01 16:00,290.1,0.0,0.0,234.6999969482422,55.400001525878906,0,0,0,0
27-01 17:00,202.2,0.0,0.0,166.6999969482422,35.5,0,0,0,0
27-01 18:00,202.1,0.0,0.0,171.5,30.600000381469727,0,0,0,0
27-01 19:00,149.8,0.0,0.0,130.60000610351562,19.200000762939453,0,0,0,0
27-01 20:00,120.7,0.0,0.0,109.0,11.699999809265137,0,0,0,0
27-01 21:00,111.8,0.0,0.0,104.9000015258789,6.900000095367432,0,0,0,0
27-01 22:00,103.9,0.0,0.0,101.80000305175781,2.0999999046325684,0,0,0,0
27-01 23:00,99.8,0.0,0.0,99.80000305175781,0.0,0,0,0,0
28-01 00:00,107.6,0.0,0.0,107.5999984741211,0.0,0,0,0,0
28-01 01:00,95.2,0.0,0.0,95.19999694824219,0.0,0,0,0,0
28-01 02:00,97.1,0.0,0.0,97.0999984741211,0.0,0,0,0,0
28-01 03:00,97.1,0.0,0.0,97.0999984741211,0.0,0,0,0,0
28-01 04:00,100.0,0.0,0.0,100.0,0.0,0,0,0,0
28-01 05:00,109.5,0.0,0.0,109.5,0.0,0,0,0,0
28-01 06:00,131.9,0.0,0.0,131.89999389648438,0.0,0,0,0,0
28-01 07:00,133.1,0.0,0.0,129.39999389648438,3.700000047683716,0,0,0,0
28-01 08:00,137.0,0.0,0.0,128.39999389648438,8.600000381469727,0,0,0,0
28-01 09:00,151.1,0.0,0.0,138.0,13.100000381469727,0,0,0,0
28-01 10:00,151.2,0.0,0.0,134.5,16.700000762939453,0,0,0,0
28-01 11:00,165.3,0.0,0.0,144.1999969482422,21.100000381469727,0,0,0,0
28-01 12:00,180.4,0.0,0.0,154.39999389648438,26.0,0,0,0,0
28-01 13:00,210.5,0.0,0.0,175.1999969482422,35.29999923706055,0,0,0,0
28-01 14:00,202.4,0.0,0.0,166.8000030517578,35.599998474121094,0,0,0,0
28-01 15:00,221.5,0.0,0.0,182.5,39.0,0,0,0,0
28-01 16:00,235.3,0.0,0.0,195.1999969482422,40.099998474121094,0,0,0,0
28-01 17:00,209.3,0.0,0.0,177.5,31.799999237060547,0,0,0,0
28-01 18:00,181.6,0.0,0.0,158.8000030517578,22.799999237060547,0,0,0,0
28-01 19:00,175.0,0.0,0.0,155.6999969482422,19.299999237060547,0,0,0,0
28-01 20:00,145.3,0.0,0.0,132.1999969482422,13.100000381469727,0,0,0,0
28-01 21:00,127.9,0.0,0.0,120.0999984741211,7.800000190734863,0,0,0,0
28-01 22:00,117.5,0.0,0.0,116.0999984741211,1.399999976158142,0,0,0,0
28-01 23:00,117.8,0.0,0.0,116.4000015258789,1.399999976158142,0,0,0,0
29-01 00:00,143.9,0.0,0.0,143.89999389648438,0.0,0,0,0,0
29-01 01:00,122.3,0.0,0.0,122.30000305175781,0.0,0,0,0,0
29-01 02:00,115.9,0.0,0.0,115.9000015258789,0.0,0,0,0,0
29-01 03:00,126.8,0.0,0.0,126.80000305175781,0.0,0,0,0,0
29-01 04:00,125.7,0.0,0.0,125.69999694824219,0.0,0,0,0,0
29-01 05:00,139.4,0.0,0.0,139.39999389648438,0.0,0,0,0,0
29-01 06:00,164.2,0.0,0.0,160.5,3.700000047683716,0,0,0,0
29-01 07:00,208.5,0.0,0.0,187.0,21.5,0,0,0,0
29-01 08:00,257.1,0.0,0.0,225.60000610351562,31.5,0,0,0,0
29-01 09:00,292.0,0.0,0.0,253.10000610351562,38.900001525878906,0,0,0,0
29-01 10:00,280.1,0.0,0.0,240.39999389648438,39.70000076293945,0,0,0,0
29-01 11:00,282.2,0.0,0.0,241.0,41.20000076293945,0,0,0,0
29-01 12:00,284.2,0.0,0.0,241.39999389648438,42.79999923706055,0,0,0,0
29-01 13:00,300.9,0.0,0.0,253.6999969482422,47.20000076293945,0,0,0,0
29-01 14:00,295.6,0.0,0.0,248.0,47.5,0,0,0,0
29-01 15:00,365.6,0.0,0.0,304.6000061035156,61.0,0,0,0,0
29-01 16:00,404.6,0.0,0.0,335.70001220703125,68.9000015258789,0,0,0,0
29-01 17:00,401.4,0.0,0.0,330.29998779296875,71.0999984741211,0,0,0,0
29-01 18:00,440.7,0.0,0.0,365.5,75.19999694824219,0,0,0,0
29-01 19:00,347.2,0.0,0.0,290.8999938964844,56.29999923706055,0,0,0,0
29-01 20:00,307.6,0.0,0.0,263.20001220703125,44.400001525878906,0,0,0,0
29-01 21:00,219.2,0.0,0.0,196.60000610351562,22.600000381469727,0,0,0,0
29-01 22:00,161.3,0.0,0.0,149.8000030517578,11.399999618530273,0,0,0,0
29-01 23:00,150.3,0.0,0.0,149.5,0.800000011920929,0,0,0,0
30-01 00:00,147.6,0.0,0.0,147.60000610351562,0.0,0,0,0,0
30-01 01:00,158.2,0.0,0.0,158.1999969482422,0.0,0,0,0,0
30-01 02:00,154.4,0.0,0.0,154.39999389648438,0.0,0,0,0,0
30-01 03:00,153.1,0.0,0.0,153.0,0.0,0,0,0,0
30-01 04:00,155.8,0.0,0.0,155.8000030517578,0.0,0,0,0,0
30-01 05:00,169.1,0.0,0.0,169.10000610351562,0.0,0,0,0,0
30-01 06:00,181.5,0.0,0.0,178.0,3.5,0,0,0,0
30-01 07:00,230.0,0.0,0.0,208.5,21.5,0,0,0,0
30-01 08:00,283.7,0.0,0.0,251.1999969482422,32.400001525878906,0,0,0,0
30-01 09:00,301.3,0.0,0.0,264.0,37.400001525878906,0,0,0,0
30-01 10:00,322.0,0.0,0.0,278.6000061035156,43.400001525878906,0,0,0,0
30-01 11:00,312.0,0.0,0.0,268.70001220703125,43.29999923706055,0,0,0,0
30-01 12:00,308.4,0.0,0.0,264.29998779296875,44.099998474121094,0,0,0,0
30-01 13:00,323.5,0.0,0.0,275.3999938964844,48.099998474121094,0,0,0,0
30-01 14:00,336.1,0.0,0.0,286.1000061035156,50.0,0,0,0,0
30-01 15:00,398.9,0.0,0.0,336.0,62.900001525878906,0,0,0,0
30-01 16:00,475.6,0.0,0.0,400.5,75.0999984741211,0,0,0,0
30-01 17:00,463.8,0.0,0.0,387.6000061035156,76.19999694824219,0,0,0,0
30-01 18:00,448.3,0.0,0.0,377.29998779296875,71.0,0,0,0,0
30-01 19:00,424.5,0.0,0.0,360.6000061035156,63.900001525878906,0,0,0,0
30-01 20:00,309.2,0.0,0.0,267.79998779296875,41.400001525878906,0,0,0,0
30-01 21:00,194.0,0.0,0.0,174.0,20.0,0,0,0,0
30-01 22:00,147.5,0.0,0.0,137.3000030517578,10.199999809265137,0,0,0,0
30-01 23:00,147.4,0.0,0.0,146.6999969482422,0.699999988079071,0,0,0,0
31-01 00:00,146.2,0.0,0.0,146.1999969482422,0.0,0,0,0,0
31-01 01:00,137.8,0.0,0.0,137.8000030517578,0.0,0,0,0,0
31-01 02:00,136.8,0.0,0.0,136.8000030517578,0.0,0,0,0,0
31-01 03:00,136.9,0.0,0.0,136.8000030517578,0.0,0,0,0,0
31-01 04:00,141.0,0.0,0.0,141.0,0.0,0,0,0,0
31-01 05:00,143.3,0.0,0.0,143.3000030517578,0.0,0,0,0,0
31-01 06:00,174.2,0.0,0.0,170.5,3.700000047683716,0,0,0,0
31-01 07:00,219.4,0.0,0.0,197.39999389648438,22.0,0,0,0,0
31-01 08:00,263.9,0.0,0.0,232.6999969482422,31.200000762939453,0,0,0,0
31-01 09:00,298.1,0.0,0.0,260.0,38.099998474121094,0,0,0,0
31-01 10:00,307.4,0.0,0.0,265.70001220703125,41.70000076293945,0,0,0,0
31-01 11:00,302.5,0.0,0.0,259.20001220703125,43.29999923706055,0,0,0,0
31-01 12:00,319.5,0.0,0.0,272.3999938964844,47.099998474121094,0,0,0,0
31-01 13:00,291.4,0.0,0.0,245.6999969482422,45.70000076293945,0,0,0,0
31-01 14:00,322.7,0.0,0.0,272.20001220703125,50.5,0,0,0,0
31-01 15:00,400.1,0.0,0.0,335.3999938964844,64.69999694824219,0,0,0,0
31-01 16:00,413.9,0.0,0.0,345.79998779296875,68.0999984741211,0,0,0,0
31-01 17:00,433.2,0.0,0.0,361.5,71.69999694824219,0,0,0,0
31-01 18:00,430.4,0.0,0.0,363.70001220703125,66.69999694824219,0,0,0,0
31-01 19:00,410.6,0.0,0.0,349.70001220703125,60.900001525878906,0,0,0,0
31-01 20:00,321.0,0.0,0.0,279.20001220703125,41.79999923706055,0,0,0,0
31-01 21:00,242.0,0.0,0.0,219.60000610351562,22.399999618530273,0,0,0,0
31-01 22:00,193.4,0.0,0.0,182.60000610351562,10.800000190734863,0,0,0,0
31-01 23:00,193.2,0.0,0.0,192.5,0.699999988079071,0,0,0,0
01-02 00:00,219.6,0.0,0.0,219.60000610351562,0.0,0,0,0,0
01-02 01:00,218.3,0.0,0.0,218.3000030517578,0.0,0,0,0,0
01-02 02:00,203.0,0.0,0.0,203.0,0.0,0,0,0,0
01-02 03:00,193.5,0.0,0.0,193.5,0.0,0,0,0,0
01-02 04:00,202.9,0.0,0.0,202.89999389648438,0.0,0,0,0,0
01-02 05:00,216.6,0.0,0.0,216.60000610351562,0.0,0,0,0,0
01-02 06:00,258.3,0.0,0.0,254.5,3.799999952316284,0,0,0,0
01-02 07:00,304.2,0.0,0.0,281.79998779296875,22.399999618530273,0,0,0,0
01-02 08:00,365.6,0.0,0.0,332.6000061035156,33.0,0,0,0,0
01-02 09:00,373.7,0.0,0.0,336.3999938964844,37.29999923706055,0,0,0,0
01-02 10:00,400.1,0.0,0.0,356.70001220703125,43.400001525878906,0,0,0,0
01-02 11:00,378.3,0.0,0.0,335.3999938964844,42.900001525878906,0,0,0,0
01-02 12:00,364.3,0.0,0.0,321.20001220703125,43.20000076293945,0,0,0,0
01-02 13:00,381.8,0.0,0.0,334.70001220703125,47.099998474121094,0,0,0,0
01-02 14:00,414.0,0.0,0.0,362.0,52.0,0,0,0,0
01-02 15:00,486.8,0.0,0.0,422.1000061035156,64.69999694824219,0,0,0,0
01-02 16:00,536.4,0.0,0.0,464.8999938964844,71.5,0,0,0,0
01-02 17:00,564.0,0.0,0.0,485.70001220703125,78.30000305175781,0,0,0,0
01-02 18:00,519.7,0.0,0.0,450.20001220703125,69.5,0,0,0,0
01-02 19:00,434.9,0.0,0.0,377.6000061035156,57.29999923706055,0,0,0,0
01-02 20:00,352.0,0.0,0.0,311.0,41.0,0,0,0,0
01-02 21:00,253.3,0.0,0.0,230.3000030517578,23.0,0,0,0,0
01-02 22:00,170.5,0.0,0.0,159.89999389648438,10.600000381469727,0,0,0,0
01-02 23:00,161.8,0.0,0.0,161.0,0.800000011920929,0,0,0,0
02-02 00:00,149.5,0.0,0.0,149.5,0.0,0,0,0,0
02-02 01:00,127.0,0.0,0.0,127.0,0.0,0,0,0,0
02-02 02:00,141.8,0.0,0.0,141.8000030517578,0.0,0,0,0,0
02-02 03:00,132.4,0.0,0.0,132.39999389648438,0.0,0,0,0,0
02-02 04:00,143.1,0.0,0.0,143.1999969482422,0.0,0,0,0,0
02-02 05:00,129.7,0.0,0.0,129.6999969482422,0.0,0,0,0,0
02-02 06:00,169.1,0.0,0.0,165.3000030517578,3.799999952316284,0,0,0,0
02-02 07:00,218.5,0.0,0.0,194.39999389648438,24.200000762939453,0,0,0,0
02-02 08:00,225.6,0.0,0.0,196.39999389648438,29.200000762939453,0,0,0,0
02-02 09:00,262.4,0.0,0.0,226.60000610351562,35.79999923706055,0,0,0,0
02-02 10:00,281.9,0.0,0.0,241.10000610351562,40.79999923706055,0,0,0,0
02-02 11:00,299.8,0.0,0.0,256.1000061035156,43.70000076293945,0,0,0,0
02-02 12:00,307.3,0.0,0.0,261.1000061035156,46.20000076293945,0,0,0,0
02-02 13:00,297.7,0.0,0.0,251.10000610351562,46.599998474121094,0,0,0,0
02-02 14:00,328.2,0.0,0.0,276.70001220703125,51.5,0,0,0,0
02-02 15:00,384.3,0.0,0.0,320.29998779296875,64.0,0,0,0,0
02-02 16:00,404.4,0.0,0.0,335.70001220703125,68.69999694824219,0,0,0,0
02-02 17:00,446.3,0.0,0.0,368.79998779296875,77.5,0,0,0,0
02-02 18:00,398.0,0.0,0.0,331.29998779296875,66.5999984741211,0,0,0,0
02-02 19:00,347.0,0.0,0.0,290.8999938964844,56.099998474121094,0,0,0,0
02-02 20:00,296.0,0.0,0.0,253.39999389648438,42.599998474121094,0,0,0,0
02-02 21:00,189.5,0.0,0.0,167.8000030517578,21.700000762939453,0,0,0,0
02-02 22:00,140.8,0.0,0.0,129.8000030517578,11.0,0,0,0,0
02-02 23:00,119.3,0.0,0.0,118.5999984741211,0.699999988079071,0,0,0,0
03-02 00:00,119.8,0.0,0.0,119.80000305175781,0.0,0,0,0,0
03-02 01:00,124.0,0.0,0.0,124.0,0.0,0,0,0,0
03-02 02:00,117.8,0.0,0.0,117.80000305175781,0.0,0,0,0,0
03-02 03:00,113.1,0.0,0.0,113.0999984741211,0.0,0,0,0,0
03-02 04:00,116.6,0.0,0.0,116.5999984741211,0.0,0,0,0,0
03-02 05:00,117.9,0.0,0.0,117.9000015258789,0.0,0,0,0,0
03-02 06:00,130.9,0.0,0.0,130.89999389648438,0.0,0,0,0,0
03-02 07:00,129.4,0.0,0.0,127.9000015258789,1.5,0,0,0,0
03-02 08:00,128.6,0.0,0.0,122.0,6.599999904632568,0,0,0,0
03-02 09:00,153.0,0.0,0.0,139.0,14.0,0,0,0,0
03-02 10:00,173.9,0.0,0.0,148.89999389648438,25.0,0,0,0,0
03-02 11:00,201.8,0.0,0.0,167.10000610351562,34.599998474121094,0,0,0,0
03-02 12:00,238.0,0.0,0.0,193.1999969482422,44.79999923706055,0,0,0,0
03-02 13:00,241.0,0.0,0.0,190.0,51.0,0,0,0,0
03-02 14:00,239.7,0.0,0.0,183.89999389648438,55.79999923706055,0,0,0,0
03-02 15:00,261.3,0.0,0.0,199.1999969482422,62.099998474121094,0,0,0,0
03-02 16:00,252.4,0.0,0.0,194.89999389648438,57.5,0,0,0,0
03-02 17:00,179.2,0.0,0.0,142.6999969482422,36.5,0,0,0,0
03-02 18:00,154.1,0.0,0.0,126.80000305175781,27.299999237060547,0,0,0,0
03-02 19:00,136.8,0.0,0.0,115.69999694824219,21.100000381469727,0,0,0,0
03-02 20:00,92.4,0.0,0.0,80.4000015258789,12.0,0,0,0,0
03-02 21:00,88.0,0.0,0.0,81.5999984741211,6.400000095367432,0,0,0,0
03-02 22:00,71.9,0.0,0.0,69.80000305175781,2.0999999046325684,0,0,0,0
03-02 23:00,74.6,0.0,0.0,74.5999984741211,0.0,0,0,0,0
04-02 00:00,86.7,0.0,0.0,86.69999694824219,0.0,0,0,0,0
04-02 01:00,115.3,0.0,0.0,115.30000305175781,0.0,0,0,0,0
04-02 02:00,102.7,0.0,0.0,102.69999694824219,0.0,0,0,0,0
04-02 03:00,117.7,0.0,0.0,117.69999694824219,0.0,0,0,0,0
04-02 04:00,113.1,0.0,0.0,113.0999984741211,0.0,0,0,0,0
04-02 05:00,109.4,0.0,0.0,109.4000015258789,0.0,0,0,0,0
04-02 06:00,129.9,0.0,0.0,129.89999389648438,0.0,0,0,0,0
04-02 07:00,149.5,0.0,0.0,145.5,4.0,0,0,0,0
04-02 08:00,153.2,0.0,0.0,144.0,9.199999809265137,0,0,0,0
04-02 09:00,155.3,0.0,0.0,143.0,12.300000190734863,0,0,0,0
04-02 10:00,166.2,0.0,0.0,150.1999969482422,16.0,0,0,0,0
04-02 11:00,186.1,0.0,0.0,166.3000030517578,19.799999237060547,0,0,0,0
04-02 12:00,226.3,0.0,0.0,198.8000030517578,27.5,0,0,0,0
04-02 13:00,257.5,0.0,0.0,222.0,35.5,0,0,0,0
04-02 14:00,260.1,0.0,0.0,222.39999389648438,37.70000076293945,0,0,0,0
04-02 15:00,285.9,0.0,0.0,244.10000610351562,41.79999923706055,0,0,0,0
04-02 16:00,271.6,0.0,0.0,232.10000610351562,39.5,0,0,0,0
04-02 17:00,237.0,0.0,0.0,206.39999389648438,30.600000381469727,0,0,0,0
04-02 18:00,205.9,0.0,0.0,183.1999969482422,22.700000762939453,0,0,0,0
04-02 19:00,202.7,0.0,0.0,183.10000610351562,19.600000381469727,0,0,0,0
04-02 20:00,157.2,0.0,0.0,144.8000030517578,12.399999618530273,0,0,0,0
04-02 21:00,149.4,0.0,0.0,141.5,7.900000095367432,0,0,0,0
04-02 22:00,129.7,0.0,0.0,128.3000030517578,1.399999976158142,0,0,0,0
04-02 23:00,133.0,0.0,0.0,131.60000610351562,1.399999976158142,0,0,0,0
05-02 00:00,134.5,0.0,0.0,134.5,0.0,0,0,0,0
05-02 01:00,133.3,0.0,0.0,133.3000030517578,0.0,0,0,0,0
05-02 02:00,125.4,0.0,0.0,125.4000015258789,0.0,0,0,0,0
05-02 03:00,122.9,0.0,0.0,122.9000015258789,0.0,0,0,0,0
05-02 04:00,124.1,0.0,0.0,124.0999984741211,0.0,0,0,0,0
05-02 05:00,145.7,0.0,0.0,145.6999969482422,0.0,0,0,0,0
05-02 06:00,175.1,0.0,0.0,171.39999389648438,3.700000047683716,0,0,0,0
05-02 07:00,233.5,0.0,0.0,210.1999969482422,23.399999618530273,0,0,0,0
05-02 08:00,270.2,0.0,0.0,238.1999969482422,32.0,0,0,0,0
05-02 09:00,284.3,0.0,0.0,247.8000030517578,36.5,0,0,0,0
05-02 10:00,292.8,0.0,0.0,252.89999389648438,39.900001525878906,0,0,0,0
05-02 11:00,316.6,0.0,0.0,272.1000061035156,44.400001525878906,0,0,0,0
05-02 12:00,304.7,0.0,0.0,261.70001220703125,43.0,0,0,0,0
05-02 13:00,309.4,0.0,0.0,263.8999938964844,45.5,0,0,0,0
05-02 14:00,341.2,0.0,0.0,290.8999938964844,50.29999923706055,0,0,0,0
05-02 15:00,411.4,0.0,0.0,346.8999938964844,64.5,0,0,0,0
05-02 16:00,457.6,0.0,0.0,385.6000061035156,72.0,0,0,0,0
05-02 17:00,431.8,0.0,0.0,361.1000061035156,70.69999694824219,0,0,0,0
05-02 18:00,468.7,0.0,0.0,395.8999938964844,72.80000305175781,0,0,0,0
05-02 19:00,374.3,0.0,0.0,318.29998779296875,56.0,0,0,0,0
05-02 20:00,308.8,0.0,0.0,268.0,40.79999923706055,0,0,0,0
05-02 21:00,216.0,0.0,0.0,194.3000030517578,21.700000762939453,0,0,0,0
05-02 22:00,169.7,0.0,0.0,158.39999389648438,11.300000190734863,0,0,0,0
05-02 23:00,151.0,0.0,0.0,150.1999969482422,0.800000011920929,0,0,0,0
06-02 00:00,141.9,0.0,0.0,141.89999389648438,0.0,0,0,0,0
06-02 01:00,155.3,0.0,0.0,155.3000030517578,0.0,0,0,0,0
06-02 02:00,150.5,0.0,0.0,150.5,0.0,0,0,0,0
06-02 03:00,145.9,0.0,0.0,145.89999389648438,0.0,0,0,0,0
06-02 04:00,146.2,0.0,0.0,146.1999969482422,0.0,0,0,0,0
06-02 05:00,154.9,0.0,0.0,154.89999389648438,0.0,0,0,0,0
06-02 06:00,183.0,0.0,0.0,179.39999389648438,3.5999999046325684,0,0,0,0
06-02 07:00,236.9,0.0,0.0,214.8000030517578,22.100000381469727,0,0,0,0
06-02 08:00,279.6,0.0,0.0,248.89999389648438,30.700000762939453,0,0,0,0
06-02 09:00,317.5,0.0,0.0,280.70001220703125,36.79999923706055,0,0,0,0
06-02 10:00,360.8,0.0,0.0,316.29998779296875,44.5,0,0,0,0
06-02 11:00,336.9,0.0,0.0,294.20001220703125,42.70000076293945,0,0,0,0
06-02 12:00,330.3,0.0,0.0,288.20001220703125,42.099998474121094,0,0,0,0
06-02 13:00,378.0,0.0,0.0,327.70001220703125,50.29999923706055,0,0,0,0
06-02 14:00,388.4,0.0,0.0,336.6000061035156,51.79999923706055,0,0,0,0
06-02 15:00,444.7,0.0,0.0,381.5,63.20000076293945,0,0,0,0
06-02 16:00,491.1,0.0,0.0,419.79998779296875,71.30000305175781,0,0,0,0
06-02 17:00,474.6,0.0,0.0,403.8999938964844,70.69999694824219,0,0,0,0
06-02 18:00,492.6,0.0,0.0,421.8999938964844,70.5999984741211,0,0,0,0
06-02 19:00,446.1,0.0,0.0,385.3999938964844,60.70000076293945,0,0,0,0
06-02 20:00,350.7,0.0,0.0,308.6000061035156,42.099998474121094,0,0,0,0
06-02 21:00,243.7,0.0,0.0,222.3000030517578,21.399999618530273,0,0,0,0
06-02 22:00,196.4,0.0,0.0,185.10000610351562,11.300000190734863,0,0,0,0
06-02 23:00,169.7,0.0,0.0,169.0,0.699999988079071,0,0,0,0
07-02 00:00,182.7,0.0,0.0,182.6999969482422,0.0,0,0,0,0
07-02 01:00,179.0,0.0,0.0,179.0,0.0,0,0,0,0
07-02 02:00,154.6,0.0,0.0,154.60000610351562,0.0,0,0,0,0
07-02 03:00,185.5,0.0,0.0,185.5,0.0,0,0,0,0
07-02 04:00,169.9,0.0,0.0,170.0,0.0,0,0,0,0
07-02 05:00,191.9,0.0,0.0,191.8000030517578,0.0,0,0,0,0
07-02 06:00,243.8,0.0,0.0,239.89999389648438,3.9000000953674316,0,0,0,0
07-02 07:00,301.7,0.0,0.0,278.6000061035156,23.200000762939453,0,0,0,0
07-02 08:00,341.5,0.0,0.0,310.5,31.0,0,0,0,0
07-02 09:00,402.4,0.0,0.0,364.5,37.900001525878906,0,0,0,0
07-02 10:00,405.1,0.0,0.0,364.3999938964844,40.70000076293945,0,0,0,0
07-02 11:00,426.2,0.0,0.0,383.1000061035156,43.099998474121094,0,0,0,0
07-02 12:00,400.8,0.0,0.0,360.0,40.79999923706055,0,0,0,0
07-02 13:00,433.3,0.0,0.0,386.3999938964844,46.900001525878906,0,0,0,0
07-02 14:00,457.8,0.0,0.0,408.0,49.79999923706055,0,0,0,0
07-02 15:00,537.8,0.0,0.0,475.29998779296875,62.5,0,0,0,0
07-02 16:00,575.5,0.0,0.0,507.0,68.5,0,0,0,0
07-02 17:00,599.0,0.0,0.0,524.7000122070312,74.30000305175781,0,0,0,0
07-02 18:00,591.6,0.0,0.0,521.0,70.5999984741211,0,0,0,0
07-02 19:00,486.4,0.0,0.0,430.6000061035156,55.900001525878906,0,0,0,0
07-02 20:00,438.5,0.0,0.0,394.0,44.5,0,0,0,0
07-02 21:00,298.9,0.0,0.0,275.8999938964844,23.0,0,0,0,0
07-02 22:00,206.5,0.0,0.0,196.0,10.5,0,0,0,0
07-02 23:00,205.2,0.0,0.0,204.5,0.699999988079071,0,0,0,0
08-02 00:00,213.6,0.0,0.0,213.60000610351562,0.0,0,0,0,0
08-02 01:00,205.1,0.0,0.0,205.10000610351562,0.0,0,0,0,0
08-02 02:00,196.6,0.0,0.0,196.60000610351562,0.0,0,0,0,0
08-02 03:00,201.5,0.0,0.0,201.5,0.0,0,0,0,0
08-02 04:00,201.8,0.0,0.0,201.8000030517578,0.0,0,0,0,0
08-02 05:00,234.9,0.0,0.0,235.0,0.0,0,0,0,0
08-02 06:00,268.4,0.0,0.0,264.70001220703125,3.700000047683716,0,0,0,0
08-02 07:00,336.5,0.0,0.0,313.79998779296875,22.700000762939453,0,0,0,0
08-02 08:00,399.9,0.0,0.0,368.0,31.899999618530273,0,0,0,0
08-02 09:00,462.2,0.0,0.0,423.20001220703125,39.0,0,0,0,0
08-02 10:00,442.6,0.0,0.0,402.79998779296875,39.79999923706055,0,0,0,0
08-02 11:00,447.3,0.0,0.0,406.79998779296875,40.5,0,0,0,0
08-02 12:00,513.9,0.0,0.0,467.1000061035156,46.79999923706055,0,0,0,0
08-02 13:00,564.7,0.0,0.0,511.70001220703125,53.0,0,0,0,0
08-02 14:00,514.2,0.0,0.0,465.0,49.20000076293945,0,0,0,0
08-02 15:00,579.5,0.0,0.0,520.0999755859375,59.400001525878906,0,0,0,0
08-02 16:00,633.1,0.0,0.0,567.4000244140625,65.5999984741211,0,0,0,0
08-02 17:00,665.8,0.0,0.0,593.7000122070312,72.0,0,0,0,0
08-02 18:00,664.7,0.0,0.0,595.5,69.19999694824219,0,0,0,0
08-02 19:00,582.0,0.0,0.0,523.7999877929688,58.20000076293945,0,0,0,0
08-02 20:00,486.8,0.0,0.0,444.0,42.79999923706055,0,0,0,0
08-02 21:00,357.3,0.0,0.0,333.70001220703125,23.600000381469727,0,0,0,0
08-02 22:00,254.7,0.0,0.0,243.6999969482422,11.0,0,0,0,0
08-02 23:00,248.5,0.0,0.0,247.6999969482422,0.800000011920929,0,0,0,0
09-02 00:00,244.3,0.0,0.0,244.3000030517578,0.0,0,0,0,0
09-02 01:00,221.3,0.0,0.0,221.3000030517578,0.0,0,0,0,0
09-02 02:00,215.3,0.0,0.0,215.3000030517578,0.0,0,0,0,0
09-02 03:00,217.5,0.0,0.0,217.5,0.0,0,0,0,0
09-02 04:00,213.1,0.0,0.0,213.10000610351562,0.0,0,0,0,0
09-02 05:00,239.2,0.0,0.0,239.1999969482422,0.0,0,0,0,0
09-02 06:00,284.9,0.0,0.0,281.0,3.9000000953674316,0,0,0,0
09-02 07:00,318.2,0.0,0.0,297.0,21.200000762939453,0,0,0,0
09-02 08:00,392.3,0.0,0.0,360.70001220703125,31.600000381469727,0,0,0,0
09-02 09:00,440.0,0.0,0.0,402.5,37.5,0,0,0,0
09-02 10:00,444.7,0.0,0.0,403.70001220703125,41.0,0,0,0,0
09-02 11:00,468.0,0.0,0.0,424.5,43.5,0,0,0,0
09-02 12:00,447.4,0.0,0.0,404.8999938964844,42.5,0,0,0,0
09-02 13:00,529.9,0.0,0.0,477.3999938964844,52.5,0,0,0,0
09-02 14:00,530.2,0.0,0.0,477.5,52.70000076293945,0,0,0,0
09-02 15:00,547.2,0.0,0.0,489.1000061035156,58.099998474121094,0,0,0,0
09-02 16:00,649.5,0.0,0.0,579.0999755859375,70.4000015258789,0,0,0,0
09-02 17:00,656.8,0.0,0.0,583.2999877929688,73.5,0,0,0,0
09-02 18:00,648.9,0.0,0.0,579.0999755859375,69.80000305175781,0,0,0,0
09-02 19:00,498.8,0.0,0.0,447.1000061035156,51.70000076293945,0,0,0,0
09-02 20:00,458.0,0.0,0.0,416.0,42.0,0,0,0,0
09-02 21:00,320.2,0.0,0.0,297.8999938964844,22.299999237060547,0,0,0,0
09-02 22:00,251.1,0.0,0.0,239.5,11.600000381469727,0,0,0,0
09-02 23:00,234.7,0.0,0.0,233.89999389648438,0.800000011920929,0,0,0,0
10-02 00:00,231.0,0.0,0.0,231.0,0.0,0,0,0,0
10-02 01:00,224.4,0.0,0.0,224.39999389648438,0.0,0,0,0,0
10-02 02:00,211.4,0.0,0.0,211.39999389648438,0.0,0,0,0,0
10-02 03:00,187.8,0.0,0.0,187.8000030517578,0.0,0,0,0,0
10-02 04:00,208.2,0.0,0.0,208.1999969482422,0.0,0,0,0,0
10-02 05:00,212.8,0.0,0.0,212.8000030517578,0.0,0,0,0,0
10-02 06:00,224.5,0.0,0.0,224.5,0.0,0,0,0,0
10-02 07:00,239.6,0.0,0.0,238.10000610351562,1.5,0,0,0,0
10-02 08:00,243.7,0.0,0.0,237.1999969482422,6.599999904632568,0,0,0,0
10-02 09:00,281.1,0.0,0.0,267.6000061035156,13.5,0,0,0,0
10-02 10:00,358.8,0.0,0.0,332.20001220703125,26.700000762939453,0,0,0,0
10-02 11:00,410.1,0.0,0.0,374.20001220703125,35.900001525878906,0,0,0,0
10-02 12:00,477.8,0.0,0.0,433.20001220703125,44.599998474121094,0,0,0,0
10-02 13:00,535.5,0.0,0.0,481.6000061035156,53.900001525878906,0,0,0,0
10-02 14:00,521.0,0.0,0.0,467.79998779296875,53.20000076293945,0,0,0,0
10-02 15:00,605.6,0.0,0.0,542.0,63.599998474121094,0,0,0,0
10-02 16:00,545.5,0.0,0.0,489.3999938964844,56.099998474121094,0,0,0,0
10-02 17:00,439.5,0.0,0.0,400.20001220703125,39.29999923706055,0,0,0,0
10-02 18:00,348.5,0.0,0.0,321.29998779296875,27.200000762939453,0,0,0,0
10-02 19:00,307.6,0.0,0.0,288.3999938964844,19.200000762939453,0,0,0,0
10-02 20:00,261.7,0.0,0.0,249.10000610351562,12.600000381469727,0,0,0,0
10-02 21:00,243.7,0.0,0.0,236.89999389648438,6.800000190734863,0,0,0,0
10-02 22:00,240.0,0.0,0.0,237.6999969482422,2.299999952316284,0,0,0,0
10-02 23:00,222.6,0.0,0.0,222.60000610351562,0.0,0,0,0,0
11-02 00:00,226.4,0.0,0.0,226.39999389648438,0.0,0,0,0,0
11-02 01:00,207.5,0.0,0.0,207.5,0.0,0,0,0,0
11-02 02:00,170.6,0.0,0.0,170.60000610351562,0.0,0,0,0,0
11-02 03:00,194.3,0.0,0.0,194.3000030517578,0.0,0,0,0,0
11-02 04:00,205.1,0.0,0.0,205.0,0.0,0,0,0,0
11-02 05:00,205.4,0.0,0.0,205.39999389648438,0.0,0,0,0,0
11-02 06:00,199.3,0.0,0.0,199.3000030517578,0.0,0,0,0,0
11-02 07:00,207.7,0.0,0.0,204.1999969482422,3.5999999046325684,0,0,0,0
11-02 08:00,209.7,0.0,0.0,201.39999389648438,8.300000190734863,0,0,0,0
11-02 09:00,215.8,0.0,0.0,204.1999969482422,11.600000381469727,0,0,0,0
11-02 10:00,222.1,0.0,0.0,207.0,15.100000381469727,0,0,0,0
11-02 11:00,252.7,0.0,0.0,232.8000030517578,19.899999618530273,0,0,0,0
11-02 12:00,278.7,0.0,0.0,253.39999389648438,25.299999237060547,0,0,0,0
11-02 13:00,349.0,0.0,0.0,313.0,36.0,0,0,0,0
11-02 14:00,380.5,0.0,0.0,339.20001220703125,41.29999923706055,0,0,0,0
11-02 15:00,371.1,0.0,0.0,330.79998779296875,40.29999923706055,0,0,0,0
11-02 16:00,378.8,0.0,0.0,338.70001220703125,40.099998474121094,0,0,0,0
11-02 17:00,330.5,0.0,0.0,298.1000061035156,32.400001525878906,0,0,0,0
11-02 18:00,265.9,0.0,0.0,243.10000610351562,22.799999237060547,0,0,0,0
11-02 19:00,247.9,0.0,0.0,229.6999969482422,18.200000762939453,0,0,0,0
11-02 20:00,242.6,0.0,0.0,228.6999969482422,13.899999618530273,0,0,0,0
11-02 21:00,208.0,0.0,0.0,200.0,7.900000095367432,0,0,0,0
11-02 22:00,221.2,0.0,0.0,219.60000610351562,1.600000023841858,0,0,0,0
11-02 23:00,217.6,0.0,0.0,216.10000610351562,1.5,0,0,0,0
12-02 00:00,217.3,0.0,0.0,217.3000030517578,0.0,0,0,0,0
12-02 01:00,213.1,0.0,0.0,213.10000610351562,0.0,0,0,0,0
12-02 02:00,207.9,0.0,0.0,207.89999389648438,0.0,0,0,0,0
12-02 03:00,204.4,0.0,0.0,204.39999389648438,0.0,0,0,0,0
12-02 04:00,206.4,0.0,0.0,206.39999389648438,0.0,0,0,0,0
12-02 05:00,203.7,0.0,0.0,203.6999969482422,0.0,0,0,0,0
12-02 06:00,252.6,0.0,0.0,249.0,3.5999999046325684,0,0,0,0
12-02 07:00,328.8,0.0,0.0,306.3999938964844,22.399999618530273,0,0,0,0
12-02 08:00,388.8,0.0,0.0,357.29998779296875,31.5,0,0,0,0
12-02 09:00,438.0,0.0,0.0,399.8999938964844,38.099998474121094,0,0,0,0
12-02 10:00,452.5,0.0,0.0,409.1000061035156,43.400001525878906,0,0,0,0
12-02 11:00,439.8,0.0,0.0,395.20001220703125,44.599998474121094,0,0,0,0
12-02 12:00,420.6,0.0,0.0,376.8999938964844,43.70000076293945,0,0,0,0
12-02 13:00,453.4,0.0,0.0,403.8999938964844,49.5,0,0,0,0
12-02 14:00,468.0,0.0,0.0,416.3999938964844,51.599998474121094,0,0,0,0
12-02 15:00,549.9,0.0,0.0,485.70001220703125,64.19999694824219,0,0,0,0
12-02 16:00,588.3,0.0,0.0,518.7000122070312,69.5999984741211,0,0,0,0
12-02 17:00,647.1,0.0,0.0,569.4000244140625,77.69999694824219,0,0,0,0
12-02 18:00,659.7,0.0,0.0,585.2000122070312,74.5,0,0,0,0
12-02 19:00,548.4,0.0,0.0,489.79998779296875,58.599998474121094,0,0,0,0
12-02 20:00,437.6,0.0,0.0,396.6000061035156,41.0,0,0,0,0
12-02 21:00,300.1,0.0,0.0,278.79998779296875,21.299999237060547,0,0,0,0
12-02 22:00,236.3,0.0,0.0,225.39999389648438,10.899999618530273,0,0,0,0
12-02 23:00,238.8,0.0,0.0,238.0,0.800000011920929,0,0,0,0
13-02 00:00,227.1,0.0,0.0,227.10000610351562,0.0,0,0,0,0
13-02 01:00,226.1,0.0,0.0,226.10000610351562,0.0,0,0,0,0
13-02 02:00,213.2,0.0,0.0,213.1999969482422,0.0,0,0,0,0
13-02 03:00,207.3,0.0,0.0,207.3000030517578,0.0,0,0,0,0
13-02 04:00,216.8,0.0,0.0,216.8000030517578,0.0,0,0,0,0
13-02 05:00,226.4,0.0,0.0,226.39999389648438,0.0,0,0,0,0
13-02 06:00,262.8,0.0,0.0,259.20001220703125,3.5999999046325684,0,0,0,0
13-02 07:00,346.0,0.0,0.0,322.29998779296875,23.700000762939453,0,0,0,0
13-02 08:00,396.3,0.0,0.0,363.8999938964844,32.400001525878906,0,0,0,0
13-02 09:00,445.2,0.0,0.0,405.6000061035156,39.599998474121094,0,0,0,0
13-02 10:00,404.4,0.0,0.0,364.29998779296875,40.099998474121094,0,0,0,0
13-02 11:00,411.4,0.0,0.0,368.8999938964844,42.5,0,0,0,0
13-02 12:00,389.6,0.0,0.0,347.70001220703125,41.900001525878906,0,0,0,0
13-02 13:00,431.6,0.0,0.0,381.6000061035156,50.0,0,0,0,0
13-02 14:00,457.6,0.0,0.0,405.6000061035156,52.0,0,0,0,0
13-02 15:00,518.0,0.0,0.0,455.79998779296875,62.20000076293945,0,0,0,0
13-02 16:00,598.9,0.0,0.0,526.7000122070312,72.19999694824219,0,0,0,0
13-02 17:00,595.7,0.0,0.0,521.7999877929688,73.9000015258789,0,0,0,0
13-02 18:00,609.9,0.0,0.0,539.5999755859375,70.19999694824219,0,0,0,0
13-02 19:00,525.1,0.0,0.0,465.8999938964844,59.20000076293945,0,0,0,0
13-02 20:00,396.5,0.0,0.0,358.79998779296875,37.70000076293945,0,0,0,0
13-02 21:00,314.6,0.0,0.0,292.6000061035156,22.0,0,0,0,0
13-02 22:00,256.3,0.0,0.0,245.0,11.300000190734863,0,0,0,0
13-02 23:00,240.7,0.0,0.0,239.89999389648438,0.800000011920929,0,0,0,0
14-02 00:00,231.8,0.0,0.0,231.8000030517578,0.0,0,0,0,0
14-02 01:00,211.9,0.0,0.0,211.89999389648438,0.0,0,0,0,0
14-02 02:00,188.3,0.0,0.0,188.3000030517578,0.0,0,0,0,0
14-02 03:00,168.5,0.0,0.0,168.5,0.0,0,0,0,0
14-02 04:00,186.8,0.0,0.0,186.8000030517578,0.0,0,0,0,0
14-02 05:00,206.1,0.0,0.0,206.10000610351562,0.0,0,0,0,0
14-02 06:00,229.1,0.0,0.0,225.5,3.5999999046325684,0,0,0,0
14-02 07:00,281.1,0.0,0.0,259.79998779296875,21.299999237060547,0,0,0,0
14-02 08:00,334.0,0.0,0.0,304.79998779296875,29.200000762939453,0,0,0,0
14-02 09:00,415.3,0.0,0.0,376.1000061035156,39.20000076293945,0,0,0,0
14-02 10:00,431.5,0.0,0.0,388.20001220703125,43.400001525878906,0,0,0,0
14-02 11:00,415.2,0.0,0.0,373.20001220703125,42.0,0,0,0,0
14-02 12:00,437.6,0.0,0.0,392.29998779296875,45.29999923706055,0,0,0,0
14-02 13:00,432.7,0.0,0.0,385.20001220703125,47.5,0,0,0,0
14-02 14:00,444.6,0.0,0.0,395.6000061035156,49.0,0,0,0,0
14-02 15:00,515.9,0.0,0.0,453.70001220703125,62.20000076293945,0,0,0,0
14-02 16:00,588.1,0.0,0.0,515.9000244140625,72.19999694824219,0,0,0,0
14-02 17:00,586.3,0.0,0.0,513.2000122070312,73.0999984741211,0,0,0,0
14-02 18:00,580.3,0.0,0.0,511.5,68.80000305175781,0,0,0,0
14-02 19:00,528.7,0.0,0.0,469.0,59.70000076293945,0,0,0,0
14-02 20:00,446.1,0.0,0.0,403.1000061035156,43.0,0,0,0,0
14-02 21:00,317.6,0.0,0.0,295.20001220703125,22.399999618530273,0,0,0,0
14-02 22:00,264.6,0.0,0.0,252.89999389648438,11.699999809265137,0,0,0,0
14-02 23:00,242.3,0.0,0.0,241.5,0.800000011920929,0,0,0,0
15-02 00:00,255.1,0.0,0.0,255.1999969482422,0.0,0,0,0,0
15-02 01:00,257.2,0.0,0.0,257.20001220703125,0.0,0,0,0,0
15-02 02:00,222.9,0.0,0.0,222.89999389648438,0.0,0,0,0,0
15-02 03:00,236.2,0.0,0.0,236.1999969482422,0.0,0,0,0,0
15-02 04:00,235.0,0.0,0.0,235.0,0.0,0,0,0,0
15-02 05:00,256.1,0.0,0.0,256.1000061035156,0.0,0,0,0,0
15-02 06:00,279.2,0.0,0.0,275.70001220703125,3.5,0,0,0,0
15-02 07:00,325.8,0.0,0.0,305.20001220703125,20.600000381469727,0,0,0,0
15-02 08:00,398.0,0.0,0.0,366.29998779296875,31.700000762939453,0,0,0,0
15-02 09:00,401.9,0.0,0.0,366.3999938964844,35.400001525878906,0,0,0,0
15-02 10:00,406.4,0.0,0.0,364.70001220703125,41.599998474121094,0,0,0,0
15-02 11:00,416.5,0.0,0.0,371.20001220703125,45.29999923706055,0,0,0,0
15-02 12:00,378.8,0.0,0.0,336.6000061035156,42.20000076293945,0,0,0,0
15-02 13:00,410.5,0.0,0.0,362.1000061035156,48.400001525878906,0,0,0,0
15-02 14:00,424.9,0.0,0.0,374.0,50.900001525878906,0,0,0,0
15-02 15:00,489.5,0.0,0.0,428.6000061035156,60.900001525878906,0,0,0,0
15-02 16:00,548.9,0.0,0.0,479.5,69.4000015258789,0,0,0,0
15-02 17:00,533.1,0.0,0.0,463.0,70.0999984741211,0,0,0,0
15-02 18:00,515.0,0.0,0.0,449.79998779296875,65.19999694824219,0,0,0,0
15-02 19:00,463.3,0.0,0.0,407.79998779296875,55.5,0,0,0,0
15-02 20:00,368.2,0.0,0.0,329.29998779296875,38.900001525878906,0,0,0,0
15-02 21:00,249.8,0.0,0.0,228.8000030517578,21.0,0,0,0,0
15-02 22:00,189.4,0.0,0.0,178.39999389648438,11.0,0,0,0,0
15-02 23:00,162.9,0.0,0.0,162.1999969482422,0.699999988079071,0,0,0,0
16-02 00:00,144.1,0.0,0.0,144.1999969482422,0.0,0,0,0,0
16-02 01:00,150.8,0.0,0.0,150.8000030517578,0.0,0,0,0,0
16-02 02:00,150.1,0.0,0.0,150.1999969482422,0.0,0,0,0,0
16-02 03:00,137.7,0.0,0.0,137.6999969482422,0.0,0,0,0,0
16-02 04:00,134.4,0.0,0.0,134.39999389648438,0.0,0,0,0,0
16-02 05:00,129.1,0.0,0.0,129.10000610351562,0.0,0,0,0,0
16-02 06:00,166.3,0.0,0.0,162.60000610351562,3.700000047683716,0,0,0,0
16-02 07:00,194.7,0.0,0.0,173.1999969482422,21.5,0,0,0,0
16-02 08:00,230.4,0.0,0.0,200.60000610351562,29.799999237060547,0,0,0,0
16-02 09:00,261.9,0.0,0.0,226.1999969482422,35.70000076293945,0,0,0,0
16-02 10:00,272.7,0.0,0.0,233.1999969482422,39.5,0,0,0,0
16-02 11:00,297.3,0.0,0.0,252.8000030517578,44.400001525878906,0,0,0,0
16-02 12:00,294.9,0.0,0.0,250.5,44.400001525878906,0,0,0,0
16-02 13:00,295.8,0.0,0.0,248.3000030517578,47.400001525878906,0,0,0,0
16-02 14:00,329.1,0.0,0.0,276.20001220703125,52.900001525878906,0,0,0,0
16-02 15:00,368.0,0.0,0.0,305.29998779296875,62.70000076293945,0,0,0,0
16-02 16:00,407.3,0.0,0.0,336.6000061035156,70.69999694824219,0,0,0,0
16-02 17:00,388.6,0.0,0.0,318.3999938964844,70.0999984741211,0,0,0,0
16-02 18:00,410.5,0.0,0.0,339.1000061035156,71.4000015258789,0,0,0,0
16-02 19:00,377.9,0.0,0.0,315.3999938964844,62.5,0,0,0,0
16-02 20:00,285.0,0.0,0.0,242.89999389648438,42.099998474121094,0,0,0,0
16-02 21:00,178.1,0.0,0.0,157.6999969482422,20.399999618530273,0,0,0,0
16-02 22:00,141.2,0.0,0.0,130.3000030517578,11.0,0,0,0,0
16-02 23:00,123.7,0.0,0.0,123.0,0.699999988079071,0,0,0,0
17-02 00:00,119.1,0.0,0.0,119.0999984741211,0.0,0,0,0,0
17-02 01:00,124.0,0.0,0.0,124.0,0.0,0,0,0,0
17-02 02:00,118.6,0.0,0.0,118.5999984741211,0.0,0,0,0,0
17-02 03:00,108.5,0.0,0.0,108.5,0.0,0,0,0,0
17-02 04:00,110.7,0.0,0.0,110.69999694824219,0.0,0,0,0,0
17-02 05:00,115.9,0.0,0.0,115.9000015258789,0.0,0,0,0,0
17-02 06:00,115.2,0.0,0.0,115.19999694824219,0.0,0,0,0,0
17-02 07:00,113.1,0.0,0.0,111.69999694824219,1.399999976158142,0,0,0,0
17-02 08:00,130.8,0.0,0.0,123.9000015258789,7.0,0,0,0,0
17-02 09:00,134.7,0.0,0.0,121.5999984741211,13.199999809265137,0,0,0,0
17-02 10:00,175.4,0.0,0.0,150.1999969482422,25.200000762939453,0,0,0,0
17-02 11:00,218.6,0.0,0.0,181.39999389648438,37.20000076293945,0,0,0,0
17-02 12:00,256.5,0.0,0.0,209.10000610351562,47.400001525878906,0,0,0,0
17-02 13:00,262.5,0.0,0.0,211.10000610351562,51.400001525878906,0,0,0,0
17-02 14:00,304.4,0.0,0.0,242.5,61.900001525878906,0,0,0,0
17-02 15:00,277.8,0.0,0.0,220.0,57.79999923706055,0,0,0,0
17-02 16:00,290.2,0.0,0.0,232.1999969482422,58.0,0,0,0,0
17-02 17:00,193.4,0.0,0.0,158.5,34.900001525878906,0,0,0,0
17-02 18:00,176.4,0.0,0.0,148.8000030517578,27.600000381469727,0,0,0,0
17-02 19:00,156.3,0.0,0.0,136.39999389648438,19.899999618530273,0,0,0,0
17-02 20:00,113.0,0.0,0.0,101.5,11.5,0,0,0,0
17-02 21:00,111.9,0.0,0.0,105.5,6.400000095367432,0,0,0,0
17-02 22:00,110.4,0.0,0.0,108.30000305175781,2.0999999046325684,0,0,0,0
17-02 23:00,109.7,0.0,0.0,109.5999984741211,0.0,0,0,0,0
18-02 00:00,93.9,0.0,0.0,93.9000015258789,0.0,0,0,0,0
18-02 01:00,104.5,0.0,0.0,104.5,0.0,0,0,0,0
18-02 02:00,102.3,0.0,0.0,102.30000305175781,0.0,0,0,0,0
18-02 03:00,102.3,0.0,0.0,102.30000305175781,0.0,0,0,0,0
18-02 04:00,103.3,0.0,0.0,103.30000305175781,0.0,0,0,0,0
18-02 05:00,98.3,0.0,0.0,98.30000305175781,0.0,0,0,0,0
18-02 06:00,110.2,0.0,0.0,110.19999694824219,0.0,0,0,0,0
18-02 07:00,110.2,0.0,0.0,106.5999984741211,3.5999999046325684,0,0,0,0
18-02 08:00,110.0,0.0,0.0,101.4000015258789,8.600000381469727,0,0,0,0
18-02 09:00,108.8,0.0,0.0,97.0,11.899999618530273,0,0,0,0
18-02 10:00,108.2,0.0,0.0,92.0,16.200000762939453,0,0,0,0
18-02 11:00,107.5,0.0,0.0,88.69999694824219,18.799999237060547,0,0,0,0
18-02 12:00,120.5,0.0,0.0,94.0999984741211,26.399999618530273,0,0,0,0
18-02 13:00,135.3,0.0,0.0,103.30000305175781,32.0,0,0,0,0
18-02 14:00,148.7,0.0,0.0,110.30000305175781,38.400001525878906,0,0,0,0
18-02 15:00,170.8,0.0,0.0,129.10000610351562,41.70000076293945,0,0,0,0
18-02 16:00,159.7,0.0,0.0,120.69999694824219,39.0,0,0,0,0
18-02 17:00,155.3,0.0,0.0,122.80000305175781,32.5,0,0,0,0
18-02 18:00,129.6,0.0,0.0,106.9000015258789,22.700000762939453,0,0,0,0
18-02 19:00,111.5,0.0,0.0,94.0999984741211,17.399999618530273,0,0,0,0
18-02 20:00,100.1,0.0,0.0,87.0999984741211,13.0,0,0,0,0
18-02 21:00,91.5,0.0,0.0,83.30000305175781,8.199999809265137,0,0,0,0
18-02 22:00,84.7,0.0,0.0,83.30000305175781,1.399999976158142,0,0,0,0
18-02 23:00,83.2,0.0,0.0,81.80000305175781,1.399999976158142,0,0,0,0
19-02 00:00,82.1,0.0,0.0,82.0999984741211,0.0,0,0,0,0
19-02 01:00,99.2,0.0,0.0,99.19999694824219,0.0,0,0,0,0
19-02 02:00,89.5,0.0,0.0,89.5,0.0,0,0,0,0
19-02 03:00,86.1,0.0,0.0,86.0999984741211,0.0,0,0,0,0
19-02 04:00,86.9,0.0,0.0,86.9000015258789,0.0,0,0,0,0
19-02 05:00,86.3,0.0,0.0,86.4000015258789,0.0,0,0,0,0
19-02 06:00,103.2,0.0,0.0,99.5999984741211,3.5999999046325684,0,0,0,0
19-02 07:00,142.3,0.0,0.0,120.9000015258789,21.399999618530273,0,0,0,0
19-02 08:00,188.8,0.0,0.0,156.89999389648438,31.899999618530273,0,0,0,0
19-02 09:00,185.4,0.0,0.0,149.8000030517578,35.599998474121094,0,0,0,0
19-02 10:00,195.0,0.0,0.0,153.89999389648438,41.099998474121094,0,0,0,0
19-02 11:00,205.6,0.0,0.0,160.39999389648438,45.20000076293945,0,0,0,0
19-02 12:00,187.3,0.0,0.0,144.39999389648438,42.900001525878906,0,0,0,0
19-02 13:00,200.5,0.0,0.0,151.3000030517578,49.20000076293945,0,0,0,0
19-02 14:00,210.7,0.0,0.0,161.5,49.20000076293945,0,0,0,0
19-02 15:00,220.9,0.0,0.0,166.5,54.400001525878906,0,0,0,0
19-02 16:00,287.4,0.0,0.0,216.3000030517578,71.0999984741211,0,0,0,0
19-02 17:00,292.7,0.0,0.0,219.89999389648438,72.80000305175781,0,0,0,0
19-02 18:00,290.4,0.0,0.0,224.0,66.4000015258789,0,0,0,0
19-02 19:00,276.4,0.0,0.0,218.8000030517578,57.599998474121094,0,0,0,0
19-02 20:00,220.8,0.0,0.0,181.3000030517578,39.5,0,0,0,0
19-02 21:00,179.0,0.0,0.0,156.0,23.100000381469727,0,0,0,0
19-02 22:00,136.6,0.0,0.0,125.80000305175781,10.800000190734863,0,0,0,0
19-02 23:00,134.5,0.0,0.0,133.6999969482422,0.800000011920929,0,0,0,0
20-02 00:00,135.6,0.0,0.0,135.60000610351562,0.0,0,0,0,0
20-02 01:00,123.6,0.0,0.0,123.5999984741211,0.0,0,0,0,0
20-02 02:00,111.5,0.0,0.0,111.5,0.0,0,0,0,0
20-02 03:00,117.6,0.0,0.0,117.5999984741211,0.0,0,0,0,0
20-02 04:00,111.0,0.0,0.0,111.0,0.0,0,0,0,0
20-02 05:00,114.5,0.0,0.0,114.5,0.0,0,0,0,0
20-02 06:00,142.0,0.0,0.0,138.39999389648438,3.5999999046325684,0,0,0,0
20-02 07:00,175.7,0.0,0.0,153.89999389648438,21.799999237060547,0,0,0,0
20-02 08:00,210.2,0.0,0.0,178.60000610351562,31.600000381469727,0,0,0,0
20-02 09:00,229.5,0.0,0.0,190.60000610351562,38.900001525878906,0,0,0,0
20-02 10:00,237.7,0.0,0.0,192.10000610351562,45.599998474121094,0,0,0,0
20-02 11:00,212.0,0.0,0.0,167.6999969482422,44.29999923706055,0,0,0,0
20-02 12:00,191.4,0.0,0.0,148.5,42.900001525878906,0,0,0,0
20-02 13:00,193.3,0.0,0.0,146.1999969482422,47.20000076293945,0,0,0,0
20-02 14:00,203.8,0.0,0.0,152.10000610351562,51.70000076293945,0,0,0,0
20-02 15:00,233.1,0.0,0.0,170.6999969482422,62.400001525878906,0,0,0,0
20-02 16:00,254.2,0.0,0.0,185.89999389648438,68.30000305175781,0,0,0,0
20-02 17:00,259.1,0.0,0.0,189.3000030517578,69.80000305175781,0,0,0,0
20-02 18:00,274.8,0.0,0.0,206.39999389648438,68.4000015258789,0,0,0,0
20-02 19:00,235.2,0.0,0.0,179.39999389648438,55.79999923706055,0,0,0,0
20-02 20:00,190.8,0.0,0.0,150.5,40.29999923706055,0,0,0,0
20-02 21:00,126.5,0.0,0.0,105.80000305175781,20.700000762939453,0,0,0,0
20-02 22:00,98.6,0.0,0.0,87.80000305175781,10.800000190734863,0,0,0,0
20-02 23:00,85.5,0.0,0.0,84.80000305175781,0.699999988079071,0,0,0,0
21-02 00:00,81.6,0.0,0.0,81.5999984741211,0.0,0,0,0,0
21-02 01:00,94.1,0.0,0.0,94.0999984741211,0.0,0,0,0,0
21-02 02:00,88.1,0.0,0.0,88.0999984741211,0.0,0,0,0,0
21-02 03:00,92.3,0.0,0.0,92.30000305175781,0.0,0,0,0,0
21-02 04:00,93.3,0.0,0.0,93.30000305175781,0.0,0,0,0,0
21-02 05:00,96.5,0.0,0.0,96.5,0.0,0,0,0,0
21-02 06:00,118.5,0.0,0.0,114.69999694824219,3.799999952316284,0,0,0,0
21-02 07:00,151.0,0.0,0.0,128.8000030517578,22.200000762939453,0,0,0,0
21-02 08:00,184.9,0.0,0.0,151.8000030517578,33.099998474121094,0,0,0,0
21-02 09:00,181.5,0.0,0.0,144.10000610351562,37.400001525878906,0,0,0,0
21-02 10:00,157.4,0.0,0.0,120.19999694824219,37.20000076293945,0,0,0,0
21-02 11:00,158.3,0.0,0.0,115.80000305175781,42.5,0,0,0,0
21-02 12:00,145.1,0.0,0.0,102.30000305175781,42.79999923706055,0,0,0,0
21-02 13:00,161.3,0.0,0.0,108.9000015258789,52.400001525878906,0,0,0,0
21-02 14:00,152.6,0.0,0.0,101.5,51.099998474121094,0,0,0,0
21-02 15:00,195.7,0.0,0.0,127.80000305175781,67.9000015258789,0,0,0,0
21-02 16:00,205.1,0.0,0.0,135.5,69.5999984741211,0,0,0,0
21-02 17:00,221.0,0.0,0.0,148.39999389648438,72.5999984741211,0,0,0,0
21-02 18:00,225.4,0.0,0.0,159.1999969482422,66.19999694824219,0,0,0,0
21-02 19:00,204.6,0.0,0.0,147.6999969482422,56.900001525878906,0,0,0,0
21-02 20:00,158.7,0.0,0.0,120.0999984741211,38.599998474121094,0,0,0,0
21-02 21:00,134.8,0.0,0.0,111.69999694824219,23.100000381469727,0,0,0,0
21-02 22:00,101.5,0.0,0.0,90.69999694824219,10.800000190734863,0,0,0,0
21-02 23:00,94.6,0.0,0.0,93.9000015258789,0.699999988079071,0,0,0,0
22-02 00:00,109.5,0.0,0.0,109.5,0.0,0,0,0,0
22-02 01:00,109.6,0.0,0.0,109.5999984741211,0.0,0,0,0,0
22-02 02:00,113.9,0.0,0.0,113.9000015258789,0.0,0,0,0,0
22-02 03:00,112.9,0.0,0.0,112.9000015258789,0.0,0,0,0,0
22-02 04:00,120.3,0.0,0.0,120.30000305175781,0.0,0,0,0,0
22-02 05:00,120.7,0.0,0.0,120.69999694824219,0.0,0,0,0,0
22-02 06:00,135.1,0.0,0.0,131.60000610351562,3.5,0,0,0,0
22-02 07:00,177.6,0.0,0.0,156.3000030517578,21.299999237060547,0,0,0,0
22-02 08:00,179.7,0.0,0.0,151.60000610351562,28.100000381469727,0,0,0,0
22-02 09:00,199.4,0.0,0.0,163.89999389648438,35.5,0,0,0,0
22-02 10:00,206.4,0.0,0.0,164.60000610351562,41.79999923706055,0,0,0,0
22-02 11:00,180.8,0.0,0.0,141.3000030517578,39.5,0,0,0,0
22-02 12:00,184.0,0.0,0.0,140.3000030517578,43.599998474121094,0,0,0,0
22-02 13:00,184.0,0.0,0.0,137.3000030517578,46.70000076293945,0,0,0,0
22-02 14:00,184.3,0.0,0.0,134.3000030517578,50.0,0,0,0,0
22-02 15:00,215.9,0.0,0.0,156.10000610351562,59.79999923706055,0,0,0,0
22-02 16:00,238.4,0.0,0.0,172.3000030517578,66.0999984741211,0,0,0,0
22-02 17:00,267.8,0.0,0.0,195.3000030517578,72.5,0,0,0,0
22-02 18:00,276.9,0.0,0.0,208.0,68.9000015258789,0,0,0,0
22-02 19:00,264.7,0.0,0.0,203.8000030517578,60.900001525878906,0,0,0,0
22-02 20:00,197.9,0.0,0.0,158.10000610351562,39.79999923706055,0,0,0,0
22-02 21:00,152.6,0.0,0.0,130.8000030517578,21.799999237060547,0,0,0,0
22-02 22:00,119.6,0.0,0.0,108.30000305175781,11.300000190734863,0,0,0,0
22-02 23:00,116.5,0.0,0.0,115.80000305175781,0.699999988079071,0,0,0,0
23-02 00:00,100.5,0.0,0.0,100.5,0.0,0,0,0,0
23-02 01:00,100.4,0.0,0.0,100.4000015258789,0.0,0,0,0,0
23-02 02:00,97.2,0.0,0.0,97.19999694824219,0.0,0,0,0,0
23-02 03:00,92.2,0.0,0.0,92.19999694824219,0.0,0,0,0,0
23-02 04:00,90.4,0.0,0.0,90.4000015258789,0.0,0,0,0,0
23-02 05:00,100.5,0.0,0.0,100.5,0.0,0,0,0,0
23-02 06:00,110.7,0.0,0.0,107.19999694824219,3.5999999046325684,0,0,0,0
23-02 07:00,130.9,0.0,0.0,109.80000305175781,21.100000381469727,0,0,0,0
23-02 08:00,143.8,0.0,0.0,113.0,30.799999237060547,0,0,0,0
23-02 09:00,156.4,0.0,0.0,119.0999984741211,37.29999923706055,0,0,0,0
23-02 10:00,146.3,0.0,0.0,105.80000305175781,40.5,0,0,0,0
23-02 11:00,132.6,0.0,0.0,91.80000305175781,40.79999923706055,0,0,0,0
23-02 12:00,115.7,0.0,0.0,73.4000015258789,42.29999923706055,0,0,0,0
23-02 13:00,114.8,0.0,0.0,69.5999984741211,45.20000076293945,0,0,0,0
23-02 14:00,123.9,0.0,0.0,75.9000015258789,48.0,0,0,0,0
23-02 15:00,151.9,0.0,0.0,92.80000305175781,59.099998474121094,0,0,0,0
23-02 16:00,170.5,0.0,0.0,104.4000015258789,66.0999984741211,0,0,0,0
23-02 17:00,187.5,0.0,0.0,115.80000305175781,71.69999694824219,0,0,0,0
23-02 18:00,188.4,0.0,0.0,118.19999694824219,70.19999694824219,0,0,0,0
23-02 19:00,176.4,0.0,0.0,116.0999984741211,60.29999923706055,0,0,0,0
23-02 20:00,130.9,0.0,0.0,88.69999694824219,42.20000076293945,0,0,0,0
23-02 21:00,102.9,0.0,0.0,80.30000305175781,22.600000381469727,0,0,0,0
23-02 22:00,71.2,0.0,0.0,60.20000076293945,11.0,0,0,0,0
23-02 23:00,59.4,0.0,0.0,58.599998474121094,0.800000011920929,0,0,0,0
24-02 00:00,46.5,0.0,0.0,46.5,0.0,0,0,0,0
24-02 01:00,54.1,0.0,0.0,54.099998474121094,0.0,0,0,0,0
24-02 02:00,59.5,0.0,0.0,59.5,0.0,0,0,0,0
24-02 03:00,64.4,0.0,0.0,64.4000015258789,0.0,0,0,0,0
24-02 04:00,65.0,0.0,0.0,65.0,0.0,0,0,0,0
24-02 05:00,67.2,0.0,0.0,67.19999694824219,0.0,0,0,0,0
24-02 06:00,61.2,0.0,0.0,61.20000076293945,0.0,0,0,0,0
24-02 07:00,68.9,0.0,0.0,67.4000015258789,1.399999976158142,0,0,0,0
24-02 08:00,66.9,0.0,0.0,60.5,6.400000095367432,0,0,0,0
24-02 09:00,61.4,0.0,0.0,47.5,13.899999618530273,0,0,0,0
24-02 10:00,71.3,0.0,0.0,44.5,26.799999237060547,0,0,0,0
24-02 11:00,74.9,0.0,0.0,39.099998474121094,35.79999923706055,0,0,0,0
24-02 12:00,100.6,0.0,0.0,53.099998474121094,47.5,0,0,0,0
24-02 13:00,112.5,0.0,0.0,58.400001525878906,54.099998474121094,0,0,0,0
24-02 14:00,114.3,0.0,0.0,59.599998474121094,54.70000076293945,0,0,0,0
24-02 15:00,120.8,0.0,0.0,62.20000076293945,58.599998474121094,0,0,0,0
24-02 16:00,126.5,0.0,0.0,65.5999984741211,60.900001525878906,0,0,0,0
24-02 17:00,73.3,0.0,0.0,37.5,35.79999923706055,0,0,0,0
24-02 18:00,61.1,0.0,0.0,34.900001525878906,26.200000762939453,0,0,0,0
24-02 19:00,60.8,0.0,0.0,42.400001525878906,18.399999618530273,0,0,0,0
24-02 20:00,58.9,0.0,0.0,47.400001525878906,11.600000381469727,0,0,0,0
24-02 21:00,58.5,0.0,0.0,52.20000076293945,6.300000190734863,0,0,0,0
24-02 22:00,54.7,0.0,0.0,52.5,2.200000047683716,0,0,0,0
24-02 23:00,54.4,0.0,0.0,54.400001525878906,0.0,0,0,0,0
25-02 00:00,65.8,0.0,0.0,65.80000305175781,0.0,0,0,0,0
25-02 01:00,74.8,0.0,0.0,74.80000305175781,0.0,0,0,0,0
25-02 02:00,71.5,0.0,0.0,71.5,0.0,0,0,0,0
25-02 03:00,84.2,0.0,0.0,84.19999694824219,0.0,0,0,0,0
25-02 04:00,79.4,0.0,0.0,79.4000015258789,0.0,0,0,0,0
25-02 05:00,86.1,0.0,0.0,86.0999984741211,0.0,0,0,0,0
25-02 06:00,86.5,0.0,0.0,86.5,0.0,0,0,0,0
25-02 07:00,84.8,0.0,0.0,81.4000015258789,3.5,0,0,0,0
25-02 08:00,84.6,0.0,0.0,76.19999694824219,8.399999618530273,0,0,0,0
25-02 09:00,64.1,0.0,0.0,52.0,12.100000381469727,0,0,0,0
25-02 10:00,54.9,0.0,0.0,39.599998474121094,15.300000190734863,0,0,0,0
25-02 11:00,42.8,0.0,0.0,24.0,18.799999237060547,0,0,0,0
25-02 12:00,59.0,0.0,0.0,33.099998474121094,25.899999618530273,0,0,0,0
25-02 13:00,78.7,0.0,0.0,44.5,34.20000076293945,0,0,0,0
25-02 14:00,90.9,0.0,0.0,50.599998474121094,40.400001525878906,0,0,0,0
25-02 15:00,93.2,0.0,0.0,53.099998474121094,40.099998474121094,0,0,0,0
25-02 16:00,88.1,0.0,0.0,49.79999923706055,38.29999923706055,0,0,0,0
25-02 17:00,73.6,0.0,0.0,41.70000076293945,31.899999618530273,0,0,0,0
25-02 18:00,63.8,0.0,0.0,42.0,21.799999237060547,0,0,0,0
25-02 19:00,71.3,0.0,0.0,53.20000076293945,18.100000381469727,0,0,0,0
25-02 20:00,60.3,0.0,0.0,47.099998474121094,13.199999809265137,0,0,0,0
25-02 21:00,61.6,0.0,0.0,54.099998474121094,7.5,0,0,0,0
25-02 22:00,65.7,0.0,0.0,64.19999694824219,1.5,0,0,0,0
25-02 23:00,73.5,0.0,0.0,72.0,1.5,0,0,0,0
26-02 00:00,77.0,0.0,0.0,77.0,0.0,0,0,0,0
26-02 01:00,76.5,0.0,0.0,76.5,0.0,0,0,0,0
26-02 02:00,80.0,0.0,0.0,80.0,0.0,0,0,0,0
26-02 03:00,63.6,0.0,0.0,63.599998474121094,0.0,0,0,0,0
26-02 04:00,60.1,0.0,0.0,60.099998474121094,0.0,0,0,0,0
26-02 05:00,62.4,0.0,0.0,62.400001525878906,0.0,0,0,0,0
26-02 06:00,76.0,0.0,0.0,72.4000015258789,3.5999999046325684,0,0,0,0
26-02 07:00,112.7,0.0,0.0,92.5999984741211,20.100000381469727,0,0,0,0
26-02 08:00,145.1,0.0,0.0,115.0,30.100000381469727,0,0,0,0
26-02 09:00,161.7,0.0,0.0,124.9000015258789,36.79999923706055,0,0,0,0
26-02 10:00,171.6,0.0,0.0,130.39999389648438,41.20000076293945,0,0,0,0
26-02 11:00,161.4,0.0,0.0,122.5,38.900001525878906,0,0,0,0
26-02 12:00,166.9,0.0,0.0,126.4000015258789,40.5,0,0,0,0
26-02 13:00,179.2,0.0,0.0,134.1999969482422,45.0,0,0,0,0
26-02 14:00,197.8,0.0,0.0,148.0,49.79999923706055,0,0,0,0
26-02 15:00,233.4,0.0,0.0,171.39999389648438,62.0,0,0,0,0
26-02 16:00,271.2,0.0,0.0,197.89999389648438,73.30000305175781,0,0,0,0
26-02 17:00,268.5,0.0,0.0,193.39999389648438,75.0999984741211,0,0,0,0
26-02 18:00,273.0,0.0,0.0,203.0,70.0,0,0,0,0
26-02 19:00,233.7,0.0,0.0,175.89999389648438,57.79999923706055,0,0,0,0
26-02 20:00,169.6,0.0,0.0,130.8000030517578,38.79999923706055,0,0,0,0
26-02 21:00,110.6,0.0,0.0,89.5999984741211,21.0,0,0,0,0
26-02 22:00,92.1,0.0,0.0,81.69999694824219,10.399999618530273,0,0,0,0
26-02 23:00,87.5,0.0,0.0,86.69999694824219,0.800000011920929,0,0,0,0
27-02 00:00,98.2,0.0,0.0,98.19999694824219,0.0,0,0,0,0
27-02 01:00,92.6,0.0,0.0,92.5999984741211,0.0,0,0,0,0
27-02 02:00,87.2,0.0,0.0,87.19999694824219,0.0,0,0,0,0
27-02 03:00,88.1,0.0,0.0,88.0,0.0,0,0,0,0
27-02 04:00,89.0,0.0,0.0,89.0,0.0,0,0,0,0
27-02 05:00,92.6,0.0,0.0,92.5999984741211,0.0,0,0,0,0
27-02 06:00,120.1,0.0,0.0,116.30000305175781,3.799999952316284,0,0,0,0
27-02 07:00,149.3,0.0,0.0,127.69999694824219,21.600000381469727,0,0,0,0
27-02 08:00,193.1,0.0,0.0,160.5,32.599998474121094,0,0,0,0
27-02 09:00,192.4,0.0,0.0,157.10000610351562,35.29999923706055,0,0,0,0
27-02 10:00,214.0,0.0,0.0,172.5,41.5,0,0,0,0
27-02 11:00,214.4,0.0,0.0,172.60000610351562,41.79999923706055,0,0,0,0
27-02 12:00,214.0,0.0,0.0,170.60000610351562,43.400001525878906,0,0,0,0
27-02 13:00,229.8,0.0,0.0,181.5,48.29999923706055,0,0,0,0
27-02 14:00,229.7,0.0,0.0,181.39999389648438,48.29999923706055,0,0,0,0
27-02 15:00,285.4,0.0,0.0,222.3000030517578,63.099998474121094,0,0,0,0
27-02 16:00,328.7,0.0,0.0,254.8000030517578,73.9000015258789,0,0,0,0
27-02 17:00,307.1,0.0,0.0,237.1999969482422,69.9000015258789,0,0,0,0
27-02 18:00,315.8,0.0,0.0,249.39999389648438,66.4000015258789,0,0,0,0
27-02 19:00,281.4,0.0,0.0,224.3000030517578,57.099998474121094,0,0,0,0
27-02 20:00,242.9,0.0,0.0,203.0,40.0,0,0,0,0
27-02 21:00,176.3,0.0,0.0,154.89999389648438,21.399999618530273,0,0,0,0
27-02 22:00,136.5,0.0,0.0,125.30000305175781,11.199999809265137,0,0,0,0
27-02 23:00,128.9,0.0,0.0,128.1999969482422,0.699999988079071,0,0,0,0
28-02 00:00,136.6,0.0,0.0,136.60000610351562,0.0,0,0,0,0
28-02 01:00,132.9,0.0,0.0,132.89999389648438,0.0,0,0,0,0
28-02 02:00,133.3,0.0,0.0,133.3000030517578,0.0,0,0,0,0
28-02 03:00,126.2,0.0,0.0,126.19999694824219,0.0,0,0,0,0
28-02 04:00,137.2,0.0,0.0,137.1999969482422,0.0,0,0,0,0
28-02 05:00,139.3,0.0,0.0,139.3000030517578,0.0,0,0,0,0
28-02 06:00,166.6,0.0,0.0,162.89999389648438,3.700000047683716,0,0,0,0
28-02 07:00,206.6,0.0,0.0,185.39999389648438,21.200000762939453,0,0,0,0
28-02 08:00,229.8,0.0,0.0,199.10000610351562,30.700000762939453,0,0,0,0
28-02 09:00,259.2,0.0,0.0,222.8000030517578,36.400001525878906,0,0,0,0
28-02 10:00,264.6,0.0,0.0,225.1999969482422,39.400001525878906,0,0,0,0
28-02 11:00,284.3,0.0,0.0,241.6999969482422,42.599998474121094,0,0,0,0
28-02 12:00,290.4,0.0,0.0,246.60000610351562,43.79999923706055,0,0,0,0
28-02 13:00,298.1,0.0,0.0,251.3000030517578,46.79999923706055,0,0,0,0
28-02 14:00,302.0,0.0,0.0,253.3000030517578,48.70000076293945,0,0,0,0
28-02 15:00,365.1,0.0,0.0,302.70001220703125,62.400001525878906,0,0,0,0
28-02 16:00,427.2,0.0,0.0,352.70001220703125,74.5,0,0,0,0
28-02 17:00,405.9,0.0,0.0,331.0,74.9000015258789,0,0,0,0
28-02 18:00,391.8,0.0,0.0,322.70001220703125,69.0999984741211,0,0,0,0
28-02 19:00,338.6,0.0,0.0,281.0,57.599998474121094,0,0,0,0
28-02 20:00,264.1,0.0,0.0,224.1999969482422,39.900001525878906,0,0,0,0
28-02 21:00,196.9,0.0,0.0,174.39999389648438,22.5,0,0,0,0
28-02 22:00,148.8,0.0,0.0,138.0,10.899999618530273,0,0,0,0
28-02 23:00,127.7,0.0,0.0,127.0,0.699999988079071,0,0,0,0
01-03 00:00,147.1,0.0,0.0,147.10000610351562,0.0,0,0,0,0
01-03 01:00,136.8,0.0,0.0,136.8000030517578,0.0,0,0,0,0
01-03 02:00,133.8,0.0,0.0,133.8000030517578,0.0,0,0,0,0
01-03 03:00,124.4,0.0,0.0,124.4000015258789,0.0,0,0,0,0
01-03 04:00,124.2,0.0,0.0,124.19999694824219,0.0,0,0,0,0
01-03 05:00,125.8,0.0,0.0,125.80000305175781,0.0,0,0,0,0
01-03 06:00,154.0,0.0,0.0,150.39999389648438,3.5999999046325684,0,0,0,0
01-03 07:00,189.1,0.0,0.0,167.3000030517578,21.799999237060547,0,0,0,0
01-03 08:00,220.0,0.0,0.0,187.8000030517578,32.20000076293945,0,0,0,0
01-03 09:00,238.2,0.0,0.0,201.5,36.70000076293945,0,0,0,0
01-03 10:00,250.9,0.0,0.0,209.8000030517578,41.0,0,0,0,0
01-03 11:00,241.5,0.0,0.0,200.60000610351562,40.900001525878906,0,0,0,0
01-03 12:00,234.3,0.0,0.0,194.39999389648438,39.900001525878906,0,0,0,0
01-03 13:00,280.0,0.0,0.0,230.39999389648438,49.599998474121094,0,0,0,0
01-03 14:00,264.1,0.0,0.0,216.0,48.099998474121094,0,0,0,0
01-03 15:00,319.5,0.0,0.0,256.3999938964844,63.0,0,0,0,0
01-03 16:00,330.3,0.0,0.0,262.70001220703125,67.5999984741211,0,0,0,0
01-03 17:00,345.6,0.0,0.0,272.20001220703125,73.4000015258789,0,0,0,0
01-03 18:00,326.5,0.0,0.0,259.5,67.0,0,0,0,0
01-03 19:00,308.6,0.0,0.0,248.1999969482422,60.400001525878906,0,0,0,0
01-03 20:00,228.7,0.0,0.0,188.0,40.70000076293945,0,0,0,0
01-03 21:00,149.8,0.0,0.0,128.39999389648438,21.399999618530273,0,0,0,0
01-03 22:00,122.5,0.0,0.0,111.5999984741211,10.899999618530273,0,0,0,0
01-03 23:00,118.1,0.0,0.0,117.4000015258789,0.699999988079071,0,0,0,0
02-03 00:00,114.8,0.0,0.0,114.80000305175781,0.0,0,0,0,0
02-03 01:00,106.4,0.0,0.0,106.4000015258789,0.0,0,0,0,0
02-03 02:00,107.9,0.0,0.0,107.9000015258789,0.0,0,0,0,0
02-03 03:00,105.0,0.0,0.0,105.0,0.0,0,0,0,0
02-03 04:00,98.7,0.0,0.0,98.69999694824219,0.0,0,0,0,0
02-03 05:00,100.1,0.0,0.0,100.0,0.0,0,0,0,0
02-03 06:00,117.3,0.0,0.0,113.5999984741211,3.700000047683716,0,0,0,0
02-03 07:00,142.7,0.0,0.0,122.19999694824219,20.5,0,0,0,0
02-03 08:00,169.0,0.0,0.0,139.60000610351562,29.399999618530273,0,0,0,0
02-03 09:00,212.0,0.0,0.0,173.5,38.5,0,0,0,0
02-03 10:00,208.4,0.0,0.0,167.0,41.400001525878906,0,0,0,0
02-03 11:00,206.7,0.0,0.0,165.5,41.20000076293945,0,0,0,0
02-03 12:00,215.6,0.0,0.0,172.39999389648438,43.20000076293945,0,0,0,0
02-03 13:00,236.7,0.0,0.0,189.10000610351562,47.599998474121094,0,0,0,0
02-03 14:00,250.6,0.0,0.0,201.5,49.099998474121094,0,0,0,0
02-03 15:00,295.2,0.0,0.0,232.3000030517578,62.900001525878906,0,0,0,0
02-03 16:00,295.1,0.0,0.0,229.60000610351562,65.5,0,0,0,0
02-03 17:00,316.1,0.0,0.0,245.0,71.0999984741211,0,0,0,0
02-03 18:00,321.8,0.0,0.0,254.89999389648438,66.9000015258789,0,0,0,0
02-03 19:00,293.7,0.0,0.0,236.1999969482422,57.5,0,0,0,0
02-03 20:00,230.2,0.0,0.0,190.39999389648438,39.79999923706055,0,0,0,0
02-03 21:00,156.3,0.0,0.0,135.8000030517578,20.5,0,0,0,0
02-03 22:00,123.3,0.0,0.0,112.5999984741211,10.699999809265137,0,0,0,0
02-03 23:00,110.0,0.0,0.0,109.19999694824219,0.800000011920929,0,0,0,0
03-03 00:00,111.3,0.0,0.0,111.30000305175781,0.0,0,0,0,0
03-03 01:00,111.7,0.0,0.0,111.69999694824219,0.0,0,0,0,0
03-03 02:00,118.4,0.0,0.0,118.4000015258789,0.0,0,0,0,0
03-03 03:00,114.6,0.0,0.0,114.5999984741211,0.0,0,0,0,0
03-03 04:00,107.9,0.0,0.0,107.9000015258789,0.0,0,0,0,0
03-03 05:00,117.4,0.0,0.0,117.4000015258789,0.0,0,0,0,0
03-03 06:00,116.5,0.0,0.0,116.5,0.0,0,0,0,0
03-03 07:00,115.6,0.0,0.0,114.0999984741211,1.5,0,0,0,0
03-03 08:00,119.8,0.0,0.0,113.5,6.300000190734863,0,0,0,0
03-03 09:00,132.7,0.0,0.0,119.0999984741211,13.600000381469727,0,0,0,0
03-03 10:00,167.3,0.0,0.0,142.3000030517578,25.0,0,0,0,0
03-03 11:00,200.8,0.0,0.0,165.3000030517578,35.5,0,0,0,0
03-03 12:00,217.9,0.0,0.0,174.8000030517578,43.099998474121094,0,0,0,0
03-03 13:00,239.4,0.0,0.0,190.89999389648438,48.5,0,0,0,0
03-03 14:00,260.3,0.0,0.0,205.5,54.79999923706055,0,0,0,0
03-03 15:00,267.0,0.0,0.0,209.5,57.5,0,0,0,0
03-03 16:00,265.4,0.0,0.0,210.60000610351562,54.79999923706055,0,0,0,0
03-03 17:00,201.6,0.0,0.0,165.0,36.599998474121094,0,0,0,0
03-03 18:00,180.0,0.0,0.0,150.60000610351562,29.399999618530273,0,0,0,0
03-03 19:00,165.8,0.0,0.0,145.6999969482422,20.100000381469727,0,0,0,0
03-03 20:00,120.1,0.0,0.0,108.5999984741211,11.5,0,0,0,0
03-03 21:00,122.2,0.0,0.0,115.19999694824219,7.0,0,0,0,0
03-03 22:00,107.9,0.0,0.0,105.69999694824219,2.200000047683716,0,0,0,0
03-03 23:00,106.8,0.0,0.0,106.80000305175781,0.0,0,0,0,0
04-03 00:00,111.1,0.0,0.0,111.0999984741211,0.0,0,0,0,0
04-03 01:00,109.0,0.0,0.0,109.0,0.0,0,0,0,0
04-03 02:00,107.6,0.0,0.0,107.5999984741211,0.0,0,0,0,0
04-03 03:00,107.6,0.0,0.0,107.5999984741211,0.0,0,0,0,0
04-03 04:00,115.4,0.0,0.0,115.4000015258789,0.0,0,0,0,0
04-03 05:00,119.7,0.0,0.0,119.69999694824219,0.0,0,0,0,0
04-03 06:00,128.0,0.0,0.0,128.0,0.0,0,0,0,0
04-03 07:00,132.7,0.0,0.0,129.3000030517578,3.4000000953674316,0,0,0,0
04-03 08:00,126.3,0.0,0.0,118.19999694824219,8.100000381469727,0,0,0,0
04-03 09:00,124.6,0.0,0.0,112.80000305175781,11.800000190734863,0,0,0,0
04-03 10:00,128.4,0.0,0.0,113.0,15.399999618530273,0,0,0,0
04-03 11:00,138.2,0.0,0.0,119.19999694824219,19.0,0,0,0,0
04-03 12:00,158.6,0.0,0.0,134.1999969482422,24.399999618530273,0,0,0,0
04-03 13:00,196.9,0.0,0.0,164.39999389648438,32.5,0,0,0,0
04-03 14:00,217.4,0.0,0.0,178.5,38.900001525878906,0,0,0,0
04-03 15:00,248.7,0.0,0.0,206.89999389648438,41.79999923706055,0,0,0,0
04-03 16:00,226.7,0.0,0.0,187.5,39.20000076293945,0,0,0,0
04-03 17:00,217.5,0.0,0.0,184.0,33.5,0,0,0,0
04-03 18:00,170.1,0.0,0.0,147.39999389648438,22.700000762939453,0,0,0,0
04-03 19:00,153.6,0.0,0.0,135.39999389648438,18.200000762939453,0,0,0,0
04-03 20:00,148.5,0.0,0.0,135.39999389648438,13.100000381469727,0,0,0,0
04-03 21:00,125.6,0.0,0.0,118.19999694824219,7.400000095367432,0,0,0,0
04-03 22:00,111.2,0.0,0.0,109.80000305175781,1.399999976158142,0,0,0,0
04-03 23:00,111.4,0.0,0.0,110.0,1.399999976158142,0,0,0,0
05-03 00:00,111.8,0.0,0.0,111.80000305175781,0.0,0,0,0,0
05-03 01:00,101.1,0.0,0.0,101.0999984741211,0.0,0,0,0,0
05-03 02:00,106.7,0.0,0.0,106.69999694824219,0.0,0,0,0,0
05-03 03:00,110.9,0.0,0.0,110.9000015258789,0.0,0,0,0,0
05-03 04:00,101.5,0.0,0.0,101.5,0.0,0,0,0,0
05-03 05:00,114.1,0.0,0.0,114.0,0.0,0,0,0,0
05-03 06:00,119.3,0.0,0.0,116.0999984741211,3.200000047683716,0,0,0,0
05-03 07:00,176.0,0.0,0.0,153.89999389648438,22.100000381469727,0,0,0,0
05-03 08:00,202.4,0.0,0.0,172.5,29.799999237060547,0,0,0,0
05-03 09:00,230.0,0.0,0.0,194.1999969482422,35.79999923706055,0,0,0,0
05-03 10:00,263.9,0.0,0.0,219.0,44.900001525878906,0,0,0,0
05-03 11:00,252.4,0.0,0.0,209.1999969482422,43.20000076293945,0,0,0,0
05-03 12:00,228.7,0.0,0.0,188.1999969482422,40.5,0,0,0,0
05-03 13:00,252.7,0.0,0.0,206.1999969482422,46.5,0,0,0,0
05-03 14:00,260.6,0.0,0.0,211.1999969482422,49.400001525878906,0,0,0,0
05-03 15:00,319.8,0.0,0.0,255.89999389648438,63.900001525878906,0,0,0,0
05-03 16:00,328.3,0.0,0.0,263.1000061035156,65.19999694824219,0,0,0,0
05-03 17:00,393.0,0.0,0.0,313.6000061035156,79.4000015258789,0,0,0,0
05-03 18:00,361.8,0.0,0.0,289.70001220703125,72.0999984741211,0,0,0,0
05-03 19:00,324.3,0.0,0.0,263.1000061035156,61.20000076293945,0,0,0,0
05-03 20:00,244.4,0.0,0.0,204.3000030517578,40.099998474121094,0,0,0,0
05-03 21:00,174.4,0.0,0.0,153.39999389648438,21.0,0,0,0,0
05-03 22:00,143.3,0.0,0.0,132.5,10.800000190734863,0,0,0,0
05-03 23:00,124.6,0.0,0.0,123.9000015258789,0.699999988079071,0,0,0,0
06-03 00:00,132.1,0.0,0.0,132.0,0.0,0,0,0,0
06-03 01:00,126.5,0.0,0.0,126.5,0.0,0,0,0,0
06-03 02:00,127.3,0.0,0.0,127.30000305175781,0.0,0,0,0,0
06-03 03:00,133.8,0.0,0.0,133.8000030517578,0.0,0,0,0,0
06-03 04:00,143.9,0.0,0.0,143.89999389648438,0.0,0,0,0,0
06-03 05:00,129.4,0.0,0.0,129.39999389648438,0.0,0,0,0,0
06-03 06:00,142.2,0.0,0.0,138.6999969482422,3.5,0,0,0,0
06-03 07:00,172.0,0.0,0.0,151.1999969482422,20.799999237060547,0,0,0,0
06-03 08:00,219.0,0.0,0.0,187.6999969482422,31.299999237060547,0,0,0,0
06-03 09:00,224.0,0.0,0.0,187.89999389648438,36.099998474121094,0,0,0,0
06-03 10:00,226.7,0.0,0.0,186.8000030517578,39.900001525878906,0,0,0,0
06-03 11:00,215.6,0.0,0.0,176.1999969482422,39.400001525878906,0,0,0,0
06-03 12:00,254.9,0.0,0.0,208.10000610351562,46.79999923706055,0,0,0,0
06-03 13:00,243.8,0.0,0.0,196.0,47.79999923706055,0,0,0,0
06-03 14:00,244.5,0.0,0.0,195.1999969482422,49.29999923706055,0,0,0,0
06-03 15:00,276.6,0.0,0.0,218.3000030517578,58.29999923706055,0,0,0,0
06-03 16:00,325.0,0.0,0.0,257.20001220703125,67.80000305175781,0,0,0,0
06-03 17:00,340.1,0.0,0.0,266.5,73.5999984741211,0,0,0,0
06-03 18:00,305.3,0.0,0.0,242.8000030517578,62.400001525878906,0,0,0,0
06-03 19:00,305.9,0.0,0.0,246.39999389648438,59.400001525878906,0,0,0,0
06-03 20:00,242.9,0.0,0.0,201.6999969482422,41.20000076293945,0,0,0,0
06-03 21:00,167.8,0.0,0.0,145.6999969482422,22.100000381469727,0,0,0,0
06-03 22:00,125.9,0.0,0.0,115.30000305175781,10.600000381469727,0,0,0,0
06-03 23:00,117.9,0.0,0.0,117.0999984741211,0.800000011920929,0,0,0,0
07-03 00:00,105.9,0.0,0.0,105.9000015258789,0.0,0,0,0,0
07-03 01:00,103.0,0.0,0.0,103.0,0.0,0,0,0,0
07-03 02:00,90.5,0.0,0.0,90.5,0.0,0,0,0,0
07-03 03:00,99.9,0.0,0.0,99.9000015258789,0.0,0,0,0,0
07-03 04:00,109.8,0.0,0.0,109.80000305175781,0.0,0,0,0,0
07-03 05:00,102.8,0.0,0.0,102.80000305175781,0.0,0,0,0,0
07-03 06:00,122.6,0.0,0.0,119.19999694824219,3.4000000953674316,0,0,0,0
07-03 07:00,155.4,0.0,0.0,134.60000610351562,20.799999237060547,0,0,0,0
07-03 08:00,175.5,0.0,0.0,144.8000030517578,30.700000762939453,0,0,0,0
07-03 09:00,185.0,0.0,0.0,147.89999389648438,37.099998474121094,0,0,0,0
07-03 10:00,193.0,0.0,0.0,148.6999969482422,44.29999923706055,0,0,0,0
07-03 11:00,170.4,0.0,0.0,129.39999389648438,41.0,0,0,0,0
07-03 12:00,159.9,0.0,0.0,117.80000305175781,42.099998474121094,0,0,0,0
07-03 13:00,169.7,0.0,0.0,123.80000305175781,45.900001525878906,0,0,0,0
07-03 14:00,191.7,0.0,0.0,138.0,53.70000076293945,0,0,0,0
07-03 15:00,204.3,0.0,0.0,145.5,58.79999923706055,0,0,0,0
07-03 16:00,231.7,0.0,0.0,166.60000610351562,65.0999984741211,0,0,0,0
07-03 17:00,250.8,0.0,0.0,180.10000610351562,70.5999984741211,0,0,0,0
07-03 18:00,255.4,0.0,0.0,187.60000610351562,67.80000305175781,0,0,0,0
07-03 19:00,222.1,0.0,0.0,164.39999389648438,57.70000076293945,0,0,0,0
07-03 20:00,166.2,0.0,0.0,128.1999969482422,38.0,0,0,0,0
07-03 21:00,117.0,0.0,0.0,95.5999984741211,21.399999618530273,0,0,0,0
07-03 22:00,83.8,0.0,0.0,73.0,10.800000190734863,0,0,0,0
07-03 23:00,71.3,0.0,0.0,70.5999984741211,0.699999988079071,0,0,0,0
08-03 00:00,68.2,0.0,0.0,68.19999694824219,0.0,0,0,0,0
08-03 01:00,73.8,0.0,0.0,73.80000305175781,0.0,0,0,0,0
08-03 02:00,72.8,0.0,0.0,72.80000305175781,0.0,0,0,0,0
08-03 03:00,69.0,0.0,0.0,69.0,0.0,0,0,0,0
08-03 04:00,70.6,0.0,0.0,70.5999984741211,0.0,0,0,0,0
08-03 05:00,81.8,0.0,0.0,81.80000305175781,0.0,0,0,0,0
08-03 06:00,98.9,0.0,0.0,95.19999694824219,3.700000047683716,0,0,0,0
08-03 07:00,127.1,0.0,0.0,104.5999984741211,22.399999618530273,0,0,0,0
08-03 08:00,121.9,0.0,0.0,92.80000305175781,29.100000381469727,0,0,0,0
08-03 09:00,123.4,0.0,0.0,88.5,34.900001525878906,0,0,0,0
08-03 10:00,130.9,0.0,0.0,91.9000015258789,39.0,0,0,0,0
08-03 11:00,117.6,0.0,0.0,75.80000305175781,41.79999923706055,0,0,0,0
08-03 12:00,102.6,0.0,0.0,61.0,41.599998474121094,0,0,0,0
08-03 13:00,103.1,0.0,0.0,57.70000076293945,45.400001525878906,0,0,0,0
08-03 14:00,116.8,0.0,0.0,66.0999984741211,50.599998474121094,0,0,0,0
08-03 15:00,139.1,0.0,0.0,78.5,60.599998474121094,0,0,0,0
08-03 16:00,163.6,0.0,0.0,92.5999984741211,71.0,0,0,0,0
08-03 17:00,166.0,0.0,0.0,95.4000015258789,70.5999984741211,0,0,0,0
08-03 18:00,177.2,0.0,0.0,106.80000305175781,70.4000015258789,0,0,0,0
08-03 19:00,136.5,0.0,0.0,85.19999694824219,51.29999923706055,0,0,0,0
08-03 20:00,109.8,0.0,0.0,71.0999984741211,38.70000076293945,0,0,0,0
08-03 21:00,77.0,0.0,0.0,55.79999923706055,21.200000762939453,0,0,0,0
08-03 22:00,58.9,0.0,0.0,48.400001525878906,10.5,0,0,0,0
08-03 23:00,48.3,0.0,0.0,47.599998474121094,0.699999988079071,0,0,0,0
09-03 00:00,55.9,0.0,0.0,55.900001525878906,0.0,0,0,0,0
09-03 01:00,63.8,0.0,0.0,63.79999923706055,0.0,0,0,0,0
09-03 02:00,59.7,0.0,0.0,59.70000076293945,0.0,0,0,0,0
09-03 03:00,67.7,0.0,0.0,67.69999694824219,0.0,0,0,0,0
09-03 04:00,60.9,0.0,0.0,60.900001525878906,0.0,0,0,0,0
09-03 05:00,75.8,0.0,0.0,75.80000305175781,0.0,0,0,0,0
09-03 06:00,81.8,0.0,0.0,78.30000305175781,3.4000000953674316,0,0,0,0
09-03 07:00,119.1,0.0,0.0,98.0,21.100000381469727,0,0,0,0
09-03 08:00,134.6,0.0,0.0,103.0999984741211,31.5,0,0,0,0
09-03 09:00,141.7,0.0,0.0,105.0,36.70000076293945,0,0,0,0
09-03 10:00,133.2,0.0,0.0,95.0999984741211,38.099998474121094,0,0,0,0
09-03 11:00,142.2,0.0,0.0,101.30000305175781,40.900001525878906,0,0,0,0
09-03 12:00,145.4,0.0,0.0,103.4000015258789,42.0,0,0,0,0
09-03 13:00,148.0,0.0,0.0,101.69999694824219,46.29999923706055,0,0,0,0
09-03 14:00,143.1,0.0,0.0,94.0,49.099998474121094,0,0,0,0
09-03 15:00,177.3,0.0,0.0,115.0,62.29999923706055,0,0,0,0
09-03 16:00,191.5,0.0,0.0,123.9000015258789,67.5999984741211,0,0,0,0
09-03 17:00,180.9,0.0,0.0,117.5999984741211,63.29999923706055,0,0,0,0
09-03 18:00,213.0,0.0,0.0,145.39999389648438,67.5999984741211,0,0,0,0
09-03 19:00,181.2,0.0,0.0,127.0999984741211,54.099998474121094,0,0,0,0
09-03 20:00,150.3,0.0,0.0,113.19999694824219,37.099998474121094,0,0,0,0
09-03 21:00,113.2,0.0,0.0,93.0999984741211,20.100000381469727,0,0,0,0
09-03 22:00,103.2,0.0,0.0,92.0999984741211,11.100000381469727,0,0,0,0
09-03 23:00,94.9,0.0,0.0,94.19999694824219,0.699999988079071,0,0,0,0
10-03 00:00,90.1,0.0,0.0,90.0999984741211,0.0,0,0,0,0
10-03 01:00,92.5,0.0,0.0,92.5,0.0,0,0,0,0
10-03 02:00,86.0,0.0,0.0,86.0,0.0,0,0,0,0
10-03 03:00,94.0,0.0,0.0,94.0,0.0,0,0,0,0
10-03 04:00,99.2,0.0,0.0,99.19999694824219,0.0,0,0,0,0
10-03 05:00,107.3,0.0,0.0,107.30000305175781,0.0,0,0,0,0
10-03 06:00,113.4,0.0,0.0,113.4000015258789,0.0,0,0,0,0
10-03 07:00,128.3,0.0,0.0,126.9000015258789,1.399999976158142,0,0,0,0
10-03 08:00,119.9,0.0,0.0,113.4000015258789,6.5,0,0,0,0
10-03 09:00,114.5,0.0,0.0,101.4000015258789,13.100000381469727,0,0,0,0
10-03 10:00,140.2,0.0,0.0,114.4000015258789,25.799999237060547,0,0,0,0
10-03 11:00,148.9,0.0,0.0,113.80000305175781,35.099998474121094,0,0,0,0
10-03 12:00,176.7,0.0,0.0,132.1999969482422,44.5,0,0,0,0
10-03 13:00,197.2,0.0,0.0,145.60000610351562,51.599998474121094,0,0,0,0
10-03 14:00,232.3,0.0,0.0,175.3000030517578,57.0,0,0,0,0
10-03 15:00,224.7,0.0,0.0,170.10000610351562,54.599998474121094,0,0,0,0
10-03 16:00,226.5,0.0,0.0,172.1999969482422,54.29999923706055,0,0,0,0
10-03 17:00,164.3,0.0,0.0,129.5,34.79999923706055,0,0,0,0
10-03 18:00,145.8,0.0,0.0,117.80000305175781,28.0,0,0,0,0
10-03 19:00,135.7,0.0,0.0,115.4000015258789,20.299999237060547,0,0,0,0
10-03 20:00,105.9,0.0,0.0,94.80000305175781,11.100000381469727,0,0,0,0
10-03 21:00,102.5,0.0,0.0,96.0999984741211,6.400000095367432,0,0,0,0
10-03 22:00,95.6,0.0,0.0,93.5,2.0999999046325684,0,0,0,0
10-03 23:00,99.0,0.0,0.0,99.0,0.0,0,0,0,0
11-03 00:00,102.5,0.0,0.0,102.5,0.0,0,0,0,0
11-03 01:00,99.4,0.0,0.0,99.4000015258789,0.0,0,0,0,0
11-03 02:00,110.3,0.0,0.0,110.30000305175781,0.0,0,0,0,0
11-03 03:00,110.3,0.0,0.0,110.30000305175781,0.0,0,0,0,0
11-03 04:00,105.9,0.0,0.0,105.9000015258789,0.0,0,0,0,0
11-03 05:00,104.7,0.0,0.0,104.69999694824219,0.0,0,0,0,0
11-03 06:00,114.1,0.0,0.0,114.0999984741211,0.0,0,0,0,0
11-03 07:00,113.0,0.0,0.0,109.5,3.5,0,0,0,0
11-03 08:00,130.2,0.0,0.0,121.19999694824219,9.0,0,0,0,0
11-03 09:00,130.9,0.0,0.0,118.30000305175781,12.600000381469727,0,0,0,0
11-03 10:00,132.5,0.0,0.0,117.0999984741211,15.399999618530273,0,0,0,0
11-03 11:00,155.9,0.0,0.0,136.0,20.0,0,0,0,0
11-03 12:00,173.2,0.0,0.0,146.8000030517578,26.399999618530273,0,0,0,0
11-03 13:00,182.4,0.0,0.0,149.89999389648438,32.5,0,0,0,0
11-03 14:00,189.3,0.0,0.0,152.60000610351562,36.70000076293945,0,0,0,0
11-03 15:00,203.6,0.0,0.0,164.1999969482422,39.400001525878906,0,0,0,0
11-03 16:00,192.7,0.0,0.0,155.5,37.20000076293945,0,0,0,0
11-03 17:00,176.1,0.0,0.0,145.6999969482422,30.399999618530273,0,0,0,0
11-03 18:00,134.3,0.0,0.0,114.0,20.299999237060547,0,0,0,0
11-03 19:00,136.1,0.0,0.0,117.80000305175781,18.299999237060547,0,0,0,0
11-03 20:00,115.1,0.0,0.0,102.19999694824219,13.0,0,0,0,0
11-03 21:00,102.5,0.0,0.0,94.5999984741211,7.900000095367432,0,0,0,0
11-03 22:00,96.4,0.0,0.0,95.0999984741211,1.2999999523162842,0,0,0,0
11-03 23:00,113.5,0.0,0.0,112.0,1.399999976158142,0,0,0,0
12-03 00:00,127.8,0.0,0.0,127.80000305175781,0.0,0,0,0,0
12-03 01:00,118.4,0.0,0.0,118.4000015258789,0.0,0,0,0,0
12-03 02:00,112.9,0.0,0.0,113.0,0.0,0,0,0,0
12-03 03:00,112.1,0.0,0.0,112.0999984741211,0.0,0,0,0,0
12-03 04:00,122.6,0.0,0.0,122.5999984741211,0.0,0,0,0,0
12-03 05:00,127.9,0.0,0.0,127.9000015258789,0.0,0,0,0,0
12-03 06:00,136.7,0.0,0.0,133.3000030517578,3.4000000953674316,0,0,0,0
12-03 07:00,181.7,0.0,0.0,160.39999389648438,21.299999237060547,0,0,0,0
12-03 08:00,201.1,0.0,0.0,172.5,28.600000381469727,0,0,0,0
12-03 09:00,238.8,0.0,0.0,203.0,35.79999923706055,0,0,0,0
12-03 10:00,254.1,0.0,0.0,213.6999969482422,40.400001525878906,0,0,0,0
12-03 11:00,257.2,0.0,0.0,214.89999389648438,42.29999923706055,0,0,0,0
12-03 12:00,257.7,0.0,0.0,215.10000610351562,42.599998474121094,0,0,0,0
12-03 13:00,257.0,0.0,0.0,212.8000030517578,44.20000076293945,0,0,0,0
12-03 14:00,292.0,0.0,0.0,241.60000610351562,50.400001525878906,0,0,0,0
12-03 15:00,335.9,0.0,0.0,274.5,61.400001525878906,0,0,0,0
12-03 16:00,343.0,0.0,0.0,279.1000061035156,63.900001525878906,0,0,0,0
12-03 17:00,351.2,0.0,0.0,283.20001220703125,68.0,0,0,0,0
12-03 18:00,349.4,0.0,0.0,284.1000061035156,65.30000305175781,0,0,0,0
12-03 19:00,319.1,0.0,0.0,261.29998779296875,57.79999923706055,0,0,0,0
12-03 20:00,217.2,0.0,0.0,181.89999389648438,35.29999923706055,0,0,0,0
12-03 21:00,183.6,0.0,0.0,162.10000610351562,21.5,0,0,0,0
12-03 22:00,142.0,0.0,0.0,130.89999389648438,11.0,0,0,0,0
12-03 23:00,129.8,0.0,0.0,129.1999969482422,0.699999988079071,0,0,0,0
13-03 00:00,134.8,0.0,0.0,134.8000030517578,0.0,0,0,0,0
13-03 01:00,132.6,0.0,0.0,132.60000610351562,0.0,0,0,0,0
13-03 02:00,133.9,0.0,0.0,133.89999389648438,0.0,0,0,0,0
13-03 03:00,127.7,0.0,0.0,127.69999694824219,0.0,0,0,0,0
13-03 04:00,139.6,0.0,0.0,139.60000610351562,0.0,0,0,0,0
13-03 05:00,152.2,0.0,0.0,152.1999969482422,0.0,0,0,0,0
13-03 06:00,183.3,0.0,0.0,179.5,3.799999952316284,0,0,0,0
13-03 07:00,219.4,0.0,0.0,197.5,21.899999618530273,0,0,0,0
13-03 08:00,258.7,0.0,0.0,226.6999969482422,32.0,0,0,0,0
13-03 09:00,275.3,0.0,0.0,238.0,37.20000076293945,0,0,0,0
13-03 10:00,239.4,0.0,0.0,203.10000610351562,36.29999923706055,0,0,0,0
13-03 11:00,253.9,0.0,0.0,214.10000610351562,39.79999923706055,0,0,0,0
13-03 12:00,250.4,0.0,0.0,208.60000610351562,41.79999923706055,0,0,0,0
13-03 13:00,268.5,0.0,0.0,222.0,46.400001525878906,0,0,0,0
13-03 14:00,263.9,0.0,0.0,217.0,46.900001525878906,0,0,0,0
13-03 15:00,312.3,0.0,0.0,254.0,58.29999923706055,0,0,0,0
13-03 16:00,354.3,0.0,0.0,287.1000061035156,67.19999694824219,0,0,0,0
13-03 17:00,356.0,0.0,0.0,285.8999938964844,70.0,0,0,0,0
13-03 18:00,360.9,0.0,0.0,293.70001220703125,67.19999694824219,0,0,0,0
13-03 19:00,309.1,0.0,0.0,253.10000610351562,56.0,0,0,0,0
13-03 20:00,236.6,0.0,0.0,197.8000030517578,38.79999923706055,0,0,0,0
13-03 21:00,162.6,0.0,0.0,141.39999389648438,21.200000762939453,0,0,0,0
13-03 22:00,127.0,0.0,0.0,116.0999984741211,10.899999618530273,0,0,0,0
13-03 23:00,109.9,0.0,0.0,109.19999694824219,0.699999988079071,0,0,0,0
14-03 00:00,105.0,0.0,0.0,105.0,0.0,0,0,0,0
14-03 01:00,95.0,0.0,0.0,95.0,0.0,0,0,0,0
14-03 02:00,103.4,0.0,0.0,103.4000015258789,0.0,0,0,0,0
14-03 03:00,97.5,0.0,0.0,97.5,0.0,0,0,0,0
14-03 04:00,109.6,0.0,0.0,109.5999984741211,0.0,0,0,0,0
14-03 05:00,116.8,0.0,0.0,116.80000305175781,0.0,0,0,0,0
14-03 06:00,124.6,0.0,0.0,121.19999694824219,3.4000000953674316,0,0,0,0
14-03 07:00,166.5,0.0,0.0,145.3000030517578,21.200000762939453,0,0,0,0
14-03 08:00,200.3,0.0,0.0,170.1999969482422,30.100000381469727,0,0,0,0
14-03 09:00,229.2,0.0,0.0,192.8000030517578,36.400001525878906,0,0,0,0
14-03 10:00,227.0,0.0,0.0,187.5,39.5,0,0,0,0
14-03 11:00,229.5,0.0,0.0,189.3000030517578,40.20000076293945,0,0,0,0
14-03 12:00,213.6,0.0,0.0,174.8000030517578,38.79999923706055,0,0,0,0
14-03 13:00,231.2,0.0,0.0,187.60000610351562,43.599998474121094,0,0,0,0
14-03 14:00,262.9,0.0,0.0,211.6999969482422,51.20000076293945,0,0,0,0
14-03 15:00,303.8,0.0,0.0,241.3000030517578,62.400001525878906,0,0,0,0
14-03 16:00,318.2,0.0,0.0,253.10000610351562,65.0999984741211,0,0,0,0
14-03 17:00,326.0,0.0,0.0,256.79998779296875,69.19999694824219,0,0,0,0
14-03 18:00,330.6,0.0,0.0,262.79998779296875,67.80000305175781,0,0,0,0
14-03 19:00,292.9,0.0,0.0,234.6999969482422,58.20000076293945,0,0,0,0
14-03 20:00,210.7,0.0,0.0,173.10000610351562,37.599998474121094,0,0,0,0
14-03 21:00,150.6,0.0,0.0,129.60000610351562,21.0,0,0,0,0
14-03 22:00,111.1,0.0,0.0,100.5,10.600000381469727,0,0,0,0
14-03 23:00,95.5,0.0,0.0,94.80000305175781,0.699999988079071,0,0,0,0
15-03 00:00,90.0,0.0,0.0,90.0,0.0,0,0,0,0
15-03 01:00,100.3,0.0,0.0,100.30000305175781,0.0,0,0,0,0
15-03 02:00,97.8,0.0,0.0,97.80000305175781,0.0,0,0,0,0
15-03 03:00,88.7,0.0,0.0,88.69999694824219,0.0,0,0,0,0
15-03 04:00,87.5,0.0,0.0,87.5,0.0,0,0,0,0
15-03 05:00,95.1,0.0,0.0,95.0999984741211,0.0,0,0,0,0
15-03 06:00,113.9,0.0,0.0,110.5,3.4000000953674316,0,0,0,0
15-03 07:00,156.2,0.0,0.0,134.39999389648438,21.799999237060547,0,0,0,0
15-03 08:00,189.6,0.0,0.0,158.39999389648438,31.200000762939453,0,0,0,0
15-03 09:00,224.8,0.0,0.0,185.60000610351562,39.20000076293945,0,0,0,0
15-03 10:00,207.9,0.0,0.0,168.10000610351562,39.79999923706055,0,0,0,0
15-03 11:00,220.8,0.0,0.0,178.3000030517578,42.599998474121094,0,0,0,0
15-03 12:00,215.8,0.0,0.0,172.5,43.29999923706055,0,0,0,0
15-03 13:00,235.5,0.0,0.0,186.39999389648438,49.099998474121094,0,0,0,0
15-03 14:00,225.6,0.0,0.0,176.89999389648438,48.70000076293945,0,0,0,0
15-03 15:00,268.7,0.0,0.0,207.5,61.20000076293945,0,0,0,0
15-03 16:00,286.3,0.0,0.0,220.0,66.30000305175781,0,0,0,0
15-03 17:00,311.6,0.0,0.0,236.8000030517578,74.80000305175781,0,0,0,0
15-03 18:00,268.5,0.0,0.0,206.1999969482422,62.29999923706055,0,0,0,0
15-03 19:00,257.4,0.0,0.0,199.3000030517578,58.099998474121094,0,0,0,0
15-03 20:00,187.9,0.0,0.0,148.0,39.900001525878906,0,0,0,0
15-03 21:00,132.7,0.0,0.0,111.0999984741211,21.600000381469727,0,0,0,0
15-03 22:00,90.2,0.0,0.0,80.0,10.300000190734863,0,0,0,0
15-03 23:00,72.4,0.0,0.0,71.69999694824219,0.699999988079071,0,0,0,0
16-03 00:00,74.4,0.0,0.0,74.4000015258789,0.0,0,0,0,0
16-03 01:00,73.1,0.0,0.0,73.0999984741211,0.0,0,0,0,0
16-03 02:00,66.5,0.0,0.0,66.5,0.0,0,0,0,0
16-03 03:00,78.3,0.0,0.0,78.30000305175781,0.0,0,0,0,0
16-03 04:00,87.9,0.0,0.0,87.9000015258789,0.0,0,0,0,0
16-03 05:00,99.4,0.0,0.0,99.4000015258789,0.0,0,0,0,0
16-03 06:00,109.5,0.0,0.0,105.9000015258789,3.5999999046325684,0,0,0,0
16-03 07:00,140.9,0.0,0.0,119.4000015258789,21.600000381469727,0,0,0,0
16-03 08:00,144.1,0.0,0.0,115.0,29.100000381469727,0,0,0,0
16-03 09:00,163.9,0.0,0.0,127.30000305175781,36.599998474121094,0,0,0,0
16-03 10:00,163.3,0.0,0.0,121.0999984741211,42.20000076293945,0,0,0,0
16-03 11:00,162.2,0.0,0.0,120.0999984741211,42.099998474121094,0,0,0,0
16-03 12:00,144.6,0.0,0.0,105.0999984741211,39.5,0,0,0,0
16-03 13:00,160.0,0.0,0.0,112.80000305175781,47.20000076293945,0,0,0,0
16-03 14:00,163.8,0.0,0.0,115.69999694824219,48.099998474121094,0,0,0,0
16-03 15:00,208.1,0.0,0.0,144.60000610351562,63.5,0,0,0,0
16-03 16:00,217.0,0.0,0.0,150.10000610351562,66.9000015258789,0,0,0,0
16-03 17:00,234.9,0.0,0.0,160.1999969482422,74.69999694824219,0,0,0,0
16-03 18:00,217.3,0.0,0.0,152.39999389648438,64.9000015258789,0,0,0,0
16-03 19:00,196.5,0.0,0.0,139.0,57.5,0,0,0,0
16-03 20:00,155.0,0.0,0.0,115.19999694824219,39.79999923706055,0,0,0,0
16-03 21:00,102.2,0.0,0.0,81.0999984741211,21.100000381469727,0,0,0,0
16-03 22:00,84.0,0.0,0.0,72.80000305175781,11.199999809265137,0,0,0,0
16-03 23:00,65.1,0.0,0.0,64.4000015258789,0.699999988079071,0,0,0,0
17-03 00:00,60.3,0.0,0.0,60.29999923706055,0.0,0,0,0,0
17-03 01:00,60.1,0.0,0.0,60.099998474121094,0.0,0,0,0,0
17-03 02:00,61.8,0.0,0.0,61.79999923706055,0.0,0,0,0,0
17-03 03:00,69.6,0.0,0.0,69.5999984741211,0.0,0,0,0,0
17-03 04:00,72.9,0.0,0.0,72.9000015258789,0.0,0,0,0,0
17-03 05:00,69.4,0.0,0.0,69.4000015258789,0.0,0,0,0,0
17-03 06:00,81.1,0.0,0.0,81.0999984741211,0.0,0,0,0,0
17-03 07:00,78.4,0.0,0.0,77.0,1.399999976158142,0,0,0,0
17-03 08:00,64.3,0.0,0.0,58.400001525878906,5.900000095367432,0,0,0,0
17-03 09:00,72.6,0.0,0.0,58.599998474121094,14.0,0,0,0,0
17-03 10:00,75.2,0.0,0.0,50.900001525878906,24.299999237060547,0,0,0,0
17-03 11:00,83.7,0.0,0.0,49.29999923706055,34.400001525878906,0,0,0,0
17-03 12:00,101.2,0.0,0.0,56.29999923706055,44.900001525878906,0,0,0,0
17-03 13:00,101.8,0.0,0.0,55.79999923706055,46.0,0,0,0,0
17-03 14:00,120.7,0.0,0.0,66.4000015258789,54.29999923706055,0,0,0,0
17-03 15:00,124.8,0.0,0.0,67.9000015258789,56.900001525878906,0,0,0,0
17-03 16:00,109.0,0.0,0.0,59.599998474121094,49.29999923706055,0,0,0,0
17-03 17:00,78.9,0.0,0.0,42.70000076293945,36.20000076293945,0,0,0,0
17-03 18:00,73.9,0.0,0.0,44.0,29.899999618530273,0,0,0,0
17-03 19:00,53.8,0.0,0.0,36.5,17.299999237060547,0,0,0,0
17-03 20:00,50.3,0.0,0.0,39.599998474121094,10.800000190734863,0,0,0,0
17-03 21:00,54.9,0.0,0.0,48.5,6.400000095367432,0,0,0,0
17-03 22:00,50.4,0.0,0.0,48.5,1.899999976158142,0,0,0,0
17-03 23:00,55.8,0.0,0.0,55.79999923706055,0.0,0,0,0,0
18-03 00:00,55.2,0.0,0.0,55.20000076293945,0.0,0,0,0,0
18-03 01:00,67.8,0.0,0.0,67.80000305175781,0.0,0,0,0,0
18-03 02:00,68.7,0.0,0.0,68.69999694824219,0.0,0,0,0,0
18-03 03:00,78.9,0.0,0.0,79.0,0.0,0,0,0,0
18-03 04:00,77.3,0.0,0.0,77.30000305175781,0.0,0,0,0,0
18-03 05:00,89.1,0.0,0.0,89.0999984741211,0.0,0,0,0,0
18-03 06:00,99.2,0.0,0.0,99.19999694824219,0.0,0,0,0,0
18-03 07:00,96.7,0.0,0.0,93.4000015258789,3.4000000953674316,0,0,0,0
18-03 08:00,94.4,0.0,0.0,85.80000305175781,8.600000381469727,0,0,0,0
18-03 09:00,89.9,0.0,0.0,78.30000305175781,11.600000381469727,0,0,0,0
18-03 10:00,78.7,0.0,0.0,64.4000015258789,14.300000190734863,0,0,0,0
18-03 11:00,87.5,0.0,0.0,68.80000305175781,18.700000762939453,0,0,0,0
18-03 12:00,88.6,0.0,0.0,64.4000015258789,24.200000762939453,0,0,0,0
18-03 13:00,109.7,0.0,0.0,75.9000015258789,33.79999923706055,0,0,0,0
18-03 14:00,107.9,0.0,0.0,71.19999694824219,36.70000076293945,0,0,0,0
18-03 15:00,116.6,0.0,0.0,78.0,38.599998474121094,0,0,0,0
18-03 16:00,128.4,0.0,0.0,88.0999984741211,40.29999923706055,0,0,0,0
18-03 17:00,99.5,0.0,0.0,71.19999694824219,28.299999237060547,0,0,0,0
18-03 18:00,107.4,0.0,0.0,84.9000015258789,22.5,0,0,0,0
18-03 19:00,103.1,0.0,0.0,85.0999984741211,18.0,0,0,0,0
18-03 20:00,105.9,0.0,0.0,92.69999694824219,13.199999809265137,0,0,0,0
18-03 21:00,86.5,0.0,0.0,79.69999694824219,6.800000190734863,0,0,0,0
18-03 22:00,95.7,0.0,0.0,94.30000305175781,1.399999976158142,0,0,0,0
18-03 23:00,102.6,0.0,0.0,101.19999694824219,1.399999976158142,0,0,0,0
19-03 00:00,114.4,0.0,0.0,114.4000015258789,0.0,0,0,0,0
19-03 01:00,104.9,0.0,0.0,104.9000015258789,0.0,0,0,0,0
19-03 02:00,109.4,0.0,0.0,109.4000015258789,0.0,0,0,0,0
19-03 03:00,115.0,0.0,0.0,115.0,0.0,0,0,0,0
19-03 04:00,112.0,0.0,0.0,112.0,0.0,0,0,0,0
19-03 05:00,134.0,0.0,0.0,134.0,0.0,0,0,0,0
19-03 06:00,150.3,0.0,0.0,146.6999969482422,3.5999999046325684,0,0,0,0
19-03 07:00,172.6,0.0,0.0,151.60000610351562,21.0,0,0,0,0
19-03 08:00,183.2,0.0,0.0,153.10000610351562,30.200000762939453,0,0,0,0
19-03 09:00,198.5,0.0,0.0,161.3000030517578,37.20000076293945,0,0,0,0
19-03 10:00,180.1,0.0,0.0,140.10000610351562,40.0,0,0,0,0
19-03 11:00,178.8,0.0,0.0,137.3000030517578,41.5,0,0,0,0
19-03 12:00,165.3,0.0,0.0,125.19999694824219,40.099998474121094,0,0,0,0
19-03 13:00,160.9,0.0,0.0,120.80000305175781,40.099998474121094,0,0,0,0
19-03 14:00,197.7,0.0,0.0,146.89999389648438,50.79999923706055,0,0,0,0
19-03 15:00,225.8,0.0,0.0,166.1999969482422,59.599998474121094,0,0,0,0
19-03 16:00,248.5,0.0,0.0,182.60000610351562,65.9000015258789,0,0,0,0
19-03 17:00,286.9,0.0,0.0,210.5,76.4000015258789,0,0,0,0
19-03 18:00,272.5,0.0,0.0,205.8000030517578,66.5999984741211,0,0,0,0
19-03 19:00,245.9,0.0,0.0,190.39999389648438,55.5,0,0,0,0
19-03 20:00,199.4,0.0,0.0,160.10000610351562,39.29999923706055,0,0,0,0
19-03 21:00,163.2,0.0,0.0,140.5,22.700000762939453,0,0,0,0
19-03 22:00,128.7,0.0,0.0,118.19999694824219,10.5,0,0,0,0
19-03 23:00,113.9,0.0,0.0,113.19999694824219,0.699999988079071,0,0,0,0
20-03 00:00,129.1,0.0,0.0,129.10000610351562,0.0,0,0,0,0
20-03 01:00,133.2,0.0,0.0,133.1999969482422,0.0,0,0,0,0
20-03 02:00,129.7,0.0,0.0,129.6999969482422,0.0,0,0,0,0
20-03 03:00,140.5,0.0,0.0,140.5,0.0,0,0,0,0
20-03 04:00,136.7,0.0,0.0,136.6999969482422,0.0,0,0,0,0
20-03 05:00,152.2,0.0,0.0,152.1999969482422,0.0,0,0,0,0
20-03 06:00,166.7,0.0,0.0,163.3000030517578,3.4000000953674316,0,0,0,0
20-03 07:00,198.1,0.0,0.0,177.10000610351562,21.0,0,0,0,0
20-03 08:00,195.1,0.0,0.0,166.1999969482422,28.899999618530273,0,0,0,0
20-03 09:00,207.0,0.0,0.0,170.89999389648438,36.099998474121094,0,0,0,0
20-03 10:00,186.8,0.0,0.0,148.5,38.29999923706055,0,0,0,0
20-03 11:00,188.0,0.0,0.0,147.8000030517578,40.20000076293945,0,0,0,0
20-03 12:00,174.4,0.0,0.0,133.89999389648438,40.5,0,0,0,0
20-03 13:00,185.7,0.0,0.0,139.6999969482422,46.0,0,0,0,0
20-03 14:00,183.4,0.0,0.0,138.5,44.900001525878906,0,0,0,0
20-03 15:00,222.6,0.0,0.0,164.89999389648438,57.70000076293945,0,0,0,0
20-03 16:00,251.0,0.0,0.0,185.8000030517578,65.19999694824219,0,0,0,0
20-03 17:00,283.9,0.0,0.0,211.8000030517578,72.0999984741211,0,0,0,0
20-03 18:00,293.3,0.0,0.0,224.8000030517578,68.5,0,0,0,0
20-03 19:00,246.7,0.0,0.0,190.10000610351562,56.599998474121094,0,0,0,0
20-03 20:00,201.3,0.0,0.0,161.6999969482422,39.599998474121094,0,0,0,0
20-03 21:00,146.1,0.0,0.0,124.4000015258789,21.799999237060547,0,0,0,0
20-03 22:00,106.8,0.0,0.0,96.5,10.300000190734863,0,0,0,0
20-03 23:00,112.5,0.0,0.0,111.80000305175781,0.699999988079071,0,0,0,0
21-03 00:00,123.1,0.0,0.0,123.0999984741211,0.0,0,0,0,0
21-03 01:00,127.2,0.0,0.0,127.19999694824219,0.0,0,0,0,0
21-03 02:00,117.9,0.0,0.0,117.9000015258789,0.0,0,0,0,0
21-03 03:00,122.8,0.0,0.0,122.80000305175781,0.0,0,0,0,0
21-03 04:00,122.4,0.0,0.0,122.4000015258789,0.0,0,0,0,0
21-03 05:00,146.9,0.0,0.0,146.89999389648438,0.0,0,0,0,0
21-03 06:00,151.0,0.0,0.0,147.60000610351562,3.4000000953674316,0,0,0,0
21-03 07:00,210.2,0.0,0.0,187.8000030517578,22.399999618530273,0,0,0,0
21-03 08:00,235.1,0.0,0.0,203.1999969482422,31.899999618530273,0,0,0,0
21-03 09:00,251.1,0.0,0.0,213.0,38.099998474121094,0,0,0,0
21-03 10:00,245.2,0.0,0.0,204.60000610351562,40.599998474121094,0,0,0,0
21-03 11:00,250.4,0.0,0.0,207.39999389648438,43.0,0,0,0,0
21-03 12:00,238.9,0.0,0.0,198.8000030517578,40.0,0,0,0,0
21-03 13:00,245.6,0.0,0.0,203.0,42.70000076293945,0,0,0,0
21-03 14:00,268.9,0.0,0.0,222.10000610351562,46.79999923706055,0,0,0,0
21-03 15:00,316.8,0.0,0.0,258.6000061035156,58.20000076293945,0,0,0,0
21-03 16:00,333.8,0.0,0.0,271.3999938964844,62.400001525878906,0,0,0,0
21-03 17:00,367.2,0.0,0.0,297.29998779296875,69.9000015258789,0,0,0,0
21-03 18:00,357.8,0.0,0.0,292.1000061035156,65.69999694824219,0,0,0,0
21-03 19:00,317.9,0.0,0.0,262.5,55.400001525878906,0,0,0,0
21-03 20:00,259.5,0.0,0.0,219.1999969482422,40.29999923706055,0,0,0,0
21-03 21:00,174.8,0.0,0.0,154.6999969482422,20.100000381469727,0,0,0,0
21-03 22:00,143.6,0.0,0.0,132.60000610351562,11.0,0,0,0,0
21-03 23:00,109.5,0.0,0.0,108.9000015258789,0.6000000238418579,0,0,0,0
22-03 00:00,136.1,0.0,0.0,136.10000610351562,0.0,0,0,0,0
22-03 01:00,128.8,0.0,0.0,128.8000030517578,0.0,0,0,0,0
22-03 02:00,126.6,0.0,0.0,126.5999984741211,0.0,0,0,0,0
22-03 03:00,140.6,0.0,0.0,140.60000610351562,0.0,0,0,0,0
22-03 04:00,137.7,0.0,0.0,137.6999969482422,0.0,0,0,0,0
22-03 05:00,154.0,0.0,0.0,154.0,0.0,0,0,0,0
22-03 06:00,173.2,0.0,0.0,169.8000030517578,3.4000000953674316,0,0,0,0
22-03 07:00,207.5,0.0,0.0,187.1999969482422,20.299999237060547,0,0,0,0
22-03 08:00,266.0,0.0,0.0,234.1999969482422,31.799999237060547,0,0,0,0
22-03 09:00,278.8,0.0,0.0,243.60000610351562,35.20000076293945,0,0,0,0
22-03 10:00,294.5,0.0,0.0,254.0,40.599998474121094,0,0,0,0
22-03 11:00,282.0,0.0,0.0,241.8000030517578,40.099998474121094,0,0,0,0
22-03 12:00,293.7,0.0,0.0,251.6999969482422,42.0,0,0,0,0
22-03 13:00,276.7,0.0,0.0,234.5,42.20000076293945,0,0,0,0
22-03 14:00,308.3,0.0,0.0,260.1000061035156,48.20000076293945,0,0,0,0
22-03 15:00,359.6,0.0,0.0,300.29998779296875,59.29999923706055,0,0,0,0
22-03 16:00,387.0,0.0,0.0,322.1000061035156,64.9000015258789,0,0,0,0
22-03 17:00,368.2,0.0,0.0,304.0,64.19999694824219,0,0,0,0
22-03 18:00,388.2,0.0,0.0,325.20001220703125,63.0,0,0,0,0
22-03 19:00,380.7,0.0,0.0,322.1000061035156,58.599998474121094,0,0,0,0
22-03 20:00,295.7,0.0,0.0,256.20001220703125,39.5,0,0,0,0
22-03 21:00,204.6,0.0,0.0,184.0,20.700000762939453,0,0,0,0
22-03 22:00,155.0,0.0,0.0,145.1999969482422,9.899999618530273,0,0,0,0
22-03 23:00,144.5,0.0,0.0,143.8000030517578,0.699999988079071,0,0,0,0
23-03 00:00,137.3,0.0,0.0,137.3000030517578,0.0,0,0,0,0
23-03 01:00,138.1,0.0,0.0,138.1999969482422,0.0,0,0,0,0
23-03 02:00,129.1,0.0,0.0,129.10000610351562,0.0,0,0,0,0
23-03 03:00,131.2,0.0,0.0,131.1999969482422,0.0,0,0,0,0
23-03 04:00,135.7,0.0,0.0,135.6999969482422,0.0,0,0,0,0
23-03 05:00,141.4,0.0,0.0,141.39999389648438,0.0,0,0,0,0
23-03 06:00,174.5,0.0,0.0,170.8000030517578,3.700000047683716,0,0,0,0
23-03 07:00,182.4,0.0,0.0,161.89999389648438,20.5,0,0,0,0
23-03 08:00,206.8,0.0,0.0,176.8000030517578,30.0,0,0,0,0
23-03 09:00,214.3,0.0,0.0,179.0,35.20000076293945,0,0,0,0
23-03 10:00,210.5,0.0,0.0,170.0,40.5,0,0,0,0
23-03 11:00,199.7,0.0,0.0,159.6999969482422,40.0,0,0,0,0
23-03 12:00,191.2,0.0,0.0,151.3000030517578,39.900001525878906,0,0,0,0
23-03 13:00,205.3,0.0,0.0,159.60000610351562,45.70000076293945,0,0,0,0
23-03 14:00,189.1,0.0,0.0,145.8000030517578,43.29999923706055,0,0,0,0
23-03 15:00,243.6,0.0,0.0,184.39999389648438,59.20000076293945,0,0,0,0
23-03 16:00,273.7,0.0,0.0,206.89999389648438,66.80000305175781,0,0,0,0
23-03 17:00,279.0,0.0,0.0,212.10000610351562,66.9000015258789,0,0,0,0
23-03 18:00,311.6,0.0,0.0,242.8000030517578,68.80000305175781,0,0,0,0
23-03 19:00,246.4,0.0,0.0,194.60000610351562,51.79999923706055,0,0,0,0
23-03 20:00,217.4,0.0,0.0,177.1999969482422,40.20000076293945,0,0,0,0
23-03 21:00,142.7,0.0,0.0,122.80000305175781,19.899999618530273,0,0,0,0
23-03 22:00,122.1,0.0,0.0,111.19999694824219,10.899999618530273,0,0,0,0
23-03 23:00,98.3,0.0,0.0,97.69999694824219,0.6000000238418579,0,0,0,0
24-03 00:00,101.2,0.0,0.0,101.19999694824219,0.0,0,0,0,0
24-03 01:00,111.1,0.0,0.0,111.0999984741211,0.0,0,0,0,0
24-03 02:00,101.7,0.0,0.0,101.69999694824219,0.0,0,0,0,0
24-03 03:00,109.2,0.0,0.0,109.19999694824219,0.0,0,0,0,0
24-03 04:00,108.1,0.0,0.0,108.0999984741211,0.0,0,0,0,0
24-03 05:00,118.4,0.0,0.0,118.4000015258789,0.0,0,0,0,0
24-03 06:00,122.3,0.0,0.0,122.30000305175781,0.0,0,0,0,0
24-03 07:00,127.7,0.0,0.0,126.19999694824219,1.5,0,0,0,0
24-03 08:00,116.2,0.0,0.0,109.9000015258789,6.300000190734863,0,0,0,0
24-03 09:00,109.5,0.0,0.0,96.80000305175781,12.699999809265137,0,0,0,0
24-03 10:00,121.5,0.0,0.0,97.19999694824219,24.299999237060547,0,0,0,0
24-03 11:00,143.0,0.0,0.0,108.0,35.099998474121094,0,0,0,0
24-03 12:00,162.2,0.0,0.0,119.5,42.70000076293945,0,0,0,0
24-03 13:00,193.1,0.0,0.0,138.10000610351562,55.0,0,0,0,0
24-03 14:00,197.9,0.0,0.0,141.5,56.400001525878906,0,0,0,0
24-03 15:00,197.7,0.0,0.0,140.3000030517578,57.400001525878906,0,0,0,0
24-03 16:00,186.2,0.0,0.0,134.6999969482422,51.5,0,0,0,0
24-03 17:00,140.3,0.0,0.0,103.0999984741211,37.20000076293945,0,0,0,0
24-03 18:00,128.1,0.0,0.0,99.9000015258789,28.200000762939453,0,0,0,0
24-03 19:00,101.3,0.0,0.0,82.5,18.799999237060547,0,0,0,0
24-03 20:00,69.6,0.0,0.0,58.5,11.100000381469727,0,0,0,0
24-03 21:00,77.7,0.0,0.0,71.4000015258789,6.300000190734863,0,0,0,0
24-03 22:00,88.1,0.0,0.0,86.0,2.0999999046325684,0,0,0,0
24-03 23:00,98.1,0.0,0.0,98.0999984741211,0.0,0,0,0,0
25-03 00:00,85.7,0.0,0.0,85.69999694824219,0.0,0,0,0,0
25-03 01:00,98.6,0.0,0.0,98.5999984741211,0.0,0,0,0,0
25-03 02:00,106.4,0.0,0.0,106.4000015258789,0.0,0,0,0,0
25-03 03:00,111.6,0.0,0.0,111.5999984741211,0.0,0,0,0,0
25-03 04:00,117.6,0.0,0.0,117.5999984741211,0.0,0,0,0,0
25-03 05:00,116.3,0.0,0.0,116.30000305175781,0.0,0,0,0,0
25-03 06:00,133.4,0.0,0.0,133.39999389648438,0.0,0,0,0,0
25-03 07:00,133.3,0.0,0.0,129.6999969482422,3.5999999046325684,0,0,0,0
25-03 08:00,111.5,0.0,0.0,103.30000305175781,8.199999809265137,0,0,0,0
25-03 09:00,99.2,0.0,0.0,87.30000305175781,11.899999618530273,0,0,0,0
25-03 10:00,86.1,0.0,0.0,70.5,15.600000381469727,0,0,0,0
25-03 11:00,72.0,0.0,0.0,53.599998474121094,18.5,0,0,0,0
25-03 12:00,72.7,0.0,0.0,50.900001525878906,21.799999237060547,0,0,0,0
25-03 13:00,86.6,0.0,0.0,55.5,31.200000762939453,0,0,0,0
25-03 14:00,96.3,0.0,0.0,60.79999923706055,35.599998474121094,0,0,0,0
25-03 15:00,107.1,0.0,0.0,68.9000015258789,38.20000076293945,0,0,0,0
25-03 16:00,102.2,0.0,0.0,65.4000015258789,36.79999923706055,0,0,0,0
25-03 17:00,85.4,0.0,0.0,54.70000076293945,30.700000762939453,0,0,0,0
25-03 18:00,75.3,0.0,0.0,53.29999923706055,22.0,0,0,0,0
25-03 19:00,70.2,0.0,0.0,52.900001525878906,17.299999237060547,0,0,0,0
25-03 20:00,56.3,0.0,0.0,44.0,12.300000190734863,0,0,0,0
25-03 21:00,47.7,0.0,0.0,40.0,7.699999809265137,0,0,0,0
25-03 22:00,46.3,0.0,0.0,44.900001525878906,1.399999976158142,0,0,0,0
25-03 23:00,52.8,0.0,0.0,51.400001525878906,1.399999976158142,0,0,0,0
26-03 00:00,60.6,0.0,0.0,60.599998474121094,0.0,0,0,0,0
26-03 01:00,56.5,0.0,0.0,56.400001525878906,0.0,0,0,0,0
26-03 02:00,61.1,0.0,0.0,61.099998474121094,0.0,0,0,0,0
26-03 03:00,50.0,0.0,0.0,50.0,0.0,0,0,0,0
26-03 04:00,57.2,0.0,0.0,57.20000076293945,0.0,0,0,0,0
26-03 05:00,50.6,0.0,0.0,50.599998474121094,0.0,0,0,0,0
26-03 06:00,63.2,0.0,0.0,59.900001525878906,3.299999952316284,0,0,0,0
26-03 07:00,96.8,0.0,0.0,75.80000305175781,21.0,0,0,0,0
26-03 08:00,139.6,0.0,0.0,109.19999694824219,30.399999618530273,0,0,0,0
26-03 09:00,163.8,0.0,0.0,128.10000610351562,35.70000076293945,0,0,0,0
26-03 10:00,149.5,0.0,0.0,113.5,36.0,0,0,0,0
26-03 11:00,175.1,0.0,0.0,134.5,40.599998474121094,0,0,0,0
26-03 12:00,164.8,0.0,0.0,126.4000015258789,38.5,0,0,0,0
26-03 13:00,183.9,0.0,0.0,137.5,46.400001525878906,0,0,0,0
26-03 14:00,187.1,0.0,0.0,139.6999969482422,47.400001525878906,0,0,0,0
26-03 15:00,202.6,0.0,0.0,148.39999389648438,54.20000076293945,0,0,0,0
26-03 16:00,243.8,0.0,0.0,177.3000030517578,66.5,0,0,0,0
26-03 17:00,235.9,0.0,0.0,169.3000030517578,66.5999984741211,0,0,0,0
26-03 18:00,240.7,0.0,0.0,176.8000030517578,63.900001525878906,0,0,0,0
26-03 19:00,214.2,0.0,0.0,159.3000030517578,54.900001525878906,0,0,0,0
26-03 20:00,176.6,0.0,0.0,137.8000030517578,38.79999923706055,0,0,0,0
26-03 21:00,120.9,0.0,0.0,100.69999694824219,20.200000762939453,0,0,0,0
26-03 22:00,93.1,0.0,0.0,82.80000305175781,10.300000190734863,0,0,0,0
26-03 23:00,83.0,0.0,0.0,82.30000305175781,0.699999988079071,0,0,0,0
27-03 00:00,87.3,0.0,0.0,87.30000305175781,0.0,0,0,0,0
27-03 01:00,84.2,0.0,0.0,84.19999694824219,0.0,0,0,0,0
27-03 02:00,83.1,0.0,0.0,83.0999984741211,0.0,0,0,0,0
27-03 03:00,80.0,0.0,0.0,80.0,0.0,0,0,0,0
27-03 04:00,89.9,0.0,0.0,89.9000015258789,0.0,0,0,0,0
27-03 05:00,89.1,0.0,0.0,89.0999984741211,0.0,0,0,0,0
27-03 06:00,107.5,0.0,0.0,104.0,3.5,0,0,0,0
27-03 07:00,141.1,0.0,0.0,119.69999694824219,21.399999618530273,0,0,0,0
27-03 08:00,160.5,0.0,0.0,130.39999389648438,30.100000381469727,0,0,0,0
27-03 09:00,159.5,0.0,0.0,126.5999984741211,32.79999923706055,0,0,0,0
27-03 10:00,162.0,0.0,0.0,125.30000305175781,36.70000076293945,0,0,0,0
27-03 11:00,169.1,0.0,0.0,128.89999389648438,40.20000076293945,0,0,0,0
27-03 12:00,155.8,0.0,0.0,117.0,38.79999923706055,0,0,0,0
27-03 13:00,180.5,0.0,0.0,134.1999969482422,46.400001525878906,0,0,0,0
27-03 14:00,207.4,0.0,0.0,156.3000030517578,51.099998474121094,0,0,0,0
27-03 15:00,220.6,0.0,0.0,161.8000030517578,58.79999923706055,0,0,0,0
27-03 16:00,258.3,0.0,0.0,190.60000610351562,67.69999694824219,0,0,0,0
27-03 17:00,262.5,0.0,0.0,193.3000030517578,69.19999694824219,0,0,0,0
27-03 18:00,265.3,0.0,0.0,197.60000610351562,67.69999694824219,0,0,0,0
27-03 19:00,237.0,0.0,0.0,180.0,57.0,0,0,0,0
27-03 20:00,175.7,0.0,0.0,137.6999969482422,38.0,0,0,0,0
27-03 21:00,128.6,0.0,0.0,108.0,20.600000381469727,0,0,0,0
27-03 22:00,96.6,0.0,0.0,86.19999694824219,10.399999618530273,0,0,0,0
27-03 23:00,77.6,0.0,0.0,77.0,0.6000000238418579,0,0,0,0
28-03 00:00,88.2,0.0,0.0,88.19999694824219,0.0,0,0,0,0
28-03 01:00,78.5,0.0,0.0,78.5,0.0,0,0,0,0
28-03 02:00,73.3,0.0,0.0,73.30000305175781,0.0,0,0,0,0
28-03 03:00,75.8,0.0,0.0,75.80000305175781,0.0,0,0,0,0
28-03 04:00,81.1,0.0,0.0,81.0999984741211,0.0,0,0,0,0
28-03 05:00,84.9,0.0,0.0,84.9000015258789,0.0,0,0,0,0
28-03 06:00,103.1,0.0,0.0,99.5,3.5999999046325684,0,0,0,0
28-03 07:00,137.7,0.0,0.0,116.0,21.799999237060547,0,0,0,0
28-03 08:00,159.2,0.0,0.0,129.8000030517578,29.399999618530273,0,0,0,0
28-03 09:00,165.2,0.0,0.0,131.6999969482422,33.5,0,0,0,0
28-03 10:00,178.4,0.0,0.0,140.1999969482422,38.20000076293945,0,0,0,0
28-03 11:00,186.1,0.0,0.0,146.0,40.099998474121094,0,0,0,0
28-03 12:00,171.9,0.0,0.0,133.1999969482422,38.70000076293945,0,0,0,0
28-03 13:00,207.9,0.0,0.0,159.39999389648438,48.5,0,0,0,0
28-03 14:00,202.1,0.0,0.0,154.89999389648438,47.20000076293945,0,0,0,0
28-03 15:00,236.2,0.0,0.0,176.3000030517578,59.900001525878906,0,0,0,0
28-03 16:00,245.0,0.0,0.0,182.0,63.0,0,0,0,0
28-03 17:00,274.9,0.0,0.0,203.6999969482422,71.19999694824219,0,0,0,0
28-03 18:00,270.7,0.0,0.0,206.39999389648438,64.30000305175781,0,0,0,0
28-03 19:00,248.1,0.0,0.0,192.8000030517578,55.29999923706055,0,0,0,0
28-03 20:00,192.2,0.0,0.0,154.3000030517578,37.900001525878906,0,0,0,0
28-03 21:00,135.2,0.0,0.0,113.80000305175781,21.399999618530273,0,0,0,0
28-03 22:00,99.2,0.0,0.0,88.5999984741211,10.600000381469727,0,0,0,0
28-03 23:00,75.9,0.0,0.0,75.19999694824219,0.699999988079071,0,0,0,0
29-03 00:00,75.2,0.0,0.0,75.19999694824219,0.0,0,0,0,0
29-03 01:00,72.6,0.0,0.0,72.5999984741211,0.0,0,0,0,0
29-03 02:00,72.8,0.0,0.0,72.80000305175781,0.0,0,0,0,0
29-03 03:00,74.7,0.0,0.0,74.69999694824219,0.0,0,0,0,0
29-03 04:00,65.8,0.0,0.0,65.80000305175781,0.0,0,0,0,0
29-03 05:00,68.9,0.0,0.0,68.9000015258789,0.0,0,0,0,0
29-03 06:00,77.4,0.0,0.0,74.19999694824219,3.200000047683716,0,0,0,0
29-03 07:00,103.9,0.0,0.0,83.19999694824219,20.700000762939453,0,0,0,0
29-03 08:00,123.0,0.0,0.0,92.69999694824219,30.299999237060547,0,0,0,0
29-03 09:00,115.0,0.0,0.0,81.9000015258789,33.099998474121094,0,0,0,0
29-03 10:00,119.9,0.0,0.0,81.69999694824219,38.20000076293945,0,0,0,0
29-03 11:00,127.8,0.0,0.0,87.0,40.79999923706055,0,0,0,0
29-03 12:00,127.0,0.0,0.0,86.30000305175781,40.70000076293945,0,0,0,0
29-03 13:00,145.1,0.0,0.0,99.80000305175781,45.29999923706055,0,0,0,0
29-03 14:00,149.8,0.0,0.0,103.0999984741211,46.70000076293945,0,0,0,0
29-03 15:00,184.3,0.0,0.0,126.80000305175781,57.5,0,0,0,0
29-03 16:00,209.0,0.0,0.0,142.8000030517578,66.19999694824219,0,0,0,0
29-03 17:00,222.7,0.0,0.0,152.3000030517578,70.4000015258789,0,0,0,0
29-03 18:00,228.7,0.0,0.0,158.60000610351562,70.0999984741211,0,0,0,0
29-03 19:00,190.9,0.0,0.0,134.10000610351562,56.79999923706055,0,0,0,0
29-03 20:00,153.3,0.0,0.0,112.0,41.29999923706055,0,0,0,0
29-03 21:00,99.6,0.0,0.0,78.30000305175781,21.299999237060547,0,0,0,0
29-03 22:00,63.5,0.0,0.0,52.900001525878906,10.600000381469727,0,0,0,0
29-03 23:00,48.4,0.0,0.0,47.70000076293945,0.699999988079071,0,0,0,0
30-03 00:00,62.2,0.0,0.0,62.20000076293945,0.0,0,0,0,0
30-03 01:00,72.9,0.0,0.0,72.9000015258789,0.0,0,0,0,0
30-03 02:00,72.1,0.0,0.0,72.0999984741211,0.0,0,0,0,0
30-03 03:00,67.8,0.0,0.0,67.80000305175781,0.0,0,0,0,0
30-03 04:00,79.3,0.0,0.0,79.30000305175781,0.0,0,0,0,0
30-03 05:00,79.6,0.0,0.0,79.5999984741211,0.0,0,0,0,0
30-03 06:00,79.8,0.0,0.0,79.80000305175781,0.0,0,0,0,0
30-03 07:00,102.0,0.0,0.0,98.30000305175781,3.700000047683716,0,0,0,0
30-03 08:00,114.8,0.0,0.0,106.19999694824219,8.600000381469727,0,0,0,0
30-03 09:00,113.5,0.0,0.0,101.5999984741211,11.899999618530273,0,0,0,0
30-03 10:00,101.7,0.0,0.0,87.0999984741211,14.600000381469727,0,0,0,0
30-03 11:00,115.8,0.0,0.0,96.4000015258789,19.399999618530273,0,0,0,0
30-03 12:00,133.8,0.0,0.0,110.0999984741211,23.700000762939453,0,0,0,0
30-03 13:00,166.3,0.0,0.0,131.8000030517578,34.5,0,0,0,0
30-03 14:00,171.5,0.0,0.0,137.3000030517578,34.20000076293945,0,0,0,0
30-03 15:00,183.3,0.0,0.0,145.10000610351562,38.20000076293945,0,0,0,0
30-03 16:00,172.2,0.0,0.0,134.89999389648438,37.29999923706055,0,0,0,0
30-03 17:00,168.8,0.0,0.0,137.8000030517578,31.0,0,0,0,0
30-03 18:00,137.6,0.0,0.0,115.69999694824219,21.899999618530273,0,0,0,0
30-03 19:00,120.6,0.0,0.0,103.5999984741211,17.0,0,0,0,0
30-03 20:00,106.2,0.0,0.0,93.9000015258789,12.300000190734863,0,0,0,0
30-03 21:00,91.2,0.0,0.0,84.5,6.699999809265137,0,0,0,0
30-03 22:00,97.4,0.0,0.0,96.0999984741211,1.2999999523162842,0,0,0,0
30-03 23:00,87.0,0.0,0.0,85.80000305175781,1.2000000476837158,0,0,0,0
31-03 00:00,104.3,0.0,0.0,104.30000305175781,0.0,0,0,0,0
31-03 01:00,105.7,0.0,0.0,105.69999694824219,0.0,0,0,0,0
31-03 02:00,106.3,0.0,0.0,106.30000305175781,0.0,0,0,0,0
31-03 03:00,98.1,0.0,0.0,98.0999984741211,0.0,0,0,0,0
31-03 04:00,98.1,0.0,0.0,98.0999984741211,0.0,0,0,0,0
31-03 05:00,116.3,0.0,0.0,116.30000305175781,0.0,0,0,0,0
31-03 06:00,124.3,0.0,0.0,124.30000305175781,0.0,0,0,0,0
31-03 07:00,129.6,0.0,0.0,128.1999969482422,1.399999976158142,0,0,0,0
31-03 08:00,140.1,0.0,0.0,133.60000610351562,6.5,0,0,0,0
31-03 09:00,137.2,0.0,0.0,123.9000015258789,13.300000190734863,0,0,0,0
31-03 10:00,146.5,0.0,0.0,121.0,25.5,0,0,0,0
31-03 11:00,172.7,0.0,0.0,137.6999969482422,35.0,0,0,0,0
31-03 12:00,172.9,0.0,0.0,133.6999969482422,39.20000076293945,0,0,0,0
31-03 13:00,218.3,0.0,0.0,168.3000030517578,50.0,0,0,0,0
31-03 14:00,214.1,0.0,0.0,163.1999969482422,50.900001525878906,0,0,0,0
31-03 15:00,229.3,0.0,0.0,175.3000030517578,54.0,0,0,0,0
31-03 16:00,257.5,0.0,0.0,201.1999969482422,56.29999923706055,0,0,0,0
31-03 17:00,163.2,0.0,0.0,130.60000610351562,32.599998474121094,0,0,0,0
31-03 18:00,138.0,0.0,0.0,114.0999984741211,23.799999237060547,0,0,0,0
31-03 19:00,125.0,0.0,0.0,107.80000305175781,17.200000762939453,0,0,0,0
31-03 20:00,101.2,0.0,0.0,90.30000305175781,10.899999618530273,0,0,0,0
31-03 21:00,97.3,0.0,0.0,91.19999694824219,6.099999904632568,0,0,0,0
31-03 22:00,104.3,0.0,0.0,102.0999984741211,2.200000047683716,0,0,0,0
31-03 23:00,95.9,0.0,0.0,95.9000015258789,0.0,0,0,0,0
01-04 00:00,106.6,0.0,0.0,106.5999984741211,0.0,0,0,0,0
01-04 01:00,100.7,0.0,0.0,100.69999694824219,0.0,0,0,0,0
01-04 02:00,95.9,0.0,0.0,96.0,0.0,0,0,0,0
01-04 03:00,99.3,0.0,0.0,99.30000305175781,0.0,0,0,0,0
01-04 04:00,98.6,0.0,0.0,98.5999984741211,0.0,0,0,0,0
01-04 05:00,105.4,0.0,0.0,105.4000015258789,0.0,0,0,0,0
01-04 06:00,109.8,0.0,0.0,109.80000305175781,0.0,0,0,0,0
01-04 07:00,114.0,0.0,0.0,110.5999984741211,3.4000000953674316,0,0,0,0
01-04 08:00,120.1,0.0,0.0,112.0999984741211,8.0,0,0,0,0
01-04 09:00,121.9,0.0,0.0,110.5,11.399999618530273,0,0,0,0
01-04 10:00,122.4,0.0,0.0,107.80000305175781,14.600000381469727,0,0,0,0
01-04 11:00,131.0,0.0,0.0,112.9000015258789,18.100000381469727,0,0,0,0
01-04 12:00,151.6,0.0,0.0,129.10000610351562,22.5,0,0,0,0
01-04 13:00,186.4,0.0,0.0,155.3000030517578,31.100000381469727,0,0,0,0
01-04 14:00,197.8,0.0,0.0,160.5,37.29999923706055,0,0,0,0
01-04 15:00,200.5,0.0,0.0,162.8000030517578,37.70000076293945,0,0,0,0
01-04 16:00,194.4,0.0,0.0,156.5,37.900001525878906,0,0,0,0
01-04 17:00,156.2,0.0,0.0,128.89999389648438,27.299999237060547,0,0,0,0
01-04 18:00,153.8,0.0,0.0,131.1999969482422,22.600000381469727,0,0,0,0
01-04 19:00,153.5,0.0,0.0,135.39999389648438,18.100000381469727,0,0,0,0
01-04 20:00,140.8,0.0,0.0,127.9000015258789,12.899999618530273,0,0,0,0
01-04 21:00,118.2,0.0,0.0,110.9000015258789,7.300000190734863,0,0,0,0
01-04 22:00,122.7,0.0,0.0,121.30000305175781,1.399999976158142,0,0,0,0
01-04 23:00,129.0,0.0,0.0,127.5,1.5,0,0,0,0
02-04 00:00,127.3,0.0,0.0,127.30000305175781,0.0,0,0,0,0
02-04 01:00,115.5,0.0,0.0,115.5,0.0,0,0,0,0
02-04 02:00,108.0,0.0,0.0,108.0,0.0,0,0,0,0
02-04 03:00,120.9,0.0,0.0,120.9000015258789,0.0,0,0,0,0
02-04 04:00,117.3,0.0,0.0,117.30000305175781,0.0,0,0,0,0
02-04 05:00,121.4,0.0,0.0,121.4000015258789,0.0,0,0,0,0
02-04 06:00,142.5,0.0,0.0,142.5,0.0,0,0,0,0
02-04 07:00,113.1,0.0,0.0,110.0,3.0999999046325684,0,0,0,0
02-04 08:00,133.3,0.0,0.0,125.0999984741211,8.199999809265137,0,0,0,0
02-04 09:00,138.5,0.0,0.0,126.69999694824219,11.800000190734863,0,0,0,0
02-04 10:00,128.6,0.0,0.0,114.69999694824219,13.899999618530273,0,0,0,0
02-04 11:00,131.6,0.0,0.0,114.30000305175781,17.299999237060547,0,0,0,0
02-04 12:00,161.4,0.0,0.0,136.60000610351562,24.799999237060547,0,0,0,0
02-04 13:00,189.6,0.0,0.0,157.60000610351562,32.0,0,0,0,0
02-04 14:00,207.6,0.0,0.0,172.1999969482422,35.400001525878906,0,0,0,0
02-04 15:00,234.5,0.0,0.0,198.0,36.5,0,0,0,0
02-04 16:00,222.8,0.0,0.0,186.10000610351562,36.70000076293945,0,0,0,0
02-04 17:00,186.9,0.0,0.0,158.39999389648438,28.5,0,0,0,0
02-04 18:00,172.8,0.0,0.0,152.5,20.299999237060547,0,0,0,0
02-04 19:00,150.4,0.0,0.0,135.0,15.5,0,0,0,0
02-04 20:00,134.2,0.0,0.0,122.9000015258789,11.300000190734863,0,0,0,0
02-04 21:00,119.1,0.0,0.0,112.0,7.099999904632568,0,0,0,0
02-04 22:00,110.5,0.0,0.0,109.19999694824219,1.2999999523162842,0,0,0,0
02-04 23:00,111.9,0.0,0.0,110.5,1.399999976158142,0,0,0,0
03-04 00:00,122.5,0.0,0.0,122.5,0.0,0,0,0,0
03-04 01:00,107.9,0.0,0.0,107.9000015258789,0.0,0,0,0,0
03-04 02:00,109.8,0.0,0.0,109.80000305175781,0.0,0,0,0,0
03-04 03:00,113.8,0.0,0.0,113.80000305175781,0.0,0,0,0,0
03-04 04:00,110.9,0.0,0.0,110.9000015258789,0.0,0,0,0,0
03-04 05:00,109.7,0.0,0.0,109.69999694824219,0.0,0,0,0,0
03-04 06:00,129.0,0.0,0.0,125.5999984741211,3.4000000953674316,0,0,0,0
03-04 07:00,165.0,0.0,0.0,144.6999969482422,20.299999237060547,0,0,0,0
03-04 08:00,201.3,0.0,0.0,171.0,30.299999237060547,0,0,0,0
03-04 09:00,230.1,0.0,0.0,192.39999389648438,37.70000076293945,0,0,0,0
03-04 10:00,233.9,0.0,0.0,193.3000030517578,40.599998474121094,0,0,0,0
03-04 11:00,229.1,0.0,0.0,187.8000030517578,41.29999923706055,0,0,0,0
03-04 12:00,214.0,0.0,0.0,175.1999969482422,38.79999923706055,0,0,0,0
03-04 13:00,238.6,0.0,0.0,192.39999389648438,46.20000076293945,0,0,0,0
03-04 14:00,243.1,0.0,0.0,193.10000610351562,50.0,0,0,0,0
03-04 15:00,268.5,0.0,0.0,210.89999389648438,57.599998474121094,0,0,0,0
03-04 16:00,292.5,0.0,0.0,232.0,60.5,0,0,0,0
03-04 17:00,351.0,0.0,0.0,275.70001220703125,75.30000305175781,0,0,0,0
03-04 18:00,324.2,0.0,0.0,258.3999938964844,65.5999984741211,0,0,0,0
03-04 19:00,295.1,0.0,0.0,239.8000030517578,55.29999923706055,0,0,0,0
03-04 20:00,236.5,0.0,0.0,199.3000030517578,37.20000076293945,0,0,0,0
03-04 21:00,179.1,0.0,0.0,158.0,21.100000381469727,0,0,0,0
03-04 22:00,136.8,0.0,0.0,126.19999694824219,10.600000381469727,0,0,0,0
03-04 23:00,135.7,0.0,0.0,135.0,0.699999988079071,0,0,0,0
04-04 00:00,138.6,0.0,0.0,138.60000610351562,0.0,0,0,0,0
04-04 01:00,140.6,0.0,0.0,140.60000610351562,0.0,0,0,0,0
04-04 02:00,131.1,0.0,0.0,131.10000610351562,0.0,0,0,0,0
04-04 03:00,146.1,0.0,0.0,146.0,0.0,0,0,0,0
04-04 04:00,148.1,0.0,0.0,148.10000610351562,0.0,0,0,0,0
04-04 05:00,157.4,0.0,0.0,157.39999389648438,0.0,0,0,0,0
04-04 06:00,160.7,0.0,0.0,157.5,3.200000047683716,0,0,0,0
04-04 07:00,181.7,0.0,0.0,161.60000610351562,20.100000381469727,0,0,0,0
04-04 08:00,204.7,0.0,0.0,175.89999389648438,28.799999237060547,0,0,0,0
04-04 09:00,189.8,0.0,0.0,159.8000030517578,30.0,0,0,0,0
04-04 10:00,223.0,0.0,0.0,183.3000030517578,39.70000076293945,0,0,0,0
04-04 11:00,228.0,0.0,0.0,187.1999969482422,40.79999923706055,0,0,0,0
04-04 12:00,210.5,0.0,0.0,171.39999389648438,39.099998474121094,0,0,0,0
04-04 13:00,257.8,0.0,0.0,209.8000030517578,48.0,0,0,0,0
04-04 14:00,234.6,0.0,0.0,188.39999389648438,46.20000076293945,0,0,0,0
04-04 15:00,290.7,0.0,0.0,232.60000610351562,58.099998474121094,0,0,0,0
04-04 16:00,315.3,0.0,0.0,254.3000030517578,61.0,0,0,0,0
04-04 17:00,335.4,0.0,0.0,265.20001220703125,70.4000015258789,0,0,0,0
04-04 18:00,314.4,0.0,0.0,252.0,62.29999923706055,0,0,0,0
04-04 19:00,289.2,0.0,0.0,234.60000610351562,54.599998474121094,0,0,0,0
04-04 20:00,244.1,0.0,0.0,203.60000610351562,40.599998474121094,0,0,0,0
04-04 21:00,170.4,0.0,0.0,149.10000610351562,21.299999237060547,0,0,0,0
04-04 22:00,140.3,0.0,0.0,129.60000610351562,10.699999809265137,0,0,0,0
04-04 23:00,123.8,0.0,0.0,123.0,0.699999988079071,0,0,0,0
05-04 00:00,120.5,0.0,0.0,120.5,0.0,0,0,0,0
05-04 01:00,159.7,0.0,0.0,159.6999969482422,0.0,0,0,0,0
05-04 02:00,124.5,0.0,0.0,124.5,0.0,0,0,0,0
05-04 03:00,137.7,0.0,0.0,137.6999969482422,0.0,0,0,0,0
05-04 04:00,148.3,0.0,0.0,148.3000030517578,0.0,0,0,0,0
05-04 05:00,159.8,0.0,0.0,159.8000030517578,0.0,0,0,0,0
05-04 06:00,169.8,0.0,0.0,166.5,3.299999952316284,0,0,0,0
05-04 07:00,169.9,0.0,0.0,150.6999969482422,19.200000762939453,0,0,0,0
05-04 08:00,200.8,0.0,0.0,170.60000610351562,30.200000762939453,0,0,0,0
05-04 09:00,193.0,0.0,0.0,160.3000030517578,32.70000076293945,0,0,0,0
05-04 10:00,209.9,0.0,0.0,171.0,38.900001525878906,0,0,0,0
05-04 11:00,207.4,0.0,0.0,167.39999389648438,40.0,0,0,0,0
05-04 12:00,214.1,0.0,0.0,172.6999969482422,41.400001525878906,0,0,0,0
05-04 13:00,207.2,0.0,0.0,162.89999389648438,44.29999923706055,0,0,0,0
05-04 14:00,210.0,0.0,0.0,163.89999389648438,46.099998474121094,0,0,0,0
05-04 15:00,260.6,0.0,0.0,203.1999969482422,57.400001525878906,0,0,0,0
05-04 16:00,301.7,0.0,0.0,236.3000030517578,65.4000015258789,0,0,0,0
05-04 17:00,300.6,0.0,0.0,233.10000610351562,67.5,0,0,0,0
05-04 18:00,330.0,0.0,0.0,260.0,70.0,0,0,0,0
05-04 19:00,283.3,0.0,0.0,226.0,57.29999923706055,0,0,0,0
05-04 20:00,201.6,0.0,0.0,165.6999969482422,35.900001525878906,0,0,0,0
05-04 21:00,137.6,0.0,0.0,118.19999694824219,19.399999618530273,0,0,0,0
05-04 22:00,126.6,0.0,0.0,116.30000305175781,10.300000190734863,0,0,0,0
05-04 23:00,112.5,0.0,0.0,111.9000015258789,0.6000000238418579,0,0,0,0
06-04 00:00,132.9,0.0,0.0,132.89999389648438,0.0,0,0,0,0
06-04 01:00,133.6,0.0,0.0,133.60000610351562,0.0,0,0,0,0
06-04 02:00,111.6,0.0,0.0,111.5999984741211,0.0,0,0,0,0
06-04 03:00,103.4,0.0,0.0,103.4000015258789,0.0,0,0,0,0
06-04 04:00,90.9,0.0,0.0,90.9000015258789,0.0,0,0,0,0
06-04 05:00,104.2,0.0,0.0,104.19999694824219,0.0,0,0,0,0
06-04 06:00,121.7,0.0,0.0,118.4000015258789,3.299999952316284,0,0,0,0
06-04 07:00,152.6,0.0,0.0,132.39999389648438,20.200000762939453,0,0,0,0
06-04 08:00,164.2,0.0,0.0,137.60000610351562,26.600000381469727,0,0,0,0
06-04 09:00,192.4,0.0,0.0,158.39999389648438,34.0,0,0,0,0
06-04 10:00,202.3,0.0,0.0,163.10000610351562,39.20000076293945,0,0,0,0
06-04 11:00,216.2,0.0,0.0,175.5,40.70000076293945,0,0,0,0
06-04 12:00,215.4,0.0,0.0,173.1999969482422,42.20000076293945,0,0,0,0
06-04 13:00,194.0,0.0,0.0,153.3000030517578,40.70000076293945,0,0,0,0
06-04 14:00,239.9,0.0,0.0,189.60000610351562,50.29999923706055,0,0,0,0
06-04 15:00,265.8,0.0,0.0,207.39999389648438,58.400001525878906,0,0,0,0
06-04 16:00,275.4,0.0,0.0,214.0,61.400001525878906,0,0,0,0
06-04 17:00,303.4,0.0,0.0,233.3000030517578,70.0999984741211,0,0,0,0
06-04 18:00,302.6,0.0,0.0,236.60000610351562,66.0,0,0,0,0
06-04 19:00,248.7,0.0,0.0,195.89999389648438,52.79999923706055,0,0,0,0
06-04 20:00,202.9,0.0,0.0,165.1999969482422,37.70000076293945,0,0,0,0
06-04 21:00,149.9,0.0,0.0,129.10000610351562,20.799999237060547,0,0,0,0
06-04 22:00,114.6,0.0,0.0,104.5,10.100000381469727,0,0,0,0
06-04 23:00,111.4,0.0,0.0,110.69999694824219,0.699999988079071,0,0,0,0
07-04 00:00,110.9,0.0,0.0,110.9000015258789,0.0,0,0,0,0
07-04 01:00,124.6,0.0,0.0,124.5999984741211,0.0,0,0,0,0
07-04 02:00,124.6,0.0,0.0,124.5999984741211,0.0,0,0,0,0
07-04 03:00,132.4,0.0,0.0,132.39999389648438,0.0,0,0,0,0
07-04 04:00,134.3,0.0,0.0,134.3000030517578,0.0,0,0,0,0
07-04 05:00,156.3,0.0,0.0,156.3000030517578,0.0,0,0,0,0
07-04 06:00,130.7,0.0,0.0,130.6999969482422,0.0,0,0,0,0
07-04 07:00,128.2,0.0,0.0,126.80000305175781,1.399999976158142,0,0,0,0
07-04 08:00,113.0,0.0,0.0,106.69999694824219,6.300000190734863,0,0,0,0
07-04 09:00,123.9,0.0,0.0,110.19999694824219,13.699999809265137,0,0,0,0
07-04 10:00,128.4,0.0,0.0,104.19999694824219,24.200000762939453,0,0,0,0
07-04 11:00,153.3,0.0,0.0,119.69999694824219,33.599998474121094,0,0,0,0
07-04 12:00,182.2,0.0,0.0,139.3000030517578,42.900001525878906,0,0,0,0
07-04 13:00,199.0,0.0,0.0,148.1999969482422,50.79999923706055,0,0,0,0
07-04 14:00,208.9,0.0,0.0,155.39999389648438,53.5,0,0,0,0
07-04 15:00,206.3,0.0,0.0,152.39999389648438,53.900001525878906,0,0,0,0
07-04 16:00,216.7,0.0,0.0,162.6999969482422,54.0,0,0,0,0
07-04 17:00,151.2,0.0,0.0,115.5,35.70000076293945,0,0,0,0
07-04 18:00,132.9,0.0,0.0,105.4000015258789,27.5,0,0,0,0
07-04 19:00,113.2,0.0,0.0,94.69999694824219,18.5,0,0,0,0
07-04 20:00,80.1,0.0,0.0,69.0,11.100000381469727,0,0,0,0
07-04 21:00,72.9,0.0,0.0,66.69999694824219,6.199999809265137,0,0,0,0
07-04 22:00,64.5,0.0,0.0,62.5,2.0,0,0,0,0
07-04 23:00,64.7,0.0,0.0,64.5999984741211,0.0,0,0,0,0
08-04 00:00,57.4,0.0,0.0,57.400001525878906,0.0,0,0,0,0
08-04 01:00,62.0,0.0,0.0,62.0,0.0,0,0,0,0
08-04 02:00,70.0,0.0,0.0,70.0,0.0,0,0,0,0
08-04 03:00,65.9,0.0,0.0,65.9000015258789,0.0,0,0,0,0
08-04 04:00,74.8,0.0,0.0,74.80000305175781,0.0,0,0,0,0
08-04 05:00,74.7,0.0,0.0,74.69999694824219,0.0,0,0,0,0
08-04 06:00,74.5,0.0,0.0,74.5,0.0,0,0,0,0
08-04 07:00,77.7,0.0,0.0,74.30000305175781,3.4000000953674316,0,0,0,0
08-04 08:00,89.2,0.0,0.0,80.5999984741211,8.600000381469727,0,0,0,0
08-04 09:00,90.3,0.0,0.0,79.0,11.399999618530273,0,0,0,0
08-04 10:00,99.3,0.0,0.0,84.30000305175781,15.0,0,0,0,0
08-04 11:00,105.8,0.0,0.0,88.0999984741211,17.700000762939453,0,0,0,0
08-04 12:00,114.8,0.0,0.0,91.5999984741211,23.100000381469727,0,0,0,0
08-04 13:00,136.0,0.0,0.0,103.5999984741211,32.400001525878906,0,0,0,0
08-04 14:00,135.5,0.0,0.0,101.80000305175781,33.70000076293945,0,0,0,0
08-04 15:00,147.1,0.0,0.0,108.69999694824219,38.400001525878906,0,0,0,0
08-04 16:00,137.9,0.0,0.0,101.9000015258789,36.0,0,0,0,0
08-04 17:00,116.3,0.0,0.0,87.80000305175781,28.5,0,0,0,0
08-04 18:00,99.9,0.0,0.0,77.9000015258789,22.0,0,0,0,0
08-04 19:00,83.8,0.0,0.0,68.5,15.300000190734863,0,0,0,0
08-04 20:00,77.2,0.0,0.0,65.30000305175781,11.899999618530273,0,0,0,0
08-04 21:00,70.1,0.0,0.0,63.400001525878906,6.800000190734863,0,0,0,0
08-04 22:00,73.4,0.0,0.0,72.0999984741211,1.2999999523162842,0,0,0,0
08-04 23:00,79.2,0.0,0.0,78.0,1.2999999523162842,0,0,0,0
09-04 00:00,76.1,0.0,0.0,76.0999984741211,0.0,0,0,0,0
09-04 01:00,83.0,0.0,0.0,83.0,0.0,0,0,0,0
09-04 02:00,91.7,0.0,0.0,91.69999694824219,0.0,0,0,0,0
09-04 03:00,92.5,0.0,0.0,92.5,0.0,0,0,0,0
09-04 04:00,102.6,0.0,0.0,102.5999984741211,0.0,0,0,0,0
09-04 05:00,110.9,0.0,0.0,110.9000015258789,0.0,0,0,0,0
09-04 06:00,109.7,0.0,0.0,106.4000015258789,3.4000000953674316,0,0,0,0
09-04 07:00,123.5,0.0,0.0,103.19999694824219,20.299999237060547,0,0,0,0
09-04 08:00,128.7,0.0,0.0,98.69999694824219,30.0,0,0,0,0
09-04 09:00,127.3,0.0,0.0,92.4000015258789,34.900001525878906,0,0,0,0
09-04 10:00,132.1,0.0,0.0,91.9000015258789,40.20000076293945,0,0,0,0
09-04 11:00,112.9,0.0,0.0,76.4000015258789,36.5,0,0,0,0
09-04 12:00,116.0,0.0,0.0,76.0,40.0,0,0,0,0
09-04 13:00,116.7,0.0,0.0,73.0999984741211,43.599998474121094,0,0,0,0
09-04 14:00,114.7,0.0,0.0,69.80000305175781,44.900001525878906,0,0,0,0
09-04 15:00,136.1,0.0,0.0,82.5999984741211,53.5,0,0,0,0
09-04 16:00,169.1,0.0,0.0,102.9000015258789,66.19999694824219,0,0,0,0
09-04 17:00,168.7,0.0,0.0,101.0,67.69999694824219,0,0,0,0
09-04 18:00,156.0,0.0,0.0,95.0,61.099998474121094,0,0,0,0
09-04 19:00,149.8,0.0,0.0,96.19999694824219,53.599998474121094,0,0,0,0
09-04 20:00,122.8,0.0,0.0,85.5999984741211,37.20000076293945,0,0,0,0
09-04 21:00,86.7,0.0,0.0,66.5999984741211,20.100000381469727,0,0,0,0
09-04 22:00,68.5,0.0,0.0,58.29999923706055,10.199999809265137,0,0,0,0
09-04 23:00,71.1,0.0,0.0,70.4000015258789,0.699999988079071,0,0,0,0
10-04 00:00,71.2,0.0,0.0,71.19999694824219,0.0,0,0,0,0
10-04 01:00,79.0,0.0,0.0,79.0,0.0,0,0,0,0
10-04 02:00,88.8,0.0,0.0,88.80000305175781,0.0,0,0,0,0
10-04 03:00,94.5,0.0,0.0,94.5,0.0,0,0,0,0
10-04 04:00,97.2,0.0,0.0,97.19999694824219,0.0,0,0,0,0
10-04 05:00,94.8,0.0,0.0,94.80000305175781,0.0,0,0,0,0
10-04 06:00,99.9,0.0,0.0,96.69999694824219,3.200000047683716,0,0,0,0
10-04 07:00,117.1,0.0,0.0,95.4000015258789,21.700000762939453,0,0,0,0
10-04 08:00,106.7,0.0,0.0,77.9000015258789,28.799999237060547,0,0,0,0
10-04 09:00,91.3,0.0,0.0,57.20000076293945,34.099998474121094,0,0,0,0
10-04 10:00,81.7,0.0,0.0,44.70000076293945,37.0,0,0,0,0
10-04 11:00,85.6,0.0,0.0,46.79999923706055,38.79999923706055,0,0,0,0
10-04 12:00,83.6,0.0,0.0,45.70000076293945,37.900001525878906,0,0,0,0
10-04 13:00,95.9,0.0,0.0,52.0,43.900001525878906,0,0,0,0
10-04 14:00,106.5,0.0,0.0,58.5,48.0,0,0,0,0
10-04 15:00,126.9,0.0,0.0,69.4000015258789,57.5,0,0,0,0
10-04 16:00,146.5,0.0,0.0,80.4000015258789,66.0999984741211,0,0,0,0
10-04 17:00,142.1,0.0,0.0,76.5,65.5999984741211,0,0,0,0
10-04 18:00,138.0,0.0,0.0,75.69999694824219,62.29999923706055,0,0,0,0
10-04 19:00,116.4,0.0,0.0,63.400001525878906,53.0,0,0,0,0
10-04 20:00,82.8,0.0,0.0,45.29999923706055,37.5,0,0,0,0
10-04 21:00,55.0,0.0,0.0,36.099998474121094,18.899999618530273,0,0,0,0
10-04 22:00,50.2,0.0,0.0,40.20000076293945,10.0,0,0,0,0
10-04 23:00,54.4,0.0,0.0,53.70000076293945,0.699999988079071,0,0,0,0
11-04 00:00,48.3,0.0,0.0,48.29999923706055,0.0,0,0,0,0
11-04 01:00,58.9,0.0,0.0,58.900001525878906,0.0,0,0,0,0
11-04 02:00,59.9,0.0,0.0,59.900001525878906,0.0,0,0,0,0
11-04 03:00,63.8,0.0,0.0,63.79999923706055,0.0,0,0,0,0
11-04 04:00,60.6,0.0,0.0,60.599998474121094,0.0,0,0,0,0
11-04 05:00,59.4,0.0,0.0,59.400001525878906,0.0,0,0,0,0
11-04 06:00,68.0,0.0,0.0,64.80000305175781,3.200000047683716,0,0,0,0
11-04 07:00,67.5,0.0,0.0,46.0,21.5,0,0,0,0
11-04 08:00,65.4,0.0,0.0,39.0,26.399999618530273,0,0,0,0
11-04 09:00,57.3,0.0,0.0,24.600000381469727,32.70000076293945,0,0,0,0
11-04 10:00,65.6,0.0,0.0,27.600000381469727,38.099998474121094,0,0,0,0
11-04 11:00,68.1,0.0,0.0,28.600000381469727,39.5,0,0,0,0
11-04 12:00,65.1,0.0,0.0,27.299999237060547,37.79999923706055,0,0,0,0
11-04 13:00,77.3,0.0,0.0,32.099998474121094,45.20000076293945,0,0,0,0
11-04 14:00,78.1,0.0,0.0,32.900001525878906,45.20000076293945,0,0,0,0
11-04 15:00,96.9,0.0,0.0,40.70000076293945,56.20000076293945,0,0,0,0
11-04 16:00,110.8,0.0,0.0,46.70000076293945,64.0999984741211,0,0,0,0
11-04 17:00,116.9,0.0,0.0,48.099998474121094,68.80000305175781,0,0,0,0
11-04 18:00,112.0,0.0,0.0,47.20000076293945,64.80000305175781,0,0,0,0
11-04 19:00,92.7,0.0,0.0,38.70000076293945,54.0,0,0,0,0
11-04 20:00,59.3,0.0,0.0,24.899999618530273,34.400001525878906,0,0,0,0
11-04 21:00,33.8,0.0,0.0,14.199999809265137,19.600000381469727,0,0,0,0
11-04 22:00,30.6,0.0,0.0,20.799999237060547,9.800000190734863,0,0,0,0
11-04 23:00,20.3,0.0,0.0,19.600000381469727,0.699999988079071,0,0,0,0
12-04 00:00,40.6,0.0,0.0,40.599998474121094,0.0,0,0,0,0
12-04 01:00,60.2,0.0,0.0,60.20000076293945,0.0,0,0,0,0
12-04 02:00,60.8,0.0,0.0,60.79999923706055,0.0,0,0,0,0
12-04 03:00,70.9,0.0,0.0,70.9000015258789,0.0,0,0,0,0
12-04 04:00,70.4,0.0,0.0,70.4000015258789,0.0,0,0,0,0
12-04 05:00,80.8,0.0,0.0,80.80000305175781,0.0,0,0,0,0
12-04 06:00,92.4,0.0,0.0,89.0999984741211,3.299999952316284,0,0,0,0
12-04 07:00,115.6,0.0,0.0,95.19999694824219,20.399999618530273,0,0,0,0
12-04 08:00,117.2,0.0,0.0,89.4000015258789,27.799999237060547,0,0,0,0
12-04 09:00,136.3,0.0,0.0,100.19999694824219,36.099998474121094,0,0,0,0
12-04 10:00,120.8,0.0,0.0,83.19999694824219,37.599998474121094,0,0,0,0
12-04 11:00,123.6,0.0,0.0,82.5999984741211,41.0,0,0,0,0
12-04 12:00,104.3,0.0,0.0,67.30000305175781,37.0,0,0,0,0
12-04 13:00,117.3,0.0,0.0,74.80000305175781,42.5,0,0,0,0
12-04 14:00,114.9,0.0,0.0,68.4000015258789,46.5,0,0,0,0
12-04 15:00,141.0,0.0,0.0,83.69999694824219,57.29999923706055,0,0,0,0
12-04 16:00,160.4,0.0,0.0,98.4000015258789,62.099998474121094,0,0,0,0
12-04 17:00,175.1,0.0,0.0,108.4000015258789,66.69999694824219,0,0,0,0
12-04 18:00,194.0,0.0,0.0,125.0,69.0999984741211,0,0,0,0
12-04 19:00,162.8,0.0,0.0,110.5,52.29999923706055,0,0,0,0
12-04 20:00,140.1,0.0,0.0,101.19999694824219,38.900001525878906,0,0,0,0
12-04 21:00,101.0,0.0,0.0,80.5999984741211,20.399999618530273,0,0,0,0
12-04 22:00,86.8,0.0,0.0,76.0999984741211,10.699999809265137,0,0,0,0
12-04 23:00,57.4,0.0,0.0,56.79999923706055,0.6000000238418579,0,0,0,0
13-04 00:00,64.3,0.0,0.0,64.30000305175781,0.0,0,0,0,0
13-04 01:00,44.2,0.0,0.0,44.20000076293945,0.0,0,0,0,0
13-04 02:00,43.7,0.0,0.0,43.70000076293945,0.0,0,0,0,0
13-04 03:00,35.8,0.0,0.0,35.79999923706055,0.0,0,0,0,0
13-04 04:00,29.1,0.0,0.0,29.100000381469727,0.0,0,0,0,0
13-04 05:00,64.3,0.0,0.0,64.30000305175781,0.0,0,0,0,0
13-04 06:00,74.1,0.0,0.0,70.80000305175781,3.299999952316284,0,0,0,0
13-04 07:00,90.7,0.0,0.0,72.69999694824219,18.0,0,0,0,0
13-04 08:00,123.4,0.0,0.0,94.80000305175781,28.600000381469727,0,0,0,0
13-04 09:00,130.3,0.0,0.0,96.69999694824219,33.599998474121094,0,0,0,0
13-04 10:00,141.0,0.0,0.0,102.69999694824219,38.29999923706055,0,0,0,0
13-04 11:00,134.2,0.0,0.0,95.5999984741211,38.599998474121094,0,0,0,0
13-04 12:00,131.4,0.0,0.0,91.30000305175781,40.099998474121094,0,0,0,0
13-04 13:00,132.1,0.0,0.0,90.5999984741211,41.5,0,0,0,0
13-04 14:00,140.5,0.0,0.0,96.4000015258789,44.099998474121094,0,0,0,0
13-04 15:00,180.1,0.0,0.0,121.19999694824219,58.900001525878906,0,0,0,0
13-04 16:00,210.0,0.0,0.0,140.5,69.5,0,0,0,0
13-04 17:00,195.0,0.0,0.0,128.39999389648438,66.5999984741211,0,0,0,0
13-04 18:00,203.8,0.0,0.0,138.60000610351562,65.19999694824219,0,0,0,0
13-04 19:00,167.1,0.0,0.0,117.0999984741211,50.0,0,0,0,0
13-04 20:00,131.0,0.0,0.0,95.5999984741211,35.400001525878906,0,0,0,0
13-04 21:00,108.0,0.0,0.0,88.0,20.0,0,0,0,0
13-04 22:00,89.1,0.0,0.0,79.0999984741211,10.0,0,0,0,0
13-04 23:00,85.6,0.0,0.0,84.9000015258789,0.699999988079071,0,0,0,0
14-04 00:00,85.6,0.0,0.0,85.5999984741211,0.0,0,0,0,0
14-04 01:00,91.7,0.0,0.0,91.5999984741211,0.0,0,0,0,0
14-04 02:00,106.5,0.0,0.0,106.5,0.0,0,0,0,0
14-04 03:00,114.6,0.0,0.0,114.5999984741211,0.0,0,0,0,0
14-04 04:00,113.4,0.0,0.0,113.4000015258789,0.0,0,0,0,0
14-04 05:00,121.2,0.0,0.0,121.19999694824219,0.0,0,0,0,0
14-04 06:00,107.5,0.0,0.0,107.5,0.0,0,0,0,0
14-04 07:00,110.7,0.0,0.0,109.19999694824219,1.399999976158142,0,0,0,0
14-04 08:00,79.9,0.0,0.0,73.9000015258789,6.0,0,0,0,0
14-04 09:00,88.2,0.0,0.0,74.69999694824219,13.5,0,0,0,0
14-04 10:00,99.1,0.0,0.0,74.19999694824219,24.899999618530273,0,0,0,0
14-04 11:00,115.5,0.0,0.0,81.5999984741211,33.900001525878906,0,0,0,0
14-04 12:00,124.9,0.0,0.0,80.4000015258789,44.5,0,0,0,0
14-04 13:00,131.3,0.0,0.0,85.9000015258789,45.400001525878906,0,0,0,0
14-04 14:00,154.8,0.0,0.0,101.4000015258789,53.400001525878906,0,0,0,0
14-04 15:00,165.3,0.0,0.0,109.9000015258789,55.400001525878906,0,0,0,0
14-04 16:00,155.1,0.0,0.0,101.19999694824219,53.900001525878906,0,0,0,0
14-04 17:00,99.4,0.0,0.0,65.19999694824219,34.20000076293945,0,0,0,0
14-04 18:00,77.3,0.0,0.0,51.70000076293945,25.600000381469727,0,0,0,0
14-04 19:00,65.8,0.0,0.0,48.20000076293945,17.600000381469727,0,0,0,0
14-04 20:00,40.9,0.0,0.0,30.5,10.399999618530273,0,0,0,0
14-04 21:00,38.1,0.0,0.0,31.799999237060547,6.300000190734863,0,0,0,0
14-04 22:00,37.3,0.0,0.0,35.29999923706055,2.0,0,0,0,0
14-04 23:00,36.3,0.0,0.0,36.29999923706055,0.0,0,0,0,0
15-04 00:00,25.2,0.0,0.0,25.200000762939453,0.0,0,0,0,0
15-04 01:00,31.5,0.0,0.0,31.5,0.0,0,0,0,0
15-04 02:00,24.6,0.0,0.0,24.600000381469727,0.0,0,0,0,0
15-04 03:00,24.3,0.0,0.0,24.299999237060547,0.0,0,0,0,0
15-04 04:00,31.3,0.0,0.0,31.299999237060547,0.0,0,0,0,0
15-04 05:00,38.3,0.0,0.0,38.29999923706055,0.0,0,0,0,0
15-04 06:00,38.1,0.0,0.0,38.099998474121094,0.0,0,0,0,0
15-04 07:00,43.8,0.0,0.0,40.400001525878906,3.4000000953674316,0,0,0,0
15-04 08:00,45.5,0.0,0.0,36.599998474121094,8.899999618530273,0,0,0,0
15-04 09:00,31.4,0.0,0.0,19.799999237060547,11.600000381469727,0,0,0,0
15-04 10:00,20.1,0.0,0.0,5.699999809265137,14.399999618530273,0,0,0,0
15-04 11:00,24.5,0.0,0.0,7.199999809265137,17.299999237060547,0,0,0,0
15-04 12:00,32.8,0.0,0.0,9.699999809265137,23.100000381469727,0,0,0,0
15-04 13:00,45.7,0.0,0.0,13.699999809265137,32.0,0,0,0,0
15-04 14:00,51.3,0.0,0.0,14.899999618530273,36.400001525878906,0,0,0,0
15-04 15:00,55.5,0.0,0.0,16.799999237060547,38.70000076293945,0,0,0,0
15-04 16:00,51.2,0.0,0.0,15.300000190734863,35.900001525878906,0,0,0,0
15-04 17:00,41.0,0.0,0.0,12.300000190734863,28.700000762939453,0,0,0,0
15-04 18:00,31.1,0.0,0.0,9.199999809265137,21.899999618530273,0,0,0,0
15-04 19:00,24.4,0.0,0.0,7.400000095367432,17.0,0,0,0,0
15-04 20:00,17.0,0.0,0.0,5.199999809265137,11.800000190734863,0,0,0,0
15-04 21:00,11.6,0.0,0.0,4.199999809265137,7.400000095367432,0,0,0,0
15-04 22:00,5.2,0.0,0.0,3.799999952316284,1.399999976158142,0,0,0,0
15-04 23:00,4.6,0.0,0.0,3.299999952316284,1.2999999523162842,0,0,0,0
16-04 00:00,24.0,0.0,0.0,24.0,0.0,0,0,0,0
16-04 01:00,37.5,0.0,0.0,37.5,0.0,0,0,0,0
16-04 02:00,41.9,0.0,0.0,41.900001525878906,0.0,0,0,0,0
16-04 03:00,43.3,0.0,0.0,43.29999923706055,0.0,0,0,0,0
16-04 04:00,48.5,0.0,0.0,48.5,0.0,0,0,0,0
16-04 05:00,50.7,0.0,0.0,50.70000076293945,0.0,0,0,0,0
16-04 06:00,62.4,0.0,0.0,59.099998474121094,3.4000000953674316,0,0,0,0
16-04 07:00,83.3,0.0,0.0,64.0,19.299999237060547,0,0,0,0
16-04 08:00,107.8,0.0,0.0,76.4000015258789,31.399999618530273,0,0,0,0
16-04 09:00,108.5,0.0,0.0,75.4000015258789,33.099998474121094,0,0,0,0
16-04 10:00,100.3,0.0,0.0,63.70000076293945,36.599998474121094,0,0,0,0
16-04 11:00,110.2,0.0,0.0,69.80000305175781,40.400001525878906,0,0,0,0
16-04 12:00,102.2,0.0,0.0,61.900001525878906,40.29999923706055,0,0,0,0
16-04 13:00,93.8,0.0,0.0,53.29999923706055,40.400001525878906,0,0,0,0
16-04 14:00,116.3,0.0,0.0,69.69999694824219,46.599998474121094,0,0,0,0
16-04 15:00,133.5,0.0,0.0,75.5,58.0,0,0,0,0
16-04 16:00,160.8,0.0,0.0,94.0999984741211,66.69999694824219,0,0,0,0
16-04 17:00,154.1,0.0,0.0,88.5,65.5999984741211,0,0,0,0
16-04 18:00,167.5,0.0,0.0,103.9000015258789,63.599998474121094,0,0,0,0
16-04 19:00,153.3,0.0,0.0,99.19999694824219,54.099998474121094,0,0,0,0
16-04 20:00,116.3,0.0,0.0,79.19999694824219,37.099998474121094,0,0,0,0
16-04 21:00,95.9,0.0,0.0,75.4000015258789,20.5,0,0,0,0
16-04 22:00,82.1,0.0,0.0,71.69999694824219,10.399999618530273,0,0,0,0
16-04 23:00,68.0,0.0,0.0,67.30000305175781,0.699999988079071,0,0,0,0
17-04 00:00,82.9,0.0,0.0,82.9000015258789,0.0,0,0,0,0
17-04 01:00,102.2,0.0,0.0,102.19999694824219,0.0,0,0,0,0
17-04 02:00,111.8,0.0,0.0,111.80000305175781,0.0,0,0,0,0
17-04 03:00,95.2,0.0,0.0,95.19999694824219,0.0,0,0,0,0
17-04 04:00,106.5,0.0,0.0,106.5,0.0,0,0,0,0
17-04 05:00,112.0,0.0,0.0,112.0,0.0,0,0,0,0
17-04 06:00,118.8,0.0,0.0,115.5,3.299999952316284,0,0,0,0
17-04 07:00,131.2,0.0,0.0,112.0,19.200000762939453,0,0,0,0
17-04 08:00,167.9,0.0,0.0,137.5,30.399999618530273,0,0,0,0
17-04 09:00,164.2,0.0,0.0,131.5,32.70000076293945,0,0,0,0
17-04 10:00,170.2,0.0,0.0,132.89999389648438,37.29999923706055,0,0,0,0
17-04 11:00,173.9,0.0,0.0,135.60000610351562,38.400001525878906,0,0,0,0
17-04 12:00,174.1,0.0,0.0,133.89999389648438,40.20000076293945,0,0,0,0
17-04 13:00,178.2,0.0,0.0,133.89999389648438,44.29999923706055,0,0,0,0
17-04 14:00,187.9,0.0,0.0,141.39999389648438,46.599998474121094,0,0,0,0
17-04 15:00,214.7,0.0,0.0,157.39999389648438,57.29999923706055,0,0,0,0
17-04 16:00,233.1,0.0,0.0,170.3000030517578,62.79999923706055,0,0,0,0
17-04 17:00,235.3,0.0,0.0,169.8000030517578,65.5,0,0,0,0
17-04 18:00,242.3,0.0,0.0,176.89999389648438,65.4000015258789,0,0,0,0
17-04 19:00,211.2,0.0,0.0,160.39999389648438,50.79999923706055,0,0,0,0
17-04 20:00,173.4,0.0,0.0,137.10000610351562,36.29999923706055,0,0,0,0
17-04 21:00,117.4,0.0,0.0,98.19999694824219,19.200000762939453,0,0,0,0
17-04 22:00,89.2,0.0,0.0,79.19999694824219,10.0,0,0,0,0
17-04 23:00,82.8,0.0,0.0,82.0999984741211,0.699999988079071,0,0,0,0
18-04 00:00,91.7,0.0,0.0,91.69999694824219,0.0,0,0,0,0
18-04 01:00,101.3,0.0,0.0,101.30000305175781,0.0,0,0,0,0
18-04 02:00,105.8,0.0,0.0,105.80000305175781,0.0,0,0,0,0
18-04 03:00,96.3,0.0,0.0,96.30000305175781,0.0,0,0,0,0
18-04 04:00,108.1,0.0,0.0,108.0,0.0,0,0,0,0
18-04 05:00,112.6,0.0,0.0,112.5999984741211,0.0,0,0,0,0
18-04 06:00,122.3,0.0,0.0,118.9000015258789,3.4000000953674316,0,0,0,0
18-04 07:00,135.5,0.0,0.0,115.9000015258789,19.600000381469727,0,0,0,0
18-04 08:00,159.1,0.0,0.0,130.6999969482422,28.399999618530273,0,0,0,0
18-04 09:00,166.6,0.0,0.0,132.60000610351562,34.0,0,0,0,0
18-04 10:00,173.0,0.0,0.0,135.8000030517578,37.20000076293945,0,0,0,0
18-04 11:00,173.4,0.0,0.0,135.89999389648438,37.5,0,0,0,0
18-04 12:00,166.8,0.0,0.0,129.0,37.79999923706055,0,0,0,0
18-04 13:00,168.5,0.0,0.0,129.10000610351562,39.400001525878906,0,0,0,0
18-04 14:00,206.7,0.0,0.0,158.39999389648438,48.29999923706055,0,0,0,0
18-04 15:00,226.5,0.0,0.0,169.3000030517578,57.20000076293945,0,0,0,0
18-04 16:00,230.9,0.0,0.0,170.10000610351562,60.79999923706055,0,0,0,0
18-04 17:00,242.6,0.0,0.0,176.60000610351562,66.0,0,0,0,0
18-04 18:00,249.8,0.0,0.0,184.0,65.9000015258789,0,0,0,0
18-04 19:00,219.1,0.0,0.0,165.8000030517578,53.29999923706055,0,0,0,0
18-04 20:00,171.0,0.0,0.0,134.39999389648438,36.599998474121094,0,0,0,0
18-04 21:00,132.4,0.0,0.0,112.19999694824219,20.200000762939453,0,0,0,0
18-04 22:00,111.6,0.0,0.0,101.5999984741211,10.0,0,0,0,0
18-04 23:00,102.8,0.0,0.0,102.19999694824219,0.6000000238418579,0,0,0,0
19-04 00:00,112.5,0.0,0.0,112.5,0.0,0,0,0,0
19-04 01:00,116.4,0.0,0.0,116.4000015258789,0.0,0,0,0,0
19-04 02:00,120.1,0.0,0.0,120.0999984741211,0.0,0,0,0,0
19-04 03:00,119.3,0.0,0.0,119.30000305175781,0.0,0,0,0,0
19-04 04:00,121.1,0.0,0.0,121.0999984741211,0.0,0,0,0,0
19-04 05:00,127.2,0.0,0.0,127.19999694824219,0.0,0,0,0,0
19-04 06:00,132.8,0.0,0.0,129.60000610351562,3.200000047683716,0,0,0,0
19-04 07:00,127.5,0.0,0.0,108.9000015258789,18.600000381469727,0,0,0,0
19-04 08:00,124.6,0.0,0.0,98.0,26.600000381469727,0,0,0,0
19-04 09:00,131.3,0.0,0.0,97.0,34.29999923706055,0,0,0,0
19-04 10:00,126.4,0.0,0.0,90.0,36.400001525878906,0,0,0,0
19-04 11:00,134.0,0.0,0.0,93.0,40.900001525878906,0,0,0,0
19-04 12:00,119.9,0.0,0.0,81.0,38.900001525878906,0,0,0,0
19-04 13:00,128.6,0.0,0.0,86.19999694824219,42.400001525878906,0,0,0,0
19-04 14:00,145.4,0.0,0.0,98.0999984741211,47.29999923706055,0,0,0,0
19-04 15:00,175.7,0.0,0.0,115.19999694824219,60.5,0,0,0,0
19-04 16:00,187.7,0.0,0.0,125.80000305175781,61.900001525878906,0,0,0,0
19-04 17:00,194.1,0.0,0.0,128.1999969482422,65.9000015258789,0,0,0,0
19-04 18:00,197.2,0.0,0.0,132.1999969482422,65.0999984741211,0,0,0,0
19-04 19:00,182.3,0.0,0.0,129.10000610351562,53.20000076293945,0,0,0,0
19-04 20:00,144.2,0.0,0.0,106.9000015258789,37.29999923706055,0,0,0,0
19-04 21:00,101.1,0.0,0.0,81.0999984741211,20.0,0,0,0,0
19-04 22:00,84.2,0.0,0.0,73.5,10.699999809265137,0,0,0,0
19-04 23:00,76.5,0.0,0.0,75.80000305175781,0.699999988079071,0,0,0,0
20-04 00:00,80.5,0.0,0.0,80.5,0.0,0,0,0,0
20-04 01:00,100.5,0.0,0.0,100.5,0.0,0,0,0,0
20-04 02:00,93.8,0.0,0.0,93.80000305175781,0.0,0,0,0,0
20-04 03:00,105.0,0.0,0.0,105.0,0.0,0,0,0,0
20-04 04:00,115.7,0.0,0.0,115.69999694824219,0.0,0,0,0,0
20-04 05:00,97.4,0.0,0.0,97.4000015258789,0.0,0,0,0,0
20-04 06:00,86.9,0.0,0.0,83.5999984741211,3.299999952316284,0,0,0,0
20-04 07:00,93.9,0.0,0.0,73.5999984741211,20.299999237060547,0,0,0,0
20-04 08:00,116.2,0.0,0.0,85.0999984741211,31.100000381469727,0,0,0,0
20-04 09:00,116.5,0.0,0.0,79.5999984741211,36.900001525878906,0,0,0,0
20-04 10:00,94.3,0.0,0.0,58.70000076293945,35.599998474121094,0,0,0,0
20-04 11:00,92.8,0.0,0.0,55.0,37.79999923706055,0,0,0,0
20-04 12:00,97.3,0.0,0.0,57.70000076293945,39.599998474121094,0,0,0,0
20-04 13:00,102.8,0.0,0.0,60.5,42.29999923706055,0,0,0,0
20-04 14:00,112.1,0.0,0.0,66.69999694824219,45.400001525878906,0,0,0,0
20-04 15:00,144.4,0.0,0.0,85.5999984741211,58.70000076293945,0,0,0,0
20-04 16:00,144.9,0.0,0.0,86.19999694824219,58.70000076293945,0,0,0,0
20-04 17:00,160.0,0.0,0.0,93.5999984741211,66.4000015258789,0,0,0,0
20-04 18:00,164.6,0.0,0.0,100.80000305175781,63.79999923706055,0,0,0,0
20-04 19:00,140.8,0.0,0.0,91.4000015258789,49.400001525878906,0,0,0,0
20-04 20:00,120.3,0.0,0.0,83.0999984741211,37.20000076293945,0,0,0,0
20-04 21:00,93.0,0.0,0.0,72.9000015258789,20.100000381469727,0,0,0,0
20-04 22:00,70.7,0.0,0.0,61.20000076293945,9.5,0,0,0,0
20-04 23:00,77.4,0.0,0.0,76.69999694824219,0.699999988079071,0,0,0,0
21-04 00:00,88.5,0.0,0.0,88.5,0.0,0,0,0,0
21-04 01:00,87.7,0.0,0.0,87.69999694824219,0.0,0,0,0,0
21-04 02:00,94.5,0.0,0.0,94.5,0.0,0,0,0,0
21-04 03:00,102.6,0.0,0.0,102.5999984741211,0.0,0,0,0,0
21-04 04:00,100.6,0.0,0.0,100.5999984741211,0.0,0,0,0,0
21-04 05:00,92.1,0.0,0.0,92.0999984741211,0.0,0,0,0,0
21-04 06:00,71.2,0.0,0.0,71.19999694824219,0.0,0,0,0,0
21-04 07:00,45.6,0.0,0.0,44.29999923706055,1.2999999523162842,0,0,0,0
21-04 08:00,24.9,0.0,0.0,18.899999618530273,6.0,0,0,0,0
21-04 09:00,29.4,0.0,0.0,17.600000381469727,11.800000190734863,0,0,0,0
21-04 10:00,49.8,0.0,0.0,27.600000381469727,22.200000762939453,0,0,0,0
21-04 11:00,78.2,0.0,0.0,43.099998474121094,35.099998474121094,0,0,0,0
21-04 12:00,99.2,0.0,0.0,55.20000076293945,44.0,0,0,0,0
21-04 13:00,101.3,0.0,0.0,55.599998474121094,45.79999923706055,0,0,0,0
21-04 14:00,103.5,0.0,0.0,57.0,46.5,0,0,0,0
21-04 15:00,119.0,0.0,0.0,64.80000305175781,54.20000076293945,0,0,0,0
21-04 16:00,121.1,0.0,0.0,66.30000305175781,54.79999923706055,0,0,0,0
21-04 17:00,73.7,0.0,0.0,39.900001525878906,33.79999923706055,0,0,0,0
21-04 18:00,57.2,0.0,0.0,31.299999237060547,25.799999237060547,0,0,0,0
21-04 19:00,42.6,0.0,0.0,24.5,18.100000381469727,0,0,0,0
21-04 20:00,28.4,0.0,0.0,18.200000762939453,10.199999809265137,0,0,0,0
21-04 21:00,38.8,0.0,0.0,32.79999923706055,6.0,0,0,0,0
21-04 22:00,43.0,0.0,0.0,40.900001525878906,2.0999999046325684,0,0,0,0
21-04 23:00,43.5,0.0,0.0,43.5,0.0,0,0,0,0
22-04 00:00,57.2,0.0,0.0,57.20000076293945,0.0,0,0,0,0
22-04 01:00,66.6,0.0,0.0,66.5999984741211,0.0,0,0,0,0
22-04 02:00,73.7,0.0,0.0,73.69999694824219,0.0,0,0,0,0
22-04 03:00,74.5,0.0,0.0,74.5,0.0,0,0,0,0
22-04 04:00,73.7,0.0,0.0,73.69999694824219,0.0,0,0,0,0
22-04 05:00,81.2,0.0,0.0,81.19999694824219,0.0,0,0,0,0
22-04 06:00,73.3,0.0,0.0,73.30000305175781,0.0,0,0,0,0
22-04 07:00,73.4,0.0,0.0,70.19999694824219,3.200000047683716,0,0,0,0
22-04 08:00,74.4,0.0,0.0,66.5,7.900000095367432,0,0,0,0
22-04 09:00,72.3,0.0,0.0,61.29999923706055,11.0,0,0,0,0
22-04 10:00,73.1,0.0,0.0,58.599998474121094,14.5,0,0,0,0
22-04 11:00,88.7,0.0,0.0,69.69999694824219,19.0,0,0,0,0
22-04 12:00,81.6,0.0,0.0,58.79999923706055,22.799999237060547,0,0,0,0
22-04 13:00,107.1,0.0,0.0,75.19999694824219,31.899999618530273,0,0,0,0
22-04 14:00,105.3,0.0,0.0,72.80000305175781,32.5,0,0,0,0
22-04 15:00,113.8,0.0,0.0,74.4000015258789,39.400001525878906,0,0,0,0
22-04 16:00,115.5,0.0,0.0,77.80000305175781,37.70000076293945,0,0,0,0
22-04 17:00,102.0,0.0,0.0,72.19999694824219,29.799999237060547,0,0,0,0
22-04 18:00,76.2,0.0,0.0,55.599998474121094,20.600000381469727,0,0,0,0
22-04 19:00,79.2,0.0,0.0,61.400001525878906,17.799999237060547,0,0,0,0
22-04 20:00,84.4,0.0,0.0,72.30000305175781,12.100000381469727,0,0,0,0
22-04 21:00,80.2,0.0,0.0,73.0,7.199999809265137,0,0,0,0
22-04 22:00,95.1,0.0,0.0,93.69999694824219,1.399999976158142,0,0,0,0
22-04 23:00,94.3,0.0,0.0,93.0,1.2999999523162842,0,0,0,0
23-04 00:00,87.1,0.0,0.0,87.0,0.0,0,0,0,0
23-04 01:00,86.2,0.0,0.0,86.19999694824219,0.0,0,0,0,0
23-04 02:00,97.1,0.0,0.0,97.0999984741211,0.0,0,0,0,0
23-04 03:00,101.6,0.0,0.0,101.5999984741211,0.0,0,0,0,0
23-04 04:00,110.8,0.0,0.0,110.80000305175781,0.0,0,0,0,0
23-04 05:00,108.3,0.0,0.0,108.30000305175781,0.0,0,0,0,0
23-04 06:00,104.0,0.0,0.0,100.5999984741211,3.4000000953674316,0,0,0,0
23-04 07:00,97.6,0.0,0.0,77.80000305175781,19.799999237060547,0,0,0,0
23-04 08:00,96.0,0.0,0.0,67.9000015258789,28.100000381469727,0,0,0,0
23-04 09:00,97.7,0.0,0.0,63.599998474121094,34.0,0,0,0,0
23-04 10:00,101.9,0.0,0.0,62.29999923706055,39.599998474121094,0,0,0,0
23-04 11:00,84.1,0.0,0.0,48.79999923706055,35.29999923706055,0,0,0,0
23-04 12:00,87.4,0.0,0.0,50.70000076293945,36.70000076293945,0,0,0,0
23-04 13:00,98.3,0.0,0.0,56.599998474121094,41.70000076293945,0,0,0,0
23-04 14:00,103.8,0.0,0.0,60.5,43.29999923706055,0,0,0,0
23-04 15:00,135.4,0.0,0.0,78.5999984741211,56.79999923706055,0,0,0,0
23-04 16:00,150.3,0.0,0.0,87.5,62.79999923706055,0,0,0,0
23-04 17:00,156.1,0.0,0.0,89.30000305175781,66.80000305175781,0,0,0,0
23-04 18:00,139.8,0.0,0.0,81.4000015258789,58.400001525878906,0,0,0,0
23-04 19:00,128.6,0.0,0.0,77.30000305175781,51.29999923706055,0,0,0,0
23-04 20:00,107.7,0.0,0.0,71.4000015258789,36.29999923706055,0,0,0,0
23-04 21:00,79.0,0.0,0.0,58.400001525878906,20.600000381469727,0,0,0,0
23-04 22:00,63.0,0.0,0.0,53.599998474121094,9.399999618530273,0,0,0,0
23-04 23:00,57.3,0.0,0.0,56.70000076293945,0.6000000238418579,0,0,0,0
24-04 00:00,69.4,0.0,0.0,69.4000015258789,0.0,0,0,0,0
24-04 01:00,77.1,0.0,0.0,77.0999984741211,0.0,0,0,0,0
24-04 02:00,71.4,0.0,0.0,71.4000015258789,0.0,0,0,0,0
24-04 03:00,76.5,0.0,0.0,76.5,0.0,0,0,0,0
24-04 04:00,81.0,0.0,0.0,81.0,0.0,0,0,0,0
24-04 05:00,83.6,0.0,0.0,83.5999984741211,0.0,0,0,0,0
24-04 06:00,76.3,0.0,0.0,73.19999694824219,3.0999999046325684,0,0,0,0
24-04 07:00,90.7,0.0,0.0,70.9000015258789,19.799999237060547,0,0,0,0
24-04 08:00,73.4,0.0,0.0,47.29999923706055,26.100000381469727,0,0,0,0
24-04 09:00,77.4,0.0,0.0,43.70000076293945,33.70000076293945,0,0,0,0
24-04 10:00,77.5,0.0,0.0,39.5,38.0,0,0,0,0
24-04 11:00,75.7,0.0,0.0,38.599998474121094,37.099998474121094,0,0,0,0
24-04 12:00,71.4,0.0,0.0,36.400001525878906,35.0,0,0,0,0
24-04 13:00,81.5,0.0,0.0,41.20000076293945,40.29999923706055,0,0,0,0
24-04 14:00,95.2,0.0,0.0,48.70000076293945,46.400001525878906,0,0,0,0
24-04 15:00,111.0,0.0,0.0,56.599998474121094,54.400001525878906,0,0,0,0
24-04 16:00,130.8,0.0,0.0,67.0,63.900001525878906,0,0,0,0
24-04 17:00,135.0,0.0,0.0,67.5999984741211,67.30000305175781,0,0,0,0
24-04 18:00,122.0,0.0,0.0,62.400001525878906,59.599998474121094,0,0,0,0
24-04 19:00,107.2,0.0,0.0,54.400001525878906,52.79999923706055,0,0,0,0
24-04 20:00,85.1,0.0,0.0,47.0,38.099998474121094,0,0,0,0
24-04 21:00,59.5,0.0,0.0,40.5,19.0,0,0,0,0
24-04 22:00,51.5,0.0,0.0,41.0,10.5,0,0,0,0
24-04 23:00,45.1,0.0,0.0,44.400001525878906,0.699999988079071,0,0,0,0
25-04 00:00,38.4,0.0,0.0,38.400001525878906,0.0,0,0,0,0
25-04 01:00,38.9,0.0,0.0,38.900001525878906,0.0,0,0,0,0
25-04 02:00,46.7,0.0,0.0,46.70000076293945,0.0,0,0,0,0
25-04 03:00,46.3,0.0,0.0,46.29999923706055,0.0,0,0,0,0
25-04 04:00,57.1,0.0,0.0,57.099998474121094,0.0,0,0,0,0
25-04 05:00,61.0,0.0,0.0,61.0,0.0,0,0,0,0
25-04 06:00,47.8,0.0,0.0,44.400001525878906,3.4000000953674316,0,0,0,0
25-04 07:00,44.2,0.0,0.0,24.600000381469727,19.600000381469727,0,0,0,0
25-04 08:00,44.0,0.0,0.0,15.399999618530273,28.600000381469727,0,0,0,0
25-04 09:00,54.9,0.0,0.0,19.600000381469727,35.29999923706055,0,0,0,0
25-04 10:00,57.0,0.0,0.0,19.799999237060547,37.20000076293945,0,0,0,0
25-04 11:00,55.6,0.0,0.0,19.299999237060547,36.29999923706055,0,0,0,0
25-04 12:00,61.9,0.0,0.0,21.5,40.400001525878906,0,0,0,0
25-04 13:00,67.8,0.0,0.0,23.299999237060547,44.5,0,0,0,0
25-04 14:00,70.5,0.0,0.0,24.600000381469727,45.900001525878906,0,0,0,0
25-04 15:00,86.7,0.0,0.0,30.100000381469727,56.599998474121094,0,0,0,0
25-04 16:00,93.3,0.0,0.0,32.599998474121094,60.70000076293945,0,0,0,0
25-04 17:00,101.8,0.0,0.0,34.599998474121094,67.19999694824219,0,0,0,0
25-04 18:00,100.9,0.0,0.0,35.20000076293945,65.69999694824219,0,0,0,0
25-04 19:00,82.9,0.0,0.0,28.600000381469727,54.29999923706055,0,0,0,0
25-04 20:00,59.3,0.0,0.0,20.600000381469727,38.70000076293945,0,0,0,0
25-04 21:00,36.8,0.0,0.0,17.399999618530273,19.399999618530273,0,0,0,0
25-04 22:00,14.8,0.0,0.0,5.0,9.800000190734863,0,0,0,0
25-04 23:00,11.4,0.0,0.0,10.800000190734863,0.6000000238418579,0,0,0,0
26-04 00:00,19.3,0.0,0.0,19.299999237060547,0.0,0,0,0,0
26-04 01:00,18.4,0.0,0.0,18.399999618530273,0.0,0,0,0,0
26-04 02:00,33.5,0.0,0.0,33.5,0.0,0,0,0,0
26-04 03:00,32.2,0.0,0.0,32.20000076293945,0.0,0,0,0,0
26-04 04:00,40.3,0.0,0.0,40.29999923706055,0.0,0,0,0,0
26-04 05:00,32.9,0.0,0.0,32.900001525878906,0.0,0,0,0,0
26-04 06:00,32.7,0.0,0.0,29.399999618530273,3.4000000953674316,0,0,0,0
26-04 07:00,50.5,0.0,0.0,31.399999618530273,19.100000381469727,0,0,0,0
26-04 08:00,52.6,0.0,0.0,23.5,29.100000381469727,0,0,0,0
26-04 09:00,53.1,0.0,0.0,19.200000762939453,33.900001525878906,0,0,0,0
26-04 10:00,53.9,0.0,0.0,19.0,34.900001525878906,0,0,0,0
26-04 11:00,59.5,0.0,0.0,21.0,38.5,0,0,0,0
26-04 12:00,58.1,0.0,0.0,20.5,37.599998474121094,0,0,0,0
26-04 13:00,64.3,0.0,0.0,22.399999618530273,41.900001525878906,0,0,0,0
26-04 14:00,69.6,0.0,0.0,24.700000762939453,44.900001525878906,0,0,0,0
26-04 15:00,88.1,0.0,0.0,31.100000381469727,57.0,0,0,0,0
26-04 16:00,103.5,0.0,0.0,36.70000076293945,66.80000305175781,0,0,0,0
26-04 17:00,96.3,0.0,0.0,33.20000076293945,63.099998474121094,0,0,0,0
26-04 18:00,100.8,0.0,0.0,40.20000076293945,60.599998474121094,0,0,0,0
26-04 19:00,97.3,0.0,0.0,43.599998474121094,53.70000076293945,0,0,0,0
26-04 20:00,80.8,0.0,0.0,42.900001525878906,37.900001525878906,0,0,0,0
26-04 21:00,63.1,0.0,0.0,44.400001525878906,18.700000762939453,0,0,0,0
26-04 22:00,46.5,0.0,0.0,36.0,10.5,0,0,0,0
26-04 23:00,32.2,0.0,0.0,31.600000381469727,0.6000000238418579,0,0,0,0
27-04 00:00,43.0,0.0,0.0,43.0,0.0,0,0,0,0
27-04 01:00,53.2,0.0,0.0,53.20000076293945,0.0,0,0,0,0
27-04 02:00,50.1,0.0,0.0,50.099998474121094,0.0,0,0,0,0
27-04 03:00,57.7,0.0,0.0,57.70000076293945,0.0,0,0,0,0
27-04 04:00,49.6,0.0,0.0,49.599998474121094,0.0,0,0,0,0
27-04 05:00,43.4,0.0,0.0,43.400001525878906,0.0,0,0,0,0
27-04 06:00,57.7,0.0,0.0,54.29999923706055,3.4000000953674316,0,0,0,0
27-04 07:00,73.2,0.0,0.0,53.29999923706055,19.899999618530273,0,0,0,0
27-04 08:00,93.1,0.0,0.0,62.0,31.100000381469727,0,0,0,0
27-04 09:00,85.9,0.0,0.0,54.099998474121094,31.799999237060547,0,0,0,0
27-04 10:00,88.5,0.0,0.0,51.79999923706055,36.70000076293945,0,0,0,0
27-04 11:00,84.5,0.0,0.0,46.400001525878906,38.099998474121094,0,0,0,0
27-04 12:00,82.5,0.0,0.0,45.29999923706055,37.20000076293945,0,0,0,0
27-04 13:00,105.0,0.0,0.0,60.599998474121094,44.400001525878906,0,0,0,0
27-04 14:00,125.0,0.0,0.0,78.80000305175781,46.20000076293945,0,0,0,0
27-04 15:00,152.7,0.0,0.0,96.9000015258789,55.79999923706055,0,0,0,0
27-04 16:00,166.3,0.0,0.0,104.5999984741211,61.70000076293945,0,0,0,0
27-04 17:00,163.2,0.0,0.0,100.80000305175781,62.400001525878906,0,0,0,0
27-04 18:00,166.2,0.0,0.0,106.9000015258789,59.29999923706055,0,0,0,0
27-04 19:00,156.0,0.0,0.0,104.5,51.5,0,0,0,0
27-04 20:00,138.6,0.0,0.0,100.0,38.599998474121094,0,0,0,0
27-04 21:00,99.7,0.0,0.0,78.80000305175781,20.899999618530273,0,0,0,0
27-04 22:00,76.8,0.0,0.0,66.30000305175781,10.5,0,0,0,0
27-04 23:00,59.1,0.0,0.0,58.400001525878906,0.6000000238418579,0,0,0,0
28-04 00:00,66.1,0.0,0.0,66.0999984741211,0.0,0,0,0,0
28-04 01:00,65.4,0.0,0.0,65.4000015258789,0.0,0,0,0,0
28-04 02:00,62.1,0.0,0.0,62.099998474121094,0.0,0,0,0,0
28-04 03:00,62.7,0.0,0.0,62.70000076293945,0.0,0,0,0,0
28-04 04:00,69.9,0.0,0.0,69.9000015258789,0.0,0,0,0,0
28-04 05:00,71.9,0.0,0.0,71.9000015258789,0.0,0,0,0,0
28-04 06:00,64.8,0.0,0.0,64.80000305175781,0.0,0,0,0,0
28-04 07:00,70.8,0.0,0.0,69.5,1.2999999523162842,0,0,0,0
28-04 08:00,84.5,0.0,0.0,78.0,6.5,0,0,0,0
28-04 09:00,89.0,0.0,0.0,77.4000015258789,11.600000381469727,0,0,0,0
28-04 10:00,135.8,0.0,0.0,111.80000305175781,24.0,0,0,0,0
28-04 11:00,158.3,0.0,0.0,126.19999694824219,32.099998474121094,0,0,0,0
28-04 12:00,205.6,0.0,0.0,161.3000030517578,44.29999923706055,0,0,0,0
28-04 13:00,212.3,0.0,0.0,163.6999969482422,48.599998474121094,0,0,0,0
28-04 14:00,230.6,0.0,0.0,177.0,53.599998474121094,0,0,0,0
28-04 15:00,211.5,0.0,0.0,159.5,52.0,0,0,0,0
28-04 16:00,210.0,0.0,0.0,157.39999389648438,52.599998474121094,0,0,0,0
28-04 17:00,135.1,0.0,0.0,102.69999694824219,32.400001525878906,0,0,0,0
28-04 18:00,121.0,0.0,0.0,94.4000015258789,26.600000381469727,0,0,0,0
28-04 19:00,109.4,0.0,0.0,91.9000015258789,17.5,0,0,0,0
28-04 20:00,87.7,0.0,0.0,77.30000305175781,10.399999618530273,0,0,0,0
28-04 21:00,86.3,0.0,0.0,80.5999984741211,5.699999809265137,0,0,0,0
28-04 22:00,87.0,0.0,0.0,85.0,2.0,0,0,0,0
28-04 23:00,81.2,0.0,0.0,81.19999694824219,0.0,0,0,0,0
29-04 00:00,91.3,0.0,0.0,91.4000015258789,0.0,0,0,0,0
29-04 01:00,100.1,0.0,0.0,100.0999984741211,0.0,0,0,0,0
29-04 02:00,102.7,0.0,0.0,102.69999694824219,0.0,0,0,0,0
29-04 03:00,109.8,0.0,0.0,109.80000305175781,0.0,0,0,0,0
29-04 04:00,115.6,0.0,0.0,115.5999984741211,0.0,0,0,0,0
29-04 05:00,114.5,0.0,0.0,114.5,0.0,0,0,0,0
29-04 06:00,102.4,0.0,0.0,102.4000015258789,0.0,0,0,0,0
29-04 07:00,88.8,0.0,0.0,85.5999984741211,3.200000047683716,0,0,0,0
29-04 08:00,77.8,0.0,0.0,69.9000015258789,7.900000095367432,0,0,0,0
29-04 09:00,64.1,0.0,0.0,53.900001525878906,10.199999809265137,0,0,0,0
29-04 10:00,80.4,0.0,0.0,65.4000015258789,15.0,0,0,0,0
29-04 11:00,73.0,0.0,0.0,57.0,16.0,0,0,0,0
29-04 12:00,86.9,0.0,0.0,66.19999694824219,20.700000762939453,0,0,0,0
29-04 13:00,116.7,0.0,0.0,84.80000305175781,31.799999237060547,0,0,0,0
29-04 14:00,116.8,0.0,0.0,81.5999984741211,35.20000076293945,0,0,0,0
29-04 15:00,120.5,0.0,0.0,84.9000015258789,35.599998474121094,0,0,0,0
29-04 16:00,120.1,0.0,0.0,82.19999694824219,37.900001525878906,0,0,0,0
29-04 17:00,99.5,0.0,0.0,70.9000015258789,28.600000381469727,0,0,0,0
29-04 18:00,87.9,0.0,0.0,65.9000015258789,22.0,0,0,0,0
29-04 19:00,87.5,0.0,0.0,70.69999694824219,16.799999237060547,0,0,0,0
29-04 20:00,80.3,0.0,0.0,68.4000015258789,11.899999618530273,0,0,0,0
29-04 21:00,75.6,0.0,0.0,68.5,7.099999904632568,0,0,0,0
29-04 22:00,72.7,0.0,0.0,71.30000305175781,1.399999976158142,0,0,0,0
29-04 23:00,68.7,0.0,0.0,67.5,1.2000000476837158,0,0,0,0
30-04 00:00,71.2,0.0,0.0,71.19999694824219,0.0,0,0,0,0
30-04 01:00,76.3,0.0,0.0,76.30000305175781,0.0,0,0,0,0
30-04 02:00,75.3,0.0,0.0,75.30000305175781,0.0,0,0,0,0
30-04 03:00,65.8,0.0,0.0,65.80000305175781,0.0,0,0,0,0
30-04 04:00,81.2,0.0,0.0,81.19999694824219,0.0,0,0,0,0
30-04 05:00,84.6,0.0,0.0,84.5999984741211,0.0,0,0,0,0
30-04 06:00,78.7,0.0,0.0,75.4000015258789,3.299999952316284,0,0,0,0
30-04 07:00,90.9,0.0,0.0,70.9000015258789,20.0,0,0,0,0
30-04 08:00,95.2,0.0,0.0,67.0999984741211,28.100000381469727,0,0,0,0
30-04 09:00,94.5,0.0,0.0,61.20000076293945,33.29999923706055,0,0,0,0
30-04 10:00,93.7,0.0,0.0,56.79999923706055,36.900001525878906,0,0,0,0
30-04 11:00,88.1,0.0,0.0,50.599998474121094,37.5,0,0,0,0
30-04 12:00,92.3,0.0,0.0,53.0,39.29999923706055,0,0,0,0
30-04 13:00,97.6,0.0,0.0,55.599998474121094,42.0,0,0,0,0
30-04 14:00,131.1,0.0,0.0,87.4000015258789,43.70000076293945,0,0,0,0
30-04 15:00,134.4,0.0,0.0,77.19999694824219,57.20000076293945,0,0,0,0
30-04 16:00,146.2,0.0,0.0,84.19999694824219,62.0,0,0,0,0
30-04 17:00,156.4,0.0,0.0,88.5,67.9000015258789,0,0,0,0
30-04 18:00,165.4,0.0,0.0,109.5,55.900001525878906,0,0,0,0
30-04 19:00,172.2,0.0,0.0,118.9000015258789,53.29999923706055,0,0,0,0
30-04 20:00,125.4,0.0,0.0,91.4000015258789,34.0,0,0,0,0
30-04 21:00,90.0,0.0,0.0,70.19999694824219,19.799999237060547,0,0,0,0
30-04 22:00,65.9,0.0,0.0,55.5,10.399999618530273,0,0,0,0
30-04 23:00,49.9,0.0,0.0,49.29999923706055,0.6000000238418579,0,0,0,0
01-05 00:00,39.3,0.0,0.0,39.29999923706055,0.0,0,0,0,0
01-05 01:00,39.3,0.0,0.0,39.400001525878906,0.0,0,0,0,0
01-05 02:00,46.9,0.0,0.0,46.900001525878906,0.0,0,0,0,0
01-05 03:00,41.0,0.0,0.0,41.0,0.0,0,0,0,0
01-05 04:00,41.5,0.0,0.0,41.5,0.0,0,0,0,0
01-05 05:00,31.8,0.0,0.0,31.799999237060547,0.0,0,0,0,0
01-05 06:00,41.2,0.0,0.0,41.20000076293945,0.0,0,0,0,0
01-05 07:00,37.8,0.0,0.0,34.599998474121094,3.299999952316284,0,0,0,0
01-05 08:00,21.3,0.0,0.0,13.199999809265137,8.100000381469727,0,0,0,0
01-05 09:00,16.6,0.0,0.0,6.199999809265137,10.399999618530273,0,0,0,0
01-05 10:00,21.6,0.0,0.0,7.599999904632568,14.0,0,0,0,0
01-05 11:00,25.5,0.0,0.0,9.199999809265137,16.299999237060547,0,0,0,0
01-05 12:00,36.6,0.0,0.0,13.199999809265137,23.399999618530273,0,0,0,0
01-05 13:00,46.2,0.0,0.0,16.899999618530273,29.299999237060547,0,0,0,0
01-05 14:00,52.9,0.0,0.0,18.899999618530273,34.0,0,0,0,0
01-05 15:00,56.3,0.0,0.0,20.799999237060547,35.5,0,0,0,0
01-05 16:00,52.3,0.0,0.0,19.100000381469727,33.20000076293945,0,0,0,0
01-05 17:00,47.4,0.0,0.0,17.399999618530273,30.0,0,0,0,0
01-05 18:00,30.8,0.0,0.0,11.199999809265137,19.700000762939453,0,0,0,0
01-05 19:00,27.0,0.0,0.0,10.0,17.0,0,0,0,0
01-05 20:00,19.8,0.0,0.0,7.400000095367432,12.399999618530273,0,0,0,0
01-05 21:00,19.8,0.0,0.0,12.699999809265137,7.099999904632568,0,0,0,0
01-05 22:00,29.1,0.0,0.0,27.700000762939453,1.399999976158142,0,0,0,0
01-05 23:00,33.5,0.0,0.0,32.20000076293945,1.2999999523162842,0,0,0,0
02-05 00:00,40.4,0.0,0.0,40.400001525878906,0.0,0,0,0,0
02-05 01:00,49.7,0.0,0.0,49.70000076293945,0.0,0,0,0,0
02-05 02:00,61.5,0.0,0.0,61.5,0.0,0,0,0,0
02-05 03:00,64.7,0.0,0.0,64.69999694824219,0.0,0,0,0,0
02-05 04:00,75.8,0.0,0.0,75.80000305175781,0.0,0,0,0,0
02-05 05:00,75.1,0.0,0.0,75.0999984741211,0.0,0,0,0,0
02-05 06:00,63.0,0.0,0.0,59.79999923706055,3.200000047683716,0,0,0,0
02-05 07:00,66.6,0.0,0.0,46.29999923706055,20.299999237060547,0,0,0,0
02-05 08:00,58.1,0.0,0.0,33.20000076293945,24.899999618530273,0,0,0,0
02-05 09:00,62.4,0.0,0.0,28.5,33.900001525878906,0,0,0,0
02-05 10:00,70.5,0.0,0.0,31.5,39.0,0,0,0,0
02-05 11:00,69.6,0.0,0.0,31.100000381469727,38.5,0,0,0,0
02-05 12:00,74.3,0.0,0.0,33.20000076293945,41.099998474121094,0,0,0,0
02-05 13:00,76.7,0.0,0.0,33.900001525878906,42.79999923706055,0,0,0,0
02-05 14:00,74.2,0.0,0.0,33.29999923706055,40.900001525878906,0,0,0,0
02-05 15:00,103.1,0.0,0.0,46.099998474121094,57.0,0,0,0,0
02-05 16:00,109.9,0.0,0.0,49.29999923706055,60.599998474121094,0,0,0,0
02-05 17:00,117.2,0.0,0.0,51.400001525878906,65.80000305175781,0,0,0,0
02-05 18:00,104.3,0.0,0.0,46.79999923706055,57.5,0,0,0,0
02-05 19:00,89.1,0.0,0.0,39.599998474121094,49.5,0,0,0,0
02-05 20:00,65.3,0.0,0.0,29.200000762939453,36.099998474121094,0,0,0,0
02-05 21:00,42.9,0.0,0.0,23.200000762939453,19.700000762939453,0,0,0,0
02-05 22:00,39.4,0.0,0.0,29.5,9.899999618530273,0,0,0,0
02-05 23:00,42.7,0.0,0.0,42.099998474121094,0.6000000238418579,0,0,0,0
03-05 00:00,53.6,0.0,0.0,53.599998474121094,0.0,0,0,0,0
03-05 01:00,56.0,0.0,0.0,56.0,0.0,0,0,0,0
03-05 02:00,55.6,0.0,0.0,55.599998474121094,0.0,0,0,0,0
03-05 03:00,62.5,0.0,0.0,62.5,0.0,0,0,0,0
03-05 04:00,64.1,0.0,0.0,64.0999984741211,0.0,0,0,0,0
03-05 05:00,66.1,0.0,0.0,66.0999984741211,0.0,0,0,0,0
03-05 06:00,54.5,0.0,0.0,51.29999923706055,3.200000047683716,0,0,0,0
03-05 07:00,56.0,0.0,0.0,36.29999923706055,19.700000762939453,0,0,0,0
03-05 08:00,48.9,0.0,0.0,20.899999618530273,28.0,0,0,0,0
03-05 09:00,58.1,0.0,0.0,25.299999237060547,32.79999923706055,0,0,0,0
03-05 10:00,62.5,0.0,0.0,26.600000381469727,35.900001525878906,0,0,0,0
03-05 11:00,66.2,0.0,0.0,28.100000381469727,38.099998474121094,0,0,0,0
03-05 12:00,68.7,0.0,0.0,29.200000762939453,39.5,0,0,0,0
03-05 13:00,74.3,0.0,0.0,31.200000762939453,43.099998474121094,0,0,0,0
03-05 14:00,80.6,0.0,0.0,34.400001525878906,46.20000076293945,0,0,0,0
03-05 15:00,95.2,0.0,0.0,40.400001525878906,54.70000076293945,0,0,0,0
03-05 16:00,106.6,0.0,0.0,45.5,61.099998474121094,0,0,0,0
03-05 17:00,117.0,0.0,0.0,48.79999923706055,68.19999694824219,0,0,0,0
03-05 18:00,112.0,0.0,0.0,47.79999923706055,64.19999694824219,0,0,0,0
03-05 19:00,86.4,0.0,0.0,36.599998474121094,49.900001525878906,0,0,0,0
03-05 20:00,64.0,0.0,0.0,27.200000762939453,36.79999923706055,0,0,0,0
03-05 21:00,48.3,0.0,0.0,28.799999237060547,19.5,0,0,0,0
03-05 22:00,41.3,0.0,0.0,30.799999237060547,10.5,0,0,0,0
03-05 23:00,27.7,0.0,0.0,27.200000762939453,0.6000000238418579,0,0,0,0
04-05 00:00,40.3,0.0,0.0,40.29999923706055,0.0,0,0,0,0
04-05 01:00,37.6,0.0,0.0,37.599998474121094,0.0,0,0,0,0
04-05 02:00,41.3,0.0,0.0,41.29999923706055,0.0,0,0,0,0
04-05 03:00,49.8,0.0,0.0,49.79999923706055,0.0,0,0,0,0
04-05 04:00,50.7,0.0,0.0,50.70000076293945,0.0,0,0,0,0
04-05 05:00,55.8,0.0,0.0,55.79999923706055,0.0,0,0,0,0
04-05 06:00,66.5,0.0,0.0,63.099998474121094,3.4000000953674316,0,0,0,0
04-05 07:00,82.1,0.0,0.0,62.400001525878906,19.700000762939453,0,0,0,0
04-05 08:00,102.4,0.0,0.0,74.19999694824219,28.200000762939453,0,0,0,0
04-05 09:00,122.9,0.0,0.0,87.5,35.400001525878906,0,0,0,0
04-05 10:00,117.2,0.0,0.0,81.69999694824219,35.5,0,0,0,0
04-05 11:00,121.1,0.0,0.0,81.9000015258789,39.20000076293945,0,0,0,0
04-05 12:00,107.3,0.0,0.0,70.19999694824219,37.099998474121094,0,0,0,0
04-05 13:00,109.3,0.0,0.0,68.0,41.29999923706055,0,0,0,0
04-05 14:00,110.8,0.0,0.0,66.5,44.29999923706055,0,0,0,0
04-05 15:00,131.6,0.0,0.0,78.0999984741211,53.5,0,0,0,0
04-05 16:00,178.2,0.0,0.0,114.80000305175781,63.400001525878906,0,0,0,0
04-05 17:00,178.2,0.0,0.0,110.0999984741211,68.0999984741211,0,0,0,0
04-05 18:00,160.7,0.0,0.0,100.9000015258789,59.79999923706055,0,0,0,0
04-05 19:00,150.4,0.0,0.0,98.0,52.400001525878906,0,0,0,0
04-05 20:00,127.8,0.0,0.0,91.5,36.29999923706055,0,0,0,0
04-05 21:00,98.7,0.0,0.0,80.0,18.700000762939453,0,0,0,0
04-05 22:00,79.7,0.0,0.0,70.0,9.699999809265137,0,0,0,0
04-05 23:00,74.6,0.0,0.0,74.0,0.6000000238418579,0,0,0,0
05-05 00:00,85.8,0.0,0.0,85.80000305175781,0.0,0,0,0,0
05-05 01:00,84.5,0.0,0.0,84.5,0.0,0,0,0,0
05-05 02:00,87.4,0.0,0.0,87.4000015258789,0.0,0,0,0,0
05-05 03:00,97.3,0.0,0.0,97.30000305175781,0.0,0,0,0,0
05-05 04:00,100.2,0.0,0.0,100.19999694824219,0.0,0,0,0,0
05-05 05:00,89.8,0.0,0.0,89.80000305175781,0.0,0,0,0,0
05-05 06:00,77.8,0.0,0.0,77.80000305175781,0.0,0,0,0,0
05-05 07:00,73.3,0.0,0.0,72.0,1.2999999523162842,0,0,0,0
05-05 08:00,75.3,0.0,0.0,69.4000015258789,5.900000095367432,0,0,0,0
05-05 09:00,73.8,0.0,0.0,62.099998474121094,11.699999809265137,0,0,0,0
05-05 10:00,110.0,0.0,0.0,85.80000305175781,24.200000762939453,0,0,0,0
05-05 11:00,122.2,0.0,0.0,90.5,31.700000762939453,0,0,0,0
05-05 12:00,146.6,0.0,0.0,107.30000305175781,39.29999923706055,0,0,0,0
05-05 13:00,176.5,0.0,0.0,129.0,47.5,0,0,0,0
05-05 14:00,183.7,0.0,0.0,133.6999969482422,50.0,0,0,0,0
05-05 15:00,176.1,0.0,0.0,125.19999694824219,50.900001525878906,0,0,0,0
05-05 16:00,178.9,0.0,0.0,127.9000015258789,51.0,0,0,0,0
05-05 17:00,122.9,0.0,0.0,90.19999694824219,32.70000076293945,0,0,0,0
05-05 18:00,106.0,0.0,0.0,80.0,26.0,0,0,0,0
05-05 19:00,80.8,0.0,0.0,64.0,16.799999237060547,0,0,0,0
05-05 20:00,63.3,0.0,0.0,53.20000076293945,10.199999809265137,0,0,0,0
05-05 21:00,61.3,0.0,0.0,55.20000076293945,6.099999904632568,0,0,0,0
05-05 22:00,52.2,0.0,0.0,50.29999923706055,1.899999976158142,0,0,0,0
05-05 23:00,48.1,0.0,0.0,48.099998474121094,0.0,0,0,0,0
06-05 00:00,45.8,0.0,0.0,45.79999923706055,0.0,0,0,0,0
06-05 01:00,43.8,0.0,0.0,43.79999923706055,0.0,0,0,0,0
06-05 02:00,50.7,0.0,0.0,50.70000076293945,0.0,0,0,0,0
06-05 03:00,39.5,0.0,0.0,39.5,0.0,0,0,0,0
06-05 04:00,40.8,0.0,0.0,40.79999923706055,0.0,0,0,0,0
06-05 05:00,43.0,0.0,0.0,43.0,0.0,0,0,0,0
06-05 06:00,37.2,0.0,0.0,37.20000076293945,0.0,0,0,0,0
06-05 07:00,41.1,0.0,0.0,37.900001525878906,3.200000047683716,0,0,0,0
06-05 08:00,39.8,0.0,0.0,32.0,7.800000190734863,0,0,0,0
06-05 09:00,45.5,0.0,0.0,34.400001525878906,11.199999809265137,0,0,0,0
06-05 10:00,52.9,0.0,0.0,37.900001525878906,15.0,0,0,0,0
06-05 11:00,57.2,0.0,0.0,39.79999923706055,17.399999618530273,0,0,0,0
06-05 12:00,61.8,0.0,0.0,38.79999923706055,23.0,0,0,0,0
06-05 13:00,85.6,0.0,0.0,54.70000076293945,30.899999618530273,0,0,0,0
06-05 14:00,79.6,0.0,0.0,44.099998474121094,35.400001525878906,0,0,0,0
06-05 15:00,86.3,0.0,0.0,48.5,37.79999923706055,0,0,0,0
06-05 16:00,71.0,0.0,0.0,36.70000076293945,34.29999923706055,0,0,0,0
06-05 17:00,68.5,0.0,0.0,39.099998474121094,29.399999618530273,0,0,0,0
06-05 18:00,54.7,0.0,0.0,35.0,19.700000762939453,0,0,0,0
06-05 19:00,54.2,0.0,0.0,38.400001525878906,15.800000190734863,0,0,0,0
06-05 20:00,59.8,0.0,0.0,48.29999923706055,11.5,0,0,0,0
06-05 21:00,62.8,0.0,0.0,55.400001525878906,7.400000095367432,0,0,0,0
06-05 22:00,62.8,0.0,0.0,61.5,1.2999999523162842,0,0,0,0
06-05 23:00,82.9,0.0,0.0,81.5999984741211,1.2999999523162842,0,0,0,0
07-05 00:00,76.6,0.0,0.0,76.5999984741211,0.0,0,0,0,0
07-05 01:00,79.9,0.0,0.0,79.9000015258789,0.0,0,0,0,0
07-05 02:00,74.7,0.0,0.0,74.69999694824219,0.0,0,0,0,0
07-05 03:00,76.4,0.0,0.0,76.4000015258789,0.0,0,0,0,0
07-05 04:00,72.4,0.0,0.0,72.4000015258789,0.0,0,0,0,0
07-05 05:00,71.9,0.0,0.0,71.9000015258789,0.0,0,0,0,0
07-05 06:00,75.3,0.0,0.0,72.0,3.299999952316284,0,0,0,0
07-05 07:00,82.1,0.0,0.0,62.900001525878906,19.200000762939453,0,0,0,0
07-05 08:00,82.7,0.0,0.0,56.0,26.700000762939453,0,0,0,0
07-05 09:00,70.4,0.0,0.0,36.79999923706055,33.599998474121094,0,0,0,0
07-05 10:00,77.0,0.0,0.0,39.5,37.599998474121094,0,0,0,0
07-05 11:00,76.8,0.0,0.0,39.400001525878906,37.5,0,0,0,0
07-05 12:00,78.1,0.0,0.0,40.0,38.099998474121094,0,0,0,0
07-05 13:00,82.7,0.0,0.0,42.0,40.70000076293945,0,0,0,0
07-05 14:00,90.9,0.0,0.0,46.79999923706055,44.099998474121094,0,0,0,0
07-05 15:00,107.0,0.0,0.0,54.79999923706055,52.20000076293945,0,0,0,0
07-05 16:00,122.5,0.0,0.0,63.0,59.5,0,0,0,0
07-05 17:00,135.4,0.0,0.0,68.19999694824219,67.19999694824219,0,0,0,0
07-05 18:00,120.0,0.0,0.0,61.70000076293945,58.29999923706055,0,0,0,0
07-05 19:00,107.6,0.0,0.0,54.900001525878906,52.70000076293945,0,0,0,0
07-05 20:00,80.9,0.0,0.0,41.5,39.400001525878906,0,0,0,0
07-05 21:00,62.6,0.0,0.0,42.79999923706055,19.799999237060547,0,0,0,0
07-05 22:00,48.8,0.0,0.0,39.0,9.800000190734863,0,0,0,0
07-05 23:00,43.1,0.0,0.0,42.5,0.6000000238418579,0,0,0,0
08-05 00:00,48.9,0.0,0.0,48.900001525878906,0.0,0,0,0,0
08-05 01:00,52.2,0.0,0.0,52.20000076293945,0.0,0,0,0,0
08-05 02:00,56.3,0.0,0.0,56.29999923706055,0.0,0,0,0,0
08-05 03:00,55.9,0.0,0.0,55.900001525878906,0.0,0,0,0,0
08-05 04:00,54.7,0.0,0.0,54.70000076293945,0.0,0,0,0,0
08-05 05:00,46.5,0.0,0.0,46.5,0.0,0,0,0,0
08-05 06:00,40.4,0.0,0.0,37.099998474121094,3.299999952316284,0,0,0,0
08-05 07:00,28.7,0.0,0.0,10.5,18.200000762939453,0,0,0,0
08-05 08:00,44.9,0.0,0.0,16.600000381469727,28.299999237060547,0,0,0,0
08-05 09:00,53.3,0.0,0.0,20.100000381469727,33.20000076293945,0,0,0,0
08-05 10:00,59.2,0.0,0.0,21.700000762939453,37.5,0,0,0,0
08-05 11:00,57.3,0.0,0.0,21.0,36.29999923706055,0,0,0,0
08-05 12:00,56.5,0.0,0.0,20.700000762939453,35.79999923706055,0,0,0,0
08-05 13:00,67.7,0.0,0.0,24.600000381469727,43.20000076293945,0,0,0,0
08-05 14:00,72.6,0.0,0.0,26.799999237060547,45.79999923706055,0,0,0,0
08-05 15:00,89.2,0.0,0.0,32.70000076293945,56.400001525878906,0,0,0,0
08-05 16:00,95.0,0.0,0.0,35.0,60.0,0,0,0,0
08-05 17:00,99.6,0.0,0.0,35.79999923706055,63.79999923706055,0,0,0,0
08-05 18:00,96.0,0.0,0.0,35.400001525878906,60.599998474121094,0,0,0,0
08-05 19:00,81.2,0.0,0.0,29.600000381469727,51.599998474121094,0,0,0,0
08-05 20:00,55.9,0.0,0.0,20.5,35.400001525878906,0,0,0,0
08-05 21:00,39.2,0.0,0.0,19.100000381469727,20.100000381469727,0,0,0,0
08-05 22:00,30.7,0.0,0.0,20.600000381469727,10.100000381469727,0,0,0,0
08-05 23:00,18.2,0.0,0.0,17.600000381469727,0.6000000238418579,0,0,0,0
09-05 00:00,45.2,0.0,0.0,45.20000076293945,0.0,0,0,0,0
09-05 01:00,60.7,0.0,0.0,60.70000076293945,0.0,0,0,0,0
09-05 02:00,63.8,0.0,0.0,63.79999923706055,0.0,0,0,0,0
09-05 03:00,69.3,0.0,0.0,69.30000305175781,0.0,0,0,0,0
09-05 04:00,74.0,0.0,0.0,74.0,0.0,0,0,0,0
09-05 05:00,72.0,0.0,0.0,72.0,0.0,0,0,0,0
09-05 06:00,62.6,0.0,0.0,59.400001525878906,3.200000047683716,0,0,0,0
09-05 07:00,68.2,0.0,0.0,49.5,18.700000762939453,0,0,0,0
09-05 08:00,67.6,0.0,0.0,41.29999923706055,26.299999237060547,0,0,0,0
09-05 09:00,65.5,0.0,0.0,33.29999923706055,32.20000076293945,0,0,0,0
09-05 10:00,70.6,0.0,0.0,31.0,39.599998474121094,0,0,0,0
09-05 11:00,67.9,0.0,0.0,29.799999237060547,38.099998474121094,0,0,0,0
09-05 12:00,63.6,0.0,0.0,27.899999618530273,35.70000076293945,0,0,0,0
09-05 13:00,78.4,0.0,0.0,34.0,44.400001525878906,0,0,0,0
09-05 14:00,77.1,0.0,0.0,34.0,43.099998474121094,0,0,0,0
09-05 15:00,93.6,0.0,0.0,41.099998474121094,52.5,0,0,0,0
09-05 16:00,107.1,0.0,0.0,47.20000076293945,59.900001525878906,0,0,0,0
09-05 17:00,108.5,0.0,0.0,46.70000076293945,61.79999923706055,0,0,0,0
09-05 18:00,109.4,0.0,0.0,48.20000076293945,61.20000076293945,0,0,0,0
09-05 19:00,90.5,0.0,0.0,39.5,51.0,0,0,0,0
09-05 20:00,63.6,0.0,0.0,27.899999618530273,35.70000076293945,0,0,0,0
09-05 21:00,42.0,0.0,0.0,22.5,19.5,0,0,0,0
09-05 22:00,23.7,0.0,0.0,14.199999809265137,9.5,0,0,0,0
09-05 23:00,14.6,0.0,0.0,13.899999618530273,0.699999988079071,0,0,0,0
10-05 00:00,23.4,0.0,0.0,23.399999618530273,0.0,0,0,0,0
10-05 01:00,30.3,0.0,0.0,30.299999237060547,0.0,0,0,0,0
10-05 02:00,23.6,0.0,0.0,23.600000381469727,0.0,0,0,0,0
10-05 03:00,26.3,0.0,0.0,26.299999237060547,0.0,0,0,0,0
10-05 04:00,22.9,0.0,0.0,22.899999618530273,0.0,0,0,0,0
10-05 05:00,24.2,0.0,0.0,24.200000762939453,0.0,0,0,0,0
10-05 06:00,23.4,0.0,0.0,23.399999618530273,0.0,0,0,0,0
10-05 07:00,21.9,0.0,0.0,18.600000381469727,3.4000000953674316,0,0,0,0
10-05 08:00,26.7,0.0,0.0,18.799999237060547,7.900000095367432,0,0,0,0
10-05 09:00,20.9,0.0,0.0,10.899999618530273,10.0,0,0,0,0
10-05 10:00,20.2,0.0,0.0,5.599999904632568,14.600000381469727,0,0,0,0
10-05 11:00,24.4,0.0,0.0,7.0,17.399999618530273,0,0,0,0
10-05 12:00,32.0,0.0,0.0,9.199999809265137,22.799999237060547,0,0,0,0
10-05 13:00,44.6,0.0,0.0,13.0,31.600000381469727,0,0,0,0
10-05 14:00,45.9,0.0,0.0,13.0,32.900001525878906,0,0,0,0
10-05 15:00,53.1,0.0,0.0,15.600000381469727,37.5,0,0,0,0
10-05 16:00,49.6,0.0,0.0,14.399999618530273,35.20000076293945,0,0,0,0
10-05 17:00,36.9,0.0,0.0,10.800000190734863,26.200000762939453,0,0,0,0
10-05 18:00,26.7,0.0,0.0,7.599999904632568,19.0,0,0,0,0
10-05 19:00,22.4,0.0,0.0,6.599999904632568,15.800000190734863,0,0,0,0
10-05 20:00,15.7,0.0,0.0,4.699999809265137,11.0,0,0,0,0
10-05 21:00,23.7,0.0,0.0,17.200000762939453,6.599999904632568,0,0,0,0
10-05 22:00,27.0,0.0,0.0,25.700000762939453,1.2999999523162842,0,0,0,0
10-05 23:00,24.9,0.0,0.0,23.700000762939453,1.2000000476837158,0,0,0,0
11-05 00:00,35.1,0.0,0.0,35.099998474121094,0.0,0,0,0,0
11-05 01:00,35.0,0.0,0.0,35.0,0.0,0,0,0,0
11-05 02:00,34.0,0.0,0.0,34.0,0.0,0,0,0,0
11-05 03:00,40.0,0.0,0.0,40.0,0.0,0,0,0,0
11-05 04:00,44.1,0.0,0.0,44.099998474121094,0.0,0,0,0,0
11-05 05:00,41.1,0.0,0.0,41.099998474121094,0.0,0,0,0,0
11-05 06:00,43.8,0.0,0.0,40.5,3.299999952316284,0,0,0,0
11-05 07:00,59.2,0.0,0.0,39.0,20.200000762939453,0,0,0,0
11-05 08:00,67.1,0.0,0.0,38.400001525878906,28.700000762939453,0,0,0,0
11-05 09:00,66.8,0.0,0.0,34.400001525878906,32.400001525878906,0,0,0,0
11-05 10:00,71.2,0.0,0.0,35.70000076293945,35.5,0,0,0,0
11-05 11:00,68.7,0.0,0.0,30.700000762939453,38.0,0,0,0,0
11-05 12:00,75.7,0.0,0.0,37.79999923706055,37.900001525878906,0,0,0,0
11-05 13:00,77.8,0.0,0.0,38.20000076293945,39.599998474121094,0,0,0,0
11-05 14:00,89.3,0.0,0.0,44.099998474121094,45.20000076293945,0,0,0,0
11-05 15:00,110.0,0.0,0.0,53.29999923706055,56.70000076293945,0,0,0,0
11-05 16:00,118.9,0.0,0.0,57.400001525878906,61.5,0,0,0,0
11-05 17:00,116.6,0.0,0.0,55.0,61.599998474121094,0,0,0,0
11-05 18:00,130.9,0.0,0.0,70.5,60.400001525878906,0,0,0,0
11-05 19:00,107.2,0.0,0.0,58.900001525878906,48.29999923706055,0,0,0,0
11-05 20:00,89.2,0.0,0.0,52.20000076293945,37.0,0,0,0,0
11-05 21:00,58.5,0.0,0.0,40.79999923706055,17.700000762939453,0,0,0,0
11-05 22:00,53.1,0.0,0.0,43.5,9.600000381469727,0,0,0,0
11-05 23:00,48.8,0.0,0.0,48.20000076293945,0.6000000238418579,0,0,0,0
12-05 00:00,53.3,0.0,0.0,53.29999923706055,0.0,0,0,0,0
12-05 01:00,61.1,0.0,0.0,61.099998474121094,0.0,0,0,0,0
12-05 02:00,67.2,0.0,0.0,67.19999694824219,0.0,0,0,0,0
12-05 03:00,66.5,0.0,0.0,66.5,0.0,0,0,0,0
12-05 04:00,72.6,0.0,0.0,72.5999984741211,0.0,0,0,0,0
12-05 05:00,71.8,0.0,0.0,71.80000305175781,0.0,0,0,0,0
12-05 06:00,54.2,0.0,0.0,54.20000076293945,0.0,0,0,0,0
12-05 07:00,45.5,0.0,0.0,44.29999923706055,1.2000000476837158,0,0,0,0
12-05 08:00,38.1,0.0,0.0,32.29999923706055,5.800000190734863,0,0,0,0
12-05 09:00,41.5,0.0,0.0,29.899999618530273,11.600000381469727,0,0,0,0
12-05 10:00,61.9,0.0,0.0,37.0,24.899999618530273,0,0,0,0
12-05 11:00,74.7,0.0,0.0,43.400001525878906,31.399999618530273,0,0,0,0
12-05 12:00,95.8,0.0,0.0,55.29999923706055,40.5,0,0,0,0
12-05 13:00,98.8,0.0,0.0,52.70000076293945,46.099998474121094,0,0,0,0
12-05 14:00,101.1,0.0,0.0,54.20000076293945,46.900001525878906,0,0,0,0
12-05 15:00,103.6,0.0,0.0,54.900001525878906,48.70000076293945,0,0,0,0
12-05 16:00,112.2,0.0,0.0,59.79999923706055,52.400001525878906,0,0,0,0
12-05 17:00,73.1,0.0,0.0,38.5,34.599998474121094,0,0,0,0
12-05 18:00,60.0,0.0,0.0,35.29999923706055,24.700000762939453,0,0,0,0
12-05 19:00,53.2,0.0,0.0,36.099998474121094,17.100000381469727,0,0,0,0
12-05 20:00,51.6,0.0,0.0,41.0,10.600000381469727,0,0,0,0
12-05 21:00,50.2,0.0,0.0,44.599998474121094,5.599999904632568,0,0,0,0
12-05 22:00,52.1,0.0,0.0,50.29999923706055,1.7999999523162842,0,0,0,0
12-05 23:00,61.3,0.0,0.0,61.29999923706055,0.0,0,0,0,0
13-05 00:00,68.7,0.0,0.0,68.69999694824219,0.0,0,0,0,0
13-05 01:00,74.1,0.0,0.0,74.0999984741211,0.0,0,0,0,0
13-05 02:00,69.9,0.0,0.0,69.9000015258789,0.0,0,0,0,0
13-05 03:00,77.8,0.0,0.0,77.80000305175781,0.0,0,0,0,0
13-05 04:00,85.9,0.0,0.0,85.9000015258789,0.0,0,0,0,0
13-05 05:00,75.5,0.0,0.0,75.5,0.0,0,0,0,0
13-05 06:00,59.4,0.0,0.0,59.400001525878906,0.0,0,0,0,0
13-05 07:00,49.5,0.0,0.0,46.20000076293945,3.299999952316284,0,0,0,0
13-05 08:00,31.2,0.0,0.0,23.700000762939453,7.5,0,0,0,0
13-05 09:00,28.9,0.0,0.0,18.399999618530273,10.5,0,0,0,0
13-05 10:00,29.1,0.0,0.0,14.399999618530273,14.699999809265137,0,0,0,0
13-05 11:00,33.8,0.0,0.0,17.100000381469727,16.700000762939453,0,0,0,0
13-05 12:00,46.0,0.0,0.0,23.299999237060547,22.700000762939453,0,0,0,0
13-05 13:00,63.8,0.0,0.0,32.70000076293945,31.100000381469727,0,0,0,0
13-05 14:00,64.4,0.0,0.0,32.29999923706055,32.099998474121094,0,0,0,0
13-05 15:00,76.3,0.0,0.0,39.29999923706055,37.0,0,0,0,0
13-05 16:00,74.5,0.0,0.0,38.099998474121094,36.400001525878906,0,0,0,0
13-05 17:00,54.5,0.0,0.0,27.899999618530273,26.600000381469727,0,0,0,0
13-05 18:00,42.4,0.0,0.0,21.5,20.899999618530273,0,0,0,0
13-05 19:00,33.5,0.0,0.0,17.299999237060547,16.200000762939453,0,0,0,0
13-05 20:00,47.3,0.0,0.0,35.400001525878906,11.899999618530273,0,0,0,0
13-05 21:00,46.9,0.0,0.0,39.70000076293945,7.199999809265137,0,0,0,0
13-05 22:00,45.3,0.0,0.0,44.0,1.2999999523162842,0,0,0,0
13-05 23:00,53.3,0.0,0.0,52.0,1.2999999523162842,0,0,0,0
14-05 00:00,52.2,0.0,0.0,52.20000076293945,0.0,0,0,0,0
14-05 01:00,56.3,0.0,0.0,56.29999923706055,0.0,0,0,0,0
14-05 02:00,62.8,0.0,0.0,62.79999923706055,0.0,0,0,0,0
14-05 03:00,68.1,0.0,0.0,68.0999984741211,0.0,0,0,0,0
14-05 04:00,61.6,0.0,0.0,61.599998474121094,0.0,0,0,0,0
14-05 05:00,65.3,0.0,0.0,65.30000305175781,0.0,0,0,0,0
14-05 06:00,68.5,0.0,0.0,65.19999694824219,3.299999952316284,0,0,0,0
14-05 07:00,70.5,0.0,0.0,52.099998474121094,18.399999618530273,0,0,0,0
14-05 08:00,86.9,0.0,0.0,58.099998474121094,28.799999237060547,0,0,0,0
14-05 09:00,80.2,0.0,0.0,47.29999923706055,32.900001525878906,0,0,0,0
14-05 10:00,79.9,0.0,0.0,42.79999923706055,37.099998474121094,0,0,0,0
14-05 11:00,74.6,0.0,0.0,36.400001525878906,38.20000076293945,0,0,0,0
14-05 12:00,65.5,0.0,0.0,32.0,33.5,0,0,0,0
14-05 13:00,77.2,0.0,0.0,37.400001525878906,39.900001525878906,0,0,0,0
14-05 14:00,87.4,0.0,0.0,42.900001525878906,44.5,0,0,0,0
14-05 15:00,107.2,0.0,0.0,52.400001525878906,54.79999923706055,0,0,0,0
14-05 16:00,113.2,0.0,0.0,55.5,57.599998474121094,0,0,0,0
14-05 17:00,120.4,0.0,0.0,57.79999923706055,62.599998474121094,0,0,0,0
14-05 18:00,120.3,0.0,0.0,59.0,61.29999923706055,0,0,0,0
14-05 19:00,112.0,0.0,0.0,58.29999923706055,53.70000076293945,0,0,0,0
14-05 20:00,85.2,0.0,0.0,49.099998474121094,36.099998474121094,0,0,0,0
14-05 21:00,57.9,0.0,0.0,39.099998474121094,18.799999237060547,0,0,0,0
14-05 22:00,46.7,0.0,0.0,37.20000076293945,9.5,0,0,0,0
14-05 23:00,43.2,0.0,0.0,42.599998474121094,0.6000000238418579,0,0,0,0
15-05 00:00,51.3,0.0,0.0,51.29999923706055,0.0,0,0,0,0
15-05 01:00,56.9,0.0,0.0,56.900001525878906,0.0,0,0,0,0
15-05 02:00,55.0,0.0,0.0,55.0,0.0,0,0,0,0
15-05 03:00,55.7,0.0,0.0,55.70000076293945,0.0,0,0,0,0
15-05 04:00,61.7,0.0,0.0,61.70000076293945,0.0,0,0,0,0
15-05 05:00,55.1,0.0,0.0,55.099998474121094,0.0,0,0,0,0
15-05 06:00,53.1,0.0,0.0,50.0,3.0999999046325684,0,0,0,0
15-05 07:00,60.2,0.0,0.0,41.099998474121094,19.100000381469727,0,0,0,0
15-05 08:00,51.0,0.0,0.0,24.399999618530273,26.600000381469727,0,0,0,0
15-05 09:00,54.4,0.0,0.0,21.899999618530273,32.5,0,0,0,0
15-05 10:00,59.9,0.0,0.0,23.5,36.400001525878906,0,0,0,0
15-05 11:00,59.1,0.0,0.0,23.200000762939453,35.900001525878906,0,0,0,0
15-05 12:00,64.3,0.0,0.0,25.200000762939453,39.099998474121094,0,0,0,0
15-05 13:00,72.5,0.0,0.0,28.100000381469727,44.400001525878906,0,0,0,0
15-05 14:00,76.3,0.0,0.0,30.100000381469727,46.20000076293945,0,0,0,0
15-05 15:00,90.2,0.0,0.0,35.400001525878906,54.79999923706055,0,0,0,0
15-05 16:00,99.0,0.0,0.0,39.0,60.0,0,0,0,0
15-05 17:00,109.8,0.0,0.0,42.20000076293945,67.5999984741211,0,0,0,0
15-05 18:00,97.0,0.0,0.0,38.20000076293945,58.79999923706055,0,0,0,0
15-05 19:00,77.0,0.0,0.0,30.0,47.0,0,0,0,0
15-05 20:00,60.6,0.0,0.0,23.799999237060547,36.79999923706055,0,0,0,0
15-05 21:00,31.4,0.0,0.0,12.300000190734863,19.100000381469727,0,0,0,0
15-05 22:00,15.1,0.0,0.0,5.800000190734863,9.300000190734863,0,0,0,0
15-05 23:00,12.5,0.0,0.0,11.800000190734863,0.6000000238418579,0,0,0,0
16-05 00:00,19.2,0.0,0.0,19.200000762939453,0.0,0,0,0,0
16-05 01:00,18.6,0.0,0.0,18.600000381469727,0.0,0,0,0,0
16-05 02:00,35.8,0.0,0.0,35.79999923706055,0.0,0,0,0,0
16-05 03:00,32.8,0.0,0.0,32.79999923706055,0.0,0,0,0,0
16-05 04:00,40.6,0.0,0.0,40.599998474121094,0.0,0,0,0,0
16-05 05:00,41.8,0.0,0.0,41.79999923706055,0.0,0,0,0,0
16-05 06:00,46.2,0.0,0.0,43.099998474121094,3.0999999046325684,0,0,0,0
16-05 07:00,68.3,0.0,0.0,48.79999923706055,19.5,0,0,0,0
16-05 08:00,69.6,0.0,0.0,40.79999923706055,28.799999237060547,0,0,0,0
16-05 09:00,73.6,0.0,0.0,41.79999923706055,31.799999237060547,0,0,0,0
16-05 10:00,74.7,0.0,0.0,37.70000076293945,37.0,0,0,0,0
16-05 11:00,65.8,0.0,0.0,29.600000381469727,36.20000076293945,0,0,0,0
16-05 12:00,64.0,0.0,0.0,24.5,39.5,0,0,0,0
16-05 13:00,70.1,0.0,0.0,26.600000381469727,43.5,0,0,0,0
16-05 14:00,72.9,0.0,0.0,28.100000381469727,44.79999923706055,0,0,0,0
16-05 15:00,87.0,0.0,0.0,33.400001525878906,53.599998474121094,0,0,0,0
16-05 16:00,100.4,0.0,0.0,38.70000076293945,61.70000076293945,0,0,0,0
16-05 17:00,97.9,0.0,0.0,36.79999923706055,61.099998474121094,0,0,0,0
16-05 18:00,98.4,0.0,0.0,37.900001525878906,60.5,0,0,0,0
16-05 19:00,83.2,0.0,0.0,31.700000762939453,51.5,0,0,0,0
16-05 20:00,62.5,0.0,0.0,24.0,38.5,0,0,0,0
16-05 21:00,46.3,0.0,0.0,26.799999237060547,19.5,0,0,0,0
16-05 22:00,44.9,0.0,0.0,35.20000076293945,9.699999809265137,0,0,0,0
16-05 23:00,40.8,0.0,0.0,40.20000076293945,0.6000000238418579,0,0,0,0
17-05 00:00,45.6,0.0,0.0,45.599998474121094,0.0,0,0,0,0
17-05 01:00,49.0,0.0,0.0,49.0,0.0,0,0,0,0
17-05 02:00,46.9,0.0,0.0,46.900001525878906,0.0,0,0,0,0
17-05 03:00,45.7,0.0,0.0,45.70000076293945,0.0,0,0,0,0
17-05 04:00,55.3,0.0,0.0,55.29999923706055,0.0,0,0,0,0
17-05 05:00,47.4,0.0,0.0,47.400001525878906,0.0,0,0,0,0
17-05 06:00,37.8,0.0,0.0,34.70000076293945,3.0999999046325684,0,0,0,0
17-05 07:00,44.2,0.0,0.0,24.700000762939453,19.5,0,0,0,0
17-05 08:00,38.7,0.0,0.0,13.300000190734863,25.399999618530273,0,0,0,0
17-05 09:00,48.4,0.0,0.0,16.899999618530273,31.5,0,0,0,0
17-05 10:00,54.9,0.0,0.0,18.700000762939453,36.20000076293945,0,0,0,0
17-05 11:00,59.2,0.0,0.0,20.200000762939453,39.099998474121094,0,0,0,0
17-05 12:00,55.2,0.0,0.0,18.799999237060547,36.400001525878906,0,0,0,0
17-05 13:00,64.8,0.0,0.0,21.799999237060547,43.0,0,0,0,0
17-05 14:00,71.4,0.0,0.0,24.399999618530273,47.0,0,0,0,0
17-05 15:00,79.4,0.0,0.0,27.0,52.400001525878906,0,0,0,0
17-05 16:00,89.0,0.0,0.0,30.399999618530273,58.599998474121094,0,0,0,0
17-05 17:00,90.5,0.0,0.0,30.100000381469727,60.400001525878906,0,0,0,0
17-05 18:00,95.4,0.0,0.0,32.599998474121094,62.79999923706055,0,0,0,0
17-05 19:00,80.7,0.0,0.0,27.299999237060547,53.400001525878906,0,0,0,0
17-05 20:00,53.5,0.0,0.0,18.200000762939453,35.29999923706055,0,0,0,0
17-05 21:00,29.7,0.0,0.0,10.100000381469727,19.600000381469727,0,0,0,0
17-05 22:00,13.8,0.0,0.0,4.599999904632568,9.199999809265137,0,0,0,0
17-05 23:00,4.4,0.0,0.0,3.799999952316284,0.6000000238418579,0,0,0,0
18-05 00:00,0.3,0.0,0.0,0.30000001192092896,0.0,0,0,0,0
18-05 01:00,0.2,0.0,0.0,0.20000000298023224,0.0,0,0,0,0
18-05 02:00,0.2,0.0,0.0,0.20000000298023224,0.0,0,0,0,0
18-05 03:00,0.2,0.0,0.0,0.20000000298023224,0.0,0,0,0,0
18-05 04:00,0.2,0.0,0.0,0.20000000298023224,0.0,0,0,0,0
18-05 05:00,0.3,0.0,0.0,0.30000001192092896,0.0,0,0,0,0
18-05 06:00,3.4,0.0,0.0,0.4000000059604645,3.0,0,0,0,0
18-05 07:00,19.6,0.0,0.0,0.699999988079071,18.899999618530273,0,0,0,0
18-05 08:00,30.0,0.0,0.0,1.0,29.0,0,0,0,0
18-05 09:00,33.6,0.0,0.0,1.2000000476837158,32.400001525878906,0,0,0,0
18-05 10:00,36.4,0.0,0.0,1.2999999523162842,35.099998474121094,0,0,0,0
18-05 11:00,40.1,0.0,0.0,1.399999976158142,38.70000076293945,0,0,0,0
18-05 12:00,38.4,0.0,0.0,1.2999999523162842,37.099998474121094,0,0,0,0
18-05 13:00,42.8,0.0,0.0,1.5,41.29999923706055,0,0,0,0
18-05 14:00,44.5,0.0,0.0,1.600000023841858,42.900001525878906,0,0,0,0
18-05 15:00,58.1,0.0,0.0,2.0,56.099998474121094,0,0,0,0
18-05 16:00,60.6,0.0,0.0,2.0999999046325684,58.5,0,0,0,0
18-05 17:00,62.4,0.0,0.0,2.0999999046325684,60.29999923706055,0,0,0,0
18-05 18:00,60.6,0.0,0.0,2.0999999046325684,58.5,0,0,0,0
18-05 19:00,51.6,0.0,0.0,1.7999999523162842,49.79999923706055,0,0,0,0
18-05 20:00,38.3,0.0,0.0,1.2999999523162842,37.0,0,0,0,0
18-05 21:00,20.7,0.0,0.0,0.699999988079071,20.0,0,0,0,0
18-05 22:00,17.2,0.0,0.0,7.599999904632568,9.600000381469727,0,0,0,0
18-05 23:00,15.1,0.0,0.0,14.5,0.6000000238418579,0,0,0,0
19-05 00:00,23.8,0.0,0.0,23.799999237060547,0.0,0,0,0,0
19-05 01:00,24.3,0.0,0.0,24.299999237060547,0.0,0,0,0,0
19-05 02:00,23.0,0.0,0.0,23.0,0.0,0,0,0,0
19-05 03:00,23.7,0.0,0.0,23.700000762939453,0.0,0,0,0,0
19-05 04:00,30.2,0.0,0.0,30.200000762939453,0.0,0,0,0,0
19-05 05:00,23.1,0.0,0.0,23.100000381469727,0.0,0,0,0,0
19-05 06:00,9.7,0.0,0.0,9.699999809265137,0.0,0,0,0,0
19-05 07:00,3.5,0.0,0.0,2.200000047683716,1.2999999523162842,0,0,0,0
19-05 08:00,7.9,0.0,0.0,2.4000000953674316,5.5,0,0,0,0
19-05 09:00,16.7,0.0,0.0,4.099999904632568,12.600000381469727,0,0,0,0
19-05 10:00,29.0,0.0,0.0,6.199999809265137,22.799999237060547,0,0,0,0
19-05 11:00,38.1,0.0,0.0,8.0,30.100000381469727,0,0,0,0
19-05 12:00,50.0,0.0,0.0,10.699999809265137,39.29999923706055,0,0,0,0
19-05 13:00,55.9,0.0,0.0,11.699999809265137,44.20000076293945,0,0,0,0
19-05 14:00,58.9,0.0,0.0,12.399999618530273,46.400001525878906,0,0,0,0
19-05 15:00,62.7,0.0,0.0,12.899999618530273,49.79999923706055,0,0,0,0
19-05 16:00,63.0,0.0,0.0,13.100000381469727,49.900001525878906,0,0,0,0
19-05 17:00,43.0,0.0,0.0,8.800000190734863,34.20000076293945,0,0,0,0
19-05 18:00,30.9,0.0,0.0,6.400000095367432,24.5,0,0,0,0
19-05 19:00,21.5,0.0,0.0,4.900000095367432,16.600000381469727,0,0,0,0
19-05 20:00,12.5,0.0,0.0,2.4000000953674316,10.100000381469727,0,0,0,0
19-05 21:00,7.5,0.0,0.0,2.0999999046325684,5.400000095367432,0,0,0,0
19-05 22:00,4.1,0.0,0.0,2.200000047683716,1.899999976158142,0,0,0,0
19-05 23:00,9.0,0.0,0.0,9.0,0.0,0,0,0,0
20-05 00:00,16.3,0.0,0.0,16.299999237060547,0.0,0,0,0,0
20-05 01:00,23.0,0.0,0.0,23.0,0.0,0,0,0,0
20-05 02:00,22.9,0.0,0.0,22.899999618530273,0.0,0,0,0,0
20-05 03:00,31.0,0.0,0.0,31.0,0.0,0,0,0,0
20-05 04:00,28.9,0.0,0.0,28.899999618530273,0.0,0,0,0,0
20-05 05:00,23.9,0.0,0.0,23.899999618530273,0.0,0,0,0,0
20-05 06:00,9.1,0.0,0.0,9.0,0.0,0,0,0,0
20-05 07:00,4.8,0.0,0.0,1.7999999523162842,3.0,0,0,0,0
20-05 08:00,8.9,0.0,0.0,2.0,6.900000095367432,0,0,0,0
20-05 09:00,13.7,0.0,0.0,2.700000047683716,11.0,0,0,0,0
20-05 10:00,16.6,0.0,0.0,3.0,13.600000381469727,0,0,0,0
20-05 11:00,21.0,0.0,0.0,4.0,17.0,0,0,0,0
20-05 12:00,27.5,0.0,0.0,5.199999809265137,22.299999237060547,0,0,0,0
20-05 13:00,41.9,0.0,0.0,8.100000381469727,33.79999923706055,0,0,0,0
20-05 14:00,43.9,0.0,0.0,8.199999809265137,35.70000076293945,0,0,0,0
20-05 15:00,43.7,0.0,0.0,8.5,35.20000076293945,0,0,0,0
20-05 16:00,42.0,0.0,0.0,8.100000381469727,33.900001525878906,0,0,0,0
20-05 17:00,34.7,0.0,0.0,6.699999809265137,28.0,0,0,0,0
20-05 18:00,21.7,0.0,0.0,4.099999904632568,17.600000381469727,0,0,0,0
20-05 19:00,19.1,0.0,0.0,3.700000047683716,15.399999618530273,0,0,0,0
20-05 20:00,13.7,0.0,0.0,2.700000047683716,11.0,0,0,0,0
20-05 21:00,8.4,0.0,0.0,2.0,6.400000095367432,0,0,0,0
20-05 22:00,3.3,0.0,0.0,2.0,1.2999999523162842,0,0,0,0
20-05 23:00,2.7,0.0,0.0,1.600000023841858,1.100000023841858,0,0,0,0
21-05 00:00,0.6,0.0,0.0,0.6000000238418579,0.0,0,0,0,0
21-05 01:00,0.6,0.0,0.0,0.6000000238418579,0.0,0,0,0,0
21-05 02:00,7.4,0.0,0.0,7.400000095367432,0.0,0,0,0,0
21-05 03:00,15.0,0.0,0.0,15.0,0.0,0,0,0,0
21-05 04:00,14.7,0.0,0.0,14.699999809265137,0.0,0,0,0,0
21-05 05:00,14.5,0.0,0.0,14.5,0.0,0,0,0,0
21-05 06:00,0.6,0.0,0.0,0.6000000238418579,0.0,0,0,0,0
21-05 07:00,3.9,0.0,0.0,0.699999988079071,3.200000047683716,0,0,0,0
21-05 08:00,8.6,0.0,0.0,0.800000011920929,7.800000190734863,0,0,0,0
21-05 09:00,11.3,0.0,0.0,0.8999999761581421,10.399999618530273,0,0,0,0
21-05 10:00,15.6,0.0,0.0,1.100000023841858,14.5,0,0,0,0
21-05 11:00,19.8,0.0,0.0,1.5,18.299999237060547,0,0,0,0
21-05 12:00,23.0,0.0,0.0,1.7000000476837158,21.299999237060547,0,0,0,0
21-05 13:00,31.7,0.0,0.0,2.4000000953674316,29.299999237060547,0,0,0,0
21-05 14:00,35.7,0.0,0.0,2.5999999046325684,33.0,0,0,0,0
21-05 15:00,37.7,0.0,0.0,2.9000000953674316,34.79999923706055,0,0,0,0
21-05 16:00,39.0,0.0,0.0,3.0,36.0,0,0,0,0
21-05 17:00,30.2,0.0,0.0,2.299999952316284,27.899999618530273,0,0,0,0
21-05 18:00,19.8,0.0,0.0,1.5,18.299999237060547,0,0,0,0
21-05 19:00,16.4,0.0,0.0,1.2999999523162842,15.100000381469727,0,0,0,0
21-05 20:00,11.5,0.0,0.0,0.8999999761581421,10.600000381469727,0,0,0,0
21-05 21:00,7.9,0.0,0.0,0.800000011920929,7.0,0,0,0,0
21-05 22:00,1.8,0.0,0.0,0.6000000238418579,1.2000000476837158,0,0,0,0
21-05 23:00,1.9,0.0,0.0,0.6000000238418579,1.2999999523162842,0,0,0,0
22-05 00:00,2.6,0.0,0.0,2.5999999046325684,0.0,0,0,0,0
22-05 01:00,2.5,0.0,0.0,2.5,0.0,0,0,0,0
22-05 02:00,8.6,0.0,0.0,8.600000381469727,0.0,0,0,0,0
22-05 03:00,15.8,0.0,0.0,15.800000190734863,0.0,0,0,0,0
22-05 04:00,24.4,0.0,0.0,24.399999618530273,0.0,0,0,0,0
22-05 05:00,24.4,0.0,0.0,24.399999618530273,0.0,0,0,0,0
22-05 06:00,21.6,0.0,0.0,18.5,3.0999999046325684,0,0,0,0
22-05 07:00,40.3,0.0,0.0,21.200000762939453,19.100000381469727,0,0,0,0
22-05 08:00,51.1,0.0,0.0,24.0,27.200000762939453,0,0,0,0
22-05 09:00,51.6,0.0,0.0,19.100000381469727,32.5,0,0,0,0
22-05 10:00,56.9,0.0,0.0,20.200000762939453,36.70000076293945,0,0,0,0
22-05 11:00,53.5,0.0,0.0,13.800000190734863,39.599998474121094,0,0,0,0
22-05 12:00,49.8,0.0,0.0,12.899999618530273,36.900001525878906,0,0,0,0
22-05 13:00,59.0,0.0,0.0,15.100000381469727,43.900001525878906,0,0,0,0
22-05 14:00,57.8,0.0,0.0,15.100000381469727,42.70000076293945,0,0,0,0
22-05 15:00,74.7,0.0,0.0,19.399999618530273,55.29999923706055,0,0,0,0
22-05 16:00,73.9,0.0,0.0,19.299999237060547,54.599998474121094,0,0,0,0
22-05 17:00,83.7,0.0,0.0,21.200000762939453,62.5,0,0,0,0
22-05 18:00,78.7,0.0,0.0,20.5,58.20000076293945,0,0,0,0
22-05 19:00,78.2,0.0,0.0,25.700000762939453,52.5,0,0,0,0
22-05 20:00,54.4,0.0,0.0,19.399999618530273,35.0,0,0,0,0
22-05 21:00,42.4,0.0,0.0,22.299999237060547,20.100000381469727,0,0,0,0
22-05 22:00,32.9,0.0,0.0,23.799999237060547,9.100000381469727,0,0,0,0
22-05 23:00,38.8,0.0,0.0,38.20000076293945,0.6000000238418579,0,0,0,0
23-05 00:00,42.4,0.0,0.0,42.400001525878906,0.0,0,0,0,0
23-05 01:00,41.2,0.0,0.0,41.20000076293945,0.0,0,0,0,0
23-05 02:00,35.0,0.0,0.0,35.0,0.0,0,0,0,0
23-05 03:00,55.4,0.0,0.0,55.400001525878906,0.0,0,0,0,0
23-05 04:00,44.2,0.0,0.0,44.20000076293945,0.0,0,0,0,0
23-05 05:00,38.4,0.0,0.0,38.400001525878906,0.0,0,0,0,0
23-05 06:00,37.3,0.0,0.0,34.29999923706055,3.0,0,0,0,0
23-05 07:00,53.5,0.0,0.0,34.0,19.5,0,0,0,0
23-05 08:00,62.1,0.0,0.0,33.099998474121094,29.0,0,0,0,0
23-05 09:00,60.2,0.0,0.0,27.700000762939453,32.5,0,0,0,0
23-05 10:00,56.0,0.0,0.0,21.100000381469727,34.900001525878906,0,0,0,0
23-05 11:00,59.2,0.0,0.0,22.299999237060547,36.900001525878906,0,0,0,0
23-05 12:00,61.4,0.0,0.0,23.200000762939453,38.29999923706055,0,0,0,0
23-05 13:00,64.7,0.0,0.0,24.100000381469727,40.599998474121094,0,0,0,0
23-05 14:00,69.4,0.0,0.0,26.299999237060547,43.099998474121094,0,0,0,0
23-05 15:00,84.3,0.0,0.0,31.799999237060547,52.5,0,0,0,0
23-05 16:00,84.9,0.0,0.0,32.099998474121094,52.79999923706055,0,0,0,0
23-05 17:00,94.9,0.0,0.0,35.0,59.900001525878906,0,0,0,0
23-05 18:00,94.5,0.0,0.0,35.79999923706055,58.70000076293945,0,0,0,0
23-05 19:00,80.7,0.0,0.0,30.200000762939453,50.400001525878906,0,0,0,0
23-05 20:00,55.5,0.0,0.0,20.899999618530273,34.599998474121094,0,0,0,0
23-05 21:00,37.1,0.0,0.0,18.399999618530273,18.700000762939453,0,0,0,0
23-05 22:00,34.4,0.0,0.0,25.5,8.899999618530273,0,0,0,0
23-05 23:00,26.9,0.0,0.0,26.299999237060547,0.6000000238418579,0,0,0,0
24-05 00:00,28.7,0.0,0.0,28.700000762939453,0.0,0,0,0,0
24-05 01:00,31.0,0.0,0.0,31.0,0.0,0,0,0,0
24-05 02:00,31.8,0.0,0.0,31.799999237060547,0.0,0,0,0,0
24-05 03:00,38.9,0.0,0.0,38.900001525878906,0.0,0,0,0,0
24-05 04:00,44.3,0.0,0.0,44.29999923706055,0.0,0,0,0,0
24-05 05:00,39.9,0.0,0.0,39.900001525878906,0.0,0,0,0,0
24-05 06:00,30.1,0.0,0.0,26.899999618530273,3.200000047683716,0,0,0,0
24-05 07:00,26.0,0.0,0.0,7.099999904632568,18.899999618530273,0,0,0,0
24-05 08:00,36.3,0.0,0.0,10.0,26.299999237060547,0,0,0,0
24-05 09:00,45.1,0.0,0.0,12.699999809265137,32.400001525878906,0,0,0,0
24-05 10:00,52.8,0.0,0.0,14.399999618530273,38.400001525878906,0,0,0,0
24-05 11:00,50.2,0.0,0.0,13.699999809265137,36.5,0,0,0,0
24-05 12:00,47.6,0.0,0.0,13.0,34.599998474121094,0,0,0,0
24-05 13:00,57.7,0.0,0.0,15.5,42.20000076293945,0,0,0,0
24-05 14:00,57.5,0.0,0.0,15.800000190734863,41.70000076293945,0,0,0,0
24-05 15:00,75.1,0.0,0.0,20.5,54.599998474121094,0,0,0,0
24-05 16:00,83.2,0.0,0.0,22.799999237060547,60.400001525878906,0,0,0,0
24-05 17:00,83.3,0.0,0.0,22.200000762939453,61.099998474121094,0,0,0,0
24-05 18:00,79.9,0.0,0.0,21.899999618530273,58.0,0,0,0,0
24-05 19:00,70.5,0.0,0.0,19.100000381469727,51.400001525878906,0,0,0,0
24-05 20:00,49.5,0.0,0.0,13.5,36.0,0,0,0,0
24-05 21:00,25.2,0.0,0.0,6.900000095367432,18.299999237060547,0,0,0,0
24-05 22:00,12.8,0.0,0.0,3.4000000953674316,9.399999618530273,0,0,0,0
24-05 23:00,3.3,0.0,0.0,2.700000047683716,0.6000000238418579,0,0,0,0
25-05 00:00,1.3,0.0,0.0,1.2999999523162842,0.0,0,0,0,0
25-05 01:00,8.1,0.0,0.0,8.100000381469727,0.0,0,0,0,0
25-05 02:00,21.9,0.0,0.0,21.899999618530273,0.0,0,0,0,0
25-05 03:00,23.4,0.0,0.0,23.399999618530273,0.0,0,0,0,0
25-05 04:00,30.7,0.0,0.0,30.700000762939453,0.0,0,0,0,0
25-05 05:00,23.8,0.0,0.0,23.799999237060547,0.0,0,0,0,0
25-05 06:00,12.9,0.0,0.0,9.699999809265137,3.200000047683716,0,0,0,0
25-05 07:00,24.1,0.0,0.0,3.700000047683716,20.399999618530273,0,0,0,0
25-05 08:00,31.0,0.0,0.0,4.800000190734863,26.200000762939453,0,0,0,0
25-05 09:00,38.2,0.0,0.0,6.099999904632568,32.099998474121094,0,0,0,0
25-05 10:00,39.4,0.0,0.0,6.099999904632568,33.29999923706055,0,0,0,0
25-05 11:00,43.5,0.0,0.0,6.699999809265137,36.79999923706055,0,0,0,0
25-05 12:00,41.6,0.0,0.0,6.400000095367432,35.20000076293945,0,0,0,0
25-05 13:00,51.0,0.0,0.0,7.699999809265137,43.29999923706055,0,0,0,0
25-05 14:00,49.8,0.0,0.0,7.699999809265137,42.099998474121094,0,0,0,0
25-05 15:00,61.9,0.0,0.0,9.5,52.400001525878906,0,0,0,0
25-05 16:00,74.2,0.0,0.0,11.5,62.70000076293945,0,0,0,0
25-05 17:00,76.2,0.0,0.0,11.399999618530273,64.80000305175781,0,0,0,0
25-05 18:00,66.5,0.0,0.0,10.300000190734863,56.20000076293945,0,0,0,0
25-05 19:00,63.5,0.0,0.0,9.699999809265137,53.79999923706055,0,0,0,0
25-05 20:00,41.2,0.0,0.0,6.400000095367432,34.900001525878906,0,0,0,0
25-05 21:00,20.9,0.0,0.0,3.200000047683716,17.700000762939453,0,0,0,0
25-05 22:00,10.9,0.0,0.0,1.600000023841858,9.300000190734863,0,0,0,0
25-05 23:00,1.9,0.0,0.0,1.2999999523162842,0.6000000238418579,0,0,0,0
26-05 00:00,0.8,0.0,0.0,0.800000011920929,0.0,0,0,0,0
26-05 01:00,7.9,0.0,0.0,8.0,0.0,0,0,0,0
26-05 02:00,14.2,0.0,0.0,14.199999809265137,0.0,0,0,0,0
26-05 03:00,15.1,0.0,0.0,15.100000381469727,0.0,0,0,0,0
26-05 04:00,14.9,0.0,0.0,14.899999618530273,0.0,0,0,0,0
26-05 05:00,8.0,0.0,0.0,8.0,0.0,0,0,0,0
26-05 06:00,0.7,0.0,0.0,0.699999988079071,0.0,0,0,0,0
26-05 07:00,2.1,0.0,0.0,0.800000011920929,1.2999999523162842,0,0,0,0
26-05 08:00,6.2,0.0,0.0,0.8999999761581421,5.300000190734863,0,0,0,0
26-05 09:00,12.5,0.0,0.0,1.399999976158142,11.100000381469727,0,0,0,0
26-05 10:00,24.2,0.0,0.0,2.299999952316284,21.899999618530273,0,0,0,0
26-05 11:00,34.9,0.0,0.0,3.200000047683716,31.700000762939453,0,0,0,0
26-05 12:00,43.9,0.0,0.0,4.199999809265137,39.70000076293945,0,0,0,0
26-05 13:00,43.8,0.0,0.0,4.0,39.79999923706055,0,0,0,0
26-05 14:00,56.1,0.0,0.0,5.199999809265137,50.900001525878906,0,0,0,0
26-05 15:00,54.8,0.0,0.0,5.0,49.79999923706055,0,0,0,0
26-05 16:00,52.9,0.0,0.0,4.900000095367432,48.0,0,0,0,0
26-05 17:00,34.5,0.0,0.0,3.0999999046325684,31.399999618530273,0,0,0,0
26-05 18:00,25.5,0.0,0.0,2.4000000953674316,23.200000762939453,0,0,0,0
26-05 19:00,20.0,0.0,0.0,2.0,18.0,0,0,0,0
26-05 20:00,10.9,0.0,0.0,0.8999999761581421,10.0,0,0,0,0
26-05 21:00,6.2,0.0,0.0,0.800000011920929,5.400000095367432,0,0,0,0
26-05 22:00,2.7,0.0,0.0,0.800000011920929,1.899999976158142,0,0,0,0
26-05 23:00,0.8,0.0,0.0,0.800000011920929,0.0,0,0,0,0
27-05 00:00,9.7,0.0,0.0,9.699999809265137,0.0,0,0,0,0
27-05 01:00,17.5,0.0,0.0,17.5,0.0,0,0,0,0
27-05 02:00,17.2,0.0,0.0,17.200000762939453,0.0,0,0,0,0
27-05 03:00,15.9,0.0,0.0,15.899999618530273,0.0,0,0,0,0
27-05 04:00,16.5,0.0,0.0,16.5,0.0,0,0,0,0
27-05 05:00,22.6,0.0,0.0,22.600000381469727,0.0,0,0,0,0
27-05 06:00,23.5,0.0,0.0,23.5,0.0,0,0,0,0
27-05 07:00,27.9,0.0,0.0,24.700000762939453,3.200000047683716,0,0,0,0
27-05 08:00,25.6,0.0,0.0,18.0,7.599999904632568,0,0,0,0
27-05 09:00,22.0,0.0,0.0,11.300000190734863,10.699999809265137,0,0,0,0
27-05 10:00,25.8,0.0,0.0,11.899999618530273,13.899999618530273,0,0,0,0
27-05 11:00,22.7,0.0,0.0,6.0,16.799999237060547,0,0,0,0
27-05 12:00,29.2,0.0,0.0,7.599999904632568,21.600000381469727,0,0,0,0
27-05 13:00,40.3,0.0,0.0,10.699999809265137,29.600000381469727,0,0,0,0
27-05 14:00,42.4,0.0,0.0,10.899999618530273,31.5,0,0,0,0
27-05 15:00,47.5,0.0,0.0,12.699999809265137,34.79999923706055,0,0,0,0
27-05 16:00,47.2,0.0,0.0,12.5,34.599998474121094,0,0,0,0
27-05 17:00,33.6,0.0,0.0,8.899999618530273,24.700000762939453,0,0,0,0
27-05 18:00,26.1,0.0,0.0,6.800000190734863,19.299999237060547,0,0,0,0
27-05 19:00,21.6,0.0,0.0,5.800000190734863,15.800000190734863,0,0,0,0
27-05 20:00,21.9,0.0,0.0,11.0,10.899999618530273,0,0,0,0
27-05 21:00,24.3,0.0,0.0,17.5,6.800000190734863,0,0,0,0
27-05 22:00,19.4,0.0,0.0,18.100000381469727,1.2999999523162842,0,0,0,0
27-05 23:00,24.0,0.0,0.0,22.799999237060547,1.2000000476837158,0,0,0,0
28-05 00:00,19.8,0.0,0.0,19.799999237060547,0.0,0,0,0,0
28-05 01:00,17.5,0.0,0.0,17.5,0.0,0,0,0,0
28-05 02:00,16.6,0.0,0.0,16.600000381469727,0.0,0,0,0,0
28-05 03:00,24.5,0.0,0.0,24.5,0.0,0,0,0,0
28-05 04:00,23.8,0.0,0.0,23.799999237060547,0.0,0,0,0,0
28-05 05:00,25.0,0.0,0.0,25.0,0.0,0,0,0,0
28-05 06:00,30.5,0.0,0.0,27.399999618530273,3.0999999046325684,0,0,0,0
28-05 07:00,43.4,0.0,0.0,24.200000762939453,19.200000762939453,0,0,0,0
28-05 08:00,69.3,0.0,0.0,42.400001525878906,26.899999618530273,0,0,0,0
28-05 09:00,73.6,0.0,0.0,40.099998474121094,33.599998474121094,0,0,0,0
28-05 10:00,65.2,0.0,0.0,30.899999618530273,34.29999923706055,0,0,0,0
28-05 11:00,59.2,0.0,0.0,24.299999237060547,34.900001525878906,0,0,0,0
28-05 12:00,51.5,0.0,0.0,17.100000381469727,34.400001525878906,0,0,0,0
28-05 13:00,62.5,0.0,0.0,20.5,42.0,0,0,0,0
28-05 14:00,65.0,0.0,0.0,21.799999237060547,43.20000076293945,0,0,0,0
28-05 15:00,80.7,0.0,0.0,26.799999237060547,53.79999923706055,0,0,0,0
28-05 16:00,87.6,0.0,0.0,29.299999237060547,58.29999923706055,0,0,0,0
28-05 17:00,91.9,0.0,0.0,29.899999618530273,62.0,0,0,0,0
28-05 18:00,90.3,0.0,0.0,30.200000762939453,60.099998474121094,0,0,0,0
28-05 19:00,71.1,0.0,0.0,23.5,47.599998474121094,0,0,0,0
28-05 20:00,65.7,0.0,0.0,31.299999237060547,34.400001525878906,0,0,0,0
28-05 21:00,42.6,0.0,0.0,23.799999237060547,18.799999237060547,0,0,0,0
28-05 22:00,32.0,0.0,0.0,23.5,8.5,0,0,0,0
28-05 23:00,32.0,0.0,0.0,31.399999618530273,0.6000000238418579,0,0,0,0
29-05 00:00,41.0,0.0,0.0,41.0,0.0,0,0,0,0
29-05 01:00,49.2,0.0,0.0,49.20000076293945,0.0,0,0,0,0
29-05 02:00,47.8,0.0,0.0,47.79999923706055,0.0,0,0,0,0
29-05 03:00,45.9,0.0,0.0,45.900001525878906,0.0,0,0,0,0
29-05 04:00,51.1,0.0,0.0,51.099998474121094,0.0,0,0,0,0
29-05 05:00,45.7,0.0,0.0,45.70000076293945,0.0,0,0,0,0
29-05 06:00,48.2,0.0,0.0,45.099998474121094,3.0999999046325684,0,0,0,0
29-05 07:00,62.9,0.0,0.0,43.79999923706055,19.200000762939453,0,0,0,0
29-05 08:00,63.2,0.0,0.0,35.599998474121094,27.399999618530273,0,0,0,0
29-05 09:00,58.8,0.0,0.0,25.899999618530273,32.900001525878906,0,0,0,0
29-05 10:00,67.0,0.0,0.0,32.79999923706055,34.20000076293945,0,0,0,0
29-05 11:00,63.0,0.0,0.0,27.100000381469727,35.900001525878906,0,0,0,0
29-05 12:00,61.6,0.0,0.0,26.5,35.099998474121094,0,0,0,0
29-05 13:00,73.0,0.0,0.0,31.100000381469727,41.900001525878906,0,0,0,0
29-05 14:00,76.8,0.0,0.0,33.20000076293945,43.599998474121094,0,0,0,0
29-05 15:00,93.4,0.0,0.0,40.20000076293945,53.20000076293945,0,0,0,0
29-05 16:00,104.6,0.0,0.0,45.20000076293945,59.400001525878906,0,0,0,0
29-05 17:00,111.6,0.0,0.0,47.099998474121094,64.5,0,0,0,0
29-05 18:00,103.7,0.0,0.0,44.79999923706055,58.900001525878906,0,0,0,0
29-05 19:00,91.9,0.0,0.0,43.29999923706055,48.599998474121094,0,0,0,0
29-05 20:00,76.7,0.0,0.0,41.29999923706055,35.400001525878906,0,0,0,0
29-05 21:00,55.6,0.0,0.0,36.5,19.200000762939453,0,0,0,0
29-05 22:00,45.0,0.0,0.0,35.599998474121094,9.399999618530273,0,0,0,0
29-05 23:00,41.2,0.0,0.0,40.599998474121094,0.6000000238418579,0,0,0,0
30-05 00:00,39.8,0.0,0.0,39.79999923706055,0.0,0,0,0,0
30-05 01:00,37.2,0.0,0.0,37.20000076293945,0.0,0,0,0,0
30-05 02:00,38.2,0.0,0.0,38.20000076293945,0.0,0,0,0,0
30-05 03:00,37.9,0.0,0.0,37.900001525878906,0.0,0,0,0,0
30-05 04:00,31.4,0.0,0.0,31.399999618530273,0.0,0,0,0,0
30-05 05:00,32.2,0.0,0.0,32.20000076293945,0.0,0,0,0,0
30-05 06:00,28.3,0.0,0.0,25.399999618530273,2.9000000953674316,0,0,0,0
30-05 07:00,42.1,0.0,0.0,23.299999237060547,18.799999237060547,0,0,0,0
30-05 08:00,55.3,0.0,0.0,27.899999618530273,27.399999618530273,0,0,0,0
30-05 09:00,52.7,0.0,0.0,22.100000381469727,30.600000381469727,0,0,0,0
30-05 10:00,54.4,0.0,0.0,22.0,32.400001525878906,0,0,0,0
30-05 11:00,54.0,0.0,0.0,17.399999618530273,36.599998474121094,0,0,0,0
30-05 12:00,56.1,0.0,0.0,18.100000381469727,38.0,0,0,0,0
30-05 13:00,59.6,0.0,0.0,19.0,40.599998474121094,0,0,0,0
30-05 14:00,64.5,0.0,0.0,20.899999618530273,43.599998474121094,0,0,0,0
30-05 15:00,80.7,0.0,0.0,26.0,54.70000076293945,0,0,0,0
30-05 16:00,87.8,0.0,0.0,28.399999618530273,59.29999923706055,0,0,0,0
30-05 17:00,93.1,0.0,0.0,29.299999237060547,63.79999923706055,0,0,0,0
30-05 18:00,88.7,0.0,0.0,28.700000762939453,60.0,0,0,0,0
30-05 19:00,71.4,0.0,0.0,22.899999618530273,48.5,0,0,0,0
30-05 20:00,50.2,0.0,0.0,16.200000762939453,34.0,0,0,0,0
30-05 21:00,28.8,0.0,0.0,9.300000190734863,19.5,0,0,0,0
30-05 22:00,22.7,0.0,0.0,12.5,10.199999809265137,0,0,0,0
30-05 23:00,11.2,0.0,0.0,10.600000381469727,0.6000000238418579,0,0,0,0
31-05 00:00,9.1,0.0,0.0,9.100000381469727,0.0,0,0,0,0
31-05 01:00,8.9,0.0,0.0,8.899999618530273,0.0,0,0,0,0
31-05 02:00,16.1,0.0,0.0,16.100000381469727,0.0,0,0,0,0
31-05 03:00,24.0,0.0,0.0,24.0,0.0,0,0,0,0
31-05 04:00,30.3,0.0,0.0,30.299999237060547,0.0,0,0,0,0
31-05 05:00,23.8,0.0,0.0,23.799999237060547,0.0,0,0,0,0
31-05 06:00,17.3,0.0,0.0,17.299999237060547,0.0,0,0,0,0
31-05 07:00,11.3,0.0,0.0,8.399999618530273,2.9000000953674316,0,0,0,0
31-05 08:00,10.2,0.0,0.0,2.200000047683716,8.0,0,0,0,0
31-05 09:00,12.6,0.0,0.0,2.4000000953674316,10.199999809265137,0,0,0,0
31-05 10:00,17.1,0.0,0.0,3.0,14.100000381469727,0,0,0,0
31-05 11:00,21.3,0.0,0.0,3.9000000953674316,17.399999618530273,0,0,0,0
31-05 12:00,25.8,0.0,0.0,4.699999809265137,21.100000381469727,0,0,0,0
31-05 13:00,36.5,0.0,0.0,6.699999809265137,29.799999237060547,0,0,0,0
31-05 14:00,37.7,0.0,0.0,6.699999809265137,31.0,0,0,0,0
31-05 15:00,45.2,0.0,0.0,8.399999618530273,36.79999923706055,0,0,0,0
31-05 16:00,41.4,0.0,0.0,7.599999904632568,33.79999923706055,0,0,0,0
31-05 17:00,33.1,0.0,0.0,6.099999904632568,27.0,0,0,0,0
31-05 18:00,23.5,0.0,0.0,4.300000190734863,19.200000762939453,0,0,0,0
31-05 19:00,19.3,0.0,0.0,3.5999999046325684,15.699999809265137,0,0,0,0
31-05 20:00,15.4,0.0,0.0,4.099999904632568,11.300000190734863,0,0,0,0
31-05 21:00,10.3,0.0,0.0,3.5,6.800000190734863,0,0,0,0
31-05 22:00,6.8,0.0,0.0,5.5,1.2999999523162842,0,0,0,0
31-05 23:00,8.2,0.0,0.0,7.0,1.2000000476837158,0,0,0,0
01-06 00:00,6.0,0.0,0.0,6.0,0.0,0,0,0,0
01-06 01:00,8.6,0.0,0.0,8.600000381469727,0.0,0,0,0,0
01-06 02:00,7.8,0.0,0.0,7.800000190734863,0.0,0,0,0,0
01-06 03:00,6.1,0.0,0.0,6.0,0.0,0,0,0,0
01-06 04:00,1.7,0.0,0.0,1.7000000476837158,0.0,0,0,0,0
01-06 05:00,0.3,0.0,0.0,0.30000001192092896,0.0,0,0,0,0
01-06 06:00,3.8,0.0,0.0,0.6000000238418579,3.200000047683716,0,0,0,0
01-06 07:00,20.0,0.0,0.0,0.8999999761581421,19.100000381469727,0,0,0,0
01-06 08:00,28.8,0.0,0.0,1.399999976158142,27.399999618530273,0,0,0,0
01-06 09:00,31.4,0.0,0.0,1.5,29.899999618530273,0,0,0,0
01-06 10:00,37.7,0.0,0.0,1.7999999523162842,35.900001525878906,0,0,0,0
01-06 11:00,38.3,0.0,0.0,1.7999999523162842,36.5,0,0,0,0
01-06 12:00,40.5,0.0,0.0,1.899999976158142,38.599998474121094,0,0,0,0
01-06 13:00,39.9,0.0,0.0,1.7999999523162842,38.099998474121094,0,0,0,0
01-06 14:00,49.2,0.0,0.0,2.299999952316284,46.900001525878906,0,0,0,0
01-06 15:00,56.1,0.0,0.0,2.5999999046325684,53.5,0,0,0,0
01-06 16:00,64.5,0.0,0.0,3.0,61.599998474121094,0,0,0,0
01-06 17:00,67.9,0.0,0.0,3.0999999046325684,64.80000305175781,0,0,0,0
01-06 18:00,59.7,0.0,0.0,2.799999952316284,56.900001525878906,0,0,0,0
01-06 19:00,53.4,0.0,0.0,2.5,50.900001525878906,0,0,0,0
01-06 20:00,36.3,0.0,0.0,1.7000000476837158,34.599998474121094,0,0,0,0
01-06 21:00,20.4,0.0,0.0,1.0,19.5,0,0,0,0
01-06 22:00,9.7,0.0,0.0,0.4000000059604645,9.300000190734863,0,0,0,0
01-06 23:00,0.9,0.0,0.0,0.30000001192092896,0.6000000238418579,0,0,0,0
02-06 00:00,0.0,0.0,0.0,0.0,0.0,0,0,0,0
02-06 01:00,0.0,0.0,0.0,0.0,0.0,0,0,0,0
02-06 02:00,0.0,0.0,0.0,0.0,0.0,0,0,0,0
02-06 03:00,0.0,0.0,0.0,0.0,0.0,0,0,0,0
02-06 04:00,0.0,0.0,0.0,0.0,0.0,0,0,0,0
02-06 05:00,0.0,0.0,0.0,0.0,0.0,0,0,0,0
02-06 06:00,0.0,0.0,0.0,0.0,0.0,0,0,0,0
02-06 07:00,1.3,0.0,0.0,0.0,1.2999999523162842,0,0,0,0
02-06 08:00,5.8,0.0,0.0,0.0,5.800000190734863,0,0,0,0
02-06 09:00,12.1,0.0,0.0,0.0,12.100000381469727,0,0,0,0
02-06 10:00,22.4,0.0,0.0,0.0,22.399999618530273,0,0,0,0
02-06 11:00,32.0,0.0,0.0,0.0,32.0,0,0,0,0
02-06 12:00,40.9,0.0,0.0,0.0,40.900001525878906,0,0,0,0
02-06 13:00,43.9,0.0,0.0,0.0,43.900001525878906,0,0,0,0
02-06 14:00,49.0,0.0,0.0,0.0,49.0,0,0,0,0
02-06 15:00,49.4,0.0,0.0,0.0,49.400001525878906,0,0,0,0
02-06 16:00,51.9,0.0,0.0,0.0,51.900001525878906,0,0,0,0
02-06 17:00,31.7,0.0,0.0,0.0,31.700000762939453,0,0,0,0
02-06 18:00,26.5,0.0,0.0,0.0,26.399999618530273,0,0,0,0
02-06 19:00,18.1,0.0,0.0,0.0,18.200000762939453,0,0,0,0
02-06 20:00,10.0,0.0,0.0,0.0,10.0,0,0,0,0
02-06 21:00,5.3,0.0,0.0,0.0,5.300000190734863,0,0,0,0
02-06 22:00,2.0,0.0,0.0,0.0,2.0,0,0,0,0
02-06 23:00,0.0,0.0,0.0,0.0,0.0,0,0,0,0
03-06 00:00,0.1,0.0,0.0,0.10000000149011612,0.0,0,0,0,0
03-06 01:00,0.1,0.0,0.0,0.10000000149011612,0.0,0,0,0,0
03-06 02:00,0.1,0.0,0.0,0.10000000149011612,0.0,0,0,0,0
03-06 03:00,7.0,0.0,0.0,7.0,0.0,0,0,0,0
03-06 04:00,0.1,0.0,0.0,0.10000000149011612,0.0,0,0,0,0
03-06 05:00,0.1,0.0,0.0,0.10000000149011612,0.0,0,0,0,0
03-06 06:00,0.1,0.0,0.0,0.10000000149011612,0.0,0,0,0,0
03-06 07:00,3.1,0.0,0.0,0.10000000149011612,3.0,0,0,0,0
03-06 08:00,7.5,0.0,0.0,0.10000000149011612,7.400000095367432,0,0,0,0
03-06 09:00,11.0,0.0,0.0,0.10000000149011612,10.899999618530273,0,0,0,0
03-06 10:00,14.6,0.0,0.0,0.20000000298023224,14.399999618530273,0,0,0,0
03-06 11:00,17.2,0.0,0.0,0.20000000298023224,17.0,0,0,0,0
03-06 12:00,20.8,0.0,0.0,0.20000000298023224,20.600000381469727,0,0,0,0
03-06 13:00,32.2,0.0,0.0,0.4000000059604645,31.799999237060547,0,0,0,0
03-06 14:00,29.6,0.0,0.0,0.30000001192092896,29.299999237060547,0,0,0,0
03-06 15:00,35.7,0.0,0.0,0.4000000059604645,35.29999923706055,0,0,0,0
03-06 16:00,32.7,0.0,0.0,0.4000000059604645,32.29999923706055,0,0,0,0
03-06 17:00,25.9,0.0,0.0,0.30000001192092896,25.600000381469727,0,0,0,0
03-06 18:00,19.4,0.0,0.0,0.20000000298023224,19.200000762939453,0,0,0,0
03-06 19:00,15.3,0.0,0.0,0.20000000298023224,15.199999809265137,0,0,0,0
03-06 20:00,10.9,0.0,0.0,0.10000000149011612,10.800000190734863,0,0,0,0
03-06 21:00,6.6,0.0,0.0,0.10000000149011612,6.5,0,0,0,0
03-06 22:00,1.3,0.0,0.0,0.10000000149011612,1.2000000476837158,0,0,0,0
03-06 23:00,1.4,0.0,0.0,0.10000000149011612,1.2999999523162842,0,0,0,0
04-06 00:00,0.0,0.0,0.0,0.0,0.0,0,0,0,0
04-06 01:00,0.0,0.0,0.0,0.0,0.0,0,0,0,0
04-06 02:00,0.0,0.0,0.0,0.0,0.0,0,0,0,0
04-06 03:00,0.0,0.0,0.0,0.0,0.0,0,0,0,0
04-06 04:00,0.0,0.0,0.0,0.0,0.0,0,0,0,0
04-06 05:00,0.0,0.0,0.0,0.0,0.0,0,0,0,0
04-06 06:00,3.0,0.0,0.0,0.0,3.0,0,0,0,0
04-06 07:00,19.0,0.0,0.0,0.0,19.0,0,0,0,0
04-06 08:00,26.7,0.0,0.0,0.0,26.700000762939453,0,0,0,0
04-06 09:00,31.1,0.0,0.0,0.0,31.100000381469727,0,0,0,0
04-06 10:00,37.5,0.0,0.0,0.0,37.599998474121094,0,0,0,0
04-06 11:00,40.7,0.0,0.0,0.0,40.70000076293945,0,0,0,0
04-06 12:00,36.7,0.0,0.0,0.0,36.70000076293945,0,0,0,0
04-06 13:00,41.2,0.0,0.0,0.0,41.20000076293945,0,0,0,0
04-06 14:00,43.3,0.0,0.0,0.0,43.29999923706055,0,0,0,0
04-06 15:00,50.2,0.0,0.0,0.0,50.20000076293945,0,0,0,0
04-06 16:00,57.2,0.0,0.0,0.0,57.20000076293945,0,0,0,0
04-06 17:00,60.3,0.0,0.0,0.0,60.29999923706055,0,0,0,0
04-06 18:00,60.8,0.0,0.0,0.0,60.79999923706055,0,0,0,0
04-06 19:00,49.7,0.0,0.0,0.0,49.70000076293945,0,0,0,0
04-06 20:00,32.0,0.0,0.0,0.0,32.0,0,0,0,0
04-06 21:00,18.6,0.0,0.0,0.0,18.600000381469727,0,0,0,0
04-06 22:00,8.8,0.0,0.0,0.0,8.800000190734863,0,0,0,0
04-06 23:00,0.6,0.0,0.0,0.0,0.6000000238418579,0,0,0,0
05-06 00:00,0.1,0.0,0.0,0.10000000149011612,0.0,0,0,0,0
05-06 01:00,0.1,0.0,0.0,0.10000000149011612,0.0,0,0,0,0
05-06 02:00,0.1,0.0,0.0,0.10000000149011612,0.0,0,0,0,0
05-06 03:00,0.1,0.0,0.0,0.10000000149011612,0.0,0,0,0,0
05-06 04:00,6.8,0.0,0.0,6.800000190734863,0.0,0,0,0,0
05-06 05:00,0.1,0.0,0.0,0.10000000149011612,0.0,0,0,0,0
05-06 06:00,3.5,0.0,0.0,0.20000000298023224,3.299999952316284,0,0,0,0
05-06 07:00,18.8,0.0,0.0,0.20000000298023224,18.600000381469727,0,0,0,0
05-06 08:00,27.8,0.0,0.0,0.30000001192092896,27.5,0,0,0,0
05-06 09:00,31.4,0.0,0.0,0.4000000059604645,31.0,0,0,0,0
05-06 10:00,34.0,0.0,0.0,0.4000000059604645,33.599998474121094,0,0,0,0
05-06 11:00,36.1,0.0,0.0,0.4000000059604645,35.599998474121094,0,0,0,0
05-06 12:00,38.2,0.0,0.0,0.5,37.70000076293945,0,0,0,0
05-06 13:00,40.0,0.0,0.0,0.5,39.599998474121094,0,0,0,0
05-06 14:00,42.0,0.0,0.0,0.5,41.599998474121094,0,0,0,0
05-06 15:00,52.3,0.0,0.0,0.6000000238418579,51.70000076293945,0,0,0,0
05-06 16:00,57.9,0.0,0.0,0.699999988079071,57.20000076293945,0,0,0,0
05-06 17:00,64.8,0.0,0.0,0.800000011920929,64.0,0,0,0,0
05-06 18:00,57.9,0.0,0.0,0.699999988079071,57.20000076293945,0,0,0,0
05-06 19:00,51.3,0.0,0.0,0.6000000238418579,50.70000076293945,0,0,0,0
05-06 20:00,32.7,0.0,0.0,0.4000000059604645,32.29999923706055,0,0,0,0
05-06 21:00,19.4,0.0,0.0,0.20000000298023224,19.200000762939453,0,0,0,0
05-06 22:00,8.9,0.0,0.0,0.10000000149011612,8.800000190734863,0,0,0,0
05-06 23:00,0.7,0.0,0.0,0.10000000149011612,0.6000000238418579,0,0,0,0
06-06 00:00,0.0,0.0,0.0,0.0,0.0,0,0,0,0
06-06 01:00,0.0,0.0,0.0,0.0,0.0,0,0,0,0
06-06 02:00,0.0,0.0,0.0,0.0,0.0,0,0,0,0
06-06 03:00,0.0,0.0,0.0,0.0,0.0,0,0,0,0
06-06 04:00,0.0,0.0,0.0,0.0,0.0,0,0,0,0
06-06 05:00,0.0,0.0,0.0,0.0,0.0,0,0,0,0
06-06 06:00,2.9,0.0,0.0,0.0,2.9000000953674316,0,0,0,0
06-06 07:00,16.9,0.0,0.0,0.0,16.899999618530273,0,0,0,0
06-06 08:00,26.9,0.0,0.0,0.0,26.899999618530273,0,0,0,0
06-06 09:00,33.2,0.0,0.0,0.0,33.20000076293945,0,0,0,0
06-06 10:00,33.9,0.0,0.0,0.0,33.900001525878906,0,0,0,0
06-06 11:00,34.5,0.0,0.0,0.0,34.5,0,0,0,0
06-06 12:00,34.8,0.0,0.0,0.0,34.79999923706055,0,0,0,0
06-06 13:00,42.3,0.0,0.0,0.0,42.29999923706055,0,0,0,0
06-06 14:00,39.4,0.0,0.0,0.0,39.400001525878906,0,0,0,0
06-06 15:00,52.7,0.0,0.0,0.0,52.70000076293945,0,0,0,0
06-06 16:00,55.4,0.0,0.0,0.0,55.400001525878906,0,0,0,0
06-06 17:00,63.9,0.0,0.0,0.0,63.900001525878906,0,0,0,0
06-06 18:00,58.3,0.0,0.0,0.0,58.29999923706055,0,0,0,0
06-06 19:00,48.1,0.0,0.0,0.0,48.099998474121094,0,0,0,0
06-06 20:00,35.4,0.0,0.0,0.0,35.400001525878906,0,0,0,0
06-06 21:00,18.4,0.0,0.0,0.0,18.399999618530273,0,0,0,0
06-06 22:00,9.4,0.0,0.0,0.0,9.399999618530273,0,0,0,0
06-06 23:00,0.6,0.0,0.0,0.0,0.6000000238418579,0,0,0,0
07-06 00:00,0.0,0.0,0.0,0.0,0.0,0,0,0,0
07-06 01:00,0.0,0.0,0.0,0.0,0.0,0,0,0,0
07-06 02:00,0.0,0.0,0.0,0.0,0.0,0,0,0,0
07-06 03:00,0.0,0.0,0.0,0.0,0.0,0,0,0,0
07-06 04:00,0.0,0.0,0.0,0.0,0.0,0,0,0,0
07-06 05:00,0.0,0.0,0.0,0.0,0.0,0,0,0,0
07-06 06:00,2.9,0.0,0.0,0.0,2.9000000953674316,0,0,0,0
07-06 07:00,17.3,0.0,0.0,0.0,17.299999237060547,0,0,0,0
07-06 08:00,26.4,0.0,0.0,0.0,26.399999618530273,0,0,0,0
07-06 09:00,31.0,0.0,0.0,0.0,31.0,0,0,0,0
07-06 10:00,35.3,0.0,0.0,0.0,35.29999923706055,0,0,0,0
07-06 11:00,35.2,0.0,0.0,0.0,35.20000076293945,0,0,0,0
07-06 12:00,35.8,0.0,0.0,0.0,35.79999923706055,0,0,0,0
07-06 13:00,41.9,0.0,0.0,0.0,41.900001525878906,0,0,0,0
07-06 14:00,45.7,0.0,0.0,0.0,45.70000076293945,0,0,0,0
07-06 15:00,52.7,0.0,0.0,0.0,52.70000076293945,0,0,0,0
07-06 16:00,57.1,0.0,0.0,0.0,57.099998474121094,0,0,0,0
07-06 17:00,60.1,0.0,0.0,0.0,60.099998474121094,0,0,0,0
07-06 18:00,57.7,0.0,0.0,0.0,57.70000076293945,0,0,0,0
07-06 19:00,51.0,0.0,0.0,0.0,51.0,0,0,0,0
07-06 20:00,34.0,0.0,0.0,0.0,34.0,0,0,0,0
07-06 21:00,18.8,0.0,0.0,0.0,18.799999237060547,0,0,0,0
07-06 22:00,10.1,0.0,0.0,0.0,10.100000381469727,0,0,0,0
07-06 23:00,0.6,0.0,0.0,0.0,0.6000000238418579,0,0,0,0
08-06 00:00,16.2,0.0,0.0,16.200000762939453,0.0,0,0,0,0
08-06 01:00,16.4,0.0,0.0,16.399999618530273,0.0,0,0,0,0
08-06 02:00,23.5,0.0,0.0,23.5,0.0,0,0,0,0
08-06 03:00,29.9,0.0,0.0,29.899999618530273,0.0,0,0,0,0
08-06 04:00,27.9,0.0,0.0,27.899999618530273,0.0,0,0,0,0
08-06 05:00,22.8,0.0,0.0,22.799999237060547,0.0,0,0,0,0
08-06 06:00,12.8,0.0,0.0,9.800000190734863,3.0,0,0,0,0
08-06 07:00,21.7,0.0,0.0,4.099999904632568,17.600000381469727,0,0,0,0
08-06 08:00,34.3,0.0,0.0,6.599999904632568,27.700000762939453,0,0,0,0
08-06 09:00,41.3,0.0,0.0,8.100000381469727,33.20000076293945,0,0,0,0
08-06 10:00,40.5,0.0,0.0,7.699999809265137,32.79999923706055,0,0,0,0
08-06 11:00,42.9,0.0,0.0,8.199999809265137,34.79999923706055,0,0,0,0
08-06 12:00,48.2,0.0,0.0,9.100000381469727,39.099998474121094,0,0,0,0
08-06 13:00,48.0,0.0,0.0,9.0,39.0,0,0,0,0
08-06 14:00,52.8,0.0,0.0,10.100000381469727,42.70000076293945,0,0,0,0
08-06 15:00,64.3,0.0,0.0,12.199999809265137,52.099998474121094,0,0,0,0
08-06 16:00,71.2,0.0,0.0,13.600000381469727,57.599998474121094,0,0,0,0
08-06 17:00,73.6,0.0,0.0,13.600000381469727,60.0,0,0,0,0
08-06 18:00,74.9,0.0,0.0,14.300000190734863,60.599998474121094,0,0,0,0
08-06 19:00,59.1,0.0,0.0,11.100000381469727,48.0,0,0,0,0
08-06 20:00,41.5,0.0,0.0,7.900000095367432,33.599998474121094,0,0,0,0
08-06 21:00,22.4,0.0,0.0,4.199999809265137,18.200000762939453,0,0,0,0
08-06 22:00,11.3,0.0,0.0,2.0999999046325684,9.199999809265137,0,0,0,0
08-06 23:00,2.3,0.0,0.0,1.7000000476837158,0.6000000238418579,0,0,0,0
09-06 00:00,16.4,0.0,0.0,16.399999618530273,0.0,0,0,0,0
09-06 01:00,16.1,0.0,0.0,16.100000381469727,0.0,0,0,0,0
09-06 02:00,22.5,0.0,0.0,22.5,0.0,0,0,0,0
09-06 03:00,22.0,0.0,0.0,22.0,0.0,0,0,0,0
09-06 04:00,21.8,0.0,0.0,21.799999237060547,0.0,0,0,0,0
09-06 05:00,1.1,0.0,0.0,1.100000023841858,0.0,0,0,0,0
09-06 06:00,1.2,0.0,0.0,1.2000000476837158,0.0,0,0,0,0
09-06 07:00,2.5,0.0,0.0,1.2999999523162842,1.2000000476837158,0,0,0,0
09-06 08:00,7.4,0.0,0.0,1.600000023841858,5.800000190734863,0,0,0,0
09-06 09:00,13.7,0.0,0.0,2.299999952316284,11.399999618530273,0,0,0,0
09-06 10:00,25.6,0.0,0.0,3.799999952316284,21.799999237060547,0,0,0,0
09-06 11:00,35.1,0.0,0.0,5.099999904632568,30.0,0,0,0,0
09-06 12:00,44.0,0.0,0.0,6.5,37.5,0,0,0,0
09-06 13:00,53.5,0.0,0.0,7.699999809265137,45.79999923706055,0,0,0,0
09-06 14:00,56.3,0.0,0.0,8.199999809265137,48.20000076293945,0,0,0,0
09-06 15:00,58.2,0.0,0.0,8.199999809265137,50.0,0,0,0,0
09-06 16:00,52.9,0.0,0.0,7.599999904632568,45.29999923706055,0,0,0,0
09-06 17:00,37.8,0.0,0.0,5.300000190734863,32.400001525878906,0,0,0,0
09-06 18:00,27.9,0.0,0.0,4.0,23.799999237060547,0,0,0,0
09-06 19:00,19.8,0.0,0.0,3.0999999046325684,16.700000762939453,0,0,0,0
09-06 20:00,12.0,0.0,0.0,1.600000023841858,10.399999618530273,0,0,0,0
09-06 21:00,7.4,0.0,0.0,1.5,5.900000095367432,0,0,0,0
09-06 22:00,3.1,0.0,0.0,1.2999999523162842,1.7999999523162842,0,0,0,0
09-06 23:00,1.3,0.0,0.0,1.2999999523162842,0.0,0,0,0,0
10-06 00:00,0.2,0.0,0.0,0.20000000298023224,0.0,0,0,0,0
10-06 01:00,0.2,0.0,0.0,0.20000000298023224,0.0,0,0,0,0
10-06 02:00,0.1,0.0,0.0,0.10000000149011612,0.0,0,0,0,0
10-06 03:00,0.1,0.0,0.0,0.10000000149011612,0.0,0,0,0,0
10-06 04:00,0.1,0.0,0.0,0.10000000149011612,0.0,0,0,0,0
10-06 05:00,0.2,0.0,0.0,0.20000000298023224,0.0,0,0,0,0
10-06 06:00,0.2,0.0,0.0,0.20000000298023224,0.0,0,0,0,0
10-06 07:00,3.3,0.0,0.0,0.20000000298023224,3.0999999046325684,0,0,0,0
10-06 08:00,7.9,0.0,0.0,0.20000000298023224,7.699999809265137,0,0,0,0
10-06 09:00,11.2,0.0,0.0,0.30000001192092896,10.899999618530273,0,0,0,0
10-06 10:00,14.1,0.0,0.0,0.30000001192092896,13.800000190734863,0,0,0,0
10-06 11:00,17.3,0.0,0.0,0.4000000059604645,16.899999618530273,0,0,0,0
10-06 12:00,22.9,0.0,0.0,0.5,22.399999618530273,0,0,0,0
10-06 13:00,29.3,0.0,0.0,0.699999988079071,28.600000381469727,0,0,0,0
10-06 14:00,34.0,0.0,0.0,0.800000011920929,33.20000076293945,0,0,0,0
10-06 15:00,34.8,0.0,0.0,0.800000011920929,34.0,0,0,0,0
10-06 16:00,36.4,0.0,0.0,0.8999999761581421,35.5,0,0,0,0
10-06 17:00,28.0,0.0,0.0,0.699999988079071,27.299999237060547,0,0,0,0
10-06 18:00,18.3,0.0,0.0,0.4000000059604645,17.899999618530273,0,0,0,0
10-06 19:00,15.3,0.0,0.0,0.4000000059604645,14.899999618530273,0,0,0,0
10-06 20:00,11.0,0.0,0.0,0.30000001192092896,10.699999809265137,0,0,0,0
10-06 21:00,6.8,0.0,0.0,0.20000000298023224,6.599999904632568,0,0,0,0
10-06 22:00,1.4,0.0,0.0,0.20000000298023224,1.2000000476837158,0,0,0,0
10-06 23:00,16.1,0.0,0.0,14.800000190734863,1.2000000476837158,0,0,0,0
11-06 00:00,24.0,0.0,0.0,24.0,0.0,0,0,0,0
11-06 01:00,18.6,0.0,0.0,18.600000381469727,0.0,0,0,0,0
11-06 02:00,16.0,0.0,0.0,16.0,0.0,0,0,0,0
11-06 03:00,23.4,0.0,0.0,23.399999618530273,0.0,0,0,0,0
11-06 04:00,30.9,0.0,0.0,30.899999618530273,0.0,0,0,0,0
11-06 05:00,31.2,0.0,0.0,31.200000762939453,0.0,0,0,0,0
11-06 06:00,29.7,0.0,0.0,26.5,3.200000047683716,0,0,0,0
11-06 07:00,46.3,0.0,0.0,27.799999237060547,18.5,0,0,0,0
11-06 08:00,42.6,0.0,0.0,16.200000762939453,26.5,0,0,0,0
11-06 09:00,41.6,0.0,0.0,10.699999809265137,30.799999237060547,0,0,0,0
11-06 10:00,46.0,0.0,0.0,11.5,34.5,0,0,0,0
11-06 11:00,45.3,0.0,0.0,11.300000190734863,34.0,0,0,0,0
11-06 12:00,46.6,0.0,0.0,11.600000381469727,35.0,0,0,0,0
11-06 13:00,52.7,0.0,0.0,13.0,39.70000076293945,0,0,0,0
11-06 14:00,58.0,0.0,0.0,14.600000381469727,43.400001525878906,0,0,0,0
11-06 15:00,69.2,0.0,0.0,17.299999237060547,51.900001525878906,0,0,0,0
11-06 16:00,71.3,0.0,0.0,17.899999618530273,53.400001525878906,0,0,0,0
11-06 17:00,80.8,0.0,0.0,19.700000762939453,61.099998474121094,0,0,0,0
11-06 18:00,73.6,0.0,0.0,18.5,55.099998474121094,0,0,0,0
11-06 19:00,65.7,0.0,0.0,16.299999237060547,49.400001525878906,0,0,0,0
11-06 20:00,45.6,0.0,0.0,11.399999618530273,34.20000076293945,0,0,0,0
11-06 21:00,24.9,0.0,0.0,6.199999809265137,18.700000762939453,0,0,0,0
11-06 22:00,12.6,0.0,0.0,3.0999999046325684,9.5,0,0,0,0
11-06 23:00,18.1,0.0,0.0,17.399999618530273,0.6000000238418579,0,0,0,0
12-06 00:00,22.8,0.0,0.0,22.799999237060547,0.0,0,0,0,0
12-06 01:00,30.1,0.0,0.0,30.100000381469727,0.0,0,0,0,0
12-06 02:00,36.4,0.0,0.0,36.400001525878906,0.0,0,0,0,0
12-06 03:00,31.7,0.0,0.0,31.700000762939453,0.0,0,0,0,0
12-06 04:00,38.3,0.0,0.0,38.29999923706055,0.0,0,0,0,0
12-06 05:00,15.9,0.0,0.0,15.800000190734863,0.0,0,0,0,0
12-06 06:00,6.9,0.0,0.0,3.799999952316284,3.0999999046325684,0,0,0,0
12-06 07:00,24.8,0.0,0.0,5.599999904632568,19.100000381469727,0,0,0,0
12-06 08:00,31.7,0.0,0.0,7.300000190734863,24.399999618530273,0,0,0,0
12-06 09:00,41.6,0.0,0.0,9.800000190734863,31.799999237060547,0,0,0,0
12-06 10:00,47.0,0.0,0.0,10.800000190734863,36.20000076293945,0,0,0,0
12-06 11:00,45.9,0.0,0.0,10.5,35.400001525878906,0,0,0,0
12-06 12:00,49.5,0.0,0.0,11.300000190734863,38.20000076293945,0,0,0,0
12-06 13:00,55.4,0.0,0.0,12.5,42.900001525878906,0,0,0,0
12-06 14:00,54.7,0.0,0.0,12.600000381469727,42.099998474121094,0,0,0,0
12-06 15:00,68.0,0.0,0.0,15.600000381469727,52.400001525878906,0,0,0,0
12-06 16:00,76.8,0.0,0.0,17.700000762939453,59.099998474121094,0,0,0,0
12-06 17:00,76.2,0.0,0.0,17.0,59.20000076293945,0,0,0,0
12-06 18:00,78.3,0.0,0.0,18.0,60.29999923706055,0,0,0,0
12-06 19:00,65.7,0.0,0.0,14.899999618530273,50.79999923706055,0,0,0,0
12-06 20:00,44.4,0.0,0.0,10.199999809265137,34.20000076293945,0,0,0,0
12-06 21:00,23.1,0.0,0.0,5.300000190734863,17.799999237060547,0,0,0,0
12-06 22:00,11.7,0.0,0.0,2.5999999046325684,9.100000381469727,0,0,0,0
12-06 23:00,9.5,0.0,0.0,8.899999618530273,0.6000000238418579,0,0,0,0
13-06 00:00,16.9,0.0,0.0,16.899999618530273,0.0,0,0,0,0
13-06 01:00,15.9,0.0,0.0,15.899999618530273,0.0,0,0,0,0
13-06 02:00,22.0,0.0,0.0,22.0,0.0,0,0,0,0
13-06 03:00,22.8,0.0,0.0,22.799999237060547,0.0,0,0,0,0
13-06 04:00,28.7,0.0,0.0,28.700000762939453,0.0,0,0,0,0
13-06 05:00,30.0,0.0,0.0,30.0,0.0,0,0,0,0
13-06 06:00,19.9,0.0,0.0,16.899999618530273,3.0,0,0,0,0
13-06 07:00,31.4,0.0,0.0,12.399999618530273,19.0,0,0,0,0
13-06 08:00,34.1,0.0,0.0,7.099999904632568,27.0,0,0,0,0
13-06 09:00,39.5,0.0,0.0,8.399999618530273,31.100000381469727,0,0,0,0
13-06 10:00,42.1,0.0,0.0,8.699999809265137,33.400001525878906,0,0,0,0
13-06 11:00,45.5,0.0,0.0,9.399999618530273,36.099998474121094,0,0,0,0
13-06 12:00,43.1,0.0,0.0,8.899999618530273,34.20000076293945,0,0,0,0
13-06 13:00,47.7,0.0,0.0,9.699999809265137,38.0,0,0,0,0
13-06 14:00,49.9,0.0,0.0,10.399999618530273,39.5,0,0,0,0
13-06 15:00,62.0,0.0,0.0,12.800000190734863,49.20000076293945,0,0,0,0
13-06 16:00,76.7,0.0,0.0,15.899999618530273,60.79999923706055,0,0,0,0
13-06 17:00,77.8,0.0,0.0,15.600000381469727,62.20000076293945,0,0,0,0
13-06 18:00,78.2,0.0,0.0,16.200000762939453,62.0,0,0,0,0
13-06 19:00,58.9,0.0,0.0,12.100000381469727,46.79999923706055,0,0,0,0
13-06 20:00,41.3,0.0,0.0,8.5,32.79999923706055,0,0,0,0
13-06 21:00,25.2,0.0,0.0,5.199999809265137,20.0,0,0,0,0
13-06 22:00,11.6,0.0,0.0,2.299999952316284,9.300000190734863,0,0,0,0
13-06 23:00,2.5,0.0,0.0,1.899999976158142,0.6000000238418579,0,0,0,0
14-06 00:00,2.5,0.0,0.0,2.5,0.0,0,0,0,0
14-06 01:00,16.2,0.0,0.0,16.200000762939453,0.0,0,0,0,0
14-06 02:00,16.6,0.0,0.0,16.600000381469727,0.0,0,0,0,0
14-06 03:00,17.0,0.0,0.0,17.0,0.0,0,0,0,0
14-06 04:00,23.8,0.0,0.0,23.799999237060547,0.0,0,0,0,0
14-06 05:00,23.6,0.0,0.0,23.600000381469727,0.0,0,0,0,0
14-06 06:00,30.4,0.0,0.0,27.100000381469727,3.299999952316284,0,0,0,0
14-06 07:00,41.6,0.0,0.0,21.799999237060547,19.799999237060547,0,0,0,0
14-06 08:00,53.5,0.0,0.0,24.799999237060547,28.600000381469727,0,0,0,0
14-06 09:00,58.6,0.0,0.0,25.899999618530273,32.599998474121094,0,0,0,0
14-06 10:00,53.0,0.0,0.0,18.299999237060547,34.70000076293945,0,0,0,0
14-06 11:00,51.7,0.0,0.0,17.799999237060547,33.900001525878906,0,0,0,0
14-06 12:00,58.5,0.0,0.0,20.0,38.5,0,0,0,0
14-06 13:00,52.6,0.0,0.0,12.600000381469727,40.0,0,0,0,0
14-06 14:00,55.8,0.0,0.0,13.699999809265137,42.099998474121094,0,0,0,0
14-06 15:00,65.1,0.0,0.0,15.800000190734863,49.20000076293945,0,0,0,0
14-06 16:00,75.1,0.0,0.0,18.399999618530273,56.70000076293945,0,0,0,0
14-06 17:00,83.1,0.0,0.0,19.700000762939453,63.400001525878906,0,0,0,0
14-06 18:00,82.9,0.0,0.0,20.299999237060547,62.599998474121094,0,0,0,0
14-06 19:00,64.4,0.0,0.0,15.600000381469727,48.79999923706055,0,0,0,0
14-06 20:00,46.5,0.0,0.0,11.300000190734863,35.20000076293945,0,0,0,0
14-06 21:00,23.1,0.0,0.0,5.599999904632568,17.600000381469727,0,0,0,0
14-06 22:00,19.7,0.0,0.0,10.300000190734863,9.399999618530273,0,0,0,0
14-06 23:00,10.0,0.0,0.0,9.399999618530273,0.6000000238418579,0,0,0,0
15-06 00:00,7.8,0.0,0.0,7.800000190734863,0.0,0,0,0,0
15-06 01:00,7.7,0.0,0.0,7.699999809265137,0.0,0,0,0,0
15-06 02:00,8.1,0.0,0.0,8.100000381469727,0.0,0,0,0,0
15-06 03:00,7.9,0.0,0.0,7.900000095367432,0.0,0,0,0,0
15-06 04:00,7.6,0.0,0.0,7.599999904632568,0.0,0,0,0,0
15-06 05:00,7.3,0.0,0.0,7.300000190734863,0.0,0,0,0,0
15-06 06:00,11.2,0.0,0.0,8.199999809265137,3.0,0,0,0,0
15-06 07:00,19.4,0.0,0.0,1.600000023841858,17.899999618530273,0,0,0,0
15-06 08:00,29.4,0.0,0.0,2.4000000953674316,27.0,0,0,0,0
15-06 09:00,34.9,0.0,0.0,2.9000000953674316,32.0,0,0,0,0
15-06 10:00,38.1,0.0,0.0,3.0,35.099998474121094,0,0,0,0
15-06 11:00,40.7,0.0,0.0,3.200000047683716,37.5,0,0,0,0
15-06 12:00,41.4,0.0,0.0,3.299999952316284,38.099998474121094,0,0,0,0
15-06 13:00,42.1,0.0,0.0,3.299999952316284,38.79999923706055,0,0,0,0
15-06 14:00,46.7,0.0,0.0,3.799999952316284,42.900001525878906,0,0,0,0
15-06 15:00,59.1,0.0,0.0,4.699999809265137,54.400001525878906,0,0,0,0
15-06 16:00,66.0,0.0,0.0,5.300000190734863,60.70000076293945,0,0,0,0
15-06 17:00,70.0,0.0,0.0,5.400000095367432,64.5999984741211,0,0,0,0
15-06 18:00,63.0,0.0,0.0,5.099999904632568,57.900001525878906,0,0,0,0
15-06 19:00,52.9,0.0,0.0,4.199999809265137,48.70000076293945,0,0,0,0
15-06 20:00,36.7,0.0,0.0,2.9000000953674316,33.79999923706055,0,0,0,0
15-06 21:00,20.9,0.0,0.0,1.7000000476837158,19.200000762939453,0,0,0,0
15-06 22:00,10.0,0.0,0.0,0.800000011920929,9.199999809265137,0,0,0,0
15-06 23:00,1.2,0.0,0.0,0.6000000238418579,0.6000000238418579,0,0,0,0
16-06 00:00,9.7,0.0,0.0,9.699999809265137,0.0,0,0,0,0
16-06 01:00,8.5,0.0,0.0,8.5,0.0,0,0,0,0
16-06 02:00,15.7,0.0,0.0,15.699999809265137,0.0,0,0,0,0
16-06 03:00,23.1,0.0,0.0,23.100000381469727,0.0,0,0,0,0
16-06 04:00,16.0,0.0,0.0,16.0,0.0,0,0,0,0
16-06 05:00,8.6,0.0,0.0,8.600000381469727,0.0,0,0,0,0
16-06 06:00,1.9,0.0,0.0,1.899999976158142,0.0,0,0,0,0
16-06 07:00,3.3,0.0,0.0,2.0,1.2999999523162842,0,0,0,0
16-06 08:00,7.7,0.0,0.0,2.200000047683716,5.5,0,0,0,0
16-06 09:00,15.8,0.0,0.0,3.700000047683716,12.100000381469727,0,0,0,0
16-06 10:00,28.0,0.0,0.0,5.599999904632568,22.299999237060547,0,0,0,0
16-06 11:00,36.8,0.0,0.0,7.300000190734863,29.5,0,0,0,0
16-06 12:00,46.8,0.0,0.0,9.5,37.29999923706055,0,0,0,0
16-06 13:00,55.7,0.0,0.0,11.0,44.70000076293945,0,0,0,0
16-06 14:00,61.6,0.0,0.0,12.300000190734863,49.29999923706055,0,0,0,0
16-06 15:00,66.1,0.0,0.0,12.899999618530273,53.20000076293945,0,0,0,0
16-06 16:00,56.1,0.0,0.0,11.100000381469727,45.0,0,0,0,0
16-06 17:00,40.4,0.0,0.0,7.800000190734863,32.599998474121094,0,0,0,0
16-06 18:00,29.3,0.0,0.0,5.800000190734863,23.5,0,0,0,0
16-06 19:00,35.9,0.0,0.0,19.100000381469727,16.799999237060547,0,0,0,0
16-06 20:00,26.7,0.0,0.0,16.799999237060547,9.899999618530273,0,0,0,0
16-06 21:00,21.3,0.0,0.0,16.0,5.400000095367432,0,0,0,0
16-06 22:00,10.9,0.0,0.0,9.100000381469727,1.7999999523162842,0,0,0,0
16-06 23:00,16.0,0.0,0.0,16.0,0.0,0,0,0,0
17-06 00:00,21.9,0.0,0.0,21.899999618530273,0.0,0,0,0,0
17-06 01:00,32.3,0.0,0.0,32.29999923706055,0.0,0,0,0,0
17-06 02:00,29.5,0.0,0.0,29.5,0.0,0,0,0,0
17-06 03:00,36.5,0.0,0.0,36.5,0.0,0,0,0,0
17-06 04:00,38.0,0.0,0.0,38.0,0.0,0,0,0,0
17-06 05:00,22.7,0.0,0.0,22.700000762939453,0.0,0,0,0,0
17-06 06:00,9.8,0.0,0.0,9.800000190734863,0.0,0,0,0,0
17-06 07:00,5.4,0.0,0.0,2.4000000953674316,3.0,0,0,0,0
17-06 08:00,9.9,0.0,0.0,2.700000047683716,7.199999809265137,0,0,0,0
17-06 09:00,13.7,0.0,0.0,3.299999952316284,10.399999618530273,0,0,0,0
17-06 10:00,16.2,0.0,0.0,3.5999999046325684,12.600000381469727,0,0,0,0
17-06 11:00,21.6,0.0,0.0,5.0,16.600000381469727,0,0,0,0
17-06 12:00,27.3,0.0,0.0,6.300000190734863,21.0,0,0,0,0
17-06 13:00,39.5,0.0,0.0,9.300000190734863,30.200000762939453,0,0,0,0
17-06 14:00,39.9,0.0,0.0,9.100000381469727,30.799999237060547,0,0,0,0
17-06 15:00,48.8,0.0,0.0,11.600000381469727,37.20000076293945,0,0,0,0
17-06 16:00,43.4,0.0,0.0,10.199999809265137,33.20000076293945,0,0,0,0
17-06 17:00,35.8,0.0,0.0,8.399999618530273,27.399999618530273,0,0,0,0
17-06 18:00,26.1,0.0,0.0,6.0,20.100000381469727,0,0,0,0
17-06 19:00,21.4,0.0,0.0,5.099999904632568,16.299999237060547,0,0,0,0
17-06 20:00,15.8,0.0,0.0,3.799999952316284,12.0,0,0,0,0
17-06 21:00,9.2,0.0,0.0,2.700000047683716,6.5,0,0,0,0
17-06 22:00,3.5,0.0,0.0,2.299999952316284,1.2000000476837158,0,0,0,0
17-06 23:00,3.4,0.0,0.0,2.200000047683716,1.2000000476837158,0,0,0,0
18-06 00:00,0.4,0.0,0.0,0.4000000059604645,0.0,0,0,0,0
18-06 01:00,0.4,0.0,0.0,0.4000000059604645,0.0,0,0,0,0
18-06 02:00,0.3,0.0,0.0,0.30000001192092896,0.0,0,0,0,0
18-06 03:00,0.3,0.0,0.0,0.30000001192092896,0.0,0,0,0,0
18-06 04:00,0.3,0.0,0.0,0.30000001192092896,0.0,0,0,0,0
18-06 05:00,0.4,0.0,0.0,0.4000000059604645,0.0,0,0,0,0
18-06 06:00,3.6,0.0,0.0,0.699999988079071,2.9000000953674316,0,0,0,0
18-06 07:00,19.1,0.0,0.0,1.100000023841858,18.0,0,0,0,0
18-06 08:00,27.2,0.0,0.0,1.600000023841858,25.600000381469727,0,0,0,0
18-06 09:00,33.6,0.0,0.0,2.0,31.600000381469727,0,0,0,0
18-06 10:00,43.5,0.0,0.0,9.199999809265137,34.29999923706055,0,0,0,0
18-06 11:00,42.7,0.0,0.0,8.899999618530273,33.79999923706055,0,0,0,0
18-06 12:00,47.9,0.0,0.0,9.899999618530273,38.0,0,0,0,0
18-06 13:00,39.8,0.0,0.0,2.299999952316284,37.5,0,0,0,0
18-06 14:00,46.3,0.0,0.0,2.700000047683716,43.599998474121094,0,0,0,0
18-06 15:00,58.2,0.0,0.0,3.4000000953674316,54.79999923706055,0,0,0,0
18-06 16:00,63.8,0.0,0.0,3.799999952316284,60.0,0,0,0,0
18-06 17:00,65.7,0.0,0.0,3.700000047683716,62.0,0,0,0,0
18-06 18:00,65.7,0.0,0.0,3.9000000953674316,61.79999923706055,0,0,0,0
18-06 19:00,52.6,0.0,0.0,3.0,49.599998474121094,0,0,0,0
18-06 20:00,36.5,0.0,0.0,2.0999999046325684,34.400001525878906,0,0,0,0
18-06 21:00,19.1,0.0,0.0,1.100000023841858,18.0,0,0,0,0
18-06 22:00,17.8,0.0,0.0,8.100000381469727,9.699999809265137,0,0,0,0
18-06 23:00,8.4,0.0,0.0,7.800000190734863,0.6000000238418579,0,0,0,0
19-06 00:00,16.8,0.0,0.0,16.799999237060547,0.0,0,0,0,0
19-06 01:00,15.8,0.0,0.0,15.800000190734863,0.0,0,0,0,0
19-06 02:00,15.4,0.0,0.0,15.399999618530273,0.0,0,0,0,0
19-06 03:00,15.8,0.0,0.0,15.800000190734863,0.0,0,0,0,0
19-06 04:00,21.7,0.0,0.0,21.700000762939453,0.0,0,0,0,0
19-06 05:00,16.3,0.0,0.0,16.299999237060547,0.0,0,0,0,0
19-06 06:00,5.7,0.0,0.0,2.5999999046325684,3.200000047683716,0,0,0,0
19-06 07:00,22.8,0.0,0.0,3.799999952316284,19.0,0,0,0,0
19-06 08:00,31.1,0.0,0.0,5.199999809265137,25.799999237060547,0,0,0,0
19-06 09:00,39.2,0.0,0.0,6.699999809265137,32.5,0,0,0,0
19-06 10:00,40.7,0.0,0.0,6.800000190734863,33.900001525878906,0,0,0,0
19-06 11:00,44.8,0.0,0.0,7.400000095367432,37.400001525878906,0,0,0,0
19-06 12:00,43.4,0.0,0.0,7.199999809265137,36.20000076293945,0,0,0,0
19-06 13:00,48.6,0.0,0.0,7.900000095367432,40.70000076293945,0,0,0,0
19-06 14:00,52.3,0.0,0.0,8.699999809265137,43.599998474121094,0,0,0,0
19-06 15:00,60.0,0.0,0.0,10.0,50.0,0,0,0,0
19-06 16:00,70.6,0.0,0.0,11.800000190734863,58.79999923706055,0,0,0,0
19-06 17:00,75.3,0.0,0.0,12.100000381469727,63.20000076293945,0,0,0,0
19-06 18:00,70.0,0.0,0.0,11.699999809265137,58.29999923706055,0,0,0,0
19-06 19:00,57.0,0.0,0.0,9.399999618530273,47.599998474121094,0,0,0,0
19-06 20:00,40.8,0.0,0.0,6.800000190734863,34.0,0,0,0,0
19-06 21:00,21.8,0.0,0.0,3.5999999046325684,18.200000762939453,0,0,0,0
19-06 22:00,19.6,0.0,0.0,9.699999809265137,9.899999618530273,0,0,0,0
19-06 23:00,16.6,0.0,0.0,16.0,0.6000000238418579,0,0,0,0
20-06 00:00,17.2,0.0,0.0,17.200000762939453,0.0,0,0,0,0
20-06 01:00,14.6,0.0,0.0,14.600000381469727,0.0,0,0,0,0
20-06 02:00,23.5,0.0,0.0,23.600000381469727,0.0,0,0,0,0
20-06 03:00,21.9,0.0,0.0,21.799999237060547,0.0,0,0,0,0
20-06 04:00,20.8,0.0,0.0,20.799999237060547,0.0,0,0,0,0
20-06 05:00,15.6,0.0,0.0,15.600000381469727,0.0,0,0,0,0
20-06 06:00,5.4,0.0,0.0,2.4000000953674316,3.0,0,0,0,0
20-06 07:00,22.5,0.0,0.0,3.700000047683716,18.799999237060547,0,0,0,0
20-06 08:00,32.3,0.0,0.0,5.400000095367432,26.899999618530273,0,0,0,0
20-06 09:00,37.4,0.0,0.0,6.400000095367432,31.0,0,0,0,0
20-06 10:00,41.0,0.0,0.0,6.800000190734863,34.20000076293945,0,0,0,0
20-06 11:00,42.7,0.0,0.0,7.099999904632568,35.599998474121094,0,0,0,0
20-06 12:00,41.2,0.0,0.0,6.800000190734863,34.400001525878906,0,0,0,0
20-06 13:00,45.7,0.0,0.0,7.5,38.20000076293945,0,0,0,0
20-06 14:00,49.8,0.0,0.0,8.300000190734863,41.400001525878906,0,0,0,0
20-06 15:00,64.4,0.0,0.0,10.699999809265137,53.70000076293945,0,0,0,0
20-06 16:00,69.9,0.0,0.0,11.699999809265137,58.20000076293945,0,0,0,0
20-06 17:00,68.0,0.0,0.0,11.0,57.0,0,0,0,0
20-06 18:00,68.5,0.0,0.0,11.399999618530273,57.099998474121094,0,0,0,0
20-06 19:00,59.3,0.0,0.0,9.800000190734863,49.5,0,0,0,0
20-06 20:00,43.2,0.0,0.0,7.199999809265137,36.0,0,0,0,0
20-06 21:00,21.1,0.0,0.0,3.5,17.600000381469727,0,0,0,0
20-06 22:00,11.0,0.0,0.0,1.7999999523162842,9.199999809265137,0,0,0,0
20-06 23:00,9.7,0.0,0.0,9.100000381469727,0.6000000238418579,0,0,0,0
21-06 00:00,17.7,0.0,0.0,17.700000762939453,0.0,0,0,0,0
21-06 01:00,23.9,0.0,0.0,23.899999618530273,0.0,0,0,0,0
21-06 02:00,30.9,0.0,0.0,30.899999618530273,0.0,0,0,0,0
21-06 03:00,45.4,0.0,0.0,45.400001525878906,0.0,0,0,0,0
21-06 04:00,37.9,0.0,0.0,37.900001525878906,0.0,0,0,0,0
21-06 05:00,24.8,0.0,0.0,24.799999237060547,0.0,0,0,0,0
21-06 06:00,6.7,0.0,0.0,3.5999999046325684,3.0999999046325684,0,0,0,0
21-06 07:00,22.0,0.0,0.0,4.900000095367432,17.100000381469727,0,0,0,0
21-06 08:00,34.3,0.0,0.0,7.699999809265137,26.600000381469727,0,0,0,0
21-06 09:00,40.1,0.0,0.0,9.199999809265137,30.899999618530273,0,0,0,0
21-06 10:00,44.9,0.0,0.0,10.0,34.900001525878906,0,0,0,0
21-06 11:00,45.7,0.0,0.0,10.199999809265137,35.5,0,0,0,0
21-06 12:00,46.5,0.0,0.0,10.300000190734863,36.20000076293945,0,0,0,0
21-06 13:00,52.5,0.0,0.0,11.5,41.0,0,0,0,0
21-06 14:00,54.5,0.0,0.0,12.199999809265137,42.29999923706055,0,0,0,0
21-06 15:00,61.6,0.0,0.0,13.699999809265137,47.900001525878906,0,0,0,0
21-06 16:00,71.2,0.0,0.0,16.0,55.29999923706055,0,0,0,0
21-06 17:00,79.8,0.0,0.0,17.299999237060547,62.5,0,0,0,0
21-06 18:00,73.4,0.0,0.0,16.399999618530273,57.0,0,0,0,0
21-06 19:00,59.8,0.0,0.0,13.199999809265137,46.599998474121094,0,0,0,0
21-06 20:00,42.3,0.0,0.0,9.399999618530273,32.900001525878906,0,0,0,0
21-06 21:00,24.6,0.0,0.0,5.5,19.100000381469727,0,0,0,0
21-06 22:00,12.1,0.0,0.0,2.5999999046325684,9.5,0,0,0,0
21-06 23:00,2.6,0.0,0.0,2.0,0.6000000238418579,0,0,0,0
22-06 00:00,0.0,0.0,0.0,0.0,0.0,0,0,0,0
22-06 01:00,0.0,0.0,0.0,0.0,0.0,0,0,0,0
22-06 02:00,0.0,0.0,0.0,0.0,0.0,0,0,0,0
22-06 03:00,0.0,0.0,0.0,0.0,0.0,0,0,0,0
22-06 04:00,0.0,0.0,0.0,0.0,0.0,0,0,0,0
22-06 05:00,0.0,0.0,0.0,0.0,0.0,0,0,0,0
22-06 06:00,3.3,0.0,0.0,0.0,3.299999952316284,0,0,0,0
22-06 07:00,17.6,0.0,0.0,0.0,17.600000381469727,0,0,0,0
22-06 08:00,26.6,0.0,0.0,0.0,26.600000381469727,0,0,0,0
22-06 09:00,30.6,0.0,0.0,0.0,30.600000381469727,0,0,0,0
22-06 10:00,30.4,0.0,0.0,0.0,30.399999618530273,0,0,0,0
22-06 11:00,35.9,0.0,0.0,0.0,35.900001525878906,0,0,0,0
22-06 12:00,31.4,0.0,0.0,0.0,31.399999618530273,0,0,0,0
22-06 13:00,38.6,0.0,0.0,0.0,38.599998474121094,0,0,0,0
22-06 14:00,41.8,0.0,0.0,0.0,41.79999923706055,0,0,0,0
22-06 15:00,50.0,0.0,0.0,0.0,50.0,0,0,0,0
22-06 16:00,60.4,0.0,0.0,0.0,60.400001525878906,0,0,0,0
22-06 17:00,61.2,0.0,0.0,0.0,61.20000076293945,0,0,0,0
22-06 18:00,61.7,0.0,0.0,0.0,61.70000076293945,0,0,0,0
22-06 19:00,49.5,0.0,0.0,0.0,49.5,0,0,0,0
22-06 20:00,35.7,0.0,0.0,0.0,35.70000076293945,0,0,0,0
22-06 21:00,18.7,0.0,0.0,0.0,18.700000762939453,0,0,0,0
22-06 22:00,8.9,0.0,0.0,0.0,8.899999618530273,0,0,0,0
22-06 23:00,0.6,0.0,0.0,0.0,0.6000000238418579,0,0,0,0
23-06 00:00,0.2,0.0,0.0,0.20000000298023224,0.0,0,0,0,0
23-06 01:00,0.3,0.0,0.0,0.30000001192092896,0.0,0,0,0,0
23-06 02:00,7.0,0.0,0.0,7.0,0.0,0,0,0,0
23-06 03:00,7.4,0.0,0.0,7.400000095367432,0.0,0,0,0,0
23-06 04:00,7.2,0.0,0.0,7.199999809265137,0.0,0,0,0,0
23-06 05:00,0.2,0.0,0.0,0.20000000298023224,0.0,0,0,0,0
23-06 06:00,0.3,0.0,0.0,0.30000001192092896,0.0,0,0,0,0
23-06 07:00,1.5,0.0,0.0,0.30000001192092896,1.2000000476837158,0,0,0,0
23-06 08:00,6.0,0.0,0.0,0.4000000059604645,5.599999904632568,0,0,0,0
23-06 09:00,12.5,0.0,0.0,0.6000000238418579,11.800000190734863,0,0,0,0
23-06 10:00,22.7,0.0,0.0,0.8999999761581421,21.799999237060547,0,0,0,0
23-06 11:00,34.3,0.0,0.0,1.2999999523162842,33.0,0,0,0,0
23-06 12:00,38.7,0.0,0.0,1.5,37.20000076293945,0,0,0,0
23-06 13:00,43.9,0.0,0.0,1.600000023841858,42.29999923706055,0,0,0,0
23-06 14:00,51.6,0.0,0.0,2.0,49.599998474121094,0,0,0,0
23-06 15:00,50.9,0.0,0.0,1.899999976158142,49.0,0,0,0,0
23-06 16:00,51.0,0.0,0.0,1.899999976158142,49.099998474121094,0,0,0,0
23-06 17:00,31.3,0.0,0.0,1.2000000476837158,30.200000762939453,0,0,0,0
23-06 18:00,25.6,0.0,0.0,1.0,24.600000381469727,0,0,0,0
23-06 19:00,16.7,0.0,0.0,0.699999988079071,16.0,0,0,0,0
23-06 20:00,9.6,0.0,0.0,0.30000001192092896,9.300000190734863,0,0,0,0
23-06 21:00,5.8,0.0,0.0,0.30000001192092896,5.5,0,0,0,0
23-06 22:00,2.3,0.0,0.0,0.30000001192092896,2.0,0,0,0,0
23-06 23:00,0.3,0.0,0.0,0.30000001192092896,0.0,0,0,0,0
24-06 00:00,0.0,0.0,0.0,0.0,0.0,0,0,0,0
24-06 01:00,0.0,0.0,0.0,0.0,0.0,0,0,0,0
24-06 02:00,0.0,0.0,0.0,0.0,0.0,0,0,0,0
24-06 03:00,0.0,0.0,0.0,0.0,0.0,0,0,0,0
24-06 04:00,0.0,0.0,0.0,0.0,0.0,0,0,0,0
24-06 05:00,0.0,0.0,0.0,0.0,0.0,0,0,0,0
24-06 06:00,0.0,0.0,0.0,0.0,0.0,0,0,0,0
24-06 07:00,3.0,0.0,0.0,0.0,3.0,0,0,0,0
24-06 08:00,7.2,0.0,0.0,0.0,7.199999809265137,0,0,0,0
24-06 09:00,10.9,0.0,0.0,0.0,10.800000190734863,0,0,0,0
24-06 10:00,13.1,0.0,0.0,0.0,13.100000381469727,0,0,0,0
24-06 11:00,16.6,0.0,0.0,0.0,16.600000381469727,0,0,0,0
24-06 12:00,21.3,0.0,0.0,0.0,21.299999237060547,0,0,0,0
24-06 13:00,30.4,0.0,0.0,0.0,30.399999618530273,0,0,0,0
24-06 14:00,31.3,0.0,0.0,0.0,31.299999237060547,0,0,0,0
24-06 15:00,35.3,0.0,0.0,0.0,35.400001525878906,0,0,0,0
24-06 16:00,31.8,0.0,0.0,0.0,31.799999237060547,0,0,0,0
24-06 17:00,26.8,0.0,0.0,0.0,26.799999237060547,0,0,0,0
24-06 18:00,17.3,0.0,0.0,0.0,17.299999237060547,0,0,0,0
24-06 19:00,15.4,0.0,0.0,0.0,15.399999618530273,0,0,0,0
24-06 20:00,10.7,0.0,0.0,0.0,10.699999809265137,0,0,0,0
24-06 21:00,6.6,0.0,0.0,0.0,6.599999904632568,0,0,0,0
24-06 22:00,1.1,0.0,0.0,0.0,1.100000023841858,0,0,0,0
24-06 23:00,1.3,0.0,0.0,0.0,1.2999999523162842,0,0,0,0
25-06 00:00,0.0,0.0,0.0,0.0,0.0,0,0,0,0
25-06 01:00,0.0,0.0,0.0,0.0,0.0,0,0,0,0
25-06 02:00,0.0,0.0,0.0,0.0,0.0,0,0,0,0
25-06 03:00,0.0,0.0,0.0,0.0,0.0,0,0,0,0
25-06 04:00,0.0,0.0,0.0,0.0,0.0,0,0,0,0
25-06 05:00,0.0,0.0,0.0,0.0,0.0,0,0,0,0
25-06 06:00,3.3,0.0,0.0,0.0,3.299999952316284,0,0,0,0
25-06 07:00,18.3,0.0,0.0,0.0,18.299999237060547,0,0,0,0
25-06 08:00,28.1,0.0,0.0,0.0,28.100000381469727,0,0,0,0
25-06 09:00,30.2,0.0,0.0,0.0,30.200000762939453,0,0,0,0
25-06 10:00,34.8,0.0,0.0,0.0,34.79999923706055,0,0,0,0
25-06 11:00,35.5,0.0,0.0,0.0,35.5,0,0,0,0
25-06 12:00,35.3,0.0,0.0,0.0,35.400001525878906,0,0,0,0
25-06 13:00,40.1,0.0,0.0,0.0,40.099998474121094,0,0,0,0
25-06 14:00,39.7,0.0,0.0,0.0,39.599998474121094,0,0,0,0
25-06 15:00,52.0,0.0,0.0,0.0,52.0,0,0,0,0
25-06 16:00,55.2,0.0,0.0,0.0,55.20000076293945,0,0,0,0
25-06 17:00,58.7,0.0,0.0,0.0,58.70000076293945,0,0,0,0
25-06 18:00,54.0,0.0,0.0,0.0,54.0,0,0,0,0
25-06 19:00,49.4,0.0,0.0,0.0,49.400001525878906,0,0,0,0
25-06 20:00,36.6,0.0,0.0,0.0,36.599998474121094,0,0,0,0
25-06 21:00,17.2,0.0,0.0,0.0,17.200000762939453,0,0,0,0
25-06 22:00,9.3,0.0,0.0,0.0,9.300000190734863,0,0,0,0
25-06 23:00,0.7,0.0,0.0,0.0,0.699999988079071,0,0,0,0
26-06 00:00,0.0,0.0,0.0,0.0,0.0,0,0,0,0
26-06 01:00,0.0,0.0,0.0,0.0,0.0,0,0,0,0
26-06 02:00,0.0,0.0,0.0,0.0,0.0,0,0,0,0
26-06 03:00,0.0,0.0,0.0,0.0,0.0,0,0,0,0
26-06 04:00,0.0,0.0,0.0,0.0,0.0,0,0,0,0
26-06 05:00,0.0,0.0,0.0,0.0,0.0,0,0,0,0
26-06 06:00,3.0,0.0,0.0,0.0,3.0,0,0,0,0
26-06 07:00,16.9,0.0,0.0,0.0,16.899999618530273,0,0,0,0
26-06 08:00,28.6,0.0,0.0,0.0,28.600000381469727,0,0,0,0
26-06 09:00,29.9,0.0,0.0,0.0,29.899999618530273,0,0,0,0
26-06 10:00,35.5,0.0,0.0,0.0,35.5,0,0,0,0
26-06 11:00,34.7,0.0,0.0,0.0,34.70000076293945,0,0,0,0
26-06 12:00,33.2,0.0,0.0,0.0,33.20000076293945,0,0,0,0
26-06 13:00,38.1,0.0,0.0,0.0,38.099998474121094,0,0,0,0
26-06 14:00,38.4,0.0,0.0,0.0,38.400001525878906,0,0,0,0
26-06 15:00,50.9,0.0,0.0,0.0,50.900001525878906,0,0,0,0
26-06 16:00,52.8,0.0,0.0,0.0,52.79999923706055,0,0,0,0
26-06 17:00,59.9,0.0,0.0,0.0,59.900001525878906,0,0,0,0
26-06 18:00,61.5,0.0,0.0,0.0,61.5,0,0,0,0
26-06 19:00,48.4,0.0,0.0,0.0,48.400001525878906,0,0,0,0
26-06 20:00,34.9,0.0,0.0,0.0,34.900001525878906,0,0,0,0
26-06 21:00,18.1,0.0,0.0,0.0,18.200000762939453,0,0,0,0
26-06 22:00,9.7,0.0,0.0,0.0,9.699999809265137,0,0,0,0
26-06 23:00,0.6,0.0,0.0,0.0,0.6000000238418579,0,0,0,0
27-06 00:00,0.0,0.0,0.0,0.0,0.0,0,0,0,0
27-06 01:00,0.0,0.0,0.0,0.0,0.0,0,0,0,0
27-06 02:00,0.0,0.0,0.0,0.0,0.0,0,0,0,0
27-06 03:00,0.0,0.0,0.0,0.0,0.0,0,0,0,0
27-06 04:00,0.0,0.0,0.0,0.0,0.0,0,0,0,0
27-06 05:00,0.0,0.0,0.0,0.0,0.0,0,0,0,0
27-06 06:00,3.2,0.0,0.0,0.0,3.200000047683716,0,0,0,0
27-06 07:00,18.0,0.0,0.0,0.0,18.0,0,0,0,0
27-06 08:00,26.8,0.0,0.0,0.0,26.799999237060547,0,0,0,0
27-06 09:00,30.8,0.0,0.0,0.0,30.799999237060547,0,0,0,0
27-06 10:00,34.1,0.0,0.0,0.0,34.099998474121094,0,0,0,0
27-06 11:00,33.7,0.0,0.0,0.0,33.70000076293945,0,0,0,0
27-06 12:00,38.9,0.0,0.0,0.0,38.900001525878906,0,0,0,0
27-06 13:00,41.3,0.0,0.0,0.0,41.29999923706055,0,0,0,0
27-06 14:00,40.9,0.0,0.0,0.0,40.900001525878906,0,0,0,0
27-06 15:00,54.0,0.0,0.0,0.0,54.0,0,0,0,0
27-06 16:00,58.0,0.0,0.0,0.0,58.0,0,0,0,0
27-06 17:00,61.7,0.0,0.0,0.0,61.70000076293945,0,0,0,0
27-06 18:00,58.6,0.0,0.0,0.0,58.599998474121094,0,0,0,0
27-06 19:00,48.9,0.0,0.0,0.0,48.900001525878906,0,0,0,0
27-06 20:00,35.2,0.0,0.0,0.0,35.20000076293945,0,0,0,0
27-06 21:00,17.8,0.0,0.0,0.0,17.799999237060547,0,0,0,0
27-06 22:00,8.9,0.0,0.0,0.0,8.899999618530273,0,0,0,0
27-06 23:00,0.6,0.0,0.0,0.0,0.6000000238418579,0,0,0,0
28-06 00:00,7.8,0.0,0.0,7.800000190734863,0.0,0,0,0,0
28-06 01:00,14.4,0.0,0.0,14.399999618530273,0.0,0,0,0,0
28-06 02:00,20.8,0.0,0.0,20.799999237060547,0.0,0,0,0,0
28-06 03:00,21.8,0.0,0.0,21.799999237060547,0.0,0,0,0,0
28-06 04:00,14.3,0.0,0.0,14.300000190734863,0.0,0,0,0,0
28-06 05:00,8.2,0.0,0.0,8.199999809265137,0.0,0,0,0,0
28-06 06:00,5.3,0.0,0.0,2.0,3.299999952316284,0,0,0,0
28-06 07:00,20.0,0.0,0.0,2.5999999046325684,17.399999618530273,0,0,0,0
28-06 08:00,31.4,0.0,0.0,4.099999904632568,27.299999237060547,0,0,0,0
28-06 09:00,36.8,0.0,0.0,5.0,31.799999237060547,0,0,0,0
28-06 10:00,38.9,0.0,0.0,5.099999904632568,33.79999923706055,0,0,0,0
28-06 11:00,39.5,0.0,0.0,5.199999809265137,34.400001525878906,0,0,0,0
28-06 12:00,39.3,0.0,0.0,5.099999904632568,34.20000076293945,0,0,0,0
28-06 13:00,46.4,0.0,0.0,6.0,40.5,0,0,0,0
28-06 14:00,43.6,0.0,0.0,5.699999809265137,37.900001525878906,0,0,0,0
28-06 15:00,58.5,0.0,0.0,7.599999904632568,50.900001525878906,0,0,0,0
28-06 16:00,67.3,0.0,0.0,8.800000190734863,58.5,0,0,0,0
28-06 17:00,69.3,0.0,0.0,8.800000190734863,60.400001525878906,0,0,0,0
28-06 18:00,64.8,0.0,0.0,8.5,56.29999923706055,0,0,0,0
28-06 19:00,56.6,0.0,0.0,7.300000190734863,49.29999923706055,0,0,0,0
28-06 20:00,40.9,0.0,0.0,5.300000190734863,35.599998474121094,0,0,0,0
28-06 21:00,20.0,0.0,0.0,2.5999999046325684,17.399999618530273,0,0,0,0
28-06 22:00,10.5,0.0,0.0,1.2999999523162842,9.199999809265137,0,0,0,0
28-06 23:00,1.7,0.0,0.0,1.100000023841858,0.6000000238418579,0,0,0,0
29-06 00:00,0.1,0.0,0.0,0.10000000149011612,0.0,0,0,0,0
29-06 01:00,7.6,0.0,0.0,7.599999904632568,0.0,0,0,0,0
29-06 02:00,0.1,0.0,0.0,0.10000000149011612,0.0,0,0,0,0
29-06 03:00,0.1,0.0,0.0,0.10000000149011612,0.0,0,0,0,0
29-06 04:00,0.1,0.0,0.0,0.10000000149011612,0.0,0,0,0,0
29-06 05:00,0.1,0.0,0.0,0.10000000149011612,0.0,0,0,0,0
29-06 06:00,3.2,0.0,0.0,0.20000000298023224,3.0,0,0,0,0
29-06 07:00,18.3,0.0,0.0,0.20000000298023224,18.100000381469727,0,0,0,0
29-06 08:00,25.8,0.0,0.0,0.30000001192092896,25.5,0,0,0,0
29-06 09:00,32.2,0.0,0.0,0.4000000059604645,31.799999237060547,0,0,0,0
29-06 10:00,35.5,0.0,0.0,0.4000000059604645,35.099998474121094,0,0,0,0
29-06 11:00,36.2,0.0,0.0,0.4000000059604645,35.79999923706055,0,0,0,0
29-06 12:00,34.2,0.0,0.0,0.4000000059604645,33.79999923706055,0,0,0,0
29-06 13:00,40.6,0.0,0.0,0.5,40.099998474121094,0,0,0,0
29-06 14:00,45.2,0.0,0.0,0.6000000238418579,44.599998474121094,0,0,0,0
29-06 15:00,53.6,0.0,0.0,0.699999988079071,52.900001525878906,0,0,0,0
29-06 16:00,56.9,0.0,0.0,0.699999988079071,56.20000076293945,0,0,0,0
29-06 17:00,61.7,0.0,0.0,0.699999988079071,61.0,0,0,0,0
29-06 18:00,58.7,0.0,0.0,0.699999988079071,58.0,0,0,0,0
29-06 19:00,47.5,0.0,0.0,0.6000000238418579,46.900001525878906,0,0,0,0
29-06 20:00,34.6,0.0,0.0,0.4000000059604645,34.20000076293945,0,0,0,0
29-06 21:00,19.6,0.0,0.0,0.20000000298023224,19.399999618530273,0,0,0,0
29-06 22:00,9.6,0.0,0.0,0.10000000149011612,9.5,0,0,0,0
29-06 23:00,0.7,0.0,0.0,0.10000000149011612,0.6000000238418579,0,0,0,0
30-06 00:00,7.5,0.0,0.0,7.5,0.0,0,0,0,0
30-06 01:00,14.5,0.0,0.0,14.5,0.0,0,0,0,0
30-06 02:00,15.1,0.0,0.0,15.100000381469727,0.0,0,0,0,0
30-06 03:00,7.4,0.0,0.0,7.400000095367432,0.0,0,0,0,0
30-06 04:00,7.8,0.0,0.0,7.800000190734863,0.0,0,0,0,0
30-06 05:00,7.6,0.0,0.0,7.599999904632568,0.0,0,0,0,0
30-06 06:00,0.7,0.0,0.0,0.699999988079071,0.0,0,0,0,0
30-06 07:00,2.0,0.0,0.0,0.800000011920929,1.2000000476837158,0,0,0,0
30-06 08:00,6.3,0.0,0.0,0.8999999761581421,5.400000095367432,0,0,0,0
30-06 09:00,13.3,0.0,0.0,1.5,11.800000190734863,0,0,0,0
30-06 10:00,23.1,0.0,0.0,2.200000047683716,20.799999237060547,0,0,0,0
30-06 11:00,35.7,0.0,0.0,3.4000000953674316,32.29999923706055,0,0,0,0
30-06 12:00,44.0,0.0,0.0,4.300000190734863,39.70000076293945,0,0,0,0
30-06 13:00,46.5,0.0,0.0,4.400000095367432,42.099998474121094,0,0,0,0
30-06 14:00,52.5,0.0,0.0,5.0,47.599998474121094,0,0,0,0
30-06 15:00,55.0,0.0,0.0,5.099999904632568,49.900001525878906,0,0,0,0
30-06 16:00,50.5,0.0,0.0,4.800000190734863,45.599998474121094,0,0,0,0
30-06 17:00,33.6,0.0,0.0,3.0999999046325684,30.5,0,0,0,0
30-06 18:00,26.0,0.0,0.0,2.4000000953674316,23.5,0,0,0,0
30-06 19:00,18.5,0.0,0.0,1.899999976158142,16.600000381469727,0,0,0,0
30-06 20:00,10.6,0.0,0.0,0.8999999761581421,9.699999809265137,0,0,0,0
30-06 21:00,6.9,0.0,0.0,1.0,6.0,0,0,0,0
30-06 22:00,2.6,0.0,0.0,0.800000011920929,1.7999999523162842,0,0,0,0
30-06 23:00,0.8,0.0,0.0,0.800000011920929,0.0,0,0,0,0
01-07 00:00,4.1,0.0,0.0,4.099999904632568,0.0,0,0,0,0
01-07 01:00,9.2,0.0,0.0,9.199999809265137,0.0,0,0,0,0
01-07 02:00,9.0,0.0,0.0,9.0,0.0,0,0,0,0
01-07 03:00,3.6,0.0,0.0,3.5999999046325684,0.0,0,0,0,0
01-07 04:00,0.2,0.0,0.0,0.20000000298023224,0.0,0,0,0,0
01-07 05:00,0.3,0.0,0.0,0.30000001192092896,0.0,0,0,0,0
01-07 06:00,0.3,0.0,0.0,0.30000001192092896,0.0,0,0,0,0
01-07 07:00,3.2,0.0,0.0,0.30000001192092896,2.9000000953674316,0,0,0,0
01-07 08:00,7.7,0.0,0.0,0.4000000059604645,7.400000095367432,0,0,0,0
01-07 09:00,11.4,0.0,0.0,0.5,10.899999618530273,0,0,0,0
01-07 10:00,14.6,0.0,0.0,0.6000000238418579,14.0,0,0,0,0
01-07 11:00,18.1,0.0,0.0,0.699999988079071,17.399999618530273,0,0,0,0
01-07 12:00,22.1,0.0,0.0,0.8999999761581421,21.200000762939453,0,0,0,0
01-07 13:00,30.9,0.0,0.0,1.2000000476837158,29.700000762939453,0,0,0,0
01-07 14:00,30.5,0.0,0.0,1.2000000476837158,29.299999237060547,0,0,0,0
01-07 15:00,34.6,0.0,0.0,1.399999976158142,33.20000076293945,0,0,0,0
01-07 16:00,34.1,0.0,0.0,1.399999976158142,32.70000076293945,0,0,0,0
01-07 17:00,27.2,0.0,0.0,1.100000023841858,26.200000762939453,0,0,0,0
01-07 18:00,20.0,0.0,0.0,0.800000011920929,19.200000762939453,0,0,0,0
01-07 19:00,15.3,0.0,0.0,0.6000000238418579,14.699999809265137,0,0,0,0
01-07 20:00,11.0,0.0,0.0,0.5,10.5,0,0,0,0
01-07 21:00,6.9,0.0,0.0,0.4000000059604645,6.5,0,0,0,0
01-07 22:00,1.5,0.0,0.0,0.30000001192092896,1.2000000476837158,0,0,0,0
01-07 23:00,1.6,0.0,0.0,0.30000001192092896,1.2999999523162842,0,0,0,0
02-07 00:00,0.1,0.0,0.0,0.10000000149011612,0.0,0,0,0,0
02-07 01:00,0.1,0.0,0.0,0.10000000149011612,0.0,0,0,0,0
02-07 02:00,7.8,0.0,0.0,7.800000190734863,0.0,0,0,0,0
02-07 03:00,0.1,0.0,0.0,0.10000000149011612,0.0,0,0,0,0
02-07 04:00,0.1,0.0,0.0,0.10000000149011612,0.0,0,0,0,0
02-07 05:00,0.1,0.0,0.0,0.10000000149011612,0.0,0,0,0,0
02-07 06:00,3.3,0.0,0.0,0.20000000298023224,3.0999999046325684,0,0,0,0
02-07 07:00,19.0,0.0,0.0,0.20000000298023224,18.799999237060547,0,0,0,0
02-07 08:00,25.5,0.0,0.0,0.30000001192092896,25.200000762939453,0,0,0,0
02-07 09:00,33.1,0.0,0.0,0.4000000059604645,32.599998474121094,0,0,0,0
02-07 10:00,33.1,0.0,0.0,0.4000000059604645,32.70000076293945,0,0,0,0
02-07 11:00,35.1,0.0,0.0,0.4000000059604645,34.70000076293945,0,0,0,0
02-07 12:00,37.9,0.0,0.0,0.5,37.400001525878906,0,0,0,0
02-07 13:00,41.3,0.0,0.0,0.5,40.79999923706055,0,0,0,0
02-07 14:00,42.2,0.0,0.0,0.5,41.70000076293945,0,0,0,0
02-07 15:00,50.9,0.0,0.0,0.6000000238418579,50.29999923706055,0,0,0,0
02-07 16:00,59.2,0.0,0.0,0.699999988079071,58.5,0,0,0,0
02-07 17:00,61.7,0.0,0.0,0.699999988079071,61.0,0,0,0,0
02-07 18:00,61.0,0.0,0.0,0.800000011920929,60.20000076293945,0,0,0,0
02-07 19:00,46.5,0.0,0.0,0.6000000238418579,45.900001525878906,0,0,0,0
02-07 20:00,34.2,0.0,0.0,0.4000000059604645,33.79999923706055,0,0,0,0
02-07 21:00,18.1,0.0,0.0,0.20000000298023224,17.899999618530273,0,0,0,0
02-07 22:00,8.7,0.0,0.0,0.10000000149011612,8.600000381469727,0,0,0,0
02-07 23:00,0.7,0.0,0.0,0.10000000149011612,0.6000000238418579,0,0,0,0
03-07 00:00,0.0,0.0,0.0,0.0,0.0,0,0,0,0
03-07 01:00,0.0,0.0,0.0,0.0,0.0,0,0,0,0
03-07 02:00,0.0,0.0,0.0,0.0,0.0,0,0,0,0
03-07 03:00,0.0,0.0,0.0,0.0,0.0,0,0,0,0
03-07 04:00,0.0,0.0,0.0,0.0,0.0,0,0,0,0
03-07 05:00,0.0,0.0,0.0,0.0,0.0,0,0,0,0
03-07 06:00,3.3,0.0,0.0,0.0,3.4000000953674316,0,0,0,0
03-07 07:00,19.8,0.0,0.0,0.0,19.799999237060547,0,0,0,0
03-07 08:00,27.5,0.0,0.0,0.0,27.5,0,0,0,0
03-07 09:00,34.5,0.0,0.0,0.0,34.5,0,0,0,0
03-07 10:00,34.8,0.0,0.0,0.0,34.79999923706055,0,0,0,0
03-07 11:00,35.0,0.0,0.0,0.0,35.0,0,0,0,0
03-07 12:00,36.3,0.0,0.0,0.0,36.29999923706055,0,0,0,0
03-07 13:00,38.8,0.0,0.0,0.0,38.79999923706055,0,0,0,0
03-07 14:00,40.8,0.0,0.0,0.0,40.79999923706055,0,0,0,0
03-07 15:00,53.9,0.0,0.0,0.0,53.900001525878906,0,0,0,0
03-07 16:00,58.5,0.0,0.0,0.0,58.400001525878906,0,0,0,0
03-07 17:00,64.0,0.0,0.0,0.0,64.0,0,0,0,0
03-07 18:00,56.2,0.0,0.0,0.0,56.20000076293945,0,0,0,0
03-07 19:00,49.8,0.0,0.0,0.0,49.79999923706055,0,0,0,0
03-07 20:00,35.2,0.0,0.0,0.0,35.20000076293945,0,0,0,0
03-07 21:00,17.2,0.0,0.0,0.0,17.200000762939453,0,0,0,0
03-07 22:00,8.9,0.0,0.0,0.0,8.899999618530273,0,0,0,0
03-07 23:00,0.6,0.0,0.0,0.0,0.6000000238418579,0,0,0,0
04-07 00:00,0.0,0.0,0.0,0.0,0.0,0,0,0,0
04-07 01:00,0.0,0.0,0.0,0.0,0.0,0,0,0,0
04-07 02:00,0.0,0.0,0.0,0.0,0.0,0,0,0,0
04-07 03:00,0.0,0.0,0.0,0.0,0.0,0,0,0,0
04-07 04:00,0.0,0.0,0.0,0.0,0.0,0,0,0,0
04-07 05:00,0.0,0.0,0.0,0.0,0.0,0,0,0,0
04-07 06:00,3.0,0.0,0.0,0.0,3.0,0,0,0,0
04-07 07:00,18.8,0.0,0.0,0.0,18.799999237060547,0,0,0,0
04-07 08:00,26.5,0.0,0.0,0.0,26.5,0,0,0,0
04-07 09:00,29.5,0.0,0.0,0.0,29.5,0,0,0,0
04-07 10:00,35.4,0.0,0.0,0.0,35.400001525878906,0,0,0,0
04-07 11:00,35.7,0.0,0.0,0.0,35.70000076293945,0,0,0,0
04-07 12:00,34.9,0.0,0.0,0.0,34.900001525878906,0,0,0,0
04-07 13:00,39.2,0.0,0.0,0.0,39.20000076293945,0,0,0,0
04-07 14:00,42.1,0.0,0.0,0.0,42.099998474121094,0,0,0,0
04-07 15:00,51.3,0.0,0.0,0.0,51.29999923706055,0,0,0,0
04-07 16:00,57.9,0.0,0.0,0.0,57.900001525878906,0,0,0,0
04-07 17:00,61.0,0.0,0.0,0.0,61.0,0,0,0,0
04-07 18:00,56.8,0.0,0.0,0.0,56.79999923706055,0,0,0,0
04-07 19:00,52.7,0.0,0.0,0.0,52.70000076293945,0,0,0,0
04-07 20:00,34.1,0.0,0.0,0.0,34.099998474121094,0,0,0,0
04-07 21:00,19.2,0.0,0.0,0.0,19.200000762939453,0,0,0,0
04-07 22:00,9.1,0.0,0.0,0.0,9.100000381469727,0,0,0,0
04-07 23:00,0.6,0.0,0.0,0.0,0.6000000238418579,0,0,0,0
05-07 00:00,0.0,0.0,0.0,0.0,0.0,0,0,0,0
05-07 01:00,0.0,0.0,0.0,0.0,0.0,0,0,0,0
05-07 02:00,0.0,0.0,0.0,0.0,0.0,0,0,0,0
05-07 03:00,0.0,0.0,0.0,0.0,0.0,0,0,0,0
05-07 04:00,0.0,0.0,0.0,0.0,0.0,0,0,0,0
05-07 05:00,0.0,0.0,0.0,0.0,0.0,0,0,0,0
05-07 06:00,2.9,0.0,0.0,0.0,2.9000000953674316,0,0,0,0
05-07 07:00,18.6,0.0,0.0,0.0,18.600000381469727,0,0,0,0
05-07 08:00,25.4,0.0,0.0,0.0,25.399999618530273,0,0,0,0
05-07 09:00,32.3,0.0,0.0,0.0,32.29999923706055,0,0,0,0
05-07 10:00,37.2,0.0,0.0,0.0,37.20000076293945,0,0,0,0
05-07 11:00,36.0,0.0,0.0,0.0,36.0,0,0,0,0
05-07 12:00,37.0,0.0,0.0,0.0,37.0,0,0,0,0
05-07 13:00,38.0,0.0,0.0,0.0,38.0,0,0,0,0
05-07 14:00,41.2,0.0,0.0,0.0,41.20000076293945,0,0,0,0
05-07 15:00,51.8,0.0,0.0,0.0,51.79999923706055,0,0,0,0
05-07 16:00,60.7,0.0,0.0,0.0,60.70000076293945,0,0,0,0
05-07 17:00,57.3,0.0,0.0,0.0,57.29999923706055,0,0,0,0
05-07 18:00,58.5,0.0,0.0,0.0,58.5,0,0,0,0
05-07 19:00,47.3,0.0,0.0,0.0,47.29999923706055,0,0,0,0
05-07 20:00,35.5,0.0,0.0,0.0,35.5,0,0,0,0
05-07 21:00,19.4,0.0,0.0,0.0,19.399999618530273,0,0,0,0
05-07 22:00,8.8,0.0,0.0,0.0,8.800000190734863,0,0,0,0
05-07 23:00,0.6,0.0,0.0,0.0,0.6000000238418579,0,0,0,0
06-07 00:00,0.0,0.0,0.0,0.0,0.0,0,0,0,0
06-07 01:00,0.0,0.0,0.0,0.0,0.0,0,0,0,0
06-07 02:00,0.0,0.0,0.0,0.0,0.0,0,0,0,0
06-07 03:00,0.0,0.0,0.0,0.0,0.0,0,0,0,0
06-07 04:00,0.0,0.0,0.0,0.0,0.0,0,0,0,0
06-07 05:00,0.0,0.0,0.0,0.0,0.0,0,0,0,0
06-07 06:00,3.2,0.0,0.0,0.0,3.200000047683716,0,0,0,0
06-07 07:00,18.3,0.0,0.0,0.0,18.299999237060547,0,0,0,0
06-07 08:00,27.0,0.0,0.0,0.0,27.0,0,0,0,0
06-07 09:00,30.8,0.0,0.0,0.0,30.799999237060547,0,0,0,0
06-07 10:00,32.3,0.0,0.0,0.0,32.29999923706055,0,0,0,0
06-07 11:00,35.7,0.0,0.0,0.0,35.70000076293945,0,0,0,0
06-07 12:00,36.3,0.0,0.0,0.0,36.29999923706055,0,0,0,0
06-07 13:00,38.4,0.0,0.0,0.0,38.400001525878906,0,0,0,0
06-07 14:00,41.6,0.0,0.0,0.0,41.599998474121094,0,0,0,0
06-07 15:00,51.3,0.0,0.0,0.0,51.29999923706055,0,0,0,0
06-07 16:00,57.8,0.0,0.0,0.0,57.79999923706055,0,0,0,0
06-07 17:00,62.2,0.0,0.0,0.0,62.20000076293945,0,0,0,0
06-07 18:00,61.4,0.0,0.0,0.0,61.400001525878906,0,0,0,0
06-07 19:00,48.8,0.0,0.0,0.0,48.79999923706055,0,0,0,0
06-07 20:00,34.1,0.0,0.0,0.0,34.099998474121094,0,0,0,0
06-07 21:00,18.1,0.0,0.0,0.0,18.100000381469727,0,0,0,0
06-07 22:00,10.1,0.0,0.0,0.0,10.0,0,0,0,0
06-07 23:00,0.6,0.0,0.0,0.0,0.6000000238418579,0,0,0,0
07-07 00:00,0.2,0.0,0.0,0.20000000298023224,0.0,0,0,0,0
07-07 01:00,0.2,0.0,0.0,0.20000000298023224,0.0,0,0,0,0
07-07 02:00,0.1,0.0,0.0,0.10000000149011612,0.0,0,0,0,0
07-07 03:00,7.0,0.0,0.0,7.0,0.0,0,0,0,0
07-07 04:00,7.6,0.0,0.0,7.599999904632568,0.0,0,0,0,0
07-07 05:00,0.2,0.0,0.0,0.20000000298023224,0.0,0,0,0,0
07-07 06:00,0.2,0.0,0.0,0.20000000298023224,0.0,0,0,0,0
07-07 07:00,1.4,0.0,0.0,0.20000000298023224,1.2000000476837158,0,0,0,0
07-07 08:00,6.2,0.0,0.0,0.20000000298023224,6.0,0,0,0,0
07-07 09:00,12.0,0.0,0.0,0.4000000059604645,11.600000381469727,0,0,0,0
07-07 10:00,23.4,0.0,0.0,0.6000000238418579,22.799999237060547,0,0,0,0
07-07 11:00,30.9,0.0,0.0,0.800000011920929,30.100000381469727,0,0,0,0
07-07 12:00,37.2,0.0,0.0,1.0,36.20000076293945,0,0,0,0
07-07 13:00,44.1,0.0,0.0,1.100000023841858,43.0,0,0,0,0
07-07 14:00,48.7,0.0,0.0,1.2000000476837158,47.5,0,0,0,0
07-07 15:00,53.7,0.0,0.0,1.399999976158142,52.29999923706055,0,0,0,0
07-07 16:00,50.2,0.0,0.0,1.2999999523162842,48.900001525878906,0,0,0,0
07-07 17:00,30.3,0.0,0.0,0.800000011920929,29.5,0,0,0,0
07-07 18:00,24.8,0.0,0.0,0.6000000238418579,24.200000762939453,0,0,0,0
07-07 19:00,16.4,0.0,0.0,0.5,15.899999618530273,0,0,0,0
07-07 20:00,9.8,0.0,0.0,0.20000000298023224,9.600000381469727,0,0,0,0
07-07 21:00,5.6,0.0,0.0,0.20000000298023224,5.400000095367432,0,0,0,0
07-07 22:00,2.0,0.0,0.0,0.20000000298023224,1.7999999523162842,0,0,0,0
07-07 23:00,0.2,0.0,0.0,0.20000000298023224,0.0,0,0,0,0
08-07 00:00,0.0,0.0,0.0,0.0,0.0,0,0,0,0
08-07 01:00,0.0,0.0,0.0,0.0,0.0,0,0,0,0
08-07 02:00,0.0,0.0,0.0,0.0,0.0,0,0,0,0
08-07 03:00,0.0,0.0,0.0,0.0,0.0,0,0,0,0
08-07 04:00,0.0,0.0,0.0,0.0,0.0,0,0,0,0
08-07 05:00,0.0,0.0,0.0,0.0,0.0,0,0,0,0
08-07 06:00,0.0,0.0,0.0,0.0,0.0,0,0,0,0
08-07 07:00,3.0,0.0,0.0,0.0,3.0,0,0,0,0
08-07 08:00,7.0,0.0,0.0,0.0,7.0,0,0,0,0
08-07 09:00,10.1,0.0,0.0,0.0,10.100000381469727,0,0,0,0
08-07 10:00,12.7,0.0,0.0,0.0,12.699999809265137,0,0,0,0
08-07 11:00,16.5,0.0,0.0,0.0,16.5,0,0,0,0
08-07 12:00,20.1,0.0,0.0,0.0,20.100000381469727,0,0,0,0
08-07 13:00,28.2,0.0,0.0,0.0,28.200000762939453,0,0,0,0
08-07 14:00,32.1,0.0,0.0,0.0,32.099998474121094,0,0,0,0
08-07 15:00,34.2,0.0,0.0,0.0,34.20000076293945,0,0,0,0
08-07 16:00,32.3,0.0,0.0,0.0,32.29999923706055,0,0,0,0
08-07 17:00,28.0,0.0,0.0,0.0,28.0,0,0,0,0
08-07 18:00,19.0,0.0,0.0,0.0,19.0,0,0,0,0
08-07 19:00,15.0,0.0,0.0,0.0,15.0,0,0,0,0
08-07 20:00,11.4,0.0,0.0,0.0,11.399999618530273,0,0,0,0
08-07 21:00,6.7,0.0,0.0,0.0,6.699999809265137,0,0,0,0
08-07 22:00,1.1,0.0,0.0,0.0,1.2000000476837158,0,0,0,0
08-07 23:00,1.2,0.0,0.0,0.0,1.2000000476837158,0,0,0,0
09-07 00:00,0.7,0.0,0.0,0.699999988079071,0.0,0,0,0,0
09-07 01:00,0.7,0.0,0.0,0.699999988079071,0.0,0,0,0,0
09-07 02:00,0.5,0.0,0.0,0.5,0.0,0,0,0,0
09-07 03:00,0.5,0.0,0.0,0.5,0.0,0,0,0,0
09-07 04:00,0.5,0.0,0.0,0.5,0.0,0,0,0,0
09-07 05:00,7.8,0.0,0.0,7.800000190734863,0.0,0,0,0,0
09-07 06:00,18.9,0.0,0.0,15.800000190734863,3.0999999046325684,0,0,0,0
09-07 07:00,29.0,0.0,0.0,9.600000381469727,19.399999618530273,0,0,0,0
09-07 08:00,36.4,0.0,0.0,10.0,26.5,0,0,0,0
09-07 09:00,34.7,0.0,0.0,3.299999952316284,31.399999618530273,0,0,0,0
09-07 10:00,37.8,0.0,0.0,3.4000000953674316,34.400001525878906,0,0,0,0
09-07 11:00,38.8,0.0,0.0,3.5,35.29999923706055,0,0,0,0
09-07 12:00,38.0,0.0,0.0,3.4000000953674316,34.5,0,0,0,0
09-07 13:00,44.8,0.0,0.0,4.0,40.79999923706055,0,0,0,0
09-07 14:00,47.7,0.0,0.0,4.400000095367432,43.29999923706055,0,0,0,0
09-07 15:00,57.0,0.0,0.0,5.199999809265137,51.79999923706055,0,0,0,0
09-07 16:00,64.9,0.0,0.0,6.0,59.0,0,0,0,0
09-07 17:00,67.4,0.0,0.0,6.0,61.5,0,0,0,0
09-07 18:00,65.6,0.0,0.0,6.0,59.599998474121094,0,0,0,0
09-07 19:00,56.3,0.0,0.0,5.099999904632568,51.20000076293945,0,0,0,0
09-07 20:00,38.3,0.0,0.0,3.5,34.79999923706055,0,0,0,0
09-07 21:00,25.1,0.0,0.0,8.300000190734863,16.799999237060547,0,0,0,0
09-07 22:00,16.4,0.0,0.0,7.699999809265137,8.699999809265137,0,0,0,0
09-07 23:00,8.2,0.0,0.0,7.599999904632568,0.6000000238418579,0,0,0,0
10-07 00:00,17.6,0.0,0.0,17.600000381469727,0.0,0,0,0,0
10-07 01:00,24.2,0.0,0.0,24.200000762939453,0.0,0,0,0,0
10-07 02:00,16.3,0.0,0.0,16.299999237060547,0.0,0,0,0,0
10-07 03:00,23.7,0.0,0.0,23.700000762939453,0.0,0,0,0,0
10-07 04:00,23.7,0.0,0.0,23.700000762939453,0.0,0,0,0,0
10-07 05:00,23.0,0.0,0.0,23.0,0.0,0,0,0,0
10-07 06:00,29.0,0.0,0.0,26.0,3.0,0,0,0,0
10-07 07:00,40.7,0.0,0.0,22.100000381469727,18.600000381469727,0,0,0,0
10-07 08:00,37.2,0.0,0.0,10.699999809265137,26.5,0,0,0,0
10-07 09:00,48.7,0.0,0.0,19.200000762939453,29.5,0,0,0,0
10-07 10:00,53.6,0.0,0.0,20.299999237060547,33.29999923706055,0,0,0,0
10-07 11:00,49.0,0.0,0.0,14.0,35.0,0,0,0,0
10-07 12:00,49.3,0.0,0.0,14.100000381469727,35.20000076293945,0,0,0,0
10-07 13:00,54.6,0.0,0.0,15.399999618530273,39.20000076293945,0,0,0,0
10-07 14:00,57.3,0.0,0.0,16.5,40.79999923706055,0,0,0,0
10-07 15:00,67.5,0.0,0.0,19.299999237060547,48.20000076293945,0,0,0,0
10-07 16:00,82.8,0.0,0.0,23.799999237060547,59.0,0,0,0,0
10-07 17:00,86.1,0.0,0.0,24.0,62.099998474121094,0,0,0,0
10-07 18:00,80.4,0.0,0.0,23.100000381469727,57.29999923706055,0,0,0,0
10-07 19:00,66.1,0.0,0.0,18.799999237060547,47.29999923706055,0,0,0,0
10-07 20:00,48.7,0.0,0.0,14.0,34.79999923706055,0,0,0,0
10-07 21:00,32.8,0.0,0.0,14.5,18.299999237060547,0,0,0,0
10-07 22:00,38.0,0.0,0.0,27.899999618530273,10.100000381469727,0,0,0,0
10-07 23:00,37.1,0.0,0.0,36.5,0.6000000238418579,0,0,0,0
11-07 00:00,41.7,0.0,0.0,41.70000076293945,0.0,0,0,0,0
11-07 01:00,47.6,0.0,0.0,47.599998474121094,0.0,0,0,0,0
11-07 02:00,43.4,0.0,0.0,43.400001525878906,0.0,0,0,0,0
11-07 03:00,51.5,0.0,0.0,51.5,0.0,0,0,0,0
11-07 04:00,41.6,0.0,0.0,41.599998474121094,0.0,0,0,0,0
11-07 05:00,37.4,0.0,0.0,37.400001525878906,0.0,0,0,0,0
11-07 06:00,32.0,0.0,0.0,28.799999237060547,3.200000047683716,0,0,0,0
11-07 07:00,25.8,0.0,0.0,8.300000190734863,17.600000381469727,0,0,0,0
11-07 08:00,36.9,0.0,0.0,12.0,24.899999618530273,0,0,0,0
11-07 09:00,47.0,0.0,0.0,15.600000381469727,31.399999618530273,0,0,0,0
11-07 10:00,53.9,0.0,0.0,17.399999618530273,36.5,0,0,0,0
11-07 11:00,52.1,0.0,0.0,16.799999237060547,35.29999923706055,0,0,0,0
11-07 12:00,52.5,0.0,0.0,16.899999618530273,35.599998474121094,0,0,0,0
11-07 13:00,54.0,0.0,0.0,17.200000762939453,36.79999923706055,0,0,0,0
11-07 14:00,59.8,0.0,0.0,19.399999618530273,40.400001525878906,0,0,0,0
11-07 15:00,74.1,0.0,0.0,23.899999618530273,50.20000076293945,0,0,0,0
11-07 16:00,83.0,0.0,0.0,26.899999618530273,56.099998474121094,0,0,0,0
11-07 17:00,86.3,0.0,0.0,27.200000762939453,59.099998474121094,0,0,0,0
11-07 18:00,88.1,0.0,0.0,28.600000381469727,59.599998474121094,0,0,0,0
11-07 19:00,73.1,0.0,0.0,23.399999618530273,49.70000076293945,0,0,0,0
11-07 20:00,48.4,0.0,0.0,15.600000381469727,32.79999923706055,0,0,0,0
11-07 21:00,27.3,0.0,0.0,8.800000190734863,18.5,0,0,0,0
11-07 22:00,13.6,0.0,0.0,4.300000190734863,9.300000190734863,0,0,0,0
11-07 23:00,4.1,0.0,0.0,3.5,0.6000000238418579,0,0,0,0
12-07 00:00,1.0,0.0,0.0,1.0,0.0,0,0,0,0
12-07 01:00,8.3,0.0,0.0,8.300000190734863,0.0,0,0,0,0
12-07 02:00,14.7,0.0,0.0,14.699999809265137,0.0,0,0,0,0
12-07 03:00,20.7,0.0,0.0,20.700000762939453,0.0,0,0,0,0
12-07 04:00,22.3,0.0,0.0,22.299999237060547,0.0,0,0,0,0
12-07 05:00,14.8,0.0,0.0,14.800000190734863,0.0,0,0,0,0
12-07 06:00,5.3,0.0,0.0,1.899999976158142,3.4000000953674316,0,0,0,0
12-07 07:00,20.4,0.0,0.0,2.5,17.899999618530273,0,0,0,0
12-07 08:00,29.3,0.0,0.0,3.5999999046325684,25.700000762939453,0,0,0,0
12-07 09:00,34.9,0.0,0.0,4.400000095367432,30.399999618530273,0,0,0,0
12-07 10:00,39.9,0.0,0.0,4.800000190734863,35.099998474121094,0,0,0,0
12-07 11:00,39.8,0.0,0.0,4.800000190734863,35.0,0,0,0,0
12-07 12:00,40.0,0.0,0.0,4.800000190734863,35.20000076293945,0,0,0,0
12-07 13:00,44.5,0.0,0.0,5.300000190734863,39.20000076293945,0,0,0,0
12-07 14:00,46.5,0.0,0.0,5.699999809265137,40.79999923706055,0,0,0,0
12-07 15:00,57.8,0.0,0.0,7.0,50.79999923706055,0,0,0,0
12-07 16:00,73.7,0.0,0.0,9.0,64.69999694824219,0,0,0,0
12-07 17:00,71.8,0.0,0.0,8.399999618530273,63.400001525878906,0,0,0,0
12-07 18:00,62.6,0.0,0.0,7.599999904632568,55.0,0,0,0,0
12-07 19:00,57.0,0.0,0.0,6.800000190734863,50.20000076293945,0,0,0,0
12-07 20:00,40.4,0.0,0.0,4.900000095367432,35.5,0,0,0,0
12-07 21:00,19.6,0.0,0.0,2.4000000953674316,17.200000762939453,0,0,0,0
12-07 22:00,10.2,0.0,0.0,1.2000000476837158,9.0,0,0,0,0
12-07 23:00,1.5,0.0,0.0,0.8999999761581421,0.6000000238418579,0,0,0,0
13-07 00:00,0.0,0.0,0.0,0.0,0.0,0,0,0,0
13-07 01:00,0.0,0.0,0.0,0.0,0.0,0,0,0,0
13-07 02:00,0.0,0.0,0.0,0.0,0.0,0,0,0,0
13-07 03:00,0.0,0.0,0.0,0.0,0.0,0,0,0,0
13-07 04:00,0.0,0.0,0.0,0.0,0.0,0,0,0,0
13-07 05:00,0.0,0.0,0.0,0.0,0.0,0,0,0,0
13-07 06:00,3.0,0.0,0.0,0.0,3.0,0,0,0,0
13-07 07:00,18.5,0.0,0.0,0.0,18.5,0,0,0,0
13-07 08:00,24.9,0.0,0.0,0.0,24.899999618530273,0,0,0,0
13-07 09:00,31.1,0.0,0.0,0.0,31.100000381469727,0,0,0,0
13-07 10:00,34.4,0.0,0.0,0.0,34.400001525878906,0,0,0,0
13-07 11:00,35.7,0.0,0.0,0.0,35.70000076293945,0,0,0,0
13-07 12:00,35.6,0.0,0.0,0.0,35.599998474121094,0,0,0,0
13-07 13:00,40.4,0.0,0.0,0.0,40.400001525878906,0,0,0,0
13-07 14:00,40.8,0.0,0.0,0.0,40.79999923706055,0,0,0,0
13-07 15:00,50.8,0.0,0.0,0.0,50.79999923706055,0,0,0,0
13-07 16:00,55.6,0.0,0.0,0.0,55.599998474121094,0,0,0,0
13-07 17:00,60.3,0.0,0.0,0.0,60.29999923706055,0,0,0,0
13-07 18:00,56.2,0.0,0.0,0.0,56.20000076293945,0,0,0,0
13-07 19:00,46.8,0.0,0.0,0.0,46.79999923706055,0,0,0,0
13-07 20:00,32.8,0.0,0.0,0.0,32.79999923706055,0,0,0,0
13-07 21:00,19.2,0.0,0.0,0.0,19.200000762939453,0,0,0,0
13-07 22:00,8.7,0.0,0.0,0.0,8.699999809265137,0,0,0,0
13-07 23:00,0.6,0.0,0.0,0.0,0.6000000238418579,0,0,0,0
14-07 00:00,0.0,0.0,0.0,0.0,0.0,0,0,0,0
14-07 01:00,0.0,0.0,0.0,0.0,0.0,0,0,0,0
14-07 02:00,0.0,0.0,0.0,0.0,0.0,0,0,0,0
14-07 03:00,0.0,0.0,0.0,0.0,0.0,0,0,0,0
14-07 04:00,0.0,0.0,0.0,0.0,0.0,0,0,0,0
14-07 05:00,0.0,0.0,0.0,0.0,0.0,0,0,0,0
14-07 06:00,0.0,0.0,0.0,0.0,0.0,0,0,0,0
14-07 07:00,1.2,0.0,0.0,0.0,1.2000000476837158,0,0,0,0
14-07 08:00,5.6,0.0,0.0,0.0,5.599999904632568,0,0,0,0
14-07 09:00,11.6,0.0,0.0,0.0,11.600000381469727,0,0,0,0
14-07 10:00,22.8,0.0,0.0,0.0,22.799999237060547,0,0,0,0
14-07 11:00,31.0,0.0,0.0,0.0,31.0,0,0,0,0
14-07 12:00,36.2,0.0,0.0,0.0,36.20000076293945,0,0,0,0
14-07 13:00,46.5,0.0,0.0,0.0,46.5,0,0,0,0
14-07 14:00,48.9,0.0,0.0,0.0,48.900001525878906,0,0,0,0
14-07 15:00,49.3,0.0,0.0,0.0,49.29999923706055,0,0,0,0
14-07 16:00,45.6,0.0,0.0,0.0,45.599998474121094,0,0,0,0
14-07 17:00,30.4,0.0,0.0,0.0,30.399999618530273,0,0,0,0
14-07 18:00,24.7,0.0,0.0,0.0,24.700000762939453,0,0,0,0
14-07 19:00,16.4,0.0,0.0,0.0,16.399999618530273,0,0,0,0
14-07 20:00,9.8,0.0,0.0,0.0,9.800000190734863,0,0,0,0
14-07 21:00,5.9,0.0,0.0,0.0,5.900000095367432,0,0,0,0
14-07 22:00,1.8,0.0,0.0,0.0,1.7999999523162842,0,0,0,0
14-07 23:00,0.0,0.0,0.0,0.0,0.0,0,0,0,0
15-07 00:00,0.3,0.0,0.0,0.30000001192092896,0.0,0,0,0,0
15-07 01:00,7.1,0.0,0.0,7.099999904632568,0.0,0,0,0,0
15-07 02:00,7.3,0.0,0.0,7.300000190734863,0.0,0,0,0,0
15-07 03:00,7.5,0.0,0.0,7.5,0.0,0,0,0,0
15-07 04:00,0.2,0.0,0.0,0.20000000298023224,0.0,0,0,0,0
15-07 05:00,0.2,0.0,0.0,0.20000000298023224,0.0,0,0,0,0
15-07 06:00,0.3,0.0,0.0,0.30000001192092896,0.0,0,0,0,0
15-07 07:00,3.2,0.0,0.0,0.30000001192092896,2.9000000953674316,0,0,0,0
15-07 08:00,7.6,0.0,0.0,0.30000001192092896,7.300000190734863,0,0,0,0
15-07 09:00,11.2,0.0,0.0,0.4000000059604645,10.800000190734863,0,0,0,0
15-07 10:00,13.8,0.0,0.0,0.5,13.300000190734863,0,0,0,0
15-07 11:00,16.0,0.0,0.0,0.6000000238418579,15.399999618530273,0,0,0,0
15-07 12:00,22.2,0.0,0.0,0.800000011920929,21.399999618530273,0,0,0,0
15-07 13:00,30.5,0.0,0.0,1.100000023841858,29.399999618530273,0,0,0,0
15-07 14:00,32.3,0.0,0.0,1.100000023841858,31.200000762939453,0,0,0,0
15-07 15:00,35.5,0.0,0.0,1.2999999523162842,34.20000076293945,0,0,0,0
15-07 16:00,33.2,0.0,0.0,1.2000000476837158,32.0,0,0,0,0
15-07 17:00,26.2,0.0,0.0,0.8999999761581421,25.299999237060547,0,0,0,0
15-07 18:00,21.0,0.0,0.0,0.699999988079071,20.299999237060547,0,0,0,0
15-07 19:00,15.7,0.0,0.0,0.6000000238418579,15.199999809265137,0,0,0,0
15-07 20:00,11.3,0.0,0.0,0.4000000059604645,10.899999618530273,0,0,0,0
15-07 21:00,6.6,0.0,0.0,0.30000001192092896,6.300000190734863,0,0,0,0
15-07 22:00,1.5,0.0,0.0,0.30000001192092896,1.2000000476837158,0,0,0,0
15-07 23:00,1.6,0.0,0.0,0.30000001192092896,1.2999999523162842,0,0,0,0
16-07 00:00,0.0,0.0,0.0,0.0,0.0,0,0,0,0
16-07 01:00,0.0,0.0,0.0,0.0,0.0,0,0,0,0
16-07 02:00,0.0,0.0,0.0,0.0,0.0,0,0,0,0
16-07 03:00,0.0,0.0,0.0,0.0,0.0,0,0,0,0
16-07 04:00,0.0,0.0,0.0,0.0,0.0,0,0,0,0
16-07 05:00,0.0,0.0,0.0,0.0,0.0,0,0,0,0
16-07 06:00,3.1,0.0,0.0,0.0,3.0999999046325684,0,0,0,0
16-07 07:00,18.5,0.0,0.0,0.0,18.5,0,0,0,0
16-07 08:00,26.7,0.0,0.0,0.0,26.700000762939453,0,0,0,0
16-07 09:00,31.1,0.0,0.0,0.0,31.100000381469727,0,0,0,0
16-07 10:00,36.5,0.0,0.0,0.0,36.5,0,0,0,0
16-07 11:00,38.2,0.0,0.0,0.0,38.20000076293945,0,0,0,0
16-07 12:00,36.3,0.0,0.0,0.0,36.29999923706055,0,0,0,0
16-07 13:00,40.4,0.0,0.0,0.0,40.400001525878906,0,0,0,0
16-07 14:00,45.8,0.0,0.0,0.0,45.79999923706055,0,0,0,0
16-07 15:00,53.9,0.0,0.0,0.0,53.900001525878906,0,0,0,0
16-07 16:00,57.3,0.0,0.0,0.0,57.29999923706055,0,0,0,0
16-07 17:00,62.2,0.0,0.0,0.0,62.20000076293945,0,0,0,0
16-07 18:00,60.2,0.0,0.0,0.0,60.20000076293945,0,0,0,0
16-07 19:00,46.8,0.0,0.0,0.0,46.79999923706055,0,0,0,0
16-07 20:00,34.1,0.0,0.0,0.0,34.099998474121094,0,0,0,0
16-07 21:00,17.0,0.0,0.0,0.0,17.0,0,0,0,0
16-07 22:00,8.9,0.0,0.0,0.0,8.899999618530273,0,0,0,0
16-07 23:00,0.6,0.0,0.0,0.0,0.6000000238418579,0,0,0,0
17-07 00:00,0.0,0.0,0.0,0.0,0.0,0,0,0,0
17-07 01:00,0.0,0.0,0.0,0.0,0.0,0,0,0,0
17-07 02:00,0.0,0.0,0.0,0.0,0.0,0,0,0,0
17-07 03:00,0.0,0.0,0.0,0.0,0.0,0,0,0,0
17-07 04:00,0.0,0.0,0.0,0.0,0.0,0,0,0,0
17-07 05:00,0.0,0.0,0.0,0.0,0.0,0,0,0,0
17-07 06:00,3.0,0.0,0.0,0.0,3.0,0,0,0,0
17-07 07:00,17.4,0.0,0.0,0.0,17.399999618530273,0,0,0,0
17-07 08:00,27.3,0.0,0.0,0.0,27.299999237060547,0,0,0,0
17-07 09:00,33.9,0.0,0.0,0.0,33.900001525878906,0,0,0,0
17-07 10:00,36.2,0.0,0.0,0.0,36.20000076293945,0,0,0,0
17-07 11:00,35.4,0.0,0.0,0.0,35.400001525878906,0,0,0,0
17-07 12:00,32.7,0.0,0.0,0.0,32.70000076293945,0,0,0,0
17-07 13:00,37.3,0.0,0.0,0.0,37.29999923706055,0,0,0,0
17-07 14:00,42.1,0.0,0.0,0.0,42.099998474121094,0,0,0,0
17-07 15:00,47.7,0.0,0.0,0.0,47.70000076293945,0,0,0,0
17-07 16:00,61.9,0.0,0.0,0.0,61.900001525878906,0,0,0,0
17-07 17:00,63.4,0.0,0.0,0.0,63.400001525878906,0,0,0,0
17-07 18:00,62.0,0.0,0.0,0.0,62.0,0,0,0,0
17-07 19:00,47.8,0.0,0.0,0.0,47.79999923706055,0,0,0,0
17-07 20:00,35.5,0.0,0.0,0.0,35.5,0,0,0,0
17-07 21:00,18.5,0.0,0.0,0.0,18.5,0,0,0,0
17-07 22:00,9.8,0.0,0.0,0.0,9.800000190734863,0,0,0,0
17-07 23:00,0.6,0.0,0.0,0.0,0.6000000238418579,0,0,0,0
18-07 00:00,0.0,0.0,0.0,0.0,0.0,0,0,0,0
18-07 01:00,0.0,0.0,0.0,0.0,0.0,0,0,0,0
18-07 02:00,0.0,0.0,0.0,0.0,0.0,0,0,0,0
18-07 03:00,0.0,0.0,0.0,0.0,0.0,0,0,0,0
18-07 04:00,0.0,0.0,0.0,0.0,0.0,0,0,0,0
18-07 05:00,0.0,0.0,0.0,0.0,0.0,0,0,0,0
18-07 06:00,3.0,0.0,0.0,0.0,3.0,0,0,0,0
18-07 07:00,19.0,0.0,0.0,0.0,19.0,0,0,0,0
18-07 08:00,27.3,0.0,0.0,0.0,27.299999237060547,0,0,0,0
18-07 09:00,28.6,0.0,0.0,0.0,28.600000381469727,0,0,0,0
18-07 10:00,33.4,0.0,0.0,0.0,33.400001525878906,0,0,0,0
18-07 11:00,35.4,0.0,0.0,0.0,35.400001525878906,0,0,0,0
18-07 12:00,36.3,0.0,0.0,0.0,36.400001525878906,0,0,0,0
18-07 13:00,42.0,0.0,0.0,0.0,42.0,0,0,0,0
18-07 14:00,38.7,0.0,0.0,0.0,38.70000076293945,0,0,0,0
18-07 15:00,49.8,0.0,0.0,0.0,49.79999923706055,0,0,0,0
18-07 16:00,57.9,0.0,0.0,0.0,57.900001525878906,0,0,0,0
18-07 17:00,62.8,0.0,0.0,0.0,62.79999923706055,0,0,0,0
18-07 18:00,53.3,0.0,0.0,0.0,53.29999923706055,0,0,0,0
18-07 19:00,47.8,0.0,0.0,0.0,47.79999923706055,0,0,0,0
18-07 20:00,33.1,0.0,0.0,0.0,33.099998474121094,0,0,0,0
18-07 21:00,19.0,0.0,0.0,0.0,19.0,0,0,0,0
18-07 22:00,9.1,0.0,0.0,0.0,9.100000381469727,0,0,0,0
18-07 23:00,0.6,0.0,0.0,0.0,0.6000000238418579,0,0,0,0
19-07 00:00,0.0,0.0,0.0,0.0,0.0,0,0,0,0
19-07 01:00,0.0,0.0,0.0,0.0,0.0,0,0,0,0
19-07 02:00,0.0,0.0,0.0,0.0,0.0,0,0,0,0
19-07 03:00,0.0,0.0,0.0,0.0,0.0,0,0,0,0
19-07 04:00,0.0,0.0,0.0,0.0,0.0,0,0,0,0
19-07 05:00,0.0,0.0,0.0,0.0,0.0,0,0,0,0
19-07 06:00,3.2,0.0,0.0,0.0,3.200000047683716,0,0,0,0
19-07 07:00,16.8,0.0,0.0,0.0,16.799999237060547,0,0,0,0
19-07 08:00,26.2,0.0,0.0,0.0,26.200000762939453,0,0,0,0
19-07 09:00,32.7,0.0,0.0,0.0,32.70000076293945,0,0,0,0
19-07 10:00,33.4,0.0,0.0,0.0,33.400001525878906,0,0,0,0
19-07 11:00,34.7,0.0,0.0,0.0,34.70000076293945,0,0,0,0
19-07 12:00,35.6,0.0,0.0,0.0,35.599998474121094,0,0,0,0
19-07 13:00,37.7,0.0,0.0,0.0,37.70000076293945,0,0,0,0
19-07 14:00,39.6,0.0,0.0,0.0,39.599998474121094,0,0,0,0
19-07 15:00,53.9,0.0,0.0,0.0,53.900001525878906,0,0,0,0
19-07 16:00,56.2,0.0,0.0,0.0,56.20000076293945,0,0,0,0
19-07 17:00,61.6,0.0,0.0,0.0,61.599998474121094,0,0,0,0
19-07 18:00,55.1,0.0,0.0,0.0,55.099998474121094,0,0,0,0
19-07 19:00,47.3,0.0,0.0,0.0,47.400001525878906,0,0,0,0
19-07 20:00,32.8,0.0,0.0,0.0,32.79999923706055,0,0,0,0
19-07 21:00,19.0,0.0,0.0,0.0,19.0,0,0,0,0
19-07 22:00,9.1,0.0,0.0,0.0,9.199999809265137,0,0,0,0
19-07 23:00,0.7,0.0,0.0,0.0,0.699999988079071,0,0,0,0
20-07 00:00,0.3,0.0,0.0,0.30000001192092896,0.0,0,0,0,0
20-07 01:00,0.2,0.0,0.0,0.20000000298023224,0.0,0,0,0,0
20-07 02:00,7.2,0.0,0.0,7.199999809265137,0.0,0,0,0,0
20-07 03:00,7.2,0.0,0.0,7.199999809265137,0.0,0,0,0,0
20-07 04:00,7.4,0.0,0.0,7.400000095367432,0.0,0,0,0,0
20-07 05:00,0.3,0.0,0.0,0.30000001192092896,0.0,0,0,0,0
20-07 06:00,3.4,0.0,0.0,0.4000000059604645,3.0,0,0,0,0
20-07 07:00,19.7,0.0,0.0,0.699999988079071,19.0,0,0,0,0
20-07 08:00,28.0,0.0,0.0,1.0,27.0,0,0,0,0
20-07 09:00,33.0,0.0,0.0,1.2000000476837158,31.799999237060547,0,0,0,0
20-07 10:00,35.1,0.0,0.0,1.2999999523162842,33.79999923706055,0,0,0,0
20-07 11:00,40.4,0.0,0.0,1.5,38.900001525878906,0,0,0,0
20-07 12:00,39.2,0.0,0.0,1.399999976158142,37.79999923706055,0,0,0,0
20-07 13:00,40.7,0.0,0.0,1.399999976158142,39.29999923706055,0,0,0,0
20-07 14:00,41.9,0.0,0.0,1.5,40.400001525878906,0,0,0,0
20-07 15:00,55.4,0.0,0.0,2.0,53.400001525878906,0,0,0,0
20-07 16:00,60.1,0.0,0.0,2.200000047683716,57.900001525878906,0,0,0,0
20-07 17:00,57.5,0.0,0.0,2.0,55.5,0,0,0,0
20-07 18:00,58.3,0.0,0.0,2.0999999046325684,56.20000076293945,0,0,0,0
20-07 19:00,52.7,0.0,0.0,1.899999976158142,50.79999923706055,0,0,0,0
20-07 20:00,34.4,0.0,0.0,1.2000000476837158,33.20000076293945,0,0,0,0
20-07 21:00,19.2,0.0,0.0,0.699999988079071,18.5,0,0,0,0
20-07 22:00,9.4,0.0,0.0,0.30000001192092896,9.199999809265137,0,0,0,0
20-07 23:00,0.9,0.0,0.0,0.30000001192092896,0.6000000238418579,0,0,0,0
21-07 00:00,0.0,0.0,0.0,0.0,0.0,0,0,0,0
21-07 01:00,0.0,0.0,0.0,0.0,0.0,0,0,0,0
21-07 02:00,0.0,0.0,0.0,0.0,0.0,0,0,0,0
21-07 03:00,0.0,0.0,0.0,0.0,0.0,0,0,0,0
21-07 04:00,0.0,0.0,0.0,0.0,0.0,0,0,0,0
21-07 05:00,0.0,0.0,0.0,0.0,0.0,0,0,0,0
21-07 06:00,0.0,0.0,0.0,0.0,0.0,0,0,0,0
21-07 07:00,1.3,0.0,0.0,0.0,1.2999999523162842,0,0,0,0
21-07 08:00,5.4,0.0,0.0,0.0,5.400000095367432,0,0,0,0
21-07 09:00,11.7,0.0,0.0,0.0,11.699999809265137,0,0,0,0
21-07 10:00,22.2,0.0,0.0,0.0,22.200000762939453,0,0,0,0
21-07 11:00,32.3,0.0,0.0,0.0,32.29999923706055,0,0,0,0
21-07 12:00,35.2,0.0,0.0,0.0,35.20000076293945,0,0,0,0
21-07 13:00,42.6,0.0,0.0,0.0,42.599998474121094,0,0,0,0
21-07 14:00,47.6,0.0,0.0,0.0,47.599998474121094,0,0,0,0
21-07 15:00,50.4,0.0,0.0,0.0,50.400001525878906,0,0,0,0
21-07 16:00,50.0,0.0,0.0,0.0,50.0,0,0,0,0
21-07 17:00,31.1,0.0,0.0,0.0,31.100000381469727,0,0,0,0
21-07 18:00,23.8,0.0,0.0,0.0,23.799999237060547,0,0,0,0
21-07 19:00,17.5,0.0,0.0,0.0,17.5,0,0,0,0
21-07 20:00,10.0,0.0,0.0,0.0,10.0,0,0,0,0
21-07 21:00,5.3,0.0,0.0,0.0,5.300000190734863,0,0,0,0
21-07 22:00,1.7,0.0,0.0,0.0,1.7000000476837158,0,0,0,0
21-07 23:00,0.0,0.0,0.0,0.0,0.0,0,0,0,0
22-07 00:00,0.0,0.0,0.0,0.0,0.0,0,0,0,0
22-07 01:00,0.0,0.0,0.0,0.0,0.0,0,0,0,0
22-07 02:00,0.0,0.0,0.0,0.0,0.0,0,0,0,0
22-07 03:00,0.0,0.0,0.0,0.0,0.0,0,0,0,0
22-07 04:00,0.0,0.0,0.0,0.0,0.0,0,0,0,0
22-07 05:00,0.0,0.0,0.0,0.0,0.0,0,0,0,0
22-07 06:00,0.0,0.0,0.0,0.0,0.0,0,0,0,0
22-07 07:00,3.1,0.0,0.0,0.0,3.0999999046325684,0,0,0,0
22-07 08:00,7.4,0.0,0.0,0.0,7.400000095367432,0,0,0,0
22-07 09:00,10.3,0.0,0.0,0.0,10.300000190734863,0,0,0,0
22-07 10:00,13.0,0.0,0.0,0.0,13.0,0,0,0,0
22-07 11:00,15.6,0.0,0.0,0.0,15.600000381469727,0,0,0,0
22-07 12:00,20.2,0.0,0.0,0.0,20.200000762939453,0,0,0,0
22-07 13:00,28.6,0.0,0.0,0.0,28.600000381469727,0,0,0,0
22-07 14:00,31.3,0.0,0.0,0.0,31.299999237060547,0,0,0,0
22-07 15:00,35.3,0.0,0.0,0.0,35.29999923706055,0,0,0,0
22-07 16:00,31.7,0.0,0.0,0.0,31.700000762939453,0,0,0,0
22-07 17:00,28.0,0.0,0.0,0.0,28.0,0,0,0,0
22-07 18:00,18.8,0.0,0.0,0.0,18.799999237060547,0,0,0,0
22-07 19:00,15.3,0.0,0.0,0.0,15.300000190734863,0,0,0,0
22-07 20:00,11.1,0.0,0.0,0.0,11.199999809265137,0,0,0,0
22-07 21:00,6.8,0.0,0.0,0.0,6.800000190734863,0,0,0,0
22-07 22:00,1.2,0.0,0.0,0.0,1.2000000476837158,0,0,0,0
22-07 23:00,1.2,0.0,0.0,0.0,1.2000000476837158,0,0,0,0
23-07 00:00,0.0,0.0,0.0,0.0,0.0,0,0,0,0
23-07 01:00,0.0,0.0,0.0,0.0,0.0,0,0,0,0
23-07 02:00,0.0,0.0,0.0,0.0,0.0,0,0,0,0
23-07 03:00,0.0,0.0,0.0,0.0,0.0,0,0,0,0
23-07 04:00,0.0,0.0,0.0,0.0,0.0,0,0,0,0
23-07 05:00,0.0,0.0,0.0,0.0,0.0,0,0,0,0
23-07 06:00,3.4,0.0,0.0,0.0,3.4000000953674316,0,0,0,0
23-07 07:00,18.1,0.0,0.0,0.0,18.200000762939453,0,0,0,0
23-07 08:00,25.0,0.0,0.0,0.0,25.0,0,0,0,0
23-07 09:00,31.2,0.0,0.0,0.0,31.200000762939453,0,0,0,0
23-07 10:00,35.2,0.0,0.0,0.0,35.20000076293945,0,0,0,0
23-07 11:00,37.6,0.0,0.0,0.0,37.599998474121094,0,0,0,0
23-07 12:00,33.9,0.0,0.0,0.0,33.900001525878906,0,0,0,0
23-07 13:00,36.9,0.0,0.0,0.0,36.900001525878906,0,0,0,0
23-07 14:00,44.7,0.0,0.0,0.0,44.70000076293945,0,0,0,0
23-07 15:00,50.4,0.0,0.0,0.0,50.400001525878906,0,0,0,0
23-07 16:00,59.2,0.0,0.0,0.0,59.20000076293945,0,0,0,0
23-07 17:00,65.4,0.0,0.0,0.0,65.4000015258789,0,0,0,0
23-07 18:00,55.2,0.0,0.0,0.0,55.20000076293945,0,0,0,0
23-07 19:00,49.4,0.0,0.0,0.0,49.400001525878906,0,0,0,0
23-07 20:00,34.6,0.0,0.0,0.0,34.599998474121094,0,0,0,0
23-07 21:00,18.3,0.0,0.0,0.0,18.299999237060547,0,0,0,0
23-07 22:00,9.2,0.0,0.0,0.0,9.199999809265137,0,0,0,0
23-07 23:00,0.6,0.0,0.0,0.0,0.6000000238418579,0,0,0,0
24-07 00:00,0.3,0.0,0.0,0.30000001192092896,0.0,0,0,0,0
24-07 01:00,7.8,0.0,0.0,7.800000190734863,0.0,0,0,0,0
24-07 02:00,7.8,0.0,0.0,7.800000190734863,0.0,0,0,0,0
24-07 03:00,7.5,0.0,0.0,7.5,0.0,0,0,0,0
24-07 04:00,0.2,0.0,0.0,0.20000000298023224,0.0,0,0,0,0
24-07 05:00,0.3,0.0,0.0,0.30000001192092896,0.0,0,0,0,0
24-07 06:00,3.3,0.0,0.0,0.4000000059604645,2.9000000953674316,0,0,0,0
24-07 07:00,18.9,0.0,0.0,0.699999988079071,18.200000762939453,0,0,0,0
24-07 08:00,27.8,0.0,0.0,1.0,26.799999237060547,0,0,0,0
24-07 09:00,33.0,0.0,0.0,1.2000000476837158,31.799999237060547,0,0,0,0
24-07 10:00,36.8,0.0,0.0,1.2999999523162842,35.5,0,0,0,0
24-07 11:00,39.0,0.0,0.0,1.399999976158142,37.599998474121094,0,0,0,0
24-07 12:00,36.3,0.0,0.0,1.2999999523162842,35.0,0,0,0,0
24-07 13:00,46.1,0.0,0.0,1.600000023841858,44.5,0,0,0,0
24-07 14:00,44.2,0.0,0.0,1.600000023841858,42.599998474121094,0,0,0,0
24-07 15:00,55.0,0.0,0.0,2.0,53.0,0,0,0,0
24-07 16:00,57.8,0.0,0.0,2.0999999046325684,55.70000076293945,0,0,0,0
24-07 17:00,66.5,0.0,0.0,2.299999952316284,64.19999694824219,0,0,0,0
24-07 18:00,64.4,0.0,0.0,2.299999952316284,62.099998474121094,0,0,0,0
24-07 19:00,48.7,0.0,0.0,1.7000000476837158,47.0,0,0,0,0
24-07 20:00,35.5,0.0,0.0,1.2999999523162842,34.20000076293945,0,0,0,0
24-07 21:00,19.4,0.0,0.0,0.699999988079071,18.700000762939453,0,0,0,0
24-07 22:00,9.0,0.0,0.0,0.30000001192092896,8.699999809265137,0,0,0,0
24-07 23:00,0.9,0.0,0.0,0.30000001192092896,0.6000000238418579,0,0,0,0
25-07 00:00,0.0,0.0,0.0,0.0,0.0,0,0,0,0
25-07 01:00,0.0,0.0,0.0,0.0,0.0,0,0,0,0
25-07 02:00,0.0,0.0,0.0,0.0,0.0,0,0,0,0
25-07 03:00,0.0,0.0,0.0,0.0,0.0,0,0,0,0
25-07 04:00,0.0,0.0,0.0,0.0,0.0,0,0,0,0
25-07 05:00,0.0,0.0,0.0,0.0,0.0,0,0,0,0
25-07 06:00,3.0,0.0,0.0,0.0,3.0,0,0,0,0
25-07 07:00,19.1,0.0,0.0,0.0,19.100000381469727,0,0,0,0
25-07 08:00,26.8,0.0,0.0,0.0,26.799999237060547,0,0,0,0
25-07 09:00,30.9,0.0,0.0,0.0,30.899999618530273,0,0,0,0
25-07 10:00,32.8,0.0,0.0,0.0,32.79999923706055,0,0,0,0
25-07 11:00,34.8,0.0,0.0,0.0,34.79999923706055,0,0,0,0
25-07 12:00,33.2,0.0,0.0,0.0,33.20000076293945,0,0,0,0
25-07 13:00,39.8,0.0,0.0,0.0,39.79999923706055,0,0,0,0
25-07 14:00,42.2,0.0,0.0,0.0,42.20000076293945,0,0,0,0
25-07 15:00,49.9,0.0,0.0,0.0,49.900001525878906,0,0,0,0
25-07 16:00,53.5,0.0,0.0,0.0,53.5,0,0,0,0
25-07 17:00,60.5,0.0,0.0,0.0,60.599998474121094,0,0,0,0
25-07 18:00,59.8,0.0,0.0,0.0,59.79999923706055,0,0,0,0
25-07 19:00,49.9,0.0,0.0,0.0,49.900001525878906,0,0,0,0
25-07 20:00,33.6,0.0,0.0,0.0,33.599998474121094,0,0,0,0
25-07 21:00,16.9,0.0,0.0,0.0,16.899999618530273,0,0,0,0
25-07 22:00,9.9,0.0,0.0,0.0,9.899999618530273,0,0,0,0
25-07 23:00,0.6,0.0,0.0,0.0,0.6000000238418579,0,0,0,0
26-07 00:00,7.8,0.0,0.0,7.800000190734863,0.0,0,0,0,0
26-07 01:00,15.9,0.0,0.0,15.899999618530273,0.0,0,0,0,0
26-07 02:00,7.8,0.0,0.0,7.800000190734863,0.0,0,0,0,0
26-07 03:00,8.5,0.0,0.0,8.5,0.0,0,0,0,0
26-07 04:00,8.2,0.0,0.0,8.199999809265137,0.0,0,0,0,0
26-07 05:00,8.8,0.0,0.0,8.800000190734863,0.0,0,0,0,0
26-07 06:00,12.4,0.0,0.0,9.300000190734863,3.0999999046325684,0,0,0,0
26-07 07:00,21.1,0.0,0.0,2.9000000953674316,18.200000762939453,0,0,0,0
26-07 08:00,30.9,0.0,0.0,4.400000095367432,26.600000381469727,0,0,0,0
26-07 09:00,37.6,0.0,0.0,5.400000095367432,32.20000076293945,0,0,0,0
26-07 10:00,39.3,0.0,0.0,5.5,33.79999923706055,0,0,0,0
26-07 11:00,42.9,0.0,0.0,6.0,36.900001525878906,0,0,0,0
26-07 12:00,44.5,0.0,0.0,6.199999809265137,38.29999923706055,0,0,0,0
26-07 13:00,47.0,0.0,0.0,6.400000095367432,40.599998474121094,0,0,0,0
26-07 14:00,52.1,0.0,0.0,7.300000190734863,44.79999923706055,0,0,0,0
26-07 15:00,59.3,0.0,0.0,8.300000190734863,51.0,0,0,0,0
26-07 16:00,59.6,0.0,0.0,8.399999618530273,51.20000076293945,0,0,0,0
26-07 17:00,68.7,0.0,0.0,9.300000190734863,59.400001525878906,0,0,0,0
26-07 18:00,64.9,0.0,0.0,9.100000381469727,55.79999923706055,0,0,0,0
26-07 19:00,58.5,0.0,0.0,8.100000381469727,50.400001525878906,0,0,0,0
26-07 20:00,40.7,0.0,0.0,5.699999809265137,35.0,0,0,0,0
26-07 21:00,29.4,0.0,0.0,10.5,18.899999618530273,0,0,0,0
26-07 22:00,25.0,0.0,0.0,15.800000190734863,9.199999809265137,0,0,0,0
26-07 23:00,16.9,0.0,0.0,16.299999237060547,0.6000000238418579,0,0,0,0
27-07 00:00,14.9,0.0,0.0,14.899999618530273,0.0,0,0,0,0
27-07 01:00,8.1,0.0,0.0,8.100000381469727,0.0,0,0,0,0
27-07 02:00,0.6,0.0,0.0,0.6000000238418579,0.0,0,0,0,0
27-07 03:00,7.5,0.0,0.0,7.5,0.0,0,0,0,0
27-07 04:00,14.4,0.0,0.0,14.399999618530273,0.0,0,0,0,0
27-07 05:00,15.5,0.0,0.0,15.5,0.0,0,0,0,0
27-07 06:00,11.8,0.0,0.0,8.699999809265137,3.0999999046325684,0,0,0,0
27-07 07:00,20.8,0.0,0.0,2.0999999046325684,18.700000762939453,0,0,0,0
27-07 08:00,29.9,0.0,0.0,3.0,26.799999237060547,0,0,0,0
27-07 09:00,37.6,0.0,0.0,3.9000000953674316,33.70000076293945,0,0,0,0
27-07 10:00,38.8,0.0,0.0,3.9000000953674316,34.900001525878906,0,0,0,0
27-07 11:00,40.3,0.0,0.0,4.099999904632568,36.20000076293945,0,0,0,0
27-07 12:00,39.8,0.0,0.0,4.0,35.79999923706055,0,0,0,0
27-07 13:00,42.0,0.0,0.0,4.199999809265137,37.79999923706055,0,0,0,0
27-07 14:00,48.4,0.0,0.0,4.900000095367432,43.5,0,0,0,0
27-07 15:00,53.8,0.0,0.0,5.400000095367432,48.400001525878906,0,0,0,0
27-07 16:00,60.9,0.0,0.0,6.199999809265137,54.70000076293945,0,0,0,0
27-07 17:00,65.2,0.0,0.0,6.400000095367432,58.79999923706055,0,0,0,0
27-07 18:00,64.8,0.0,0.0,6.599999904632568,58.20000076293945,0,0,0,0
27-07 19:00,52.8,0.0,0.0,5.300000190734863,47.5,0,0,0,0
27-07 20:00,39.7,0.0,0.0,4.0,35.70000076293945,0,0,0,0
27-07 21:00,20.5,0.0,0.0,2.0999999046325684,18.399999618530273,0,0,0,0
27-07 22:00,10.0,0.0,0.0,1.0,9.0,0,0,0,0
27-07 23:00,1.4,0.0,0.0,0.800000011920929,0.6000000238418579,0,0,0,0
28-07 00:00,0.0,0.0,0.0,0.0,0.0,0,0,0,0
28-07 01:00,0.0,0.0,0.0,0.0,0.0,0,0,0,0
28-07 02:00,0.0,0.0,0.0,0.0,0.0,0,0,0,0
28-07 03:00,0.0,0.0,0.0,0.0,0.0,0,0,0,0
28-07 04:00,0.0,0.0,0.0,0.0,0.0,0,0,0,0
28-07 05:00,0.0,0.0,0.0,0.0,0.0,0,0,0,0
28-07 06:00,0.0,0.0,0.0,0.0,0.0,0,0,0,0
28-07 07:00,1.2,0.0,0.0,0.0,1.2000000476837158,0,0,0,0
28-07 08:00,5.4,0.0,0.0,0.0,5.400000095367432,0,0,0,0
28-07 09:00,12.3,0.0,0.0,0.0,12.300000190734863,0,0,0,0
28-07 10:00,21.4,0.0,0.0,0.0,21.399999618530273,0,0,0,0
28-07 11:00,31.2,0.0,0.0,0.0,31.200000762939453,0,0,0,0
28-07 12:00,38.0,0.0,0.0,0.0,38.0,0,0,0,0
28-07 13:00,46.3,0.0,0.0,0.0,46.29999923706055,0,0,0,0
28-07 14:00,46.3,0.0,0.0,0.0,46.29999923706055,0,0,0,0
28-07 15:00,50.6,0.0,0.0,0.0,50.599998474121094,0,0,0,0
28-07 16:00,43.5,0.0,0.0,0.0,43.400001525878906,0,0,0,0
28-07 17:00,31.8,0.0,0.0,0.0,31.799999237060547,0,0,0,0
28-07 18:00,24.4,0.0,0.0,0.0,24.399999618530273,0,0,0,0
28-07 19:00,16.5,0.0,0.0,0.0,16.5,0,0,0,0
28-07 20:00,10.1,0.0,0.0,0.0,10.100000381469727,0,0,0,0
28-07 21:00,5.3,0.0,0.0,0.0,5.300000190734863,0,0,0,0
28-07 22:00,1.9,0.0,0.0,0.0,1.899999976158142,0,0,0,0
28-07 23:00,0.0,0.0,0.0,0.0,0.0,0,0,0,0
29-07 00:00,1.0,0.0,0.0,1.0,0.0,0,0,0,0
29-07 01:00,1.0,0.0,0.0,1.0,0.0,0,0,0,0
29-07 02:00,0.8,0.0,0.0,0.800000011920929,0.0,0,0,0,0
29-07 03:00,8.3,0.0,0.0,8.300000190734863,0.0,0,0,0,0
29-07 04:00,14.4,0.0,0.0,14.399999618530273,0.0,0,0,0,0
29-07 05:00,14.7,0.0,0.0,14.699999809265137,0.0,0,0,0,0
29-07 06:00,1.0,0.0,0.0,1.0,0.0,0,0,0,0
29-07 07:00,3.8,0.0,0.0,1.0,2.799999952316284,0,0,0,0
29-07 08:00,8.3,0.0,0.0,1.2999999523162842,7.0,0,0,0,0
29-07 09:00,12.4,0.0,0.0,1.600000023841858,10.800000190734863,0,0,0,0
29-07 10:00,15.8,0.0,0.0,1.899999976158142,13.899999618530273,0,0,0,0
29-07 11:00,18.6,0.0,0.0,2.4000000953674316,16.299999237060547,0,0,0,0
29-07 12:00,24.6,0.0,0.0,3.0999999046325684,21.5,0,0,0,0
29-07 13:00,31.6,0.0,0.0,4.099999904632568,27.5,0,0,0,0
29-07 14:00,35.8,0.0,0.0,4.400000095367432,31.399999618530273,0,0,0,0
29-07 15:00,37.9,0.0,0.0,4.900000095367432,33.0,0,0,0,0
29-07 16:00,41.9,0.0,0.0,5.400000095367432,36.5,0,0,0,0
29-07 17:00,32.0,0.0,0.0,4.099999904632568,27.899999618530273,0,0,0,0
29-07 18:00,22.3,0.0,0.0,2.799999952316284,19.5,0,0,0,0
29-07 19:00,17.8,0.0,0.0,2.299999952316284,15.5,0,0,0,0
29-07 20:00,20.8,0.0,0.0,9.300000190734863,11.5,0,0,0,0
29-07 21:00,21.5,0.0,0.0,15.100000381469727,6.400000095367432,0,0,0,0
29-07 22:00,17.0,0.0,0.0,15.800000190734863,1.2000000476837158,0,0,0,0
29-07 23:00,16.3,0.0,0.0,15.100000381469727,1.2000000476837158,0,0,0,0
30-07 00:00,8.9,0.0,0.0,9.0,0.0,0,0,0,0
30-07 01:00,9.2,0.0,0.0,9.199999809265137,0.0,0,0,0,0
30-07 02:00,8.6,0.0,0.0,8.600000381469727,0.0,0,0,0,0
30-07 03:00,8.7,0.0,0.0,8.699999809265137,0.0,0,0,0,0
30-07 04:00,16.2,0.0,0.0,16.200000762939453,0.0,0,0,0,0
30-07 05:00,16.1,0.0,0.0,16.100000381469727,0.0,0,0,0,0
30-07 06:00,13.5,0.0,0.0,10.5,3.0,0,0,0,0
30-07 07:00,30.2,0.0,0.0,12.199999809265137,18.0,0,0,0,0
30-07 08:00,34.7,0.0,0.0,7.800000190734863,26.899999618530273,0,0,0,0
30-07 09:00,40.6,0.0,0.0,9.300000190734863,31.299999237060547,0,0,0,0
30-07 10:00,44.1,0.0,0.0,9.800000190734863,34.29999923706055,0,0,0,0
30-07 11:00,45.3,0.0,0.0,10.100000381469727,35.20000076293945,0,0,0,0
30-07 12:00,44.2,0.0,0.0,9.800000190734863,34.400001525878906,0,0,0,0
30-07 13:00,50.6,0.0,0.0,11.100000381469727,39.5,0,0,0,0
30-07 14:00,55.6,0.0,0.0,12.399999618530273,43.20000076293945,0,0,0,0
30-07 15:00,62.4,0.0,0.0,13.899999618530273,48.5,0,0,0,0
30-07 16:00,69.8,0.0,0.0,15.600000381469727,54.20000076293945,0,0,0,0
30-07 17:00,83.0,0.0,0.0,18.0,65.0,0,0,0,0
30-07 18:00,77.3,0.0,0.0,17.299999237060547,60.0,0,0,0,0
30-07 19:00,63.0,0.0,0.0,13.899999618530273,49.099998474121094,0,0,0,0
30-07 20:00,51.9,0.0,0.0,17.200000762939453,34.70000076293945,0,0,0,0
30-07 21:00,53.5,0.0,0.0,34.70000076293945,18.799999237060547,0,0,0,0
30-07 22:00,35.4,0.0,0.0,25.600000381469727,9.800000190734863,0,0,0,0
30-07 23:00,39.7,0.0,0.0,39.099998474121094,0.6000000238418579,0,0,0,0
31-07 00:00,42.3,0.0,0.0,42.29999923706055,0.0,0,0,0,0
31-07 01:00,41.4,0.0,0.0,41.400001525878906,0.0,0,0,0,0
31-07 02:00,47.0,0.0,0.0,47.0,0.0,0,0,0,0
31-07 03:00,56.4,0.0,0.0,56.400001525878906,0.0,0,0,0,0
31-07 04:00,54.7,0.0,0.0,54.70000076293945,0.0,0,0,0,0
31-07 05:00,41.0,0.0,0.0,41.0,0.0,0,0,0,0
31-07 06:00,41.5,0.0,0.0,38.400001525878906,3.0999999046325684,0,0,0,0
31-07 07:00,44.1,0.0,0.0,26.399999618530273,17.700000762939453,0,0,0,0
31-07 08:00,53.1,0.0,0.0,26.399999618530273,26.700000762939453,0,0,0,0
31-07 09:00,58.8,0.0,0.0,25.0,33.79999923706055,0,0,0,0
31-07 10:00,57.5,0.0,0.0,23.899999618530273,33.599998474121094,0,0,0,0
31-07 11:00,60.2,0.0,0.0,25.0,35.20000076293945,0,0,0,0
31-07 12:00,60.7,0.0,0.0,25.200000762939453,35.5,0,0,0,0
31-07 13:00,65.7,0.0,0.0,27.0,38.70000076293945,0,0,0,0
31-07 14:00,74.2,0.0,0.0,31.0,43.20000076293945,0,0,0,0
31-07 15:00,92.9,0.0,0.0,38.599998474121094,54.29999923706055,0,0,0,0
31-07 16:00,100.0,0.0,0.0,41.70000076293945,58.29999923706055,0,0,0,0
31-07 17:00,105.6,0.0,0.0,43.0,62.599998474121094,0,0,0,0
31-07 18:00,97.1,0.0,0.0,40.5,56.599998474121094,0,0,0,0
31-07 19:00,100.1,0.0,0.0,48.099998474121094,52.0,0,0,0,0
31-07 20:00,84.0,0.0,0.0,49.599998474121094,34.400001525878906,0,0,0,0
31-07 21:00,64.1,0.0,0.0,44.0,20.100000381469727,0,0,0,0
31-07 22:00,37.4,0.0,0.0,28.5,8.899999618530273,0,0,0,0
31-07 23:00,28.1,0.0,0.0,27.5,0.6000000238418579,0,0,0,0
01-08 00:00,22.9,0.0,0.0,22.899999618530273,0.0,0,0,0,0
01-08 01:00,26.4,0.0,0.0,26.399999618530273,0.0,0,0,0,0
01-08 02:00,30.9,0.0,0.0,30.899999618530273,0.0,0,0,0,0
01-08 03:00,28.1,0.0,0.0,28.100000381469727,0.0,0,0,0,0
01-08 04:00,16.9,0.0,0.0,16.899999618530273,0.0,0,0,0,0
01-08 05:00,5.1,0.0,0.0,5.099999904632568,0.0,0,0,0,0
01-08 06:00,20.7,0.0,0.0,17.600000381469727,3.0999999046325684,0,0,0,0
01-08 07:00,23.3,0.0,0.0,4.400000095367432,19.0,0,0,0,0
01-08 08:00,32.9,0.0,0.0,6.199999809265137,26.700000762939453,0,0,0,0
01-08 09:00,36.6,0.0,0.0,7.0,29.399999618530273,0,0,0,0
01-08 10:00,46.1,0.0,0.0,8.600000381469727,37.5,0,0,0,0
01-08 11:00,45.5,0.0,0.0,8.5,37.0,0,0,0,0
01-08 12:00,43.3,0.0,0.0,8.100000381469727,35.20000076293945,0,0,0,0
01-08 13:00,47.4,0.0,0.0,8.699999809265137,38.70000076293945,0,0,0,0
01-08 14:00,50.1,0.0,0.0,9.399999618530273,40.70000076293945,0,0,0,0
01-08 15:00,65.4,0.0,0.0,12.199999809265137,53.20000076293945,0,0,0,0
01-08 16:00,73.9,0.0,0.0,13.899999618530273,60.0,0,0,0,0
01-08 17:00,76.6,0.0,0.0,13.899999618530273,62.599998474121094,0,0,0,0
01-08 18:00,74.0,0.0,0.0,13.899999618530273,60.099998474121094,0,0,0,0
01-08 19:00,61.5,0.0,0.0,11.399999618530273,50.099998474121094,0,0,0,0
01-08 20:00,44.0,0.0,0.0,8.199999809265137,35.79999923706055,0,0,0,0
01-08 21:00,22.6,0.0,0.0,4.199999809265137,18.399999618530273,0,0,0,0
01-08 22:00,11.1,0.0,0.0,2.0,9.100000381469727,0,0,0,0
01-08 23:00,2.3,0.0,0.0,1.7000000476837158,0.6000000238418579,0,0,0,0
02-08 00:00,0.4,0.0,0.0,0.4000000059604645,0.0,0,0,0,0
02-08 01:00,0.4,0.0,0.0,0.4000000059604645,0.0,0,0,0,0
02-08 02:00,0.3,0.0,0.0,0.4000000059604645,0.0,0,0,0,0
02-08 03:00,7.9,0.0,0.0,7.900000095367432,0.0,0,0,0,0
02-08 04:00,14.9,0.0,0.0,14.899999618530273,0.0,0,0,0,0
02-08 05:00,14.5,0.0,0.0,14.5,0.0,0,0,0,0
02-08 06:00,3.8,0.0,0.0,0.800000011920929,3.0,0,0,0,0
02-08 07:00,18.8,0.0,0.0,1.100000023841858,17.700000762939453,0,0,0,0
02-08 08:00,26.5,0.0,0.0,1.600000023841858,24.799999237060547,0,0,0,0
02-08 09:00,34.4,0.0,0.0,2.0999999046325684,32.29999923706055,0,0,0,0
02-08 10:00,37.9,0.0,0.0,2.200000047683716,35.70000076293945,0,0,0,0
02-08 11:00,41.6,0.0,0.0,2.4000000953674316,39.20000076293945,0,0,0,0
02-08 12:00,38.5,0.0,0.0,2.200000047683716,36.29999923706055,0,0,0,0
02-08 13:00,42.4,0.0,0.0,2.4000000953674316,40.0,0,0,0,0
02-08 14:00,45.5,0.0,0.0,2.700000047683716,42.79999923706055,0,0,0,0
02-08 15:00,59.4,0.0,0.0,3.5,55.900001525878906,0,0,0,0
02-08 16:00,59.0,0.0,0.0,3.5,55.5,0,0,0,0
02-08 17:00,65.2,0.0,0.0,3.700000047683716,61.5,0,0,0,0
02-08 18:00,57.7,0.0,0.0,3.4000000953674316,54.29999923706055,0,0,0,0
02-08 19:00,50.1,0.0,0.0,2.9000000953674316,47.20000076293945,0,0,0,0
02-08 20:00,35.8,0.0,0.0,2.0999999046325684,33.70000076293945,0,0,0,0
02-08 21:00,19.5,0.0,0.0,1.100000023841858,18.399999618530273,0,0,0,0
02-08 22:00,10.6,0.0,0.0,0.6000000238418579,10.0,0,0,0,0
02-08 23:00,1.0,0.0,0.0,0.4000000059604645,0.6000000238418579,0,0,0,0
03-08 00:00,0.0,0.0,0.0,0.0,0.0,0,0,0,0
03-08 01:00,0.0,0.0,0.0,0.0,0.0,0,0,0,0
03-08 02:00,0.0,0.0,0.0,0.0,0.0,0,0,0,0
03-08 03:00,0.0,0.0,0.0,0.0,0.0,0,0,0,0
03-08 04:00,0.0,0.0,0.0,0.0,0.0,0,0,0,0
03-08 05:00,0.0,0.0,0.0,0.0,0.0,0,0,0,0
03-08 06:00,3.0,0.0,0.0,0.0,3.0,0,0,0,0
03-08 07:00,19.4,0.0,0.0,0.0,19.399999618530273,0,0,0,0
03-08 08:00,26.5,0.0,0.0,0.0,26.399999618530273,0,0,0,0
03-08 09:00,32.0,0.0,0.0,0.0,32.0,0,0,0,0
03-08 10:00,34.7,0.0,0.0,0.0,34.70000076293945,0,0,0,0
03-08 11:00,34.6,0.0,0.0,0.0,34.599998474121094,0,0,0,0
03-08 12:00,36.7,0.0,0.0,0.0,36.70000076293945,0,0,0,0
03-08 13:00,40.4,0.0,0.0,0.0,40.400001525878906,0,0,0,0
03-08 14:00,42.9,0.0,0.0,0.0,42.900001525878906,0,0,0,0
03-08 15:00,50.2,0.0,0.0,0.0,50.20000076293945,0,0,0,0
03-08 16:00,54.4,0.0,0.0,0.0,54.400001525878906,0,0,0,0
03-08 17:00,62.8,0.0,0.0,0.0,62.79999923706055,0,0,0,0
03-08 18:00,55.5,0.0,0.0,0.0,55.5,0,0,0,0
03-08 19:00,48.7,0.0,0.0,0.0,48.70000076293945,0,0,0,0
03-08 20:00,33.1,0.0,0.0,0.0,33.099998474121094,0,0,0,0
03-08 21:00,19.4,0.0,0.0,0.0,19.399999618530273,0,0,0,0
03-08 22:00,9.4,0.0,0.0,0.0,9.399999618530273,0,0,0,0
03-08 23:00,0.6,0.0,0.0,0.0,0.6000000238418579,0,0,0,0
04-08 00:00,0.0,0.0,0.0,0.0,0.0,0,0,0,0
04-08 01:00,0.0,0.0,0.0,0.0,0.0,0,0,0,0
04-08 02:00,0.0,0.0,0.0,0.0,0.0,0,0,0,0
04-08 03:00,0.0,0.0,0.0,0.0,0.0,0,0,0,0
04-08 04:00,0.0,0.0,0.0,0.0,0.0,0,0,0,0
04-08 05:00,0.0,0.0,0.0,0.0,0.0,0,0,0,0
04-08 06:00,0.0,0.0,0.0,0.0,0.0,0,0,0,0
04-08 07:00,1.2,0.0,0.0,0.0,1.2000000476837158,0,0,0,0
04-08 08:00,6.0,0.0,0.0,0.0,6.0,0,0,0,0
04-08 09:00,11.8,0.0,0.0,0.0,11.800000190734863,0,0,0,0
04-08 10:00,21.7,0.0,0.0,0.0,21.700000762939453,0,0,0,0
04-08 11:00,32.0,0.0,0.0,0.0,32.0,0,0,0,0
04-08 12:00,38.1,0.0,0.0,0.0,38.099998474121094,0,0,0,0
04-08 13:00,42.5,0.0,0.0,0.0,42.5,0,0,0,0
04-08 14:00,45.1,0.0,0.0,0.0,45.099998474121094,0,0,0,0
04-08 15:00,47.8,0.0,0.0,0.0,47.79999923706055,0,0,0,0
04-08 16:00,49.4,0.0,0.0,0.0,49.400001525878906,0,0,0,0
04-08 17:00,32.6,0.0,0.0,0.0,32.599998474121094,0,0,0,0
04-08 18:00,24.7,0.0,0.0,0.0,24.700000762939453,0,0,0,0
04-08 19:00,15.9,0.0,0.0,0.0,15.899999618530273,0,0,0,0
04-08 20:00,9.6,0.0,0.0,0.0,9.600000381469727,0,0,0,0
04-08 21:00,5.4,0.0,0.0,0.0,5.400000095367432,0,0,0,0
04-08 22:00,1.8,0.0,0.0,0.0,1.7999999523162842,0,0,0,0
04-08 23:00,0.0,0.0,0.0,0.0,0.0,0,0,0,0
05-08 00:00,0.0,0.0,0.0,0.0,0.0,0,0,0,0
05-08 01:00,0.0,0.0,0.0,0.0,0.0,0,0,0,0
05-08 02:00,0.0,0.0,0.0,0.0,0.0,0,0,0,0
05-08 03:00,0.0,0.0,0.0,0.0,0.0,0,0,0,0
05-08 04:00,0.0,0.0,0.0,0.0,0.0,0,0,0,0
05-08 05:00,0.0,0.0,0.0,0.0,0.0,0,0,0,0
05-08 06:00,0.0,0.0,0.0,0.0,0.0,0,0,0,0
05-08 07:00,2.9,0.0,0.0,0.0,2.9000000953674316,0,0,0,0
05-08 08:00,7.1,0.0,0.0,0.0,7.099999904632568,0,0,0,0
05-08 09:00,10.1,0.0,0.0,0.0,10.100000381469727,0,0,0,0
05-08 10:00,13.5,0.0,0.0,0.0,13.5,0,0,0,0
05-08 11:00,15.7,0.0,0.0,0.0,15.699999809265137,0,0,0,0
05-08 12:00,20.6,0.0,0.0,0.0,20.600000381469727,0,0,0,0
05-08 13:00,26.8,0.0,0.0,0.0,26.799999237060547,0,0,0,0
05-08 14:00,33.1,0.0,0.0,0.0,33.099998474121094,0,0,0,0
05-08 15:00,33.5,0.0,0.0,0.0,33.5,0,0,0,0
05-08 16:00,35.0,0.0,0.0,0.0,35.0,0,0,0,0
05-08 17:00,27.0,0.0,0.0,0.0,27.0,0,0,0,0
05-08 18:00,19.4,0.0,0.0,0.0,19.399999618530273,0,0,0,0
05-08 19:00,14.2,0.0,0.0,0.0,14.199999809265137,0,0,0,0
05-08 20:00,11.2,0.0,0.0,0.0,11.199999809265137,0,0,0,0
05-08 21:00,6.6,0.0,0.0,0.0,6.599999904632568,0,0,0,0
05-08 22:00,1.3,0.0,0.0,0.0,1.2999999523162842,0,0,0,0
05-08 23:00,1.2,0.0,0.0,0.0,1.2000000476837158,0,0,0,0
06-08 00:00,0.0,0.0,0.0,0.0,0.0,0,0,0,0
06-08 01:00,0.0,0.0,0.0,0.0,0.0,0,0,0,0
06-08 02:00,0.0,0.0,0.0,0.0,0.0,0,0,0,0
06-08 03:00,0.0,0.0,0.0,0.0,0.0,0,0,0,0
06-08 04:00,0.0,0.0,0.0,0.0,0.0,0,0,0,0
06-08 05:00,0.0,0.0,0.0,0.0,0.0,0,0,0,0
06-08 06:00,3.3,0.0,0.0,0.0,3.299999952316284,0,0,0,0
06-08 07:00,19.0,0.0,0.0,0.0,19.0,0,0,0,0
06-08 08:00,25.7,0.0,0.0,0.0,25.700000762939453,0,0,0,0
06-08 09:00,31.8,0.0,0.0,0.0,31.799999237060547,0,0,0,0
06-08 10:00,35.2,0.0,0.0,0.0,35.20000076293945,0,0,0,0
06-08 11:00,35.4,0.0,0.0,0.0,35.400001525878906,0,0,0,0
06-08 12:00,38.6,0.0,0.0,0.0,38.599998474121094,0,0,0,0
06-08 13:00,41.3,0.0,0.0,0.0,41.29999923706055,0,0,0,0
06-08 14:00,40.0,0.0,0.0,0.0,40.0,0,0,0,0
06-08 15:00,50.3,0.0,0.0,0.0,50.29999923706055,0,0,0,0
06-08 16:00,54.5,0.0,0.0,0.0,54.5,0,0,0,0
06-08 17:00,61.7,0.0,0.0,0.0,61.70000076293945,0,0,0,0
06-08 18:00,58.6,0.0,0.0,0.0,58.599998474121094,0,0,0,0
06-08 19:00,50.8,0.0,0.0,0.0,50.79999923706055,0,0,0,0
06-08 20:00,33.2,0.0,0.0,0.0,33.20000076293945,0,0,0,0
06-08 21:00,18.7,0.0,0.0,0.0,18.700000762939453,0,0,0,0
06-08 22:00,9.0,0.0,0.0,0.0,9.0,0,0,0,0
06-08 23:00,0.6,0.0,0.0,0.0,0.6000000238418579,0,0,0,0
07-08 00:00,0.0,0.0,0.0,0.0,0.0,0,0,0,0
07-08 01:00,0.0,0.0,0.0,0.0,0.0,0,0,0,0
07-08 02:00,0.0,0.0,0.0,0.0,0.0,0,0,0,0
07-08 03:00,0.0,0.0,0.0,0.0,0.0,0,0,0,0
07-08 04:00,0.0,0.0,0.0,0.0,0.0,0,0,0,0
07-08 05:00,0.0,0.0,0.0,0.0,0.0,0,0,0,0
07-08 06:00,3.1,0.0,0.0,0.0,3.0999999046325684,0,0,0,0
07-08 07:00,18.7,0.0,0.0,0.0,18.700000762939453,0,0,0,0
07-08 08:00,27.3,0.0,0.0,0.0,27.299999237060547,0,0,0,0
07-08 09:00,31.2,0.0,0.0,0.0,31.200000762939453,0,0,0,0
07-08 10:00,35.2,0.0,0.0,0.0,35.20000076293945,0,0,0,0
07-08 11:00,33.7,0.0,0.0,0.0,33.599998474121094,0,0,0,0
07-08 12:00,39.0,0.0,0.0,0.0,39.0,0,0,0,0
07-08 13:00,40.1,0.0,0.0,0.0,40.099998474121094,0,0,0,0
07-08 14:00,46.8,0.0,0.0,0.0,46.79999923706055,0,0,0,0
07-08 15:00,50.9,0.0,0.0,0.0,50.900001525878906,0,0,0,0
07-08 16:00,55.1,0.0,0.0,0.0,55.099998474121094,0,0,0,0
07-08 17:00,62.3,0.0,0.0,0.0,62.29999923706055,0,0,0,0
07-08 18:00,57.5,0.0,0.0,0.0,57.5,0,0,0,0
07-08 19:00,52.3,0.0,0.0,0.0,52.29999923706055,0,0,0,0
07-08 20:00,33.9,0.0,0.0,0.0,33.900001525878906,0,0,0,0
07-08 21:00,17.4,0.0,0.0,0.0,17.399999618530273,0,0,0,0
07-08 22:00,9.0,0.0,0.0,0.0,9.0,0,0,0,0
07-08 23:00,0.6,0.0,0.0,0.0,0.6000000238418579,0,0,0,0
08-08 00:00,0.0,0.0,0.0,0.0,0.0,0,0,0,0
08-08 01:00,0.0,0.0,0.0,0.0,0.0,0,0,0,0
08-08 02:00,0.0,0.0,0.0,0.0,0.0,0,0,0,0
08-08 03:00,0.0,0.0,0.0,0.0,0.0,0,0,0,0
08-08 04:00,0.0,0.0,0.0,0.0,0.0,0,0,0,0
08-08 05:00,0.0,0.0,0.0,0.0,0.0,0,0,0,0
08-08 06:00,3.1,0.0,0.0,0.0,3.0999999046325684,0,0,0,0
08-08 07:00,19.1,0.0,0.0,0.0,19.100000381469727,0,0,0,0
08-08 08:00,26.0,0.0,0.0,0.0,26.0,0,0,0,0
08-08 09:00,31.2,0.0,0.0,0.0,31.200000762939453,0,0,0,0
08-08 10:00,37.3,0.0,0.0,0.0,37.29999923706055,0,0,0,0
08-08 11:00,35.8,0.0,0.0,0.0,35.79999923706055,0,0,0,0
08-08 12:00,37.2,0.0,0.0,0.0,37.20000076293945,0,0,0,0
08-08 13:00,40.6,0.0,0.0,0.0,40.599998474121094,0,0,0,0
08-08 14:00,43.0,0.0,0.0,0.0,43.0,0,0,0,0
08-08 15:00,52.5,0.0,0.0,0.0,52.5,0,0,0,0
08-08 16:00,58.1,0.0,0.0,0.0,58.099998474121094,0,0,0,0
08-08 17:00,61.2,0.0,0.0,0.0,61.20000076293945,0,0,0,0
08-08 18:00,57.5,0.0,0.0,0.0,57.5,0,0,0,0
08-08 19:00,47.0,0.0,0.0,0.0,47.0,0,0,0,0
08-08 20:00,37.4,0.0,0.0,0.0,37.400001525878906,0,0,0,0
08-08 21:00,18.4,0.0,0.0,0.0,18.399999618530273,0,0,0,0
08-08 22:00,9.2,0.0,0.0,0.0,9.199999809265137,0,0,0,0
08-08 23:00,0.6,0.0,0.0,0.0,0.6000000238418579,0,0,0,0
09-08 00:00,0.6,0.0,0.0,0.6000000238418579,0.0,0,0,0,0
09-08 01:00,0.6,0.0,0.0,0.6000000238418579,0.0,0,0,0,0
09-08 02:00,7.7,0.0,0.0,7.699999809265137,0.0,0,0,0,0
09-08 03:00,14.8,0.0,0.0,14.800000190734863,0.0,0,0,0,0
09-08 04:00,15.9,0.0,0.0,15.899999618530273,0.0,0,0,0,0
09-08 05:00,8.3,0.0,0.0,8.300000190734863,0.0,0,0,0,0
09-08 06:00,12.2,0.0,0.0,8.899999618530273,3.299999952316284,0,0,0,0
09-08 07:00,20.1,0.0,0.0,1.600000023841858,18.600000381469727,0,0,0,0
09-08 08:00,29.8,0.0,0.0,2.4000000953674316,27.399999618530273,0,0,0,0
09-08 09:00,36.4,0.0,0.0,3.0,33.400001525878906,0,0,0,0
09-08 10:00,39.9,0.0,0.0,3.200000047683716,36.70000076293945,0,0,0,0
09-08 11:00,37.8,0.0,0.0,3.0,34.79999923706055,0,0,0,0
09-08 12:00,39.7,0.0,0.0,3.200000047683716,36.5,0,0,0,0
09-08 13:00,41.0,0.0,0.0,3.200000047683716,37.79999923706055,0,0,0,0
09-08 14:00,49.1,0.0,0.0,3.9000000953674316,45.20000076293945,0,0,0,0
09-08 15:00,55.9,0.0,0.0,4.400000095367432,51.5,0,0,0,0
09-08 16:00,67.6,0.0,0.0,5.400000095367432,62.20000076293945,0,0,0,0
09-08 17:00,65.0,0.0,0.0,5.0,60.0,0,0,0,0
09-08 18:00,65.1,0.0,0.0,5.199999809265137,59.900001525878906,0,0,0,0
09-08 19:00,50.5,0.0,0.0,4.0,46.5,0,0,0,0
09-08 20:00,39.1,0.0,0.0,3.0999999046325684,36.0,0,0,0,0
09-08 21:00,21.4,0.0,0.0,1.7000000476837158,19.700000762939453,0,0,0,0
09-08 22:00,10.0,0.0,0.0,0.800000011920929,9.199999809265137,0,0,0,0
09-08 23:00,1.2,0.0,0.0,0.6000000238418579,0.6000000238418579,0,0,0,0
10-08 00:00,8.4,0.0,0.0,8.399999618530273,0.0,0,0,0,0
10-08 01:00,15.3,0.0,0.0,15.300000190734863,0.0,0,0,0,0
10-08 02:00,22.5,0.0,0.0,22.5,0.0,0,0,0,0
10-08 03:00,21.9,0.0,0.0,21.899999618530273,0.0,0,0,0,0
10-08 04:00,23.8,0.0,0.0,23.799999237060547,0.0,0,0,0,0
10-08 05:00,23.3,0.0,0.0,23.299999237060547,0.0,0,0,0,0
10-08 06:00,11.6,0.0,0.0,8.800000190734863,2.799999952316284,0,0,0,0
10-08 07:00,23.1,0.0,0.0,4.0,19.100000381469727,0,0,0,0
10-08 08:00,32.9,0.0,0.0,5.800000190734863,27.200000762939453,0,0,0,0
10-08 09:00,37.3,0.0,0.0,6.699999809265137,30.600000381469727,0,0,0,0
10-08 10:00,42.2,0.0,0.0,7.300000190734863,34.900001525878906,0,0,0,0
10-08 11:00,42.9,0.0,0.0,7.400000095367432,35.5,0,0,0,0
10-08 12:00,42.0,0.0,0.0,7.300000190734863,34.70000076293945,0,0,0,0
10-08 13:00,50.9,0.0,0.0,8.699999809265137,42.20000076293945,0,0,0,0
10-08 14:00,49.7,0.0,0.0,8.699999809265137,41.0,0,0,0,0
10-08 15:00,63.0,0.0,0.0,10.899999618530273,52.099998474121094,0,0,0,0
10-08 16:00,75.3,0.0,0.0,13.100000381469727,62.20000076293945,0,0,0,0
10-08 17:00,70.7,0.0,0.0,11.899999618530273,58.79999923706055,0,0,0,0
10-08 18:00,72.6,0.0,0.0,12.600000381469727,60.0,0,0,0,0
10-08 19:00,62.8,0.0,0.0,10.800000190734863,52.0,0,0,0,0
10-08 20:00,41.1,0.0,0.0,7.099999904632568,34.0,0,0,0,0
10-08 21:00,22.9,0.0,0.0,4.0,18.899999618530273,0,0,0,0
10-08 22:00,10.8,0.0,0.0,1.7999999523162842,9.0,0,0,0,0
10-08 23:00,9.5,0.0,0.0,8.899999618530273,0.6000000238418579,0,0,0,0
11-08 00:00,16.0,0.0,0.0,16.0,0.0,0,0,0,0
11-08 01:00,23.5,0.0,0.0,23.5,0.0,0,0,0,0
11-08 02:00,23.1,0.0,0.0,23.100000381469727,0.0,0,0,0,0
11-08 03:00,21.0,0.0,0.0,21.0,0.0,0,0,0,0
11-08 04:00,23.3,0.0,0.0,23.299999237060547,0.0,0,0,0,0
11-08 05:00,23.7,0.0,0.0,23.700000762939453,0.0,0,0,0,0
11-08 06:00,17.2,0.0,0.0,17.200000762939453,0.0,0,0,0,0
11-08 07:00,11.7,0.0,0.0,10.399999618530273,1.2999999523162842,0,0,0,0
11-08 08:00,8.4,0.0,0.0,2.9000000953674316,5.5,0,0,0,0
11-08 09:00,15.9,0.0,0.0,4.5,11.399999618530273,0,0,0,0
11-08 10:00,29.0,0.0,0.0,7.199999809265137,21.799999237060547,0,0,0,0
11-08 11:00,40.2,0.0,0.0,9.899999618530273,30.299999237060547,0,0,0,0
11-08 12:00,51.7,0.0,0.0,12.899999618530273,38.79999923706055,0,0,0,0
11-08 13:00,52.5,0.0,0.0,12.800000190734863,39.70000076293945,0,0,0,0
11-08 14:00,67.2,0.0,0.0,16.5,50.70000076293945,0,0,0,0
11-08 15:00,69.3,0.0,0.0,16.700000762939453,52.599998474121094,0,0,0,0
11-08 16:00,68.3,0.0,0.0,16.600000381469727,51.70000076293945,0,0,0,0
11-08 17:00,37.7,0.0,0.0,9.0,28.700000762939453,0,0,0,0
11-08 18:00,30.9,0.0,0.0,7.5,23.399999618530273,0,0,0,0
11-08 19:00,23.4,0.0,0.0,6.199999809265137,17.200000762939453,0,0,0,0
11-08 20:00,13.3,0.0,0.0,3.0,10.300000190734863,0,0,0,0
11-08 21:00,16.2,0.0,0.0,10.399999618530273,5.800000190734863,0,0,0,0
11-08 22:00,19.1,0.0,0.0,17.200000762939453,1.899999976158142,0,0,0,0
11-08 23:00,16.4,0.0,0.0,16.399999618530273,0.0,0,0,0,0
12-08 00:00,14.3,0.0,0.0,14.300000190734863,0.0,0,0,0,0
12-08 01:00,15.6,0.0,0.0,15.600000381469727,0.0,0,0,0,0
12-08 02:00,16.3,0.0,0.0,16.299999237060547,0.0,0,0,0,0
12-08 03:00,23.5,0.0,0.0,23.5,0.0,0,0,0,0
12-08 04:00,15.3,0.0,0.0,15.300000190734863,0.0,0,0,0,0
12-08 05:00,16.6,0.0,0.0,16.600000381469727,0.0,0,0,0,0
12-08 06:00,16.1,0.0,0.0,16.100000381469727,0.0,0,0,0,0
12-08 07:00,11.6,0.0,0.0,8.600000381469727,3.0,0,0,0,0
12-08 08:00,9.9,0.0,0.0,2.200000047683716,7.699999809265137,0,0,0,0
12-08 09:00,12.9,0.0,0.0,2.5,10.399999618530273,0,0,0,0
12-08 10:00,16.0,0.0,0.0,2.799999952316284,13.199999809265137,0,0,0,0
12-08 11:00,20.2,0.0,0.0,3.700000047683716,16.5,0,0,0,0
12-08 12:00,29.1,0.0,0.0,5.400000095367432,23.700000762939453,0,0,0,0
12-08 13:00,37.5,0.0,0.0,7.0,30.5,0,0,0,0
12-08 14:00,38.4,0.0,0.0,7.0,31.399999618530273,0,0,0,0
12-08 15:00,42.5,0.0,0.0,8.100000381469727,34.400001525878906,0,0,0,0
12-08 16:00,40.5,0.0,0.0,7.599999904632568,32.900001525878906,0,0,0,0
12-08 17:00,33.1,0.0,0.0,6.199999809265137,26.899999618530273,0,0,0,0
12-08 18:00,22.7,0.0,0.0,4.199999809265137,18.5,0,0,0,0
12-08 19:00,18.9,0.0,0.0,3.5999999046325684,15.300000190734863,0,0,0,0
12-08 20:00,13.4,0.0,0.0,2.5999999046325684,10.800000190734863,0,0,0,0
12-08 21:00,8.7,0.0,0.0,2.0,6.599999904632568,0,0,0,0
12-08 22:00,9.3,0.0,0.0,8.199999809265137,1.100000023841858,0,0,0,0
12-08 23:00,17.1,0.0,0.0,15.899999618530273,1.2000000476837158,0,0,0,0
13-08 00:00,17.3,0.0,0.0,17.299999237060547,0.0,0,0,0,0
13-08 01:00,23.9,0.0,0.0,23.899999618530273,0.0,0,0,0,0
13-08 02:00,32.2,0.0,0.0,32.20000076293945,0.0,0,0,0,0
13-08 03:00,28.0,0.0,0.0,28.0,0.0,0,0,0,0
13-08 04:00,31.9,0.0,0.0,31.899999618530273,0.0,0,0,0,0
13-08 05:00,24.6,0.0,0.0,24.600000381469727,0.0,0,0,0,0
13-08 06:00,23.5,0.0,0.0,20.200000762939453,3.299999952316284,0,0,0,0
13-08 07:00,35.0,0.0,0.0,14.899999618530273,20.100000381469727,0,0,0,0
13-08 08:00,36.7,0.0,0.0,9.699999809265137,27.0,0,0,0,0
13-08 09:00,42.1,0.0,0.0,11.399999618530273,30.700000762939453,0,0,0,0
13-08 10:00,51.8,0.0,0.0,13.600000381469727,38.20000076293945,0,0,0,0
13-08 11:00,51.8,0.0,0.0,13.600000381469727,38.20000076293945,0,0,0,0
13-08 12:00,47.2,0.0,0.0,12.399999618530273,34.79999923706055,0,0,0,0
13-08 13:00,54.4,0.0,0.0,14.100000381469727,40.400001525878906,0,0,0,0
13-08 14:00,58.8,0.0,0.0,15.5,43.29999923706055,0,0,0,0
13-08 15:00,75.8,0.0,0.0,19.899999618530273,55.900001525878906,0,0,0,0
13-08 16:00,84.1,0.0,0.0,22.200000762939453,61.900001525878906,0,0,0,0
13-08 17:00,85.9,0.0,0.0,22.0,63.900001525878906,0,0,0,0
13-08 18:00,76.1,0.0,0.0,20.100000381469727,56.0,0,0,0,0
13-08 19:00,69.9,0.0,0.0,18.200000762939453,51.599998474121094,0,0,0,0
13-08 20:00,46.7,0.0,0.0,12.300000190734863,34.400001525878906,0,0,0,0
13-08 21:00,31.7,0.0,0.0,13.5,18.200000762939453,0,0,0,0
13-08 22:00,27.2,0.0,0.0,17.799999237060547,9.399999618530273,0,0,0,0
13-08 23:00,23.8,0.0,0.0,23.200000762939453,0.6000000238418579,0,0,0,0
14-08 00:00,23.6,0.0,0.0,23.600000381469727,0.0,0,0,0,0
14-08 01:00,25.1,0.0,0.0,25.100000381469727,0.0,0,0,0,0
14-08 02:00,38.8,0.0,0.0,38.79999923706055,0.0,0,0,0,0
14-08 03:00,40.4,0.0,0.0,40.400001525878906,0.0,0,0,0,0
14-08 04:00,38.4,0.0,0.0,38.400001525878906,0.0,0,0,0,0
14-08 05:00,38.3,0.0,0.0,38.29999923706055,0.0,0,0,0,0
14-08 06:00,23.4,0.0,0.0,20.100000381469727,3.299999952316284,0,0,0,0
14-08 07:00,25.0,0.0,0.0,6.900000095367432,18.100000381469727,0,0,0,0
14-08 08:00,36.3,0.0,0.0,10.100000381469727,26.200000762939453,0,0,0,0
14-08 09:00,43.4,0.0,0.0,12.300000190734863,31.100000381469727,0,0,0,0
14-08 10:00,46.5,0.0,0.0,12.800000190734863,33.599998474121094,0,0,0,0
14-08 11:00,49.3,0.0,0.0,13.600000381469727,35.70000076293945,0,0,0,0
14-08 12:00,48.0,0.0,0.0,13.199999809265137,34.79999923706055,0,0,0,0
14-08 13:00,58.2,0.0,0.0,15.800000190734863,42.400001525878906,0,0,0,0
14-08 14:00,62.9,0.0,0.0,17.399999618530273,45.400001525878906,0,0,0,0
14-08 15:00,75.8,0.0,0.0,20.899999618530273,54.900001525878906,0,0,0,0
14-08 16:00,80.0,0.0,0.0,22.200000762939453,57.79999923706055,0,0,0,0
14-08 17:00,88.4,0.0,0.0,23.799999237060547,64.5999984741211,0,0,0,0
14-08 18:00,84.9,0.0,0.0,23.5,61.400001525878906,0,0,0,0
14-08 19:00,71.2,0.0,0.0,19.5,51.70000076293945,0,0,0,0
14-08 20:00,48.0,0.0,0.0,13.199999809265137,34.79999923706055,0,0,0,0
14-08 21:00,25.5,0.0,0.0,7.0,18.5,0,0,0,0
14-08 22:00,19.3,0.0,0.0,10.300000190734863,9.0,0,0,0,0
14-08 23:00,18.4,0.0,0.0,17.799999237060547,0.6000000238418579,0,0,0,0
15-08 00:00,24.4,0.0,0.0,24.399999618530273,0.0,0,0,0,0
15-08 01:00,24.4,0.0,0.0,24.399999618530273,0.0,0,0,0,0
15-08 02:00,22.8,0.0,0.0,22.799999237060547,0.0,0,0,0,0
15-08 03:00,30.0,0.0,0.0,30.0,0.0,0,0,0,0
15-08 04:00,38.1,0.0,0.0,38.099998474121094,0.0,0,0,0,0
15-08 05:00,38.7,0.0,0.0,38.599998474121094,0.0,0,0,0,0
15-08 06:00,28.5,0.0,0.0,25.399999618530273,3.0999999046325684,0,0,0,0
15-08 07:00,24.4,0.0,0.0,5.900000095367432,18.5,0,0,0,0
15-08 08:00,35.7,0.0,0.0,8.699999809265137,27.0,0,0,0,0
15-08 09:00,42.2,0.0,0.0,10.5,31.700000762939453,0,0,0,0
15-08 10:00,47.7,0.0,0.0,11.5,36.20000076293945,0,0,0,0
15-08 11:00,44.7,0.0,0.0,10.800000190734863,33.900001525878906,0,0,0,0
15-08 12:00,47.9,0.0,0.0,11.600000381469727,36.29999923706055,0,0,0,0
15-08 13:00,52.5,0.0,0.0,12.5,40.0,0,0,0,0
15-08 14:00,60.7,0.0,0.0,14.800000190734863,45.900001525878906,0,0,0,0
15-08 15:00,68.3,0.0,0.0,16.5,51.79999923706055,0,0,0,0
15-08 16:00,81.9,0.0,0.0,19.899999618530273,62.0,0,0,0,0
15-08 17:00,75.7,0.0,0.0,17.799999237060547,57.900001525878906,0,0,0,0
15-08 18:00,77.3,0.0,0.0,18.799999237060547,58.5,0,0,0,0
15-08 19:00,61.6,0.0,0.0,14.800000190734863,46.79999923706055,0,0,0,0
15-08 20:00,49.6,0.0,0.0,12.0,37.599998474121094,0,0,0,0
15-08 21:00,24.1,0.0,0.0,5.800000190734863,18.299999237060547,0,0,0,0
15-08 22:00,11.9,0.0,0.0,2.799999952316284,9.199999809265137,0,0,0,0
15-08 23:00,2.9,0.0,0.0,2.4000000953674316,0.6000000238418579,0,0,0,0
16-08 00:00,8.5,0.0,0.0,8.5,0.0,0,0,0,0
16-08 01:00,16.5,0.0,0.0,16.5,0.0,0,0,0,0
16-08 02:00,23.8,0.0,0.0,23.799999237060547,0.0,0,0,0,0
16-08 03:00,29.6,0.0,0.0,29.600000381469727,0.0,0,0,0,0
16-08 04:00,28.9,0.0,0.0,28.899999618530273,0.0,0,0,0,0
16-08 05:00,27.5,0.0,0.0,27.5,0.0,0,0,0,0
16-08 06:00,20.9,0.0,0.0,17.700000762939453,3.200000047683716,0,0,0,0
16-08 07:00,22.8,0.0,0.0,4.5,18.299999237060547,0,0,0,0
16-08 08:00,30.1,0.0,0.0,6.0,24.100000381469727,0,0,0,0
16-08 09:00,41.4,0.0,0.0,8.399999618530273,33.0,0,0,0,0
16-08 10:00,45.1,0.0,0.0,8.899999618530273,36.20000076293945,0,0,0,0
16-08 11:00,47.7,0.0,0.0,9.399999618530273,38.29999923706055,0,0,0,0
16-08 12:00,48.0,0.0,0.0,9.399999618530273,38.599998474121094,0,0,0,0
16-08 13:00,53.2,0.0,0.0,10.300000190734863,42.900001525878906,0,0,0,0
16-08 14:00,53.0,0.0,0.0,10.5,42.599998474121094,0,0,0,0
16-08 15:00,66.6,0.0,0.0,13.100000381469727,53.5,0,0,0,0
16-08 16:00,70.8,0.0,0.0,14.0,56.79999923706055,0,0,0,0
16-08 17:00,76.3,0.0,0.0,14.600000381469727,61.70000076293945,0,0,0,0
16-08 18:00,69.3,0.0,0.0,13.699999809265137,55.599998474121094,0,0,0,0
16-08 19:00,66.9,0.0,0.0,13.0,53.79999923706055,0,0,0,0
16-08 20:00,45.2,0.0,0.0,8.899999618530273,36.29999923706055,0,0,0,0
16-08 21:00,23.8,0.0,0.0,4.699999809265137,19.100000381469727,0,0,0,0
16-08 22:00,11.6,0.0,0.0,2.200000047683716,9.399999618530273,0,0,0,0
16-08 23:00,2.3,0.0,0.0,1.7000000476837158,0.6000000238418579,0,0,0,0
17-08 00:00,8.3,0.0,0.0,8.300000190734863,0.0,0,0,0,0
17-08 01:00,7.9,0.0,0.0,7.900000095367432,0.0,0,0,0,0
17-08 02:00,15.0,0.0,0.0,15.0,0.0,0,0,0,0
17-08 03:00,14.6,0.0,0.0,14.600000381469727,0.0,0,0,0,0
17-08 04:00,15.3,0.0,0.0,15.300000190734863,0.0,0,0,0,0
17-08 05:00,21.1,0.0,0.0,21.100000381469727,0.0,0,0,0,0
17-08 06:00,12.1,0.0,0.0,9.0,3.0999999046325684,0,0,0,0
17-08 07:00,20.6,0.0,0.0,2.5999999046325684,18.0,0,0,0,0
17-08 08:00,31.7,0.0,0.0,4.099999904632568,27.600000381469727,0,0,0,0
17-08 09:00,36.7,0.0,0.0,4.900000095367432,31.799999237060547,0,0,0,0
17-08 10:00,41.2,0.0,0.0,5.300000190734863,35.900001525878906,0,0,0,0
17-08 11:00,39.4,0.0,0.0,5.0,34.400001525878906,0,0,0,0
17-08 12:00,42.2,0.0,0.0,5.400000095367432,36.79999923706055,0,0,0,0
17-08 13:00,45.4,0.0,0.0,5.699999809265137,39.70000076293945,0,0,0,0
17-08 14:00,47.9,0.0,0.0,6.199999809265137,41.70000076293945,0,0,0,0
17-08 15:00,61.4,0.0,0.0,7.900000095367432,53.5,0,0,0,0
17-08 16:00,70.6,0.0,0.0,9.100000381469727,61.5,0,0,0,0
17-08 17:00,71.9,0.0,0.0,8.899999618530273,63.0,0,0,0,0
17-08 18:00,63.9,0.0,0.0,8.199999809265137,55.70000076293945,0,0,0,0
17-08 19:00,54.9,0.0,0.0,7.0,47.900001525878906,0,0,0,0
17-08 20:00,39.7,0.0,0.0,5.099999904632568,34.599998474121094,0,0,0,0
17-08 21:00,22.7,0.0,0.0,2.9000000953674316,19.799999237060547,0,0,0,0
17-08 22:00,11.5,0.0,0.0,1.399999976158142,10.100000381469727,0,0,0,0
17-08 23:00,1.7,0.0,0.0,1.100000023841858,0.6000000238418579,0,0,0,0
18-08 00:00,0.0,0.0,0.0,0.0,0.0,0,0,0,0
18-08 01:00,0.0,0.0,0.0,0.0,0.0,0,0,0,0
18-08 02:00,0.0,0.0,0.0,0.0,0.0,0,0,0,0
18-08 03:00,0.0,0.0,0.0,0.0,0.0,0,0,0,0
18-08 04:00,0.0,0.0,0.0,0.0,0.0,0,0,0,0
18-08 05:00,0.0,0.0,0.0,0.0,0.0,0,0,0,0
18-08 06:00,0.0,0.0,0.0,0.0,0.0,0,0,0,0
18-08 07:00,1.2,0.0,0.0,0.0,1.2000000476837158,0,0,0,0
18-08 08:00,5.6,0.0,0.0,0.0,5.599999904632568,0,0,0,0
18-08 09:00,12.3,0.0,0.0,0.0,12.300000190734863,0,0,0,0
18-08 10:00,23.1,0.0,0.0,0.0,23.100000381469727,0,0,0,0
18-08 11:00,32.7,0.0,0.0,0.0,32.70000076293945,0,0,0,0
18-08 12:00,37.5,0.0,0.0,0.0,37.5,0,0,0,0
18-08 13:00,47.2,0.0,0.0,0.0,47.20000076293945,0,0,0,0
18-08 14:00,51.1,0.0,0.0,0.0,51.099998474121094,0,0,0,0
18-08 15:00,51.5,0.0,0.0,0.0,51.5,0,0,0,0
18-08 16:00,47.2,0.0,0.0,0.0,47.20000076293945,0,0,0,0
18-08 17:00,33.7,0.0,0.0,0.0,33.70000076293945,0,0,0,0
18-08 18:00,23.8,0.0,0.0,0.0,23.799999237060547,0,0,0,0
18-08 19:00,17.4,0.0,0.0,0.0,17.399999618530273,0,0,0,0
18-08 20:00,9.5,0.0,0.0,0.0,9.5,0,0,0,0
18-08 21:00,6.1,0.0,0.0,0.0,6.099999904632568,0,0,0,0
18-08 22:00,1.7,0.0,0.0,0.0,1.7000000476837158,0,0,0,0
18-08 23:00,0.0,0.0,0.0,0.0,0.0,0,0,0,0
19-08 00:00,0.6,0.0,0.0,0.6000000238418579,0.0,0,0,0,0
19-08 01:00,0.6,0.0,0.0,0.6000000238418579,0.0,0,0,0,0
19-08 02:00,7.7,0.0,0.0,7.699999809265137,0.0,0,0,0,0
19-08 03:00,14.7,0.0,0.0,14.699999809265137,0.0,0,0,0,0
19-08 04:00,13.8,0.0,0.0,13.800000190734863,0.0,0,0,0,0
19-08 05:00,14.6,0.0,0.0,14.600000381469727,0.0,0,0,0,0
19-08 06:00,0.6,0.0,0.0,0.6000000238418579,0.0,0,0,0,0
19-08 07:00,3.8,0.0,0.0,0.699999988079071,3.0999999046325684,0,0,0,0
19-08 08:00,8.2,0.0,0.0,0.800000011920929,7.400000095367432,0,0,0,0
19-08 09:00,10.9,0.0,0.0,0.8999999761581421,10.0,0,0,0,0
19-08 10:00,15.5,0.0,0.0,1.100000023841858,14.399999618530273,0,0,0,0
19-08 11:00,17.1,0.0,0.0,1.2999999523162842,15.800000190734863,0,0,0,0
19-08 12:00,22.8,0.0,0.0,1.7000000476837158,21.100000381469727,0,0,0,0
19-08 13:00,31.0,0.0,0.0,2.4000000953674316,28.600000381469727,0,0,0,0
19-08 14:00,33.5,0.0,0.0,2.5,31.0,0,0,0,0
19-08 15:00,38.1,0.0,0.0,3.0,35.099998474121094,0,0,0,0
19-08 16:00,37.8,0.0,0.0,2.9000000953674316,34.900001525878906,0,0,0,0
19-08 17:00,30.6,0.0,0.0,2.4000000953674316,28.200000762939453,0,0,0,0
19-08 18:00,20.5,0.0,0.0,1.600000023841858,18.899999618530273,0,0,0,0
19-08 19:00,16.5,0.0,0.0,1.2999999523162842,15.199999809265137,0,0,0,0
19-08 20:00,12.1,0.0,0.0,1.0,11.100000381469727,0,0,0,0
19-08 21:00,7.6,0.0,0.0,0.800000011920929,6.800000190734863,0,0,0,0
19-08 22:00,1.8,0.0,0.0,0.6000000238418579,1.2000000476837158,0,0,0,0
19-08 23:00,1.8,0.0,0.0,0.6000000238418579,1.2000000476837158,0,0,0,0
20-08 00:00,0.0,0.0,0.0,0.0,0.0,0,0,0,0
20-08 01:00,0.0,0.0,0.0,0.0,0.0,0,0,0,0
20-08 02:00,0.0,0.0,0.0,0.0,0.0,0,0,0,0
20-08 03:00,0.0,0.0,0.0,0.0,0.0,0,0,0,0
20-08 04:00,0.0,0.0,0.0,0.0,0.0,0,0,0,0
20-08 05:00,0.0,0.0,0.0,0.0,0.0,0,0,0,0
20-08 06:00,2.9,0.0,0.0,0.0,2.9000000953674316,0,0,0,0
20-08 07:00,18.8,0.0,0.0,0.0,18.799999237060547,0,0,0,0
20-08 08:00,25.0,0.0,0.0,0.0,25.0,0,0,0,0
20-08 09:00,31.6,0.0,0.0,0.0,31.600000381469727,0,0,0,0
20-08 10:00,34.2,0.0,0.0,0.0,34.20000076293945,0,0,0,0
20-08 11:00,38.1,0.0,0.0,0.0,38.099998474121094,0,0,0,0
20-08 12:00,39.1,0.0,0.0,0.0,39.099998474121094,0,0,0,0
20-08 13:00,43.1,0.0,0.0,0.0,43.099998474121094,0,0,0,0
20-08 14:00,42.3,0.0,0.0,0.0,42.29999923706055,0,0,0,0
20-08 15:00,53.7,0.0,0.0,0.0,53.70000076293945,0,0,0,0
20-08 16:00,60.6,0.0,0.0,0.0,60.599998474121094,0,0,0,0
20-08 17:00,60.1,0.0,0.0,0.0,60.099998474121094,0,0,0,0
20-08 18:00,55.9,0.0,0.0,0.0,55.900001525878906,0,0,0,0
20-08 19:00,47.1,0.0,0.0,0.0,47.099998474121094,0,0,0,0
20-08 20:00,34.3,0.0,0.0,0.0,34.29999923706055,0,0,0,0
20-08 21:00,19.0,0.0,0.0,0.0,19.0,0,0,0,0
20-08 22:00,9.9,0.0,0.0,0.0,9.899999618530273,0,0,0,0
20-08 23:00,0.6,0.0,0.0,0.0,0.6000000238418579,0,0,0,0
21-08 00:00,0.0,0.0,0.0,0.0,0.0,0,0,0,0
21-08 01:00,0.0,0.0,0.0,0.0,0.0,0,0,0,0
21-08 02:00,0.0,0.0,0.0,0.0,0.0,0,0,0,0
21-08 03:00,0.0,0.0,0.0,0.0,0.0,0,0,0,0
21-08 04:00,0.0,0.0,0.0,0.0,0.0,0,0,0,0
21-08 05:00,0.0,0.0,0.0,0.0,0.0,0,0,0,0
21-08 06:00,3.0,0.0,0.0,0.0,3.0,0,0,0,0
21-08 07:00,18.4,0.0,0.0,0.0,18.399999618530273,0,0,0,0
21-08 08:00,25.9,0.0,0.0,0.0,25.899999618530273,0,0,0,0
21-08 09:00,30.4,0.0,0.0,0.0,30.399999618530273,0,0,0,0
21-08 10:00,36.4,0.0,0.0,0.0,36.400001525878906,0,0,0,0
21-08 11:00,39.6,0.0,0.0,0.0,39.599998474121094,0,0,0,0
21-08 12:00,35.9,0.0,0.0,0.0,35.900001525878906,0,0,0,0
21-08 13:00,39.5,0.0,0.0,0.0,39.5,0,0,0,0
21-08 14:00,44.5,0.0,0.0,0.0,44.5,0,0,0,0
21-08 15:00,51.7,0.0,0.0,0.0,51.70000076293945,0,0,0,0
21-08 16:00,58.9,0.0,0.0,0.0,58.900001525878906,0,0,0,0
21-08 17:00,65.2,0.0,0.0,0.0,65.19999694824219,0,0,0,0
21-08 18:00,61.3,0.0,0.0,0.0,61.29999923706055,0,0,0,0
21-08 19:00,47.6,0.0,0.0,0.0,47.599998474121094,0,0,0,0
21-08 20:00,34.7,0.0,0.0,0.0,34.70000076293945,0,0,0,0
21-08 21:00,18.2,0.0,0.0,0.0,18.200000762939453,0,0,0,0
21-08 22:00,9.7,0.0,0.0,0.0,9.699999809265137,0,0,0,0
21-08 23:00,0.7,0.0,0.0,0.0,0.699999988079071,0,0,0,0
22-08 00:00,0.0,0.0,0.0,0.0,0.0,0,0,0,0
22-08 01:00,0.0,0.0,0.0,0.0,0.0,0,0,0,0
22-08 02:00,0.0,0.0,0.0,0.0,0.0,0,0,0,0
22-08 03:00,0.0,0.0,0.0,0.0,0.0,0,0,0,0
22-08 04:00,0.0,0.0,0.0,0.0,0.0,0,0,0,0
22-08 05:00,0.0,0.0,0.0,0.0,0.0,0,0,0,0
22-08 06:00,3.0,0.0,0.0,0.0,3.0,0,0,0,0
22-08 07:00,18.8,0.0,0.0,0.0,18.799999237060547,0,0,0,0
22-08 08:00,25.1,0.0,0.0,0.0,25.100000381469727,0,0,0,0
22-08 09:00,32.0,0.0,0.0,0.0,32.0,0,0,0,0
22-08 10:00,36.1,0.0,0.0,0.0,36.099998474121094,0,0,0,0
22-08 11:00,37.5,0.0,0.0,0.0,37.5,0,0,0,0
22-08 12:00,35.9,0.0,0.0,0.0,35.900001525878906,0,0,0,0
22-08 13:00,40.0,0.0,0.0,0.0,40.0,0,0,0,0
22-08 14:00,42.8,0.0,0.0,0.0,42.79999923706055,0,0,0,0
22-08 15:00,50.1,0.0,0.0,0.0,50.099998474121094,0,0,0,0
22-08 16:00,63.1,0.0,0.0,0.0,63.099998474121094,0,0,0,0
22-08 17:00,60.2,0.0,0.0,0.0,60.20000076293945,0,0,0,0
22-08 18:00,60.8,0.0,0.0,0.0,60.79999923706055,0,0,0,0
22-08 19:00,48.2,0.0,0.0,0.0,48.20000076293945,0,0,0,0
22-08 20:00,35.1,0.0,0.0,0.0,35.099998474121094,0,0,0,0
22-08 21:00,19.6,0.0,0.0,0.0,19.600000381469727,0,0,0,0
22-08 22:00,9.3,0.0,0.0,0.0,9.300000190734863,0,0,0,0
22-08 23:00,0.7,0.0,0.0,0.0,0.699999988079071,0,0,0,0
23-08 00:00,0.0,0.0,0.0,0.0,0.0,0,0,0,0
23-08 01:00,0.0,0.0,0.0,0.0,0.0,0,0,0,0
23-08 02:00,0.0,0.0,0.0,0.0,0.0,0,0,0,0
23-08 03:00,0.0,0.0,0.0,0.0,0.0,0,0,0,0
23-08 04:00,0.0,0.0,0.0,0.0,0.0,0,0,0,0
23-08 05:00,0.0,0.0,0.0,0.0,0.0,0,0,0,0
23-08 06:00,3.1,0.0,0.0,0.0,3.0999999046325684,0,0,0,0
23-08 07:00,19.8,0.0,0.0,0.0,19.799999237060547,0,0,0,0
23-08 08:00,28.4,0.0,0.0,0.0,28.399999618530273,0,0,0,0
23-08 09:00,34.3,0.0,0.0,0.0,34.29999923706055,0,0,0,0
23-08 10:00,35.1,0.0,0.0,0.0,35.099998474121094,0,0,0,0
23-08 11:00,38.6,0.0,0.0,0.0,38.599998474121094,0,0,0,0
23-08 12:00,35.2,0.0,0.0,0.0,35.20000076293945,0,0,0,0
23-08 13:00,42.9,0.0,0.0,0.0,42.900001525878906,0,0,0,0
23-08 14:00,42.9,0.0,0.0,0.0,42.900001525878906,0,0,0,0
23-08 15:00,52.3,0.0,0.0,0.0,52.29999923706055,0,0,0,0
23-08 16:00,60.2,0.0,0.0,0.0,60.20000076293945,0,0,0,0
23-08 17:00,60.9,0.0,0.0,0.0,60.900001525878906,0,0,0,0
23-08 18:00,58.5,0.0,0.0,0.0,58.5,0,0,0,0
23-08 19:00,50.2,0.0,0.0,0.0,50.20000076293945,0,0,0,0
23-08 20:00,36.6,0.0,0.0,0.0,36.599998474121094,0,0,0,0
23-08 21:00,18.8,0.0,0.0,0.0,18.799999237060547,0,0,0,0
23-08 22:00,8.9,0.0,0.0,0.0,9.0,0,0,0,0
23-08 23:00,0.6,0.0,0.0,0.0,0.6000000238418579,0,0,0,0
24-08 00:00,1.2,0.0,0.0,1.2000000476837158,0.0,0,0,0,0
24-08 01:00,1.1,0.0,0.0,1.100000023841858,0.0,0,0,0,0
24-08 02:00,8.7,0.0,0.0,8.699999809265137,0.0,0,0,0,0
24-08 03:00,14.9,0.0,0.0,14.800000190734863,0.0,0,0,0,0
24-08 04:00,15.6,0.0,0.0,15.600000381469727,0.0,0,0,0,0
24-08 05:00,24.8,0.0,0.0,24.799999237060547,0.0,0,0,0,0
24-08 06:00,19.2,0.0,0.0,16.100000381469727,3.0999999046325684,0,0,0,0
24-08 07:00,21.6,0.0,0.0,2.9000000953674316,18.700000762939453,0,0,0,0
24-08 08:00,30.1,0.0,0.0,4.099999904632568,26.0,0,0,0,0
24-08 09:00,39.6,0.0,0.0,5.599999904632568,34.0,0,0,0,0
24-08 10:00,39.8,0.0,0.0,5.400000095367432,34.400001525878906,0,0,0,0
24-08 11:00,38.9,0.0,0.0,5.300000190734863,33.599998474121094,0,0,0,0
24-08 12:00,43.4,0.0,0.0,5.900000095367432,37.5,0,0,0,0
24-08 13:00,48.1,0.0,0.0,6.400000095367432,41.70000076293945,0,0,0,0
24-08 14:00,47.3,0.0,0.0,6.5,40.79999923706055,0,0,0,0
24-08 15:00,66.8,0.0,0.0,9.100000381469727,57.70000076293945,0,0,0,0
24-08 16:00,63.7,0.0,0.0,8.699999809265137,55.0,0,0,0,0
24-08 17:00,69.6,0.0,0.0,9.199999809265137,60.400001525878906,0,0,0,0
24-08 18:00,70.6,0.0,0.0,9.699999809265137,60.900001525878906,0,0,0,0
24-08 19:00,59.9,0.0,0.0,8.100000381469727,51.79999923706055,0,0,0,0
24-08 20:00,39.1,0.0,0.0,5.300000190734863,33.79999923706055,0,0,0,0
24-08 21:00,23.2,0.0,0.0,3.200000047683716,20.0,0,0,0,0
24-08 22:00,19.0,0.0,0.0,9.100000381469727,9.899999618530273,0,0,0,0
24-08 23:00,15.5,0.0,0.0,14.899999618530273,0.6000000238418579,0,0,0,0
25-08 00:00,16.0,0.0,0.0,16.0,0.0,0,0,0,0
25-08 01:00,24.0,0.0,0.0,24.0,0.0,0,0,0,0
25-08 02:00,32.2,0.0,0.0,32.20000076293945,0.0,0,0,0,0
25-08 03:00,23.0,0.0,0.0,23.0,0.0,0,0,0,0
25-08 04:00,21.8,0.0,0.0,21.799999237060547,0.0,0,0,0,0
25-08 05:00,25.4,0.0,0.0,25.399999618530273,0.0,0,0,0,0
25-08 06:00,15.5,0.0,0.0,15.5,0.0,0,0,0,0
25-08 07:00,17.4,0.0,0.0,16.200000762939453,1.2000000476837158,0,0,0,0
25-08 08:00,16.0,0.0,0.0,10.199999809265137,5.800000190734863,0,0,0,0
25-08 09:00,15.9,0.0,0.0,4.199999809265137,11.699999809265137,0,0,0,0
25-08 10:00,30.6,0.0,0.0,7.0,23.600000381469727,0,0,0,0
25-08 11:00,43.6,0.0,0.0,9.899999618530273,33.70000076293945,0,0,0,0
25-08 12:00,48.3,0.0,0.0,11.199999809265137,37.099998474121094,0,0,0,0
25-08 13:00,59.1,0.0,0.0,13.300000190734863,45.79999923706055,0,0,0,0
25-08 14:00,60.3,0.0,0.0,13.699999809265137,46.599998474121094,0,0,0,0
25-08 15:00,64.3,0.0,0.0,14.300000190734863,50.0,0,0,0,0
25-08 16:00,66.5,0.0,0.0,15.0,51.5,0,0,0,0
25-08 17:00,41.6,0.0,0.0,9.199999809265137,32.400001525878906,0,0,0,0
25-08 18:00,32.0,0.0,0.0,7.199999809265137,24.799999237060547,0,0,0,0
25-08 19:00,23.6,0.0,0.0,5.800000190734863,17.799999237060547,0,0,0,0
25-08 20:00,12.6,0.0,0.0,2.5999999046325684,10.0,0,0,0,0
25-08 21:00,8.2,0.0,0.0,2.5,5.699999809265137,0,0,0,0
25-08 22:00,4.0,0.0,0.0,2.200000047683716,1.7999999523162842,0,0,0,0
25-08 23:00,2.2,0.0,0.0,2.200000047683716,0.0,0,0,0,0
26-08 00:00,0.0,0.0,0.0,0.0,0.0,0,0,0,0
26-08 01:00,0.0,0.0,0.0,0.0,0.0,0,0,0,0
26-08 02:00,0.0,0.0,0.0,0.0,0.0,0,0,0,0
26-08 03:00,0.0,0.0,0.0,0.0,0.0,0,0,0,0
26-08 04:00,0.0,0.0,0.0,0.0,0.0,0,0,0,0
26-08 05:00,0.0,0.0,0.0,0.0,0.0,0,0,0,0
26-08 06:00,0.0,0.0,0.0,0.0,0.0,0,0,0,0
26-08 07:00,3.0,0.0,0.0,0.0,3.0,0,0,0,0
26-08 08:00,7.4,0.0,0.0,0.0,7.400000095367432,0,0,0,0
26-08 09:00,11.2,0.0,0.0,0.0,11.199999809265137,0,0,0,0
26-08 10:00,14.1,0.0,0.0,0.0,14.100000381469727,0,0,0,0
26-08 11:00,15.7,0.0,0.0,0.0,15.699999809265137,0,0,0,0
26-08 12:00,21.3,0.0,0.0,0.0,21.299999237060547,0,0,0,0
26-08 13:00,30.4,0.0,0.0,0.0,30.399999618530273,0,0,0,0
26-08 14:00,32.3,0.0,0.0,0.0,32.29999923706055,0,0,0,0
26-08 15:00,35.7,0.0,0.0,0.0,35.70000076293945,0,0,0,0
26-08 16:00,34.1,0.0,0.0,0.0,34.099998474121094,0,0,0,0
26-08 17:00,27.3,0.0,0.0,0.0,27.299999237060547,0,0,0,0
26-08 18:00,20.0,0.0,0.0,0.0,20.0,0,0,0,0
26-08 19:00,16.8,0.0,0.0,0.0,16.799999237060547,0,0,0,0
26-08 20:00,11.5,0.0,0.0,0.0,11.5,0,0,0,0
26-08 21:00,6.5,0.0,0.0,0.0,6.5,0,0,0,0
26-08 22:00,1.2,0.0,0.0,0.0,1.2000000476837158,0,0,0,0
26-08 23:00,1.2,0.0,0.0,0.0,1.2000000476837158,0,0,0,0
27-08 00:00,0.0,0.0,0.0,0.0,0.0,0,0,0,0
27-08 01:00,0.0,0.0,0.0,0.0,0.0,0,0,0,0
27-08 02:00,0.0,0.0,0.0,0.0,0.0,0,0,0,0
27-08 03:00,0.0,0.0,0.0,0.0,0.0,0,0,0,0
27-08 04:00,0.0,0.0,0.0,0.0,0.0,0,0,0,0
27-08 05:00,0.0,0.0,0.0,0.0,0.0,0,0,0,0
27-08 06:00,2.9,0.0,0.0,0.0,2.9000000953674316,0,0,0,0
27-08 07:00,18.9,0.0,0.0,0.0,18.899999618530273,0,0,0,0
27-08 08:00,27.1,0.0,0.0,0.0,27.200000762939453,0,0,0,0
27-08 09:00,31.6,0.0,0.0,0.0,31.600000381469727,0,0,0,0
27-08 10:00,34.9,0.0,0.0,0.0,34.900001525878906,0,0,0,0
27-08 11:00,34.1,0.0,0.0,0.0,34.099998474121094,0,0,0,0
27-08 12:00,36.1,0.0,0.0,0.0,36.099998474121094,0,0,0,0
27-08 13:00,38.6,0.0,0.0,0.0,38.599998474121094,0,0,0,0
27-08 14:00,41.4,0.0,0.0,0.0,41.400001525878906,0,0,0,0
27-08 15:00,50.5,0.0,0.0,0.0,50.400001525878906,0,0,0,0
27-08 16:00,57.0,0.0,0.0,0.0,57.0,0,0,0,0
27-08 17:00,63.8,0.0,0.0,0.0,63.79999923706055,0,0,0,0
27-08 18:00,61.2,0.0,0.0,0.0,61.20000076293945,0,0,0,0
27-08 19:00,52.5,0.0,0.0,0.0,52.5,0,0,0,0
27-08 20:00,36.4,0.0,0.0,0.0,36.400001525878906,0,0,0,0
27-08 21:00,20.3,0.0,0.0,0.0,20.299999237060547,0,0,0,0
27-08 22:00,9.9,0.0,0.0,0.0,9.800000190734863,0,0,0,0
27-08 23:00,0.6,0.0,0.0,0.0,0.6000000238418579,0,0,0,0
28-08 00:00,1.3,0.0,0.0,1.2999999523162842,0.0,0,0,0,0
28-08 01:00,1.2,0.0,0.0,1.2000000476837158,0.0,0,0,0,0
28-08 02:00,8.1,0.0,0.0,8.100000381469727,0.0,0,0,0,0
28-08 03:00,8.1,0.0,0.0,8.100000381469727,0.0,0,0,0,0
28-08 04:00,15.8,0.0,0.0,15.800000190734863,0.0,0,0,0,0
28-08 05:00,15.8,0.0,0.0,15.800000190734863,0.0,0,0,0,0
28-08 06:00,13.4,0.0,0.0,10.199999809265137,3.299999952316284,0,0,0,0
28-08 07:00,22.9,0.0,0.0,3.700000047683716,19.200000762939453,0,0,0,0
28-08 08:00,33.1,0.0,0.0,5.400000095367432,27.700000762939453,0,0,0,0
28-08 09:00,39.9,0.0,0.0,6.699999809265137,33.20000076293945,0,0,0,0
28-08 10:00,44.3,0.0,0.0,7.199999809265137,37.099998474121094,0,0,0,0
28-08 11:00,44.6,0.0,0.0,7.199999809265137,37.400001525878906,0,0,0,0
28-08 12:00,42.7,0.0,0.0,6.900000095367432,35.79999923706055,0,0,0,0
28-08 13:00,49.8,0.0,0.0,7.900000095367432,41.900001525878906,0,0,0,0
28-08 14:00,54.2,0.0,0.0,8.800000190734863,45.400001525878906,0,0,0,0
28-08 15:00,68.0,0.0,0.0,11.0,57.0,0,0,0,0
28-08 16:00,71.0,0.0,0.0,11.600000381469727,59.400001525878906,0,0,0,0
28-08 17:00,71.3,0.0,0.0,11.199999809265137,60.099998474121094,0,0,0,0
28-08 18:00,66.0,0.0,0.0,10.699999809265137,55.29999923706055,0,0,0,0
28-08 19:00,56.0,0.0,0.0,9.0,47.0,0,0,0,0
28-08 20:00,43.1,0.0,0.0,7.0,36.099998474121094,0,0,0,0
28-08 21:00,38.8,0.0,0.0,18.899999618530273,19.899999618530273,0,0,0,0
28-08 22:00,35.4,0.0,0.0,25.200000762939453,10.199999809265137,0,0,0,0
28-08 23:00,29.9,0.0,0.0,29.299999237060547,0.6000000238418579,0,0,0,0
29-08 00:00,32.0,0.0,0.0,32.0,0.0,0,0,0,0
29-08 01:00,38.1,0.0,0.0,38.099998474121094,0.0,0,0,0,0
29-08 02:00,37.2,0.0,0.0,37.20000076293945,0.0,0,0,0,0
29-08 03:00,39.2,0.0,0.0,39.20000076293945,0.0,0,0,0,0
29-08 04:00,46.5,0.0,0.0,46.5,0.0,0,0,0,0
29-08 05:00,44.0,0.0,0.0,44.0,0.0,0,0,0,0
29-08 06:00,38.7,0.0,0.0,35.400001525878906,3.299999952316284,0,0,0,0
29-08 07:00,34.1,0.0,0.0,15.300000190734863,18.799999237060547,0,0,0,0
29-08 08:00,40.7,0.0,0.0,12.399999618530273,28.299999237060547,0,0,0,0
29-08 09:00,44.6,0.0,0.0,13.899999618530273,30.700000762939453,0,0,0,0
29-08 10:00,50.7,0.0,0.0,15.300000190734863,35.400001525878906,0,0,0,0
29-08 11:00,56.9,0.0,0.0,17.200000762939453,39.70000076293945,0,0,0,0
29-08 12:00,55.2,0.0,0.0,16.700000762939453,38.5,0,0,0,0
29-08 13:00,58.7,0.0,0.0,17.5,41.20000076293945,0,0,0,0
29-08 14:00,64.7,0.0,0.0,19.700000762939453,45.0,0,0,0,0
29-08 15:00,69.4,0.0,0.0,21.0,48.400001525878906,0,0,0,0
29-08 16:00,87.2,0.0,0.0,26.5,60.70000076293945,0,0,0,0
29-08 17:00,86.3,0.0,0.0,25.5,60.79999923706055,0,0,0,0
29-08 18:00,85.5,0.0,0.0,26.0,59.599998474121094,0,0,0,0
29-08 19:00,73.9,0.0,0.0,22.200000762939453,51.70000076293945,0,0,0,0
29-08 20:00,46.8,0.0,0.0,14.199999809265137,32.599998474121094,0,0,0,0
29-08 21:00,26.7,0.0,0.0,8.100000381469727,18.600000381469727,0,0,0,0
29-08 22:00,13.6,0.0,0.0,4.0,9.600000381469727,0,0,0,0
29-08 23:00,3.7,0.0,0.0,3.0999999046325684,0.6000000238418579,0,0,0,0
30-08 00:00,8.5,0.0,0.0,8.5,0.0,0,0,0,0
30-08 01:00,16.9,0.0,0.0,16.899999618530273,0.0,0,0,0,0
30-08 02:00,22.5,0.0,0.0,22.5,0.0,0,0,0,0
30-08 03:00,21.7,0.0,0.0,21.700000762939453,0.0,0,0,0,0
30-08 04:00,20.7,0.0,0.0,20.700000762939453,0.0,0,0,0,0
30-08 05:00,22.9,0.0,0.0,22.799999237060547,0.0,0,0,0,0
30-08 06:00,19.2,0.0,0.0,16.200000762939453,3.0,0,0,0,0
30-08 07:00,23.8,0.0,0.0,4.0,19.799999237060547,0,0,0,0
30-08 08:00,32.2,0.0,0.0,5.5,26.700000762939453,0,0,0,0
30-08 09:00,38.8,0.0,0.0,6.800000190734863,32.0,0,0,0,0
30-08 10:00,44.0,0.0,0.0,7.5,36.5,0,0,0,0
30-08 11:00,44.3,0.0,0.0,7.5,36.79999923706055,0,0,0,0
30-08 12:00,45.5,0.0,0.0,7.699999809265137,37.79999923706055,0,0,0,0
30-08 13:00,44.1,0.0,0.0,7.400000095367432,36.70000076293945,0,0,0,0
30-08 14:00,54.4,0.0,0.0,9.300000190734863,45.099998474121094,0,0,0,0
30-08 15:00,66.2,0.0,0.0,11.199999809265137,55.0,0,0,0,0
30-08 16:00,74.0,0.0,0.0,12.600000381469727,61.400001525878906,0,0,0,0
30-08 17:00,67.5,0.0,0.0,11.199999809265137,56.400001525878906,0,0,0,0
30-08 18:00,70.4,0.0,0.0,12.0,58.400001525878906,0,0,0,0
30-08 19:00,59.8,0.0,0.0,10.100000381469727,49.70000076293945,0,0,0,0
30-08 20:00,42.8,0.0,0.0,7.300000190734863,35.5,0,0,0,0
30-08 21:00,23.1,0.0,0.0,3.9000000953674316,19.200000762939453,0,0,0,0
30-08 22:00,11.4,0.0,0.0,1.899999976158142,9.5,0,0,0,0
30-08 23:00,2.1,0.0,0.0,1.5,0.6000000238418579,0,0,0,0
31-08 00:00,0.0,0.0,0.0,0.0,0.0,0,0,0,0
31-08 01:00,0.0,0.0,0.0,0.0,0.0,0,0,0,0
31-08 02:00,0.0,0.0,0.0,0.0,0.0,0,0,0,0
31-08 03:00,0.0,0.0,0.0,0.0,0.0,0,0,0,0
31-08 04:00,0.0,0.0,0.0,0.0,0.0,0,0,0,0
31-08 05:00,0.0,0.0,0.0,0.0,0.0,0,0,0,0
31-08 06:00,2.8,0.0,0.0,0.0,2.799999952316284,0,0,0,0
31-08 07:00,19.6,0.0,0.0,0.0,19.600000381469727,0,0,0,0
31-08 08:00,27.6,0.0,0.0,0.0,27.600000381469727,0,0,0,0
31-08 09:00,31.4,0.0,0.0,0.0,31.399999618530273,0,0,0,0
31-08 10:00,36.2,0.0,0.0,0.0,36.20000076293945,0,0,0,0
31-08 11:00,38.3,0.0,0.0,0.0,38.29999923706055,0,0,0,0
31-08 12:00,40.5,0.0,0.0,0.0,40.5,0,0,0,0
31-08 13:00,39.6,0.0,0.0,0.0,39.599998474121094,0,0,0,0
31-08 14:00,45.1,0.0,0.0,0.0,45.099998474121094,0,0,0,0
31-08 15:00,52.9,0.0,0.0,0.0,52.900001525878906,0,0,0,0
31-08 16:00,61.5,0.0,0.0,0.0,61.5,0,0,0,0
31-08 17:00,62.2,0.0,0.0,0.0,62.20000076293945,0,0,0,0
31-08 18:00,57.9,0.0,0.0,0.0,57.900001525878906,0,0,0,0
31-08 19:00,51.8,0.0,0.0,0.0,51.79999923706055,0,0,0,0
31-08 20:00,36.3,0.0,0.0,0.0,36.29999923706055,0,0,0,0
31-08 21:00,17.9,0.0,0.0,0.0,17.899999618530273,0,0,0,0
31-08 22:00,10.2,0.0,0.0,0.0,10.199999809265137,0,0,0,0
31-08 23:00,0.6,0.0,0.0,0.0,0.6000000238418579,0,0,0,0
01-09 00:00,0.0,0.0,0.0,0.0,0.0,0,0,0,0
01-09 01:00,0.0,0.0,0.0,0.0,0.0,0,0,0,0
01-09 02:00,0.0,0.0,0.0,0.0,0.0,0,0,0,0
01-09 03:00,0.0,0.0,0.0,0.0,0.0,0,0,0,0
01-09 04:00,0.0,0.0,0.0,0.0,0.0,0,0,0,0
01-09 05:00,0.0,0.0,0.0,0.0,0.0,0,0,0,0
01-09 06:00,0.0,0.0,0.0,0.0,0.0,0,0,0,0
01-09 07:00,1.3,0.0,0.0,0.0,1.2999999523162842,0,0,0,0
01-09 08:00,5.9,0.0,0.0,0.0,6.0,0,0,0,0
01-09 09:00,12.3,0.0,0.0,0.0,12.300000190734863,0,0,0,0
01-09 10:00,22.2,0.0,0.0,0.0,22.200000762939453,0,0,0,0
01-09 11:00,33.4,0.0,0.0,0.0,33.400001525878906,0,0,0,0
01-09 12:00,39.8,0.0,0.0,0.0,39.79999923706055,0,0,0,0
01-09 13:00,47.6,0.0,0.0,0.0,47.599998474121094,0,0,0,0
01-09 14:00,49.1,0.0,0.0,0.0,49.099998474121094,0,0,0,0
01-09 15:00,50.4,0.0,0.0,0.0,50.400001525878906,0,0,0,0
01-09 16:00,49.6,0.0,0.0,0.0,49.599998474121094,0,0,0,0
01-09 17:00,29.2,0.0,0.0,0.0,29.200000762939453,0,0,0,0
01-09 18:00,24.8,0.0,0.0,0.0,24.799999237060547,0,0,0,0
01-09 19:00,18.7,0.0,0.0,0.0,18.700000762939453,0,0,0,0
01-09 20:00,9.8,0.0,0.0,0.0,9.800000190734863,0,0,0,0
01-09 21:00,5.7,0.0,0.0,0.0,5.699999809265137,0,0,0,0
01-09 22:00,1.9,0.0,0.0,0.0,1.7999999523162842,0,0,0,0
01-09 23:00,0.0,0.0,0.0,0.0,0.0,0,0,0,0
02-09 00:00,0.6,0.0,0.0,0.6000000238418579,0.0,0,0,0,0
02-09 01:00,0.6,0.0,0.0,0.6000000238418579,0.0,0,0,0,0
02-09 02:00,0.4,0.0,0.0,0.4000000059604645,0.0,0,0,0,0
02-09 03:00,0.5,0.0,0.0,0.5,0.0,0,0,0,0
02-09 04:00,0.5,0.0,0.0,0.5,0.0,0,0,0,0
02-09 05:00,7.9,0.0,0.0,7.900000095367432,0.0,0,0,0,0
02-09 06:00,7.9,0.0,0.0,7.900000095367432,0.0,0,0,0,0
02-09 07:00,3.9,0.0,0.0,0.699999988079071,3.200000047683716,0,0,0,0
02-09 08:00,8.2,0.0,0.0,0.800000011920929,7.400000095367432,0,0,0,0
02-09 09:00,11.8,0.0,0.0,0.8999999761581421,10.899999618530273,0,0,0,0
02-09 10:00,15.7,0.0,0.0,1.100000023841858,14.600000381469727,0,0,0,0
02-09 11:00,19.8,0.0,0.0,1.5,18.299999237060547,0,0,0,0
02-09 12:00,24.7,0.0,0.0,1.7999999523162842,22.799999237060547,0,0,0,0
02-09 13:00,33.6,0.0,0.0,2.5999999046325684,31.0,0,0,0,0
02-09 14:00,38.0,0.0,0.0,2.799999952316284,35.20000076293945,0,0,0,0
02-09 15:00,38.4,0.0,0.0,3.0,35.400001525878906,0,0,0,0
02-09 16:00,37.3,0.0,0.0,2.799999952316284,34.5,0,0,0,0
02-09 17:00,29.6,0.0,0.0,2.299999952316284,27.299999237060547,0,0,0,0
02-09 18:00,21.2,0.0,0.0,1.600000023841858,19.600000381469727,0,0,0,0
02-09 19:00,17.5,0.0,0.0,1.399999976158142,16.200000762939453,0,0,0,0
02-09 20:00,13.0,0.0,0.0,1.0,12.0,0,0,0,0
02-09 21:00,14.8,0.0,0.0,7.900000095367432,6.900000095367432,0,0,0,0
02-09 22:00,9.5,0.0,0.0,8.199999809265137,1.2999999523162842,0,0,0,0
02-09 23:00,24.8,0.0,0.0,23.5,1.2999999523162842,0,0,0,0
03-09 00:00,31.8,0.0,0.0,31.799999237060547,0.0,0,0,0,0
03-09 01:00,37.4,0.0,0.0,37.400001525878906,0.0,0,0,0,0
03-09 02:00,46.4,0.0,0.0,46.400001525878906,0.0,0,0,0,0
03-09 03:00,41.5,0.0,0.0,41.5,0.0,0,0,0,0
03-09 04:00,52.6,0.0,0.0,52.599998474121094,0.0,0,0,0,0
03-09 05:00,54.6,0.0,0.0,54.599998474121094,0.0,0,0,0,0
03-09 06:00,36.5,0.0,0.0,33.5,3.0,0,0,0,0
03-09 07:00,40.5,0.0,0.0,22.5,18.0,0,0,0,0
03-09 08:00,42.6,0.0,0.0,14.399999618530273,28.200000762939453,0,0,0,0
03-09 09:00,48.0,0.0,0.0,16.5,31.600000381469727,0,0,0,0
03-09 10:00,51.9,0.0,0.0,17.399999618530273,34.5,0,0,0,0
03-09 11:00,57.2,0.0,0.0,19.100000381469727,38.099998474121094,0,0,0,0
03-09 12:00,58.7,0.0,0.0,19.600000381469727,39.099998474121094,0,0,0,0
03-09 13:00,56.9,0.0,0.0,18.799999237060547,38.099998474121094,0,0,0,0
03-09 14:00,69.0,0.0,0.0,23.200000762939453,45.79999923706055,0,0,0,0
03-09 15:00,87.9,0.0,0.0,29.399999618530273,58.599998474121094,0,0,0,0
03-09 16:00,93.0,0.0,0.0,31.200000762939453,61.79999923706055,0,0,0,0
03-09 17:00,93.7,0.0,0.0,30.600000381469727,63.099998474121094,0,0,0,0
03-09 18:00,87.6,0.0,0.0,29.399999618530273,58.20000076293945,0,0,0,0
03-09 19:00,73.4,0.0,0.0,24.399999618530273,49.0,0,0,0,0
03-09 20:00,51.5,0.0,0.0,17.200000762939453,34.29999923706055,0,0,0,0
03-09 21:00,29.3,0.0,0.0,9.800000190734863,19.5,0,0,0,0
03-09 22:00,22.5,0.0,0.0,12.399999618530273,10.0,0,0,0,0
03-09 23:00,11.1,0.0,0.0,10.5,0.6000000238418579,0,0,0,0
04-09 00:00,0.5,0.0,0.0,0.5,0.0,0,0,0,0
04-09 01:00,0.4,0.0,0.0,0.4000000059604645,0.0,0,0,0,0
04-09 02:00,7.4,0.0,0.0,7.400000095367432,0.0,0,0,0,0
04-09 03:00,7.5,0.0,0.0,7.5,0.0,0,0,0,0
04-09 04:00,7.0,0.0,0.0,7.0,0.0,0,0,0,0
04-09 05:00,7.4,0.0,0.0,7.400000095367432,0.0,0,0,0,0
04-09 06:00,11.3,0.0,0.0,8.0,3.200000047683716,0,0,0,0
04-09 07:00,21.7,0.0,0.0,1.2000000476837158,20.5,0,0,0,0
04-09 08:00,30.0,0.0,0.0,1.7000000476837158,28.299999237060547,0,0,0,0
04-09 09:00,34.9,0.0,0.0,2.0,32.900001525878906,0,0,0,0
04-09 10:00,39.0,0.0,0.0,2.200000047683716,36.79999923706055,0,0,0,0
04-09 11:00,40.8,0.0,0.0,2.299999952316284,38.5,0,0,0,0
04-09 12:00,40.7,0.0,0.0,2.299999952316284,38.400001525878906,0,0,0,0
04-09 13:00,48.4,0.0,0.0,2.700000047683716,45.70000076293945,0,0,0,0
04-09 14:00,47.7,0.0,0.0,2.700000047683716,45.0,0,0,0,0
04-09 15:00,57.5,0.0,0.0,3.200000047683716,54.29999923706055,0,0,0,0
04-09 16:00,64.4,0.0,0.0,3.5999999046325684,60.599998474121094,0,0,0,0
04-09 17:00,67.6,0.0,0.0,3.700000047683716,63.900001525878906,0,0,0,0
04-09 18:00,62.4,0.0,0.0,3.5,58.900001525878906,0,0,0,0
04-09 19:00,55.7,0.0,0.0,3.0999999046325684,52.599998474121094,0,0,0,0
04-09 20:00,37.9,0.0,0.0,2.0999999046325684,35.79999923706055,0,0,0,0
04-09 21:00,21.3,0.0,0.0,1.2000000476837158,20.100000381469727,0,0,0,0
04-09 22:00,10.3,0.0,0.0,0.6000000238418579,9.699999809265137,0,0,0,0
04-09 23:00,1.0,0.0,0.0,0.4000000059604645,0.6000000238418579,0,0,0,0
05-09 00:00,0.1,0.0,0.0,0.10000000149011612,0.0,0,0,0,0
05-09 01:00,0.1,0.0,0.0,0.10000000149011612,0.0,0,0,0,0
05-09 02:00,0.1,0.0,0.0,0.10000000149011612,0.0,0,0,0,0
05-09 03:00,0.1,0.0,0.0,0.10000000149011612,0.0,0,0,0,0
05-09 04:00,0.1,0.0,0.0,0.10000000149011612,0.0,0,0,0,0
05-09 05:00,0.1,0.0,0.0,0.10000000149011612,0.0,0,0,0,0
05-09 06:00,3.5,0.0,0.0,0.20000000298023224,3.299999952316284,0,0,0,0
05-09 07:00,19.2,0.0,0.0,0.20000000298023224,19.0,0,0,0,0
05-09 08:00,28.9,0.0,0.0,0.30000001192092896,28.600000381469727,0,0,0,0
05-09 09:00,35.6,0.0,0.0,0.4000000059604645,35.20000076293945,0,0,0,0
05-09 10:00,38.0,0.0,0.0,0.4000000059604645,37.599998474121094,0,0,0,0
05-09 11:00,37.5,0.0,0.0,0.4000000059604645,37.099998474121094,0,0,0,0
05-09 12:00,37.0,0.0,0.0,0.4000000059604645,36.599998474121094,0,0,0,0
05-09 13:00,42.1,0.0,0.0,0.5,41.599998474121094,0,0,0,0
05-09 14:00,44.2,0.0,0.0,0.5,43.70000076293945,0,0,0,0
05-09 15:00,60.5,0.0,0.0,0.699999988079071,59.79999923706055,0,0,0,0
05-09 16:00,59.6,0.0,0.0,0.699999988079071,58.900001525878906,0,0,0,0
05-09 17:00,66.7,0.0,0.0,0.800000011920929,65.9000015258789,0,0,0,0
05-09 18:00,56.0,0.0,0.0,0.699999988079071,55.29999923706055,0,0,0,0
05-09 19:00,53.8,0.0,0.0,0.6000000238418579,53.20000076293945,0,0,0,0
05-09 20:00,36.2,0.0,0.0,0.4000000059604645,35.79999923706055,0,0,0,0
05-09 21:00,19.6,0.0,0.0,0.20000000298023224,19.399999618530273,0,0,0,0
05-09 22:00,9.8,0.0,0.0,0.10000000149011612,9.699999809265137,0,0,0,0
05-09 23:00,8.6,0.0,0.0,7.900000095367432,0.699999988079071,0,0,0,0
06-09 00:00,19.1,0.0,0.0,19.200000762939453,0.0,0,0,0,0
06-09 01:00,33.3,0.0,0.0,33.29999923706055,0.0,0,0,0,0
06-09 02:00,40.1,0.0,0.0,40.099998474121094,0.0,0,0,0,0
06-09 03:00,47.4,0.0,0.0,47.400001525878906,0.0,0,0,0,0
06-09 04:00,53.0,0.0,0.0,53.0,0.0,0,0,0,0
06-09 05:00,52.0,0.0,0.0,52.0,0.0,0,0,0,0
06-09 06:00,52.2,0.0,0.0,49.20000076293945,3.0,0,0,0,0
06-09 07:00,60.2,0.0,0.0,41.20000076293945,19.0,0,0,0,0
06-09 08:00,62.4,0.0,0.0,34.0,28.399999618530273,0,0,0,0
06-09 09:00,53.7,0.0,0.0,22.0,31.700000762939453,0,0,0,0
06-09 10:00,62.0,0.0,0.0,24.799999237060547,37.20000076293945,0,0,0,0
06-09 11:00,58.8,0.0,0.0,23.5,35.29999923706055,0,0,0,0
06-09 12:00,68.0,0.0,0.0,27.200000762939453,40.79999923706055,0,0,0,0
06-09 13:00,71.6,0.0,0.0,28.299999237060547,43.29999923706055,0,0,0,0
06-09 14:00,79.1,0.0,0.0,31.799999237060547,47.29999923706055,0,0,0,0
06-09 15:00,93.5,0.0,0.0,37.400001525878906,56.099998474121094,0,0,0,0
06-09 16:00,99.6,0.0,0.0,40.0,59.599998474121094,0,0,0,0
06-09 17:00,102.2,0.0,0.0,40.0,62.20000076293945,0,0,0,0
06-09 18:00,99.7,0.0,0.0,40.0,59.599998474121094,0,0,0,0
06-09 19:00,85.1,0.0,0.0,33.79999923706055,51.29999923706055,0,0,0,0
06-09 20:00,71.3,0.0,0.0,36.79999923706055,34.400001525878906,0,0,0,0
06-09 21:00,56.3,0.0,0.0,36.099998474121094,20.200000762939453,0,0,0,0
06-09 22:00,37.0,0.0,0.0,27.5,9.5,0,0,0,0
06-09 23:00,41.1,0.0,0.0,40.5,0.6000000238418579,0,0,0,0
07-09 00:00,57.0,0.0,0.0,57.0,0.0,0,0,0,0
07-09 01:00,56.5,0.0,0.0,56.5,0.0,0,0,0,0
07-09 02:00,62.9,0.0,0.0,62.900001525878906,0.0,0,0,0,0
07-09 03:00,71.1,0.0,0.0,71.0999984741211,0.0,0,0,0,0
07-09 04:00,62.9,0.0,0.0,62.900001525878906,0.0,0,0,0,0
07-09 05:00,66.2,0.0,0.0,66.19999694824219,0.0,0,0,0,0
07-09 06:00,71.0,0.0,0.0,67.80000305175781,3.200000047683716,0,0,0,0
07-09 07:00,53.9,0.0,0.0,35.0,18.899999618530273,0,0,0,0
07-09 08:00,63.8,0.0,0.0,35.599998474121094,28.200000762939453,0,0,0,0
07-09 09:00,61.8,0.0,0.0,30.700000762939453,31.100000381469727,0,0,0,0
07-09 10:00,59.7,0.0,0.0,25.299999237060547,34.400001525878906,0,0,0,0
07-09 11:00,68.6,0.0,0.0,29.100000381469727,39.400001525878906,0,0,0,0
07-09 12:00,69.1,0.0,0.0,29.299999237060547,39.79999923706055,0,0,0,0
07-09 13:00,69.0,0.0,0.0,29.0,40.0,0,0,0,0
07-09 14:00,77.9,0.0,0.0,33.20000076293945,44.70000076293945,0,0,0,0
07-09 15:00,94.7,0.0,0.0,40.20000076293945,54.599998474121094,0,0,0,0
07-09 16:00,109.3,0.0,0.0,46.599998474121094,62.70000076293945,0,0,0,0
07-09 17:00,107.7,0.0,0.0,44.79999923706055,62.900001525878906,0,0,0,0
07-09 18:00,98.8,0.0,0.0,42.099998474121094,56.70000076293945,0,0,0,0
07-09 19:00,86.1,0.0,0.0,36.29999923706055,49.79999923706055,0,0,0,0
07-09 20:00,61.2,0.0,0.0,26.0,35.20000076293945,0,0,0,0
07-09 21:00,33.7,0.0,0.0,14.300000190734863,19.399999618530273,0,0,0,0
07-09 22:00,16.0,0.0,0.0,6.599999904632568,9.300000190734863,0,0,0,0
07-09 23:00,13.0,0.0,0.0,12.399999618530273,0.6000000238418579,0,0,0,0
08-09 00:00,15.8,0.0,0.0,15.800000190734863,0.0,0,0,0,0
08-09 01:00,16.4,0.0,0.0,16.399999618530273,0.0,0,0,0,0
08-09 02:00,23.0,0.0,0.0,23.0,0.0,0,0,0,0
08-09 03:00,24.6,0.0,0.0,24.600000381469727,0.0,0,0,0,0
08-09 04:00,36.9,0.0,0.0,36.900001525878906,0.0,0,0,0,0
08-09 05:00,32.0,0.0,0.0,32.0,0.0,0,0,0,0
08-09 06:00,22.4,0.0,0.0,22.399999618530273,0.0,0,0,0,0
08-09 07:00,16.8,0.0,0.0,15.600000381469727,1.2000000476837158,0,0,0,0
08-09 08:00,8.7,0.0,0.0,2.799999952316284,5.900000095367432,0,0,0,0
08-09 09:00,16.0,0.0,0.0,4.300000190734863,11.699999809265137,0,0,0,0
08-09 10:00,28.1,0.0,0.0,6.599999904632568,21.5,0,0,0,0
08-09 11:00,41.8,0.0,0.0,9.699999809265137,32.099998474121094,0,0,0,0
08-09 12:00,51.5,0.0,0.0,12.100000381469727,39.400001525878906,0,0,0,0
08-09 13:00,60.6,0.0,0.0,13.899999618530273,46.70000076293945,0,0,0,0
08-09 14:00,65.2,0.0,0.0,15.0,50.099998474121094,0,0,0,0
08-09 15:00,65.3,0.0,0.0,14.800000190734863,50.400001525878906,0,0,0,0
08-09 16:00,63.0,0.0,0.0,14.399999618530273,48.599998474121094,0,0,0,0
08-09 17:00,40.1,0.0,0.0,9.0,31.100000381469727,0,0,0,0
08-09 18:00,33.5,0.0,0.0,7.699999809265137,25.799999237060547,0,0,0,0
08-09 19:00,24.3,0.0,0.0,6.0,18.200000762939453,0,0,0,0
08-09 20:00,13.1,0.0,0.0,2.799999952316284,10.300000190734863,0,0,0,0
08-09 21:00,8.6,0.0,0.0,2.5999999046325684,5.900000095367432,0,0,0,0
08-09 22:00,4.4,0.0,0.0,2.4000000953674316,2.0,0,0,0,0
08-09 23:00,2.3,0.0,0.0,2.299999952316284,0.0,0,0,0,0
09-09 00:00,10.9,0.0,0.0,10.899999618530273,0.0,0,0,0,0
09-09 01:00,9.7,0.0,0.0,9.699999809265137,0.0,0,0,0,0
09-09 02:00,9.2,0.0,0.0,9.199999809265137,0.0,0,0,0,0
09-09 03:00,15.8,0.0,0.0,15.800000190734863,0.0,0,0,0,0
09-09 04:00,17.0,0.0,0.0,17.0,0.0,0,0,0,0
09-09 05:00,18.6,0.0,0.0,18.600000381469727,0.0,0,0,0,0
09-09 06:00,17.3,0.0,0.0,17.299999237060547,0.0,0,0,0,0
09-09 07:00,21.1,0.0,0.0,17.899999618530273,3.200000047683716,0,0,0,0
09-09 08:00,28.0,0.0,0.0,19.799999237060547,8.199999809265137,0,0,0,0
09-09 09:00,22.8,0.0,0.0,12.0,10.800000190734863,0,0,0,0
09-09 10:00,28.6,0.0,0.0,13.699999809265137,14.899999618530273,0,0,0,0
09-09 11:00,33.1,0.0,0.0,15.100000381469727,18.0,0,0,0,0
09-09 12:00,39.9,0.0,0.0,17.0,22.799999237060547,0,0,0,0
09-09 13:00,55.9,0.0,0.0,22.399999618530273,33.5,0,0,0,0
09-09 14:00,56.5,0.0,0.0,21.899999618530273,34.599998474121094,0,0,0,0
09-09 15:00,55.5,0.0,0.0,21.600000381469727,33.900001525878906,0,0,0,0
09-09 16:00,58.1,0.0,0.0,22.600000381469727,35.599998474121094,0,0,0,0
09-09 17:00,50.0,0.0,0.0,20.399999618530273,29.600000381469727,0,0,0,0
09-09 18:00,41.3,0.0,0.0,22.100000381469727,19.200000762939453,0,0,0,0
09-09 19:00,38.2,0.0,0.0,21.899999618530273,16.299999237060547,0,0,0,0
09-09 20:00,30.2,0.0,0.0,19.0,11.199999809265137,0,0,0,0
09-09 21:00,24.7,0.0,0.0,17.899999618530273,6.800000190734863,0,0,0,0
09-09 22:00,19.4,0.0,0.0,18.100000381469727,1.2999999523162842,0,0,0,0
09-09 23:00,26.4,0.0,0.0,25.100000381469727,1.2999999523162842,0,0,0,0
10-09 00:00,23.0,0.0,0.0,23.0,0.0,0,0,0,0
10-09 01:00,16.3,0.0,0.0,16.299999237060547,0.0,0,0,0,0
10-09 02:00,16.0,0.0,0.0,16.0,0.0,0,0,0,0
10-09 03:00,15.6,0.0,0.0,15.600000381469727,0.0,0,0,0,0
10-09 04:00,16.0,0.0,0.0,16.0,0.0,0,0,0,0
10-09 05:00,16.3,0.0,0.0,16.299999237060547,0.0,0,0,0,0
10-09 06:00,21.8,0.0,0.0,18.5,3.299999952316284,0,0,0,0
10-09 07:00,38.8,0.0,0.0,19.700000762939453,19.200000762939453,0,0,0,0
10-09 08:00,37.1,0.0,0.0,8.300000190734863,28.799999237060547,0,0,0,0
10-09 09:00,42.6,0.0,0.0,9.699999809265137,32.900001525878906,0,0,0,0
10-09 10:00,46.2,0.0,0.0,10.199999809265137,36.0,0,0,0,0
10-09 11:00,44.7,0.0,0.0,9.899999618530273,34.79999923706055,0,0,0,0
10-09 12:00,46.3,0.0,0.0,10.199999809265137,36.099998474121094,0,0,0,0
10-09 13:00,52.5,0.0,0.0,11.399999618530273,41.099998474121094,0,0,0,0
10-09 14:00,59.5,0.0,0.0,13.199999809265137,46.29999923706055,0,0,0,0
10-09 15:00,68.3,0.0,0.0,15.100000381469727,53.20000076293945,0,0,0,0
10-09 16:00,79.5,0.0,0.0,17.700000762939453,61.79999923706055,0,0,0,0
10-09 17:00,82.2,0.0,0.0,17.700000762939453,64.5,0,0,0,0
10-09 18:00,80.4,0.0,0.0,17.899999618530273,62.5,0,0,0,0
10-09 19:00,68.0,0.0,0.0,14.899999618530273,53.099998474121094,0,0,0,0
10-09 20:00,49.6,0.0,0.0,11.0,38.599998474121094,0,0,0,0
10-09 21:00,31.4,0.0,0.0,12.399999618530273,19.0,0,0,0,0
10-09 22:00,35.6,0.0,0.0,25.399999618530273,10.199999809265137,0,0,0,0
10-09 23:00,26.3,0.0,0.0,25.600000381469727,0.699999988079071,0,0,0,0
11-09 00:00,33.2,0.0,0.0,33.20000076293945,0.0,0,0,0,0
11-09 01:00,38.9,0.0,0.0,38.900001525878906,0.0,0,0,0,0
11-09 02:00,45.8,0.0,0.0,45.79999923706055,0.0,0,0,0,0
11-09 03:00,50.0,0.0,0.0,50.0,0.0,0,0,0,0
11-09 04:00,51.8,0.0,0.0,51.79999923706055,0.0,0,0,0,0
11-09 05:00,53.3,0.0,0.0,53.29999923706055,0.0,0,0,0,0
11-09 06:00,54.6,0.0,0.0,51.29999923706055,3.299999952316284,0,0,0,0
11-09 07:00,54.5,0.0,0.0,36.5,18.0,0,0,0,0
11-09 08:00,51.2,0.0,0.0,22.899999618530273,28.299999237060547,0,0,0,0
11-09 09:00,53.6,0.0,0.0,19.399999618530273,34.20000076293945,0,0,0,0
11-09 10:00,56.8,0.0,0.0,20.0,36.79999923706055,0,0,0,0
11-09 11:00,56.6,0.0,0.0,19.899999618530273,36.70000076293945,0,0,0,0
11-09 12:00,57.6,0.0,0.0,20.299999237060547,37.29999923706055,0,0,0,0
11-09 13:00,64.4,0.0,0.0,22.399999618530273,42.0,0,0,0,0
11-09 14:00,71.7,0.0,0.0,25.399999618530273,46.29999923706055,0,0,0,0
11-09 15:00,86.4,0.0,0.0,30.399999618530273,56.0,0,0,0,0
11-09 16:00,92.1,0.0,0.0,32.599998474121094,59.5,0,0,0,0
11-09 17:00,100.5,0.0,0.0,34.599998474121094,65.9000015258789,0,0,0,0
11-09 18:00,98.7,0.0,0.0,34.900001525878906,63.79999923706055,0,0,0,0
11-09 19:00,74.7,0.0,0.0,26.100000381469727,48.599998474121094,0,0,0,0
11-09 20:00,60.8,0.0,0.0,21.399999618530273,39.400001525878906,0,0,0,0
11-09 21:00,31.6,0.0,0.0,11.100000381469727,20.5,0,0,0,0
11-09 22:00,15.2,0.0,0.0,5.199999809265137,10.0,0,0,0,0
11-09 23:00,4.3,0.0,0.0,3.700000047683716,0.6000000238418579,0,0,0,0
12-09 00:00,0.3,0.0,0.0,0.30000001192092896,0.0,0,0,0,0
12-09 01:00,0.3,0.0,0.0,0.30000001192092896,0.0,0,0,0,0
12-09 02:00,7.2,0.0,0.0,7.199999809265137,0.0,0,0,0,0
12-09 03:00,7.2,0.0,0.0,7.199999809265137,0.0,0,0,0,0
12-09 04:00,7.8,0.0,0.0,7.800000190734863,0.0,0,0,0,0
12-09 05:00,7.5,0.0,0.0,7.5,0.0,0,0,0,0
12-09 06:00,3.9,0.0,0.0,0.6000000238418579,3.299999952316284,0,0,0,0
12-09 07:00,21.1,0.0,0.0,1.0,20.200000762939453,0,0,0,0
12-09 08:00,29.1,0.0,0.0,1.2999999523162842,27.799999237060547,0,0,0,0
12-09 09:00,34.3,0.0,0.0,1.600000023841858,32.70000076293945,0,0,0,0
12-09 10:00,38.2,0.0,0.0,1.7000000476837158,36.5,0,0,0,0
12-09 11:00,39.3,0.0,0.0,1.7999999523162842,37.5,0,0,0,0
12-09 12:00,37.9,0.0,0.0,1.7000000476837158,36.20000076293945,0,0,0,0
12-09 13:00,44.0,0.0,0.0,2.0,42.0,0,0,0,0
12-09 14:00,46.3,0.0,0.0,2.0999999046325684,44.20000076293945,0,0,0,0
12-09 15:00,57.0,0.0,0.0,2.5999999046325684,54.400001525878906,0,0,0,0
12-09 16:00,66.8,0.0,0.0,3.0,63.79999923706055,0,0,0,0
12-09 17:00,71.0,0.0,0.0,3.0999999046325684,67.9000015258789,0,0,0,0
12-09 18:00,66.9,0.0,0.0,3.0,63.900001525878906,0,0,0,0
12-09 19:00,53.6,0.0,0.0,2.4000000953674316,51.20000076293945,0,0,0,0
12-09 20:00,37.6,0.0,0.0,1.7000000476837158,35.900001525878906,0,0,0,0
12-09 21:00,20.7,0.0,0.0,0.8999999761581421,19.799999237060547,0,0,0,0
12-09 22:00,11.0,0.0,0.0,0.5,10.5,0,0,0,0
12-09 23:00,1.1,0.0,0.0,0.4000000059604645,0.699999988079071,0,0,0,0
13-09 00:00,0.3,0.0,0.0,0.4000000059604645,0.0,0,0,0,0
13-09 01:00,0.3,0.0,0.0,0.30000001192092896,0.0,0,0,0,0
13-09 02:00,0.3,0.0,0.0,0.30000001192092896,0.0,0,0,0,0
13-09 03:00,0.2,0.0,0.0,0.20000000298023224,0.0,0,0,0,0
13-09 04:00,0.3,0.0,0.0,0.30000001192092896,0.0,0,0,0,0
13-09 05:00,0.4,0.0,0.0,0.4000000059604645,0.0,0,0,0,0
13-09 06:00,3.8,0.0,0.0,0.6000000238418579,3.200000047683716,0,0,0,0
13-09 07:00,20.7,0.0,0.0,0.8999999761581421,19.799999237060547,0,0,0,0
13-09 08:00,28.6,0.0,0.0,1.2999999523162842,27.299999237060547,0,0,0,0
13-09 09:00,34.6,0.0,0.0,1.600000023841858,33.0,0,0,0,0
13-09 10:00,41.8,0.0,0.0,1.899999976158142,39.900001525878906,0,0,0,0
13-09 11:00,38.5,0.0,0.0,1.7000000476837158,36.79999923706055,0,0,0,0
13-09 12:00,40.4,0.0,0.0,1.7999999523162842,38.599998474121094,0,0,0,0
13-09 13:00,41.9,0.0,0.0,1.7999999523162842,40.0,0,0,0,0
13-09 14:00,48.2,0.0,0.0,2.200000047683716,46.0,0,0,0,0
13-09 15:00,57.1,0.0,0.0,2.5999999046325684,54.5,0,0,0,0
13-09 16:00,62.5,0.0,0.0,2.799999952316284,59.70000076293945,0,0,0,0
13-09 17:00,68.4,0.0,0.0,3.0,65.4000015258789,0,0,0,0
13-09 18:00,63.2,0.0,0.0,2.9000000953674316,60.29999923706055,0,0,0,0
13-09 19:00,53.7,0.0,0.0,2.4000000953674316,51.29999923706055,0,0,0,0
13-09 20:00,36.9,0.0,0.0,1.7000000476837158,35.20000076293945,0,0,0,0
13-09 21:00,27.2,0.0,0.0,8.0,19.200000762939453,0,0,0,0
13-09 22:00,17.5,0.0,0.0,7.699999809265137,9.800000190734863,0,0,0,0
13-09 23:00,14.7,0.0,0.0,14.199999809265137,0.6000000238418579,0,0,0,0
14-09 00:00,34.2,0.0,0.0,34.20000076293945,0.0,0,0,0,0
14-09 01:00,34.7,0.0,0.0,34.70000076293945,0.0,0,0,0,0
14-09 02:00,32.5,0.0,0.0,32.599998474121094,0.0,0,0,0,0
14-09 03:00,50.2,0.0,0.0,50.20000076293945,0.0,0,0,0,0
14-09 04:00,40.9,0.0,0.0,40.900001525878906,0.0,0,0,0,0
14-09 05:00,39.8,0.0,0.0,39.79999923706055,0.0,0,0,0,0
14-09 06:00,55.8,0.0,0.0,52.5,3.299999952316284,0,0,0,0
14-09 07:00,63.0,0.0,0.0,43.0,20.0,0,0,0,0
14-09 08:00,53.0,0.0,0.0,25.600000381469727,27.399999618530273,0,0,0,0
14-09 09:00,57.4,0.0,0.0,23.600000381469727,33.79999923706055,0,0,0,0
14-09 10:00,60.5,0.0,0.0,24.299999237060547,36.20000076293945,0,0,0,0
14-09 11:00,59.1,0.0,0.0,23.700000762939453,35.400001525878906,0,0,0,0
14-09 12:00,60.7,0.0,0.0,24.299999237060547,36.400001525878906,0,0,0,0
14-09 13:00,71.3,0.0,0.0,28.299999237060547,43.0,0,0,0,0
14-09 14:00,72.7,0.0,0.0,29.299999237060547,43.400001525878906,0,0,0,0
14-09 15:00,95.8,0.0,0.0,38.400001525878906,57.400001525878906,0,0,0,0
14-09 16:00,99.1,0.0,0.0,39.900001525878906,59.20000076293945,0,0,0,0
14-09 17:00,107.9,0.0,0.0,42.400001525878906,65.5,0,0,0,0
14-09 18:00,105.3,0.0,0.0,42.400001525878906,62.900001525878906,0,0,0,0
14-09 19:00,87.2,0.0,0.0,34.79999923706055,52.400001525878906,0,0,0,0
14-09 20:00,78.1,0.0,0.0,40.29999923706055,37.79999923706055,0,0,0,0
14-09 21:00,60.7,0.0,0.0,41.400001525878906,19.299999237060547,0,0,0,0
14-09 22:00,60.4,0.0,0.0,50.400001525878906,9.899999618530273,0,0,0,0
14-09 23:00,48.3,0.0,0.0,47.70000076293945,0.6000000238418579,0,0,0,0
15-09 00:00,56.3,0.0,0.0,56.29999923706055,0.0,0,0,0,0
15-09 01:00,57.5,0.0,0.0,57.5,0.0,0,0,0,0
15-09 02:00,46.8,0.0,0.0,46.79999923706055,0.0,0,0,0,0
15-09 03:00,49.7,0.0,0.0,49.70000076293945,0.0,0,0,0,0
15-09 04:00,64.2,0.0,0.0,64.19999694824219,0.0,0,0,0,0
15-09 05:00,49.0,0.0,0.0,49.0,0.0,0,0,0,0
15-09 06:00,48.0,0.0,0.0,48.0,0.0,0,0,0,0
15-09 07:00,36.0,0.0,0.0,34.70000076293945,1.2999999523162842,0,0,0,0
15-09 08:00,19.0,0.0,0.0,13.199999809265137,5.800000190734863,0,0,0,0
15-09 09:00,22.3,0.0,0.0,9.800000190734863,12.5,0,0,0,0
15-09 10:00,37.5,0.0,0.0,14.800000190734863,22.700000762939453,0,0,0,0
15-09 11:00,54.5,0.0,0.0,21.399999618530273,33.099998474121094,0,0,0,0
15-09 12:00,66.2,0.0,0.0,26.299999237060547,39.900001525878906,0,0,0,0
15-09 13:00,77.3,0.0,0.0,30.100000381469727,47.20000076293945,0,0,0,0
15-09 14:00,78.3,0.0,0.0,30.700000762939453,47.599998474121094,0,0,0,0
15-09 15:00,87.4,0.0,0.0,33.70000076293945,53.599998474121094,0,0,0,0
15-09 16:00,82.1,0.0,0.0,31.899999618530273,50.20000076293945,0,0,0,0
15-09 17:00,53.6,0.0,0.0,20.5,33.099998474121094,0,0,0,0
15-09 18:00,43.1,0.0,0.0,16.799999237060547,26.299999237060547,0,0,0,0
15-09 19:00,29.1,0.0,0.0,12.100000381469727,17.0,0,0,0,0
15-09 20:00,17.1,0.0,0.0,6.300000190734863,10.800000190734863,0,0,0,0
15-09 21:00,10.8,0.0,0.0,5.300000190734863,5.5,0,0,0,0
15-09 22:00,7.4,0.0,0.0,5.400000095367432,2.0,0,0,0,0
15-09 23:00,5.0,0.0,0.0,5.0,0.0,0,0,0,0
16-09 00:00,2.5,0.0,0.0,2.5,0.0,0,0,0,0
16-09 01:00,2.6,0.0,0.0,2.5999999046325684,0.0,0,0,0,0
16-09 02:00,9.5,0.0,0.0,9.5,0.0,0,0,0,0
16-09 03:00,9.4,0.0,0.0,9.399999618530273,0.0,0,0,0,0
16-09 04:00,9.3,0.0,0.0,9.300000190734863,0.0,0,0,0,0
16-09 05:00,10.2,0.0,0.0,10.199999809265137,0.0,0,0,0,0
16-09 06:00,16.0,0.0,0.0,16.0,0.0,0,0,0,0
16-09 07:00,13.7,0.0,0.0,10.399999618530273,3.299999952316284,0,0,0,0
16-09 08:00,18.1,0.0,0.0,10.399999618530273,7.699999809265137,0,0,0,0
16-09 09:00,24.0,0.0,0.0,12.0,11.899999618530273,0,0,0,0
16-09 10:00,19.8,0.0,0.0,4.900000095367432,15.0,0,0,0,0
16-09 11:00,27.0,0.0,0.0,11.600000381469727,15.399999618530273,0,0,0,0
16-09 12:00,48.4,0.0,0.0,23.899999618530273,24.5,0,0,0,0
16-09 13:00,41.9,0.0,0.0,10.800000190734863,31.100000381469727,0,0,0,0
16-09 14:00,44.9,0.0,0.0,11.199999809265137,33.70000076293945,0,0,0,0
16-09 15:00,48.9,0.0,0.0,12.699999809265137,36.20000076293945,0,0,0,0
16-09 16:00,59.0,0.0,0.0,20.899999618530273,38.099998474121094,0,0,0,0
16-09 17:00,45.6,0.0,0.0,17.100000381469727,28.5,0,0,0,0
16-09 18:00,35.1,0.0,0.0,14.399999618530273,20.700000762939453,0,0,0,0
16-09 19:00,41.7,0.0,0.0,26.200000762939453,15.5,0,0,0,0
16-09 20:00,38.5,0.0,0.0,26.5,12.0,0,0,0,0
16-09 21:00,32.9,0.0,0.0,25.600000381469727,7.300000190734863,0,0,0,0
16-09 22:00,27.3,0.0,0.0,25.899999618530273,1.399999976158142,0,0,0,0
16-09 23:00,26.8,0.0,0.0,25.399999618530273,1.399999976158142,0,0,0,0
17-09 00:00,26.9,0.0,0.0,26.899999618530273,0.0,0,0,0,0
17-09 01:00,27.8,0.0,0.0,27.799999237060547,0.0,0,0,0,0
17-09 02:00,28.6,0.0,0.0,28.600000381469727,0.0,0,0,0,0
17-09 03:00,24.2,0.0,0.0,24.200000762939453,0.0,0,0,0,0
17-09 04:00,32.1,0.0,0.0,32.099998474121094,0.0,0,0,0,0
17-09 05:00,33.9,0.0,0.0,33.900001525878906,0.0,0,0,0,0
17-09 06:00,44.6,0.0,0.0,41.20000076293945,3.4000000953674316,0,0,0,0
17-09 07:00,57.8,0.0,0.0,38.0,19.799999237060547,0,0,0,0
17-09 08:00,63.7,0.0,0.0,36.5,27.200000762939453,0,0,0,0
17-09 09:00,66.0,0.0,0.0,34.099998474121094,31.899999618530273,0,0,0,0
17-09 10:00,67.6,0.0,0.0,30.399999618530273,37.20000076293945,0,0,0,0
17-09 11:00,72.2,0.0,0.0,32.5,39.70000076293945,0,0,0,0
17-09 12:00,84.3,0.0,0.0,45.79999923706055,38.5,0,0,0,0
17-09 13:00,87.0,0.0,0.0,42.900001525878906,44.099998474121094,0,0,0,0
17-09 14:00,107.9,0.0,0.0,61.099998474121094,46.79999923706055,0,0,0,0
17-09 15:00,118.8,0.0,0.0,65.0,53.79999923706055,0,0,0,0
17-09 16:00,137.4,0.0,0.0,74.30000305175781,63.099998474121094,0,0,0,0
17-09 17:00,136.4,0.0,0.0,68.5999984741211,67.80000305175781,0,0,0,0
17-09 18:00,134.7,0.0,0.0,72.5999984741211,62.0,0,0,0,0
17-09 19:00,123.3,0.0,0.0,71.0999984741211,52.20000076293945,0,0,0,0
17-09 20:00,89.5,0.0,0.0,55.20000076293945,34.29999923706055,0,0,0,0
17-09 21:00,73.6,0.0,0.0,53.5,20.200000762939453,0,0,0,0
17-09 22:00,53.0,0.0,0.0,43.29999923706055,9.699999809265137,0,0,0,0
17-09 23:00,44.1,0.0,0.0,43.400001525878906,0.699999988079071,0,0,0,0
18-09 00:00,41.9,0.0,0.0,41.900001525878906,0.0,0,0,0,0
18-09 01:00,48.8,0.0,0.0,48.79999923706055,0.0,0,0,0,0
18-09 02:00,54.7,0.0,0.0,54.70000076293945,0.0,0,0,0,0
18-09 03:00,54.6,0.0,0.0,54.599998474121094,0.0,0,0,0,0
18-09 04:00,58.0,0.0,0.0,58.0,0.0,0,0,0,0
18-09 05:00,51.8,0.0,0.0,51.79999923706055,0.0,0,0,0,0
18-09 06:00,72.0,0.0,0.0,68.80000305175781,3.200000047683716,0,0,0,0
18-09 07:00,84.2,0.0,0.0,64.80000305175781,19.399999618530273,0,0,0,0
18-09 08:00,91.3,0.0,0.0,63.20000076293945,28.100000381469727,0,0,0,0
18-09 09:00,83.5,0.0,0.0,53.20000076293945,30.299999237060547,0,0,0,0
18-09 10:00,84.6,0.0,0.0,48.5,36.099998474121094,0,0,0,0
18-09 11:00,79.0,0.0,0.0,42.20000076293945,36.79999923706055,0,0,0,0
18-09 12:00,79.2,0.0,0.0,38.70000076293945,40.5,0,0,0,0
18-09 13:00,76.6,0.0,0.0,37.099998474121094,39.5,0,0,0,0
18-09 14:00,85.9,0.0,0.0,42.20000076293945,43.70000076293945,0,0,0,0
18-09 15:00,110.8,0.0,0.0,54.20000076293945,56.599998474121094,0,0,0,0
18-09 16:00,123.0,0.0,0.0,60.400001525878906,62.599998474121094,0,0,0,0
18-09 17:00,119.5,0.0,0.0,57.400001525878906,62.099998474121094,0,0,0,0
18-09 18:00,121.3,0.0,0.0,63.0,58.29999923706055,0,0,0,0
18-09 19:00,109.2,0.0,0.0,60.099998474121094,49.099998474121094,0,0,0,0
18-09 20:00,87.7,0.0,0.0,50.400001525878906,37.29999923706055,0,0,0,0
18-09 21:00,59.9,0.0,0.0,40.29999923706055,19.600000381469727,0,0,0,0
18-09 22:00,50.0,0.0,0.0,39.70000076293945,10.300000190734863,0,0,0,0
18-09 23:00,43.0,0.0,0.0,42.400001525878906,0.6000000238418579,0,0,0,0
19-09 00:00,51.5,0.0,0.0,51.5,0.0,0,0,0,0
19-09 01:00,61.5,0.0,0.0,61.400001525878906,0.0,0,0,0,0
19-09 02:00,51.4,0.0,0.0,51.400001525878906,0.0,0,0,0,0
19-09 03:00,53.7,0.0,0.0,53.70000076293945,0.0,0,0,0,0
19-09 04:00,72.4,0.0,0.0,72.4000015258789,0.0,0,0,0,0
19-09 05:00,63.9,0.0,0.0,63.900001525878906,0.0,0,0,0,0
19-09 06:00,71.6,0.0,0.0,68.19999694824219,3.4000000953674316,0,0,0,0
19-09 07:00,82.5,0.0,0.0,63.29999923706055,19.200000762939453,0,0,0,0
19-09 08:00,90.5,0.0,0.0,63.79999923706055,26.700000762939453,0,0,0,0
19-09 09:00,94.0,0.0,0.0,60.29999923706055,33.70000076293945,0,0,0,0
19-09 10:00,94.4,0.0,0.0,56.400001525878906,38.0,0,0,0,0
19-09 11:00,81.5,0.0,0.0,45.79999923706055,35.70000076293945,0,0,0,0
19-09 12:00,76.0,0.0,0.0,39.70000076293945,36.29999923706055,0,0,0,0
19-09 13:00,87.4,0.0,0.0,45.29999923706055,42.099998474121094,0,0,0,0
19-09 14:00,90.3,0.0,0.0,47.400001525878906,42.900001525878906,0,0,0,0
19-09 15:00,115.4,0.0,0.0,60.400001525878906,55.099998474121094,0,0,0,0
19-09 16:00,133.2,0.0,0.0,69.9000015258789,63.400001525878906,0,0,0,0
19-09 17:00,130.7,0.0,0.0,67.19999694824219,63.5,0,0,0,0
19-09 18:00,128.3,0.0,0.0,70.5,57.79999923706055,0,0,0,0
19-09 19:00,128.4,0.0,0.0,74.0,54.400001525878906,0,0,0,0
19-09 20:00,111.7,0.0,0.0,75.4000015258789,36.29999923706055,0,0,0,0
19-09 21:00,82.5,0.0,0.0,63.29999923706055,19.200000762939453,0,0,0,0
19-09 22:00,62.1,0.0,0.0,52.5,9.600000381469727,0,0,0,0
19-09 23:00,54.0,0.0,0.0,53.400001525878906,0.6000000238418579,0,0,0,0
20-09 00:00,66.7,0.0,0.0,66.69999694824219,0.0,0,0,0,0
20-09 01:00,72.5,0.0,0.0,72.5,0.0,0,0,0,0
20-09 02:00,67.6,0.0,0.0,67.5999984741211,0.0,0,0,0,0
20-09 03:00,79.2,0.0,0.0,79.19999694824219,0.0,0,0,0,0
20-09 04:00,81.4,0.0,0.0,81.4000015258789,0.0,0,0,0,0
20-09 05:00,77.2,0.0,0.0,77.19999694824219,0.0,0,0,0,0
20-09 06:00,85.4,0.0,0.0,82.0,3.4000000953674316,0,0,0,0
20-09 07:00,101.2,0.0,0.0,81.0999984741211,20.100000381469727,0,0,0,0
20-09 08:00,97.0,0.0,0.0,68.5,28.5,0,0,0,0
20-09 09:00,92.1,0.0,0.0,59.29999923706055,32.79999923706055,0,0,0,0
20-09 10:00,96.3,0.0,0.0,57.79999923706055,38.5,0,0,0,0
20-09 11:00,84.2,0.0,0.0,47.599998474121094,36.5,0,0,0,0
20-09 12:00,92.6,0.0,0.0,52.400001525878906,40.20000076293945,0,0,0,0
20-09 13:00,87.6,0.0,0.0,45.79999923706055,41.79999923706055,0,0,0,0
20-09 14:00,98.1,0.0,0.0,52.0,46.099998474121094,0,0,0,0
20-09 15:00,122.7,0.0,0.0,64.80000305175781,57.900001525878906,0,0,0,0
20-09 16:00,133.5,0.0,0.0,70.69999694824219,62.79999923706055,0,0,0,0
20-09 17:00,130.8,0.0,0.0,67.9000015258789,62.900001525878906,0,0,0,0
20-09 18:00,140.2,0.0,0.0,74.19999694824219,66.0,0,0,0,0
20-09 19:00,114.1,0.0,0.0,63.20000076293945,50.900001525878906,0,0,0,0
20-09 20:00,84.9,0.0,0.0,48.20000076293945,36.70000076293945,0,0,0,0
20-09 21:00,46.9,0.0,0.0,28.0,18.899999618530273,0,0,0,0
20-09 22:00,43.3,0.0,0.0,33.20000076293945,10.100000381469727,0,0,0,0
20-09 23:00,45.2,0.0,0.0,44.5,0.699999988079071,0,0,0,0
21-09 00:00,40.7,0.0,0.0,40.70000076293945,0.0,0,0,0,0
21-09 01:00,56.1,0.0,0.0,56.099998474121094,0.0,0,0,0,0
21-09 02:00,54.9,0.0,0.0,54.900001525878906,0.0,0,0,0,0
21-09 03:00,58.8,0.0,0.0,58.79999923706055,0.0,0,0,0,0
21-09 04:00,62.7,0.0,0.0,62.70000076293945,0.0,0,0,0,0
21-09 05:00,72.3,0.0,0.0,72.30000305175781,0.0,0,0,0,0
21-09 06:00,76.5,0.0,0.0,73.0,3.4000000953674316,0,0,0,0
21-09 07:00,83.0,0.0,0.0,62.70000076293945,20.299999237060547,0,0,0,0
21-09 08:00,82.0,0.0,0.0,53.5,28.5,0,0,0,0
21-09 09:00,74.8,0.0,0.0,42.0,32.79999923706055,0,0,0,0
21-09 10:00,73.2,0.0,0.0,34.70000076293945,38.599998474121094,0,0,0,0
21-09 11:00,70.1,0.0,0.0,33.20000076293945,36.900001525878906,0,0,0,0
21-09 12:00,72.8,0.0,0.0,34.400001525878906,38.400001525878906,0,0,0,0
21-09 13:00,79.5,0.0,0.0,37.29999923706055,42.20000076293945,0,0,0,0
21-09 14:00,83.7,0.0,0.0,39.79999923706055,43.900001525878906,0,0,0,0
21-09 15:00,106.0,0.0,0.0,50.20000076293945,55.79999923706055,0,0,0,0
21-09 16:00,124.6,0.0,0.0,59.20000076293945,65.4000015258789,0,0,0,0
21-09 17:00,122.7,0.0,0.0,57.0,65.5999984741211,0,0,0,0
21-09 18:00,117.7,0.0,0.0,55.900001525878906,61.79999923706055,0,0,0,0
21-09 19:00,105.4,0.0,0.0,53.400001525878906,52.0,0,0,0,0
21-09 20:00,84.3,0.0,0.0,47.5,36.79999923706055,0,0,0,0
21-09 21:00,59.6,0.0,0.0,39.70000076293945,19.899999618530273,0,0,0,0
21-09 22:00,46.2,0.0,0.0,36.599998474121094,9.600000381469727,0,0,0,0
21-09 23:00,45.2,0.0,0.0,44.5,0.699999988079071,0,0,0,0
22-09 00:00,40.6,0.0,0.0,40.599998474121094,0.0,0,0,0,0
22-09 01:00,57.4,0.0,0.0,57.400001525878906,0.0,0,0,0,0
22-09 02:00,53.1,0.0,0.0,53.099998474121094,0.0,0,0,0,0
22-09 03:00,58.8,0.0,0.0,58.79999923706055,0.0,0,0,0,0
22-09 04:00,59.5,0.0,0.0,59.5,0.0,0,0,0,0
22-09 05:00,64.2,0.0,0.0,64.19999694824219,0.0,0,0,0,0
22-09 06:00,66.6,0.0,0.0,66.5999984741211,0.0,0,0,0,0
22-09 07:00,42.3,0.0,0.0,41.0,1.2999999523162842,0,0,0,0
22-09 08:00,20.2,0.0,0.0,14.399999618530273,5.800000190734863,0,0,0,0
22-09 09:00,25.0,0.0,0.0,12.100000381469727,12.899999618530273,0,0,0,0
22-09 10:00,40.9,0.0,0.0,18.0,22.899999618530273,0,0,0,0
22-09 11:00,57.1,0.0,0.0,24.899999618530273,32.20000076293945,0,0,0,0
22-09 12:00,73.7,0.0,0.0,32.5,41.20000076293945,0,0,0,0
22-09 13:00,83.4,0.0,0.0,36.099998474121094,47.29999923706055,0,0,0,0
22-09 14:00,86.2,0.0,0.0,37.5,48.70000076293945,0,0,0,0
22-09 15:00,96.0,0.0,0.0,41.20000076293945,54.79999923706055,0,0,0,0
22-09 16:00,93.0,0.0,0.0,40.20000076293945,52.79999923706055,0,0,0,0
22-09 17:00,61.3,0.0,0.0,26.100000381469727,35.20000076293945,0,0,0,0
22-09 18:00,45.1,0.0,0.0,19.5,25.600000381469727,0,0,0,0
22-09 19:00,30.2,0.0,0.0,13.899999618530273,16.299999237060547,0,0,0,0
22-09 20:00,18.2,0.0,0.0,7.5,10.699999809265137,0,0,0,0
22-09 21:00,12.7,0.0,0.0,6.800000190734863,5.900000095367432,0,0,0,0
22-09 22:00,27.8,0.0,0.0,26.0,1.7999999523162842,0,0,0,0
22-09 23:00,26.1,0.0,0.0,26.100000381469727,0.0,0,0,0,0
23-09 00:00,28.6,0.0,0.0,28.600000381469727,0.0,0,0,0,0
23-09 01:00,33.8,0.0,0.0,33.79999923706055,0.0,0,0,0,0
23-09 02:00,38.2,0.0,0.0,38.20000076293945,0.0,0,0,0,0
23-09 03:00,44.8,0.0,0.0,44.79999923706055,0.0,0,0,0,0
23-09 04:00,46.7,0.0,0.0,46.70000076293945,0.0,0,0,0,0
23-09 05:00,50.8,0.0,0.0,50.79999923706055,0.0,0,0,0,0
23-09 06:00,53.9,0.0,0.0,53.900001525878906,0.0,0,0,0,0
23-09 07:00,46.3,0.0,0.0,42.79999923706055,3.5,0,0,0,0
23-09 08:00,28.4,0.0,0.0,20.200000762939453,8.199999809265137,0,0,0,0
23-09 09:00,17.6,0.0,0.0,6.199999809265137,11.399999618530273,0,0,0,0
23-09 10:00,23.3,0.0,0.0,7.699999809265137,15.600000381469727,0,0,0,0
23-09 11:00,27.3,0.0,0.0,9.300000190734863,18.0,0,0,0,0
23-09 12:00,36.1,0.0,0.0,12.300000190734863,23.799999237060547,0,0,0,0
23-09 13:00,49.4,0.0,0.0,17.0,32.400001525878906,0,0,0,0
23-09 14:00,49.2,0.0,0.0,16.5,32.70000076293945,0,0,0,0
23-09 15:00,52.1,0.0,0.0,18.100000381469727,34.0,0,0,0,0
23-09 16:00,52.2,0.0,0.0,18.0,34.20000076293945,0,0,0,0
23-09 17:00,45.8,0.0,0.0,15.800000190734863,30.0,0,0,0,0
23-09 18:00,31.7,0.0,0.0,10.800000190734863,20.899999618530273,0,0,0,0
23-09 19:00,25.2,0.0,0.0,8.800000190734863,16.399999618530273,0,0,0,0
23-09 20:00,18.2,0.0,0.0,6.400000095367432,11.800000190734863,0,0,0,0
23-09 21:00,11.9,0.0,0.0,4.900000095367432,7.0,0,0,0,0
23-09 22:00,6.2,0.0,0.0,4.800000190734863,1.399999976158142,0,0,0,0
23-09 23:00,5.2,0.0,0.0,3.9000000953674316,1.2999999523162842,0,0,0,0
24-09 00:00,1.4,0.0,0.0,1.399999976158142,0.0,0,0,0,0
24-09 01:00,1.3,0.0,0.0,1.2999999523162842,0.0,0,0,0,0
24-09 02:00,7.6,0.0,0.0,7.599999904632568,0.0,0,0,0,0
24-09 03:00,15.8,0.0,0.0,15.800000190734863,0.0,0,0,0,0
24-09 04:00,15.3,0.0,0.0,15.300000190734863,0.0,0,0,0,0
24-09 05:00,22.3,0.0,0.0,22.299999237060547,0.0,0,0,0,0
24-09 06:00,19.6,0.0,0.0,16.399999618530273,3.200000047683716,0,0,0,0
24-09 07:00,32.8,0.0,0.0,11.600000381469727,21.200000762939453,0,0,0,0
24-09 08:00,40.5,0.0,0.0,12.399999618530273,28.100000381469727,0,0,0,0
24-09 09:00,42.1,0.0,0.0,6.800000190734863,35.29999923706055,0,0,0,0
24-09 10:00,44.1,0.0,0.0,6.900000095367432,37.20000076293945,0,0,0,0
24-09 11:00,41.7,0.0,0.0,6.5,35.20000076293945,0,0,0,0
24-09 12:00,44.8,0.0,0.0,7.0,37.79999923706055,0,0,0,0
24-09 13:00,50.7,0.0,0.0,7.800000190734863,42.900001525878906,0,0,0,0
24-09 14:00,55.6,0.0,0.0,8.699999809265137,46.900001525878906,0,0,0,0
24-09 15:00,65.8,0.0,0.0,10.300000190734863,55.5,0,0,0,0
24-09 16:00,68.5,0.0,0.0,10.800000190734863,57.70000076293945,0,0,0,0
24-09 17:00,73.9,0.0,0.0,11.199999809265137,62.70000076293945,0,0,0,0
24-09 18:00,79.6,0.0,0.0,12.5,67.0999984741211,0,0,0,0
24-09 19:00,58.1,0.0,0.0,9.0,49.099998474121094,0,0,0,0
24-09 20:00,45.1,0.0,0.0,7.0,38.099998474121094,0,0,0,0
24-09 21:00,31.6,0.0,0.0,11.199999809265137,20.399999618530273,0,0,0,0
24-09 22:00,27.9,0.0,0.0,17.299999237060547,10.600000381469727,0,0,0,0
24-09 23:00,8.1,0.0,0.0,7.5,0.6000000238418579,0,0,0,0
25-09 00:00,8.7,0.0,0.0,8.699999809265137,0.0,0,0,0,0
25-09 01:00,1.7,0.0,0.0,1.7000000476837158,0.0,0,0,0,0
25-09 02:00,8.8,0.0,0.0,8.800000190734863,0.0,0,0,0,0
25-09 03:00,16.2,0.0,0.0,16.200000762939453,0.0,0,0,0,0
25-09 04:00,16.2,0.0,0.0,16.200000762939453,0.0,0,0,0,0
25-09 05:00,15.9,0.0,0.0,15.899999618530273,0.0,0,0,0,0
25-09 06:00,20.9,0.0,0.0,17.600000381469727,3.299999952316284,0,0,0,0
25-09 07:00,40.2,0.0,0.0,19.799999237060547,20.399999618530273,0,0,0,0
25-09 08:00,43.4,0.0,0.0,14.399999618530273,29.0,0,0,0,0
25-09 09:00,46.1,0.0,0.0,9.300000190734863,36.79999923706055,0,0,0,0
25-09 10:00,45.0,0.0,0.0,8.800000190734863,36.20000076293945,0,0,0,0
25-09 11:00,50.9,0.0,0.0,9.899999618530273,41.0,0,0,0,0
25-09 12:00,49.9,0.0,0.0,9.699999809265137,40.20000076293945,0,0,0,0
25-09 13:00,51.6,0.0,0.0,9.899999618530273,41.70000076293945,0,0,0,0
25-09 14:00,57.3,0.0,0.0,11.199999809265137,46.099998474121094,0,0,0,0
25-09 15:00,67.7,0.0,0.0,13.199999809265137,54.5,0,0,0,0
25-09 16:00,80.4,0.0,0.0,15.800000190734863,64.5999984741211,0,0,0,0
25-09 17:00,83.2,0.0,0.0,15.800000190734863,67.4000015258789,0,0,0,0
25-09 18:00,78.9,0.0,0.0,15.5,63.400001525878906,0,0,0,0
25-09 19:00,70.6,0.0,0.0,19.299999237060547,51.29999923706055,0,0,0,0
25-09 20:00,55.3,0.0,0.0,16.799999237060547,38.5,0,0,0,0
25-09 21:00,29.5,0.0,0.0,11.199999809265137,18.399999618530273,0,0,0,0
25-09 22:00,25.5,0.0,0.0,16.0,9.5,0,0,0,0
25-09 23:00,23.8,0.0,0.0,23.200000762939453,0.6000000238418579,0,0,0,0
26-09 00:00,32.7,0.0,0.0,32.70000076293945,0.0,0,0,0,0
26-09 01:00,38.7,0.0,0.0,38.70000076293945,0.0,0,0,0,0
26-09 02:00,35.4,0.0,0.0,35.400001525878906,0.0,0,0,0,0
26-09 03:00,39.3,0.0,0.0,39.29999923706055,0.0,0,0,0,0
26-09 04:00,46.1,0.0,0.0,46.099998474121094,0.0,0,0,0,0
26-09 05:00,46.6,0.0,0.0,46.599998474121094,0.0,0,0,0,0
26-09 06:00,55.4,0.0,0.0,52.0,3.4000000953674316,0,0,0,0
26-09 07:00,64.6,0.0,0.0,45.099998474121094,19.5,0,0,0,0
26-09 08:00,52.9,0.0,0.0,26.700000762939453,26.200000762939453,0,0,0,0
26-09 09:00,51.6,0.0,0.0,17.799999237060547,33.79999923706055,0,0,0,0
26-09 10:00,52.9,0.0,0.0,17.799999237060547,35.099998474121094,0,0,0,0
26-09 11:00,64.8,0.0,0.0,21.799999237060547,43.0,0,0,0,0
26-09 12:00,57.1,0.0,0.0,19.200000762939453,37.900001525878906,0,0,0,0
26-09 13:00,64.4,0.0,0.0,21.399999618530273,43.0,0,0,0,0
26-09 14:00,70.4,0.0,0.0,23.799999237060547,46.599998474121094,0,0,0,0
26-09 15:00,83.2,0.0,0.0,28.0,55.20000076293945,0,0,0,0
26-09 16:00,95.0,0.0,0.0,32.099998474121094,62.900001525878906,0,0,0,0
26-09 17:00,98.6,0.0,0.0,32.400001525878906,66.19999694824219,0,0,0,0
26-09 18:00,91.2,0.0,0.0,30.799999237060547,60.400001525878906,0,0,0,0
26-09 19:00,77.2,0.0,0.0,25.799999237060547,51.400001525878906,0,0,0,0
26-09 20:00,59.8,0.0,0.0,20.100000381469727,39.70000076293945,0,0,0,0
26-09 21:00,30.5,0.0,0.0,10.199999809265137,20.299999237060547,0,0,0,0
26-09 22:00,15.1,0.0,0.0,5.0,10.100000381469727,0,0,0,0
26-09 23:00,4.1,0.0,0.0,3.5,0.6000000238418579,0,0,0,0
27-09 00:00,1.2,0.0,0.0,1.2000000476837158,0.0,0,0,0,0
27-09 01:00,1.0,0.0,0.0,1.0,0.0,0,0,0,0
27-09 02:00,0.9,0.0,0.0,0.8999999761581421,0.0,0,0,0,0
27-09 03:00,0.8,0.0,0.0,0.800000011920929,0.0,0,0,0,0
27-09 04:00,0.9,0.0,0.0,0.8999999761581421,0.0,0,0,0,0
27-09 05:00,1.1,0.0,0.0,1.2000000476837158,0.0,0,0,0,0
27-09 06:00,5.2,0.0,0.0,2.0,3.200000047683716,0,0,0,0
27-09 07:00,23.8,0.0,0.0,3.0999999046325684,20.700000762939453,0,0,0,0
27-09 08:00,34.2,0.0,0.0,4.5,29.700000762939453,0,0,0,0
27-09 09:00,39.9,0.0,0.0,5.400000095367432,34.5,0,0,0,0
27-09 10:00,43.5,0.0,0.0,5.599999904632568,37.79999923706055,0,0,0,0
27-09 11:00,46.0,0.0,0.0,6.0,40.0,0,0,0,0
27-09 12:00,44.5,0.0,0.0,5.800000190734863,38.70000076293945,0,0,0,0
27-09 13:00,51.4,0.0,0.0,6.599999904632568,44.79999923706055,0,0,0,0
27-09 14:00,52.7,0.0,0.0,6.900000095367432,45.79999923706055,0,0,0,0
27-09 15:00,66.1,0.0,0.0,8.600000381469727,57.5,0,0,0,0
27-09 16:00,76.0,0.0,0.0,10.0,66.0999984741211,0,0,0,0
27-09 17:00,74.4,0.0,0.0,9.399999618530273,65.0,0,0,0,0
27-09 18:00,78.9,0.0,0.0,16.5,62.400001525878906,0,0,0,0
27-09 19:00,77.6,0.0,0.0,22.899999618530273,54.70000076293945,0,0,0,0
27-09 20:00,54.8,0.0,0.0,19.200000762939453,35.70000076293945,0,0,0,0
27-09 21:00,35.8,0.0,0.0,16.700000762939453,19.100000381469727,0,0,0,0
27-09 22:00,32.7,0.0,0.0,22.799999237060547,9.800000190734863,0,0,0,0
27-09 23:00,23.4,0.0,0.0,22.700000762939453,0.699999988079071,0,0,0,0
28-09 00:00,31.0,0.0,0.0,31.0,0.0,0,0,0,0
28-09 01:00,32.7,0.0,0.0,32.70000076293945,0.0,0,0,0,0
28-09 02:00,30.4,0.0,0.0,30.399999618530273,0.0,0,0,0,0
28-09 03:00,22.6,0.0,0.0,22.600000381469727,0.0,0,0,0,0
28-09 04:00,21.9,0.0,0.0,21.899999618530273,0.0,0,0,0,0
28-09 05:00,23.9,0.0,0.0,23.899999618530273,0.0,0,0,0,0
28-09 06:00,30.9,0.0,0.0,27.399999618530273,3.5,0,0,0,0
28-09 07:00,43.4,0.0,0.0,22.299999237060547,21.100000381469727,0,0,0,0
28-09 08:00,48.6,0.0,0.0,18.0,30.600000381469727,0,0,0,0
28-09 09:00,47.4,0.0,0.0,12.199999809265137,35.20000076293945,0,0,0,0
28-09 10:00,54.0,0.0,0.0,13.5,40.5,0,0,0,0
28-09 11:00,45.7,0.0,0.0,11.399999618530273,34.29999923706055,0,0,0,0
28-09 12:00,50.6,0.0,0.0,12.600000381469727,38.0,0,0,0,0
28-09 13:00,56.8,0.0,0.0,14.0,42.79999923706055,0,0,0,0
28-09 14:00,60.0,0.0,0.0,15.100000381469727,44.900001525878906,0,0,0,0
28-09 15:00,80.5,0.0,0.0,20.100000381469727,60.400001525878906,0,0,0,0
28-09 16:00,81.7,0.0,0.0,20.5,61.20000076293945,0,0,0,0
28-09 17:00,85.1,0.0,0.0,20.700000762939453,64.4000015258789,0,0,0,0
28-09 18:00,78.4,0.0,0.0,19.700000762939453,58.70000076293945,0,0,0,0
28-09 19:00,64.3,0.0,0.0,16.0,48.400001525878906,0,0,0,0
28-09 20:00,53.4,0.0,0.0,18.399999618530273,35.0,0,0,0,0
28-09 21:00,25.5,0.0,0.0,6.400000095367432,19.100000381469727,0,0,0,0
28-09 22:00,14.0,0.0,0.0,3.4000000953674316,10.600000381469727,0,0,0,0
28-09 23:00,11.2,0.0,0.0,10.5,0.699999988079071,0,0,0,0
29-09 00:00,9.2,0.0,0.0,9.199999809265137,0.0,0,0,0,0
29-09 01:00,8.1,0.0,0.0,8.100000381469727,0.0,0,0,0,0
29-09 02:00,15.6,0.0,0.0,15.600000381469727,0.0,0,0,0,0
29-09 03:00,16.5,0.0,0.0,16.5,0.0,0,0,0,0
29-09 04:00,15.4,0.0,0.0,15.399999618530273,0.0,0,0,0,0
29-09 05:00,16.1,0.0,0.0,16.100000381469727,0.0,0,0,0,0
29-09 06:00,15.6,0.0,0.0,15.600000381469727,0.0,0,0,0,0
29-09 07:00,10.1,0.0,0.0,8.800000190734863,1.2999999523162842,0,0,0,0
29-09 08:00,7.2,0.0,0.0,1.600000023841858,5.599999904632568,0,0,0,0
29-09 09:00,15.0,0.0,0.0,2.700000047683716,12.300000190734863,0,0,0,0
29-09 10:00,27.8,0.0,0.0,4.300000190734863,23.5,0,0,0,0
29-09 11:00,42.8,0.0,0.0,12.199999809265137,30.600000381469727,0,0,0,0
29-09 12:00,52.1,0.0,0.0,13.800000190734863,38.29999923706055,0,0,0,0
29-09 13:00,57.1,0.0,0.0,8.699999809265137,48.400001525878906,0,0,0,0
29-09 14:00,62.5,0.0,0.0,9.600000381469727,52.900001525878906,0,0,0,0
29-09 15:00,64.0,0.0,0.0,9.600000381469727,54.400001525878906,0,0,0,0
29-09 16:00,61.8,0.0,0.0,9.399999618530273,52.400001525878906,0,0,0,0
29-09 17:00,39.0,0.0,0.0,5.800000190734863,33.20000076293945,0,0,0,0
29-09 18:00,30.0,0.0,0.0,4.599999904632568,25.399999618530273,0,0,0,0
29-09 19:00,20.9,0.0,0.0,3.5,17.399999618530273,0,0,0,0
29-09 20:00,11.9,0.0,0.0,1.7000000476837158,10.199999809265137,0,0,0,0
29-09 21:00,7.6,0.0,0.0,1.600000023841858,6.0,0,0,0,0
29-09 22:00,3.5,0.0,0.0,1.5,2.0,0,0,0,0
29-09 23:00,1.4,0.0,0.0,1.399999976158142,0.0,0,0,0,0
30-09 00:00,2.5,0.0,0.0,2.5,0.0,0,0,0,0
30-09 01:00,2.4,0.0,0.0,2.4000000953674316,0.0,0,0,0,0
30-09 02:00,2.0,0.0,0.0,2.0,0.0,0,0,0,0
30-09 03:00,1.7,0.0,0.0,1.7000000476837158,0.0,0,0,0,0
30-09 04:00,2.0,0.0,0.0,2.0,0.0,0,0,0,0
30-09 05:00,2.3,0.0,0.0,2.299999952316284,0.0,0,0,0,0
30-09 06:00,2.5,0.0,0.0,2.5,0.0,0,0,0,0
30-09 07:00,6.3,0.0,0.0,2.799999952316284,3.4000000953674316,0,0,0,0
30-09 08:00,16.8,0.0,0.0,9.5,7.300000190734863,0,0,0,0
30-09 09:00,22.5,0.0,0.0,11.100000381469727,11.399999618530273,0,0,0,0
30-09 10:00,26.2,0.0,0.0,11.600000381469727,14.600000381469727,0,0,0,0
30-09 11:00,32.3,0.0,0.0,13.5,18.799999237060547,0,0,0,0
30-09 12:00,37.4,0.0,0.0,14.399999618530273,23.0,0,0,0,0
30-09 13:00,42.5,0.0,0.0,10.399999618530273,32.099998474121094,0,0,0,0
30-09 14:00,45.2,0.0,0.0,10.699999809265137,34.5,0,0,0,0
30-09 15:00,46.6,0.0,0.0,11.5,35.099998474121094,0,0,0,0
30-09 16:00,48.7,0.0,0.0,11.899999618530273,36.79999923706055,0,0,0,0
30-09 17:00,47.6,0.0,0.0,17.299999237060547,30.299999237060547,0,0,0,0
30-09 18:00,36.3,0.0,0.0,16.600000381469727,19.700000762939453,0,0,0,0
30-09 19:00,39.8,0.0,0.0,22.399999618530273,17.399999618530273,0,0,0,0
30-09 20:00,37.9,0.0,0.0,25.799999237060547,12.0,0,0,0,0
30-09 21:00,41.4,0.0,0.0,34.0,7.400000095367432,0,0,0,0
30-09 22:00,42.3,0.0,0.0,40.900001525878906,1.399999976158142,0,0,0,0
30-09 23:00,52.2,0.0,0.0,50.79999923706055,1.399999976158142,0,0,0,0
01-10 00:00,60.9,0.0,0.0,60.900001525878906,0.0,0,0,0,0
01-10 01:00,66.2,0.0,0.0,66.19999694824219,0.0,0,0,0,0
01-10 02:00,60.7,0.0,0.0,60.70000076293945,0.0,0,0,0,0
01-10 03:00,60.1,0.0,0.0,60.099998474121094,0.0,0,0,0,0
01-10 04:00,62.4,0.0,0.0,62.400001525878906,0.0,0,0,0,0
01-10 05:00,60.2,0.0,0.0,60.20000076293945,0.0,0,0,0,0
01-10 06:00,75.5,0.0,0.0,72.0999984741211,3.4000000953674316,0,0,0,0
01-10 07:00,88.9,0.0,0.0,69.0999984741211,19.799999237060547,0,0,0,0
01-10 08:00,91.0,0.0,0.0,62.900001525878906,28.200000762939453,0,0,0,0
01-10 09:00,89.2,0.0,0.0,55.5,33.70000076293945,0,0,0,0
01-10 10:00,78.2,0.0,0.0,42.0,36.20000076293945,0,0,0,0
01-10 11:00,76.3,0.0,0.0,37.599998474121094,38.70000076293945,0,0,0,0
01-10 12:00,80.0,0.0,0.0,39.400001525878906,40.599998474121094,0,0,0,0
01-10 13:00,89.9,0.0,0.0,43.900001525878906,46.0,0,0,0,0
01-10 14:00,90.3,0.0,0.0,44.70000076293945,45.599998474121094,0,0,0,0
01-10 15:00,110.8,0.0,0.0,54.599998474121094,56.20000076293945,0,0,0,0
01-10 16:00,131.8,0.0,0.0,65.19999694824219,66.5999984741211,0,0,0,0
01-10 17:00,123.1,0.0,0.0,59.599998474121094,63.400001525878906,0,0,0,0
01-10 18:00,127.4,0.0,0.0,66.5,60.900001525878906,0,0,0,0
01-10 19:00,104.9,0.0,0.0,57.900001525878906,47.0,0,0,0,0
01-10 20:00,88.2,0.0,0.0,50.79999923706055,37.400001525878906,0,0,0,0
01-10 21:00,59.8,0.0,0.0,40.20000076293945,19.600000381469727,0,0,0,0
01-10 22:00,41.0,0.0,0.0,31.0,10.0,0,0,0,0
01-10 23:00,37.0,0.0,0.0,36.29999923706055,0.699999988079071,0,0,0,0
02-10 00:00,39.2,0.0,0.0,39.20000076293945,0.0,0,0,0,0
02-10 01:00,41.2,0.0,0.0,41.20000076293945,0.0,0,0,0,0
02-10 02:00,38.9,0.0,0.0,38.900001525878906,0.0,0,0,0,0
02-10 03:00,42.4,0.0,0.0,42.400001525878906,0.0,0,0,0,0
02-10 04:00,46.0,0.0,0.0,46.0,0.0,0,0,0,0
02-10 05:00,49.0,0.0,0.0,49.0,0.0,0,0,0,0
02-10 06:00,43.8,0.0,0.0,40.599998474121094,3.0999999046325684,0,0,0,0
02-10 07:00,68.8,0.0,0.0,48.29999923706055,20.5,0,0,0,0
02-10 08:00,69.6,0.0,0.0,42.599998474121094,27.0,0,0,0,0
02-10 09:00,72.2,0.0,0.0,36.400001525878906,35.79999923706055,0,0,0,0
02-10 10:00,58.7,0.0,0.0,21.299999237060547,37.400001525878906,0,0,0,0
02-10 11:00,59.7,0.0,0.0,21.700000762939453,38.0,0,0,0,0
02-10 12:00,63.8,0.0,0.0,23.200000762939453,40.70000076293945,0,0,0,0
02-10 13:00,66.4,0.0,0.0,23.799999237060547,42.599998474121094,0,0,0,0
02-10 14:00,77.0,0.0,0.0,28.100000381469727,48.900001525878906,0,0,0,0
02-10 15:00,87.5,0.0,0.0,31.799999237060547,55.70000076293945,0,0,0,0
02-10 16:00,102.0,0.0,0.0,37.20000076293945,64.80000305175781,0,0,0,0
02-10 17:00,94.4,0.0,0.0,33.5,60.900001525878906,0,0,0,0
02-10 18:00,93.0,0.0,0.0,33.900001525878906,59.099998474121094,0,0,0,0
02-10 19:00,79.5,0.0,0.0,28.700000762939453,50.79999923706055,0,0,0,0
02-10 20:00,57.0,0.0,0.0,20.700000762939453,36.29999923706055,0,0,0,0
02-10 21:00,30.6,0.0,0.0,11.100000381469727,19.5,0,0,0,0
02-10 22:00,22.5,0.0,0.0,12.600000381469727,9.899999618530273,0,0,0,0
02-10 23:00,5.2,0.0,0.0,4.5,0.699999988079071,0,0,0,0
03-10 00:00,0.5,0.0,0.0,0.5,0.0,0,0,0,0
03-10 01:00,0.5,0.0,0.0,0.5,0.0,0,0,0,0
03-10 02:00,7.4,0.0,0.0,7.400000095367432,0.0,0,0,0,0
03-10 03:00,7.4,0.0,0.0,7.400000095367432,0.0,0,0,0,0
03-10 04:00,7.3,0.0,0.0,7.300000190734863,0.0,0,0,0,0
03-10 05:00,7.4,0.0,0.0,7.400000095367432,0.0,0,0,0,0
03-10 06:00,8.0,0.0,0.0,8.0,0.0,0,0,0,0
03-10 07:00,11.4,0.0,0.0,8.0,3.4000000953674316,0,0,0,0
03-10 08:00,9.2,0.0,0.0,0.699999988079071,8.5,0,0,0,0
03-10 09:00,12.0,0.0,0.0,0.800000011920929,11.199999809265137,0,0,0,0
03-10 10:00,16.2,0.0,0.0,1.0,15.199999809265137,0,0,0,0
03-10 11:00,18.8,0.0,0.0,1.2000000476837158,17.600000381469727,0,0,0,0
03-10 12:00,25.4,0.0,0.0,1.600000023841858,23.799999237060547,0,0,0,0
03-10 13:00,32.1,0.0,0.0,2.0,30.100000381469727,0,0,0,0
03-10 14:00,35.5,0.0,0.0,2.200000047683716,33.29999923706055,0,0,0,0
03-10 15:00,43.4,0.0,0.0,2.799999952316284,40.599998474121094,0,0,0,0
03-10 16:00,42.7,0.0,0.0,2.700000047683716,40.0,0,0,0,0
03-10 17:00,30.3,0.0,0.0,1.899999976158142,28.399999618530273,0,0,0,0
03-10 18:00,22.1,0.0,0.0,1.399999976158142,20.700000762939453,0,0,0,0
03-10 19:00,18.7,0.0,0.0,1.2000000476837158,17.5,0,0,0,0
03-10 20:00,11.8,0.0,0.0,0.800000011920929,11.0,0,0,0,0
03-10 21:00,8.2,0.0,0.0,0.699999988079071,7.5,0,0,0,0
03-10 22:00,2.0,0.0,0.0,0.6000000238418579,1.399999976158142,0,0,0,0
03-10 23:00,1.9,0.0,0.0,0.5,1.399999976158142,0,0,0,0
04-10 00:00,1.6,0.0,0.0,1.600000023841858,0.0,0,0,0,0
04-10 01:00,1.6,0.0,0.0,1.600000023841858,0.0,0,0,0,0
04-10 02:00,1.2,0.0,0.0,1.2000000476837158,0.0,0,0,0,0
04-10 03:00,1.0,0.0,0.0,1.0,0.0,0,0,0,0
04-10 04:00,1.2,0.0,0.0,1.2000000476837158,0.0,0,0,0,0
04-10 05:00,1.7,0.0,0.0,1.7000000476837158,0.0,0,0,0,0
04-10 06:00,6.6,0.0,0.0,3.0999999046325684,3.5,0,0,0,0
04-10 07:00,31.0,0.0,0.0,11.300000190734863,19.700000762939453,0,0,0,0
04-10 08:00,43.6,0.0,0.0,13.899999618530273,29.700000762939453,0,0,0,0
04-10 09:00,47.6,0.0,0.0,14.399999618530273,33.20000076293945,0,0,0,0
04-10 10:00,46.6,0.0,0.0,8.300000190734863,38.29999923706055,0,0,0,0
04-10 11:00,47.8,0.0,0.0,8.5,39.29999923706055,0,0,0,0
04-10 12:00,48.1,0.0,0.0,8.5,39.599998474121094,0,0,0,0
04-10 13:00,52.3,0.0,0.0,9.199999809265137,43.20000076293945,0,0,0,0
04-10 14:00,65.5,0.0,0.0,17.799999237060547,47.70000076293945,0,0,0,0
04-10 15:00,80.4,0.0,0.0,20.5,59.900001525878906,0,0,0,0
04-10 16:00,84.8,0.0,0.0,21.100000381469727,63.70000076293945,0,0,0,0
04-10 17:00,88.3,0.0,0.0,21.200000762939453,67.0999984741211,0,0,0,0
04-10 18:00,93.9,0.0,0.0,28.799999237060547,65.0999984741211,0,0,0,0
04-10 19:00,80.3,0.0,0.0,26.100000381469727,54.20000076293945,0,0,0,0
04-10 20:00,60.1,0.0,0.0,22.5,37.599998474121094,0,0,0,0
04-10 21:00,40.8,0.0,0.0,19.700000762939453,21.200000762939453,0,0,0,0
04-10 22:00,27.4,0.0,0.0,17.0,10.399999618530273,0,0,0,0
04-10 23:00,16.9,0.0,0.0,16.200000762939453,0.699999988079071,0,0,0,0
05-10 00:00,17.9,0.0,0.0,17.899999618530273,0.0,0,0,0,0
05-10 01:00,18.4,0.0,0.0,18.399999618530273,0.0,0,0,0,0
05-10 02:00,16.3,0.0,0.0,16.299999237060547,0.0,0,0,0,0
05-10 03:00,17.5,0.0,0.0,17.5,0.0,0,0,0,0
05-10 04:00,24.1,0.0,0.0,24.200000762939453,0.0,0,0,0,0
05-10 05:00,24.7,0.0,0.0,24.700000762939453,0.0,0,0,0,0
05-10 06:00,33.0,0.0,0.0,29.600000381469727,3.4000000953674316,0,0,0,0
05-10 07:00,54.8,0.0,0.0,34.0,20.799999237060547,0,0,0,0
05-10 08:00,59.9,0.0,0.0,31.0,28.899999618530273,0,0,0,0
05-10 09:00,68.3,0.0,0.0,34.29999923706055,34.0,0,0,0,0
05-10 10:00,69.3,0.0,0.0,29.799999237060547,39.5,0,0,0,0
05-10 11:00,67.6,0.0,0.0,29.0,38.599998474121094,0,0,0,0
05-10 12:00,62.8,0.0,0.0,22.700000762939453,40.099998474121094,0,0,0,0
05-10 13:00,71.4,0.0,0.0,25.5,45.900001525878906,0,0,0,0
05-10 14:00,75.1,0.0,0.0,27.299999237060547,47.79999923706055,0,0,0,0
05-10 15:00,101.6,0.0,0.0,41.599998474121094,60.0,0,0,0,0
05-10 16:00,108.7,0.0,0.0,44.20000076293945,64.5,0,0,0,0
05-10 17:00,129.1,0.0,0.0,55.79999923706055,73.30000305175781,0,0,0,0
05-10 18:00,118.3,0.0,0.0,56.29999923706055,62.0,0,0,0,0
05-10 19:00,113.0,0.0,0.0,55.400001525878906,57.599998474121094,0,0,0,0
05-10 20:00,79.8,0.0,0.0,42.5,37.29999923706055,0,0,0,0
05-10 21:00,59.2,0.0,0.0,39.400001525878906,19.799999237060547,0,0,0,0
05-10 22:00,36.1,0.0,0.0,26.299999237060547,9.800000190734863,0,0,0,0
05-10 23:00,36.9,0.0,0.0,36.20000076293945,0.699999988079071,0,0,0,0
06-10 00:00,32.7,0.0,0.0,32.70000076293945,0.0,0,0,0,0
06-10 01:00,25.1,0.0,0.0,25.100000381469727,0.0,0,0,0,0
06-10 02:00,30.8,0.0,0.0,30.799999237060547,0.0,0,0,0,0
06-10 03:00,24.8,0.0,0.0,24.799999237060547,0.0,0,0,0,0
06-10 04:00,25.5,0.0,0.0,25.600000381469727,0.0,0,0,0,0
06-10 05:00,24.9,0.0,0.0,24.799999237060547,0.0,0,0,0,0
06-10 06:00,24.7,0.0,0.0,24.700000762939453,0.0,0,0,0,0
06-10 07:00,35.1,0.0,0.0,33.79999923706055,1.2999999523162842,0,0,0,0
06-10 08:00,26.8,0.0,0.0,20.799999237060547,6.0,0,0,0,0
06-10 09:00,30.3,0.0,0.0,17.600000381469727,12.699999809265137,0,0,0,0
06-10 10:00,41.4,0.0,0.0,16.899999618530273,24.5,0,0,0,0
06-10 11:00,54.3,0.0,0.0,22.0,32.29999923706055,0,0,0,0
06-10 12:00,73.0,0.0,0.0,30.0,43.0,0,0,0,0
06-10 13:00,82.7,0.0,0.0,33.29999923706055,49.400001525878906,0,0,0,0
06-10 14:00,88.3,0.0,0.0,35.79999923706055,52.5,0,0,0,0
06-10 15:00,89.8,0.0,0.0,35.79999923706055,54.0,0,0,0,0
06-10 16:00,93.1,0.0,0.0,37.400001525878906,55.599998474121094,0,0,0,0
06-10 17:00,60.8,0.0,0.0,28.200000762939453,32.599998474121094,0,0,0,0
06-10 18:00,56.6,0.0,0.0,31.100000381469727,25.5,0,0,0,0
06-10 19:00,66.1,0.0,0.0,46.29999923706055,19.799999237060547,0,0,0,0
06-10 20:00,48.5,0.0,0.0,37.20000076293945,11.300000190734863,0,0,0,0
06-10 21:00,40.1,0.0,0.0,34.20000076293945,5.900000095367432,0,0,0,0
06-10 22:00,43.3,0.0,0.0,41.29999923706055,2.0,0,0,0,0
06-10 23:00,56.8,0.0,0.0,56.79999923706055,0.0,0,0,0,0
07-10 00:00,65.7,0.0,0.0,65.69999694824219,0.0,0,0,0,0
07-10 01:00,71.5,0.0,0.0,71.5,0.0,0,0,0,0
07-10 02:00,64.3,0.0,0.0,64.30000305175781,0.0,0,0,0,0
07-10 03:00,69.5,0.0,0.0,69.5,0.0,0,0,0,0
07-10 04:00,78.9,0.0,0.0,78.9000015258789,0.0,0,0,0,0
07-10 05:00,77.9,0.0,0.0,77.9000015258789,0.0,0,0,0,0
07-10 06:00,78.5,0.0,0.0,78.5,0.0,0,0,0,0
07-10 07:00,70.5,0.0,0.0,67.0999984741211,3.4000000953674316,0,0,0,0
07-10 08:00,55.3,0.0,0.0,47.099998474121094,8.199999809265137,0,0,0,0
07-10 09:00,45.7,0.0,0.0,34.20000076293945,11.5,0,0,0,0
07-10 10:00,33.4,0.0,0.0,19.799999237060547,13.600000381469727,0,0,0,0
07-10 11:00,36.5,0.0,0.0,18.399999618530273,18.100000381469727,0,0,0,0
07-10 12:00,48.4,0.0,0.0,24.399999618530273,24.0,0,0,0,0
07-10 13:00,66.9,0.0,0.0,34.099998474121094,32.79999923706055,0,0,0,0
07-10 14:00,70.4,0.0,0.0,35.20000076293945,35.20000076293945,0,0,0,0
07-10 15:00,80.9,0.0,0.0,41.5,39.400001525878906,0,0,0,0
07-10 16:00,72.1,0.0,0.0,36.70000076293945,35.400001525878906,0,0,0,0
07-10 17:00,59.0,0.0,0.0,30.100000381469727,28.899999618530273,0,0,0,0
07-10 18:00,50.6,0.0,0.0,29.200000762939453,21.399999618530273,0,0,0,0
07-10 19:00,54.5,0.0,0.0,38.20000076293945,16.299999237060547,0,0,0,0
07-10 20:00,41.1,0.0,0.0,28.399999618530273,12.600000381469727,0,0,0,0
07-10 21:00,31.3,0.0,0.0,24.100000381469727,7.199999809265137,0,0,0,0
07-10 22:00,24.9,0.0,0.0,23.5,1.399999976158142,0,0,0,0
07-10 23:00,24.2,0.0,0.0,22.799999237060547,1.399999976158142,0,0,0,0
08-10 00:00,27.0,0.0,0.0,27.0,0.0,0,0,0,0
08-10 01:00,35.4,0.0,0.0,35.400001525878906,0.0,0,0,0,0
08-10 02:00,46.7,0.0,0.0,46.70000076293945,0.0,0,0,0,0
08-10 03:00,50.5,0.0,0.0,50.5,0.0,0,0,0,0
08-10 04:00,50.7,0.0,0.0,50.70000076293945,0.0,0,0,0,0
08-10 05:00,53.8,0.0,0.0,53.79999923706055,0.0,0,0,0,0
08-10 06:00,60.0,0.0,0.0,56.70000076293945,3.4000000953674316,0,0,0,0
08-10 07:00,72.4,0.0,0.0,53.400001525878906,19.100000381469727,0,0,0,0
08-10 08:00,92.4,0.0,0.0,61.900001525878906,30.5,0,0,0,0
08-10 09:00,96.7,0.0,0.0,60.79999923706055,35.900001525878906,0,0,0,0
08-10 10:00,92.1,0.0,0.0,50.5,41.599998474121094,0,0,0,0
08-10 11:00,81.8,0.0,0.0,41.400001525878906,40.400001525878906,0,0,0,0
08-10 12:00,78.4,0.0,0.0,39.70000076293945,38.70000076293945,0,0,0,0
08-10 13:00,90.9,0.0,0.0,45.599998474121094,45.29999923706055,0,0,0,0
08-10 14:00,90.2,0.0,0.0,45.900001525878906,44.29999923706055,0,0,0,0
08-10 15:00,115.3,0.0,0.0,58.400001525878906,56.900001525878906,0,0,0,0
08-10 16:00,130.6,0.0,0.0,66.4000015258789,64.19999694824219,0,0,0,0
08-10 17:00,157.8,0.0,0.0,89.5,68.30000305175781,0,0,0,0
08-10 18:00,151.4,0.0,0.0,90.4000015258789,61.0,0,0,0,0
08-10 19:00,155.2,0.0,0.0,97.30000305175781,57.900001525878906,0,0,0,0
08-10 20:00,124.7,0.0,0.0,85.30000305175781,39.400001525878906,0,0,0,0
08-10 21:00,85.1,0.0,0.0,66.19999694824219,18.899999618530273,0,0,0,0
08-10 22:00,73.0,0.0,0.0,63.599998474121094,9.5,0,0,0,0
08-10 23:00,65.6,0.0,0.0,64.9000015258789,0.699999988079071,0,0,0,0
09-10 00:00,75.7,0.0,0.0,75.5999984741211,0.0,0,0,0,0
09-10 01:00,84.0,0.0,0.0,84.0,0.0,0,0,0,0
09-10 02:00,75.1,0.0,0.0,75.0999984741211,0.0,0,0,0,0
09-10 03:00,84.1,0.0,0.0,84.0999984741211,0.0,0,0,0,0
09-10 04:00,92.4,0.0,0.0,92.4000015258789,0.0,0,0,0,0
09-10 05:00,88.5,0.0,0.0,88.5,0.0,0,0,0,0
09-10 06:00,106.4,0.0,0.0,103.19999694824219,3.200000047683716,0,0,0,0
09-10 07:00,138.5,0.0,0.0,117.80000305175781,20.700000762939453,0,0,0,0
09-10 08:00,133.9,0.0,0.0,105.9000015258789,28.0,0,0,0,0
09-10 09:00,146.4,0.0,0.0,110.80000305175781,35.599998474121094,0,0,0,0
09-10 10:00,139.3,0.0,0.0,99.9000015258789,39.400001525878906,0,0,0,0
09-10 11:00,127.7,0.0,0.0,87.19999694824219,40.5,0,0,0,0
09-10 12:00,113.7,0.0,0.0,72.9000015258789,40.79999923706055,0,0,0,0
09-10 13:00,126.2,0.0,0.0,80.4000015258789,45.79999923706055,0,0,0,0
09-10 14:00,136.3,0.0,0.0,87.69999694824219,48.599998474121094,0,0,0,0
09-10 15:00,154.3,0.0,0.0,99.0,55.29999923706055,0,0,0,0
09-10 16:00,185.7,0.0,0.0,122.0,63.70000076293945,0,0,0,0
09-10 17:00,200.9,0.0,0.0,137.1999969482422,63.70000076293945,0,0,0,0
09-10 18:00,234.7,0.0,0.0,167.10000610351562,67.5999984741211,0,0,0,0
09-10 19:00,202.6,0.0,0.0,147.89999389648438,54.70000076293945,0,0,0,0
09-10 20:00,176.6,0.0,0.0,135.60000610351562,41.0,0,0,0,0
09-10 21:00,118.9,0.0,0.0,99.0,19.899999618530273,0,0,0,0
09-10 22:00,91.6,0.0,0.0,81.5,10.100000381469727,0,0,0,0
09-10 23:00,86.7,0.0,0.0,86.0,0.699999988079071,0,0,0,0
10-10 00:00,99.6,0.0,0.0,99.5999984741211,0.0,0,0,0,0
10-10 01:00,99.4,0.0,0.0,99.4000015258789,0.0,0,0,0,0
10-10 02:00,101.5,0.0,0.0,101.5,0.0,0,0,0,0
10-10 03:00,103.1,0.0,0.0,103.0999984741211,0.0,0,0,0,0
10-10 04:00,109.9,0.0,0.0,109.9000015258789,0.0,0,0,0,0
10-10 05:00,113.6,0.0,0.0,113.5999984741211,0.0,0,0,0,0
10-10 06:00,143.5,0.0,0.0,140.10000610351562,3.4000000953674316,0,0,0,0
10-10 07:00,166.6,0.0,0.0,146.1999969482422,20.399999618530273,0,0,0,0
10-10 08:00,162.1,0.0,0.0,133.8000030517578,28.299999237060547,0,0,0,0
10-10 09:00,172.8,0.0,0.0,138.1999969482422,34.599998474121094,0,0,0,0
10-10 10:00,166.0,0.0,0.0,126.19999694824219,39.79999923706055,0,0,0,0
10-10 11:00,150.4,0.0,0.0,110.69999694824219,39.70000076293945,0,0,0,0
10-10 12:00,132.3,0.0,0.0,95.5,36.79999923706055,0,0,0,0
10-10 13:00,146.6,0.0,0.0,102.9000015258789,43.599998474121094,0,0,0,0
10-10 14:00,162.7,0.0,0.0,115.0,47.70000076293945,0,0,0,0
10-10 15:00,192.0,0.0,0.0,134.89999389648438,57.099998474121094,0,0,0,0
10-10 16:00,228.6,0.0,0.0,162.8000030517578,65.69999694824219,0,0,0,0
10-10 17:00,243.2,0.0,0.0,175.39999389648438,67.80000305175781,0,0,0,0
10-10 18:00,264.5,0.0,0.0,200.6999969482422,63.79999923706055,0,0,0,0
10-10 19:00,227.3,0.0,0.0,175.6999969482422,51.599998474121094,0,0,0,0
10-10 20:00,197.0,0.0,0.0,158.60000610351562,38.400001525878906,0,0,0,0
10-10 21:00,146.0,0.0,0.0,124.4000015258789,21.600000381469727,0,0,0,0
10-10 22:00,103.1,0.0,0.0,93.0,10.100000381469727,0,0,0,0
10-10 23:00,107.2,0.0,0.0,106.4000015258789,0.800000011920929,0,0,0,0
11-10 00:00,104.0,0.0,0.0,104.0,0.0,0,0,0,0
11-10 01:00,113.9,0.0,0.0,113.9000015258789,0.0,0,0,0,0
11-10 02:00,105.3,0.0,0.0,105.30000305175781,0.0,0,0,0,0
11-10 03:00,99.8,0.0,0.0,99.80000305175781,0.0,0,0,0,0
11-10 04:00,99.0,0.0,0.0,99.0,0.0,0,0,0,0
11-10 05:00,95.9,0.0,0.0,95.9000015258789,0.0,0,0,0,0
11-10 06:00,103.3,0.0,0.0,100.0999984741211,3.200000047683716,0,0,0,0
11-10 07:00,120.8,0.0,0.0,102.30000305175781,18.600000381469727,0,0,0,0
11-10 08:00,146.5,0.0,0.0,118.5,28.0,0,0,0,0
11-10 09:00,159.0,0.0,0.0,125.4000015258789,33.599998474121094,0,0,0,0
11-10 10:00,169.4,0.0,0.0,129.89999389648438,39.5,0,0,0,0
11-10 11:00,141.4,0.0,0.0,105.0999984741211,36.29999923706055,0,0,0,0
11-10 12:00,141.3,0.0,0.0,101.19999694824219,40.099998474121094,0,0,0,0
11-10 13:00,137.4,0.0,0.0,95.4000015258789,42.0,0,0,0,0
11-10 14:00,161.4,0.0,0.0,112.5999984741211,48.79999923706055,0,0,0,0
11-10 15:00,201.9,0.0,0.0,139.5,62.400001525878906,0,0,0,0
11-10 16:00,208.1,0.0,0.0,143.60000610351562,64.5,0,0,0,0
11-10 17:00,229.7,0.0,0.0,163.10000610351562,66.5999984741211,0,0,0,0
11-10 18:00,224.7,0.0,0.0,159.5,65.19999694824219,0,0,0,0
11-10 19:00,190.1,0.0,0.0,135.6999969482422,54.400001525878906,0,0,0,0
11-10 20:00,157.5,0.0,0.0,121.0,36.5,0,0,0,0
11-10 21:00,121.9,0.0,0.0,100.9000015258789,21.0,0,0,0,0
11-10 22:00,74.4,0.0,0.0,64.0,10.399999618530273,0,0,0,0
11-10 23:00,54.7,0.0,0.0,54.099998474121094,0.6000000238418579,0,0,0,0
12-10 00:00,62.9,0.0,0.0,62.900001525878906,0.0,0,0,0,0
12-10 01:00,74.1,0.0,0.0,74.0999984741211,0.0,0,0,0,0
12-10 02:00,85.3,0.0,0.0,85.30000305175781,0.0,0,0,0,0
12-10 03:00,85.2,0.0,0.0,85.19999694824219,0.0,0,0,0,0
12-10 04:00,82.8,0.0,0.0,82.80000305175781,0.0,0,0,0,0
12-10 05:00,76.9,0.0,0.0,76.9000015258789,0.0,0,0,0,0
12-10 06:00,84.6,0.0,0.0,81.0,3.5999999046325684,0,0,0,0
12-10 07:00,107.1,0.0,0.0,86.9000015258789,20.200000762939453,0,0,0,0
12-10 08:00,123.0,0.0,0.0,94.5999984741211,28.399999618530273,0,0,0,0
12-10 09:00,142.6,0.0,0.0,106.5,36.099998474121094,0,0,0,0
12-10 10:00,143.1,0.0,0.0,105.0999984741211,38.0,0,0,0,0
12-10 11:00,149.5,0.0,0.0,109.5999984741211,39.900001525878906,0,0,0,0
12-10 12:00,131.3,0.0,0.0,94.30000305175781,37.0,0,0,0,0
12-10 13:00,142.7,0.0,0.0,99.30000305175781,43.400001525878906,0,0,0,0
12-10 14:00,152.8,0.0,0.0,104.4000015258789,48.400001525878906,0,0,0,0
12-10 15:00,187.6,0.0,0.0,129.1999969482422,58.400001525878906,0,0,0,0
12-10 16:00,200.7,0.0,0.0,139.8000030517578,60.79999923706055,0,0,0,0
12-10 17:00,222.7,0.0,0.0,155.3000030517578,67.4000015258789,0,0,0,0
12-10 18:00,232.1,0.0,0.0,166.10000610351562,66.0,0,0,0,0
12-10 19:00,207.9,0.0,0.0,152.39999389648438,55.5,0,0,0,0
12-10 20:00,169.1,0.0,0.0,130.1999969482422,38.900001525878906,0,0,0,0
12-10 21:00,128.7,0.0,0.0,107.30000305175781,21.399999618530273,0,0,0,0
12-10 22:00,115.8,0.0,0.0,105.5,10.300000190734863,0,0,0,0
12-10 23:00,92.3,0.0,0.0,91.5999984741211,0.699999988079071,0,0,0,0
13-10 00:00,88.0,0.0,0.0,88.0,0.0,0,0,0,0
13-10 01:00,95.5,0.0,0.0,95.5,0.0,0,0,0,0
13-10 02:00,96.2,0.0,0.0,96.19999694824219,0.0,0,0,0,0
13-10 03:00,95.3,0.0,0.0,95.30000305175781,0.0,0,0,0,0
13-10 04:00,109.0,0.0,0.0,109.0,0.0,0,0,0,0
13-10 05:00,108.8,0.0,0.0,108.80000305175781,0.0,0,0,0,0
13-10 06:00,97.9,0.0,0.0,97.9000015258789,0.0,0,0,0,0
13-10 07:00,92.7,0.0,0.0,91.30000305175781,1.399999976158142,0,0,0,0
13-10 08:00,108.4,0.0,0.0,101.80000305175781,6.599999904632568,0,0,0,0
13-10 09:00,104.1,0.0,0.0,91.4000015258789,12.699999809265137,0,0,0,0
13-10 10:00,103.0,0.0,0.0,81.4000015258789,21.600000381469727,0,0,0,0
13-10 11:00,130.4,0.0,0.0,98.5999984741211,31.700000762939453,0,0,0,0
13-10 12:00,161.9,0.0,0.0,119.69999694824219,42.20000076293945,0,0,0,0
13-10 13:00,166.2,0.0,0.0,121.0999984741211,45.099998474121094,0,0,0,0
13-10 14:00,210.8,0.0,0.0,153.39999389648438,57.400001525878906,0,0,0,0
13-10 15:00,204.6,0.0,0.0,147.8000030517578,56.79999923706055,0,0,0,0
13-10 16:00,186.8,0.0,0.0,137.39999389648438,49.400001525878906,0,0,0,0
13-10 17:00,174.8,0.0,0.0,138.6999969482422,36.099998474121094,0,0,0,0
13-10 18:00,153.8,0.0,0.0,126.69999694824219,27.100000381469727,0,0,0,0
13-10 19:00,127.9,0.0,0.0,109.69999694824219,18.200000762939453,0,0,0,0
13-10 20:00,91.7,0.0,0.0,80.5999984741211,11.0,0,0,0,0
13-10 21:00,82.8,0.0,0.0,76.80000305175781,6.0,0,0,0,0
13-10 22:00,87.0,0.0,0.0,84.9000015258789,2.0999999046325684,0,0,0,0
13-10 23:00,73.9,0.0,0.0,73.9000015258789,0.0,0,0,0,0
14-10 00:00,65.1,0.0,0.0,65.0,0.0,0,0,0,0
14-10 01:00,60.3,0.0,0.0,60.29999923706055,0.0,0,0,0,0
14-10 02:00,58.1,0.0,0.0,58.099998474121094,0.0,0,0,0,0
14-10 03:00,52.3,0.0,0.0,52.29999923706055,0.0,0,0,0,0
14-10 04:00,46.3,0.0,0.0,46.29999923706055,0.0,0,0,0,0
14-10 05:00,62.0,0.0,0.0,62.0,0.0,0,0,0,0
14-10 06:00,48.5,0.0,0.0,48.5,0.0,0,0,0,0
14-10 07:00,59.7,0.0,0.0,56.099998474121094,3.5999999046325684,0,0,0,0
14-10 08:00,66.4,0.0,0.0,57.79999923706055,8.600000381469727,0,0,0,0
14-10 09:00,61.1,0.0,0.0,49.70000076293945,11.399999618530273,0,0,0,0
14-10 10:00,68.3,0.0,0.0,53.20000076293945,15.100000381469727,0,0,0,0
14-10 11:00,74.0,0.0,0.0,54.20000076293945,19.799999237060547,0,0,0,0
14-10 12:00,72.3,0.0,0.0,48.79999923706055,23.5,0,0,0,0
14-10 13:00,95.8,0.0,0.0,62.20000076293945,33.599998474121094,0,0,0,0
14-10 14:00,86.5,0.0,0.0,52.599998474121094,33.900001525878906,0,0,0,0
14-10 15:00,100.9,0.0,0.0,61.79999923706055,39.099998474121094,0,0,0,0
14-10 16:00,93.2,0.0,0.0,57.0,36.20000076293945,0,0,0,0
14-10 17:00,92.4,0.0,0.0,60.70000076293945,31.700000762939453,0,0,0,0
14-10 18:00,66.5,0.0,0.0,45.70000076293945,20.799999237060547,0,0,0,0
14-10 19:00,59.2,0.0,0.0,42.20000076293945,17.0,0,0,0,0
14-10 20:00,51.3,0.0,0.0,38.5,12.800000190734863,0,0,0,0
14-10 21:00,47.7,0.0,0.0,40.29999923706055,7.400000095367432,0,0,0,0
14-10 22:00,33.3,0.0,0.0,31.899999618530273,1.399999976158142,0,0,0,0
14-10 23:00,31.8,0.0,0.0,30.5,1.2999999523162842,0,0,0,0
15-10 00:00,39.0,0.0,0.0,39.0,0.0,0,0,0,0
15-10 01:00,30.4,0.0,0.0,30.399999618530273,0.0,0,0,0,0
15-10 02:00,28.4,0.0,0.0,28.399999618530273,0.0,0,0,0,0
15-10 03:00,27.9,0.0,0.0,27.799999237060547,0.0,0,0,0,0
15-10 04:00,36.8,0.0,0.0,36.79999923706055,0.0,0,0,0,0
15-10 05:00,41.4,0.0,0.0,41.400001525878906,0.0,0,0,0,0
15-10 06:00,48.6,0.0,0.0,45.29999923706055,3.299999952316284,0,0,0,0
15-10 07:00,72.8,0.0,0.0,51.0,21.799999237060547,0,0,0,0
15-10 08:00,88.6,0.0,0.0,59.400001525878906,29.100000381469727,0,0,0,0
15-10 09:00,100.3,0.0,0.0,66.5,33.79999923706055,0,0,0,0
15-10 10:00,92.4,0.0,0.0,57.70000076293945,34.70000076293945,0,0,0,0
15-10 11:00,96.2,0.0,0.0,57.29999923706055,38.900001525878906,0,0,0,0
15-10 12:00,116.5,0.0,0.0,72.5,44.0,0,0,0,0
15-10 13:00,131.0,0.0,0.0,86.0,44.900001525878906,0,0,0,0
15-10 14:00,138.9,0.0,0.0,91.19999694824219,47.70000076293945,0,0,0,0
15-10 15:00,171.0,0.0,0.0,112.30000305175781,58.70000076293945,0,0,0,0
15-10 16:00,184.0,0.0,0.0,117.0,66.9000015258789,0,0,0,0
15-10 17:00,204.2,0.0,0.0,135.8000030517578,68.4000015258789,0,0,0,0
15-10 18:00,186.0,0.0,0.0,125.5,60.400001525878906,0,0,0,0
15-10 19:00,173.4,0.0,0.0,119.19999694824219,54.20000076293945,0,0,0,0
15-10 20:00,152.6,0.0,0.0,114.30000305175781,38.29999923706055,0,0,0,0
15-10 21:00,118.9,0.0,0.0,98.4000015258789,20.5,0,0,0,0
15-10 22:00,93.2,0.0,0.0,83.0999984741211,10.100000381469727,0,0,0,0
15-10 23:00,82.9,0.0,0.0,82.19999694824219,0.699999988079071,0,0,0,0
16-10 00:00,84.7,0.0,0.0,84.69999694824219,0.0,0,0,0,0
16-10 01:00,84.3,0.0,0.0,84.30000305175781,0.0,0,0,0,0
16-10 02:00,82.0,0.0,0.0,82.0,0.0,0,0,0,0
16-10 03:00,87.0,0.0,0.0,87.0,0.0,0,0,0,0
16-10 04:00,93.3,0.0,0.0,93.30000305175781,0.0,0,0,0,0
16-10 05:00,86.4,0.0,0.0,86.4000015258789,0.0,0,0,0,0
16-10 06:00,95.4,0.0,0.0,91.9000015258789,3.5,0,0,0,0
16-10 07:00,115.4,0.0,0.0,96.0999984741211,19.299999237060547,0,0,0,0
16-10 08:00,138.6,0.0,0.0,109.69999694824219,28.899999618530273,0,0,0,0
16-10 09:00,154.7,0.0,0.0,117.30000305175781,37.400001525878906,0,0,0,0
16-10 10:00,147.8,0.0,0.0,108.4000015258789,39.400001525878906,0,0,0,0
16-10 11:00,134.0,0.0,0.0,96.19999694824219,37.79999923706055,0,0,0,0
16-10 12:00,144.3,0.0,0.0,103.5,40.79999923706055,0,0,0,0
16-10 13:00,150.3,0.0,0.0,104.4000015258789,45.900001525878906,0,0,0,0
16-10 14:00,143.4,0.0,0.0,99.9000015258789,43.5,0,0,0,0
16-10 15:00,193.3,0.0,0.0,135.10000610351562,58.20000076293945,0,0,0,0
16-10 16:00,209.5,0.0,0.0,145.6999969482422,63.79999923706055,0,0,0,0
16-10 17:00,232.1,0.0,0.0,161.5,70.5999984741211,0,0,0,0
16-10 18:00,225.6,0.0,0.0,161.1999969482422,64.4000015258789,0,0,0,0
16-10 19:00,195.1,0.0,0.0,140.8000030517578,54.29999923706055,0,0,0,0
16-10 20:00,160.8,0.0,0.0,120.0,40.70000076293945,0,0,0,0
16-10 21:00,98.1,0.0,0.0,78.19999694824219,19.899999618530273,0,0,0,0
16-10 22:00,74.9,0.0,0.0,65.0999984741211,9.800000190734863,0,0,0,0
16-10 23:00,65.6,0.0,0.0,64.9000015258789,0.699999988079071,0,0,0,0
17-10 00:00,64.2,0.0,0.0,64.19999694824219,0.0,0,0,0,0
17-10 01:00,63.8,0.0,0.0,63.79999923706055,0.0,0,0,0,0
17-10 02:00,60.5,0.0,0.0,60.5,0.0,0,0,0,0
17-10 03:00,56.0,0.0,0.0,56.0,0.0,0,0,0,0
17-10 04:00,61.1,0.0,0.0,61.099998474121094,0.0,0,0,0,0
17-10 05:00,72.3,0.0,0.0,72.30000305175781,0.0,0,0,0,0
17-10 06:00,100.1,0.0,0.0,96.5,3.5999999046325684,0,0,0,0
17-10 07:00,106.9,0.0,0.0,87.9000015258789,19.0,0,0,0,0
17-10 08:00,118.4,0.0,0.0,90.4000015258789,28.0,0,0,0,0
17-10 09:00,144.9,0.0,0.0,106.69999694824219,38.20000076293945,0,0,0,0
17-10 10:00,132.4,0.0,0.0,93.69999694824219,38.70000076293945,0,0,0,0
17-10 11:00,139.8,0.0,0.0,96.4000015258789,43.400001525878906,0,0,0,0
17-10 12:00,120.3,0.0,0.0,80.5999984741211,39.70000076293945,0,0,0,0
17-10 13:00,123.9,0.0,0.0,82.0,41.900001525878906,0,0,0,0
17-10 14:00,144.8,0.0,0.0,96.0,48.79999923706055,0,0,0,0
17-10 15:00,165.8,0.0,0.0,108.0,57.79999923706055,0,0,0,0
17-10 16:00,174.4,0.0,0.0,113.0999984741211,61.29999923706055,0,0,0,0
17-10 17:00,195.0,0.0,0.0,127.0,68.0,0,0,0,0
17-10 18:00,186.7,0.0,0.0,123.4000015258789,63.29999923706055,0,0,0,0
17-10 19:00,172.5,0.0,0.0,117.5999984741211,54.900001525878906,0,0,0,0
17-10 20:00,125.5,0.0,0.0,89.0,36.5,0,0,0,0
17-10 21:00,96.5,0.0,0.0,75.5,21.0,0,0,0,0
17-10 22:00,67.0,0.0,0.0,56.900001525878906,10.100000381469727,0,0,0,0
17-10 23:00,59.1,0.0,0.0,58.400001525878906,0.699999988079071,0,0,0,0
18-10 00:00,48.8,0.0,0.0,48.79999923706055,0.0,0,0,0,0
18-10 01:00,52.2,0.0,0.0,52.20000076293945,0.0,0,0,0,0
18-10 02:00,46.4,0.0,0.0,46.400001525878906,0.0,0,0,0,0
18-10 03:00,52.0,0.0,0.0,52.0,0.0,0,0,0,0
18-10 04:00,51.3,0.0,0.0,51.29999923706055,0.0,0,0,0,0
18-10 05:00,52.9,0.0,0.0,52.900001525878906,0.0,0,0,0,0
18-10 06:00,63.5,0.0,0.0,59.900001525878906,3.5999999046325684,0,0,0,0
18-10 07:00,86.7,0.0,0.0,65.69999694824219,21.0,0,0,0,0
18-10 08:00,86.5,0.0,0.0,57.79999923706055,28.700000762939453,0,0,0,0
18-10 09:00,107.7,0.0,0.0,70.5,37.20000076293945,0,0,0,0
18-10 10:00,95.9,0.0,0.0,55.900001525878906,40.0,0,0,0,0
18-10 11:00,91.7,0.0,0.0,50.20000076293945,41.5,0,0,0,0
18-10 12:00,77.4,0.0,0.0,39.29999923706055,38.099998474121094,0,0,0,0
18-10 13:00,91.7,0.0,0.0,46.099998474121094,45.599998474121094,0,0,0,0
18-10 14:00,100.6,0.0,0.0,51.29999923706055,49.29999923706055,0,0,0,0
18-10 15:00,121.1,0.0,0.0,61.5,59.599998474121094,0,0,0,0
18-10 16:00,137.6,0.0,0.0,73.5999984741211,64.0,0,0,0,0
18-10 17:00,166.8,0.0,0.0,94.5999984741211,72.19999694824219,0,0,0,0
18-10 18:00,166.8,0.0,0.0,99.5,67.30000305175781,0,0,0,0
18-10 19:00,134.4,0.0,0.0,81.5999984741211,52.79999923706055,0,0,0,0
18-10 20:00,117.7,0.0,0.0,78.0,39.70000076293945,0,0,0,0
18-10 21:00,79.4,0.0,0.0,58.400001525878906,21.0,0,0,0,0
18-10 22:00,61.8,0.0,0.0,51.79999923706055,10.0,0,0,0,0
18-10 23:00,54.1,0.0,0.0,53.400001525878906,0.699999988079071,0,0,0,0
19-10 00:00,48.8,0.0,0.0,48.79999923706055,0.0,0,0,0,0
19-10 01:00,49.2,0.0,0.0,49.20000076293945,0.0,0,0,0,0
19-10 02:00,54.9,0.0,0.0,54.900001525878906,0.0,0,0,0,0
19-10 03:00,51.7,0.0,0.0,51.70000076293945,0.0,0,0,0,0
19-10 04:00,57.7,0.0,0.0,57.70000076293945,0.0,0,0,0,0
19-10 05:00,53.1,0.0,0.0,53.099998474121094,0.0,0,0,0,0
19-10 06:00,59.4,0.0,0.0,56.20000076293945,3.200000047683716,0,0,0,0
19-10 07:00,90.3,0.0,0.0,68.80000305175781,21.5,0,0,0,0
19-10 08:00,84.9,0.0,0.0,56.5,28.399999618530273,0,0,0,0
19-10 09:00,89.1,0.0,0.0,55.0,34.099998474121094,0,0,0,0
19-10 10:00,94.4,0.0,0.0,53.599998474121094,40.79999923706055,0,0,0,0
19-10 11:00,76.8,0.0,0.0,37.29999923706055,39.599998474121094,0,0,0,0
19-10 12:00,73.9,0.0,0.0,32.0,41.900001525878906,0,0,0,0
19-10 13:00,81.5,0.0,0.0,34.900001525878906,46.599998474121094,0,0,0,0
19-10 14:00,87.5,0.0,0.0,38.099998474121094,49.400001525878906,0,0,0,0
19-10 15:00,96.1,0.0,0.0,41.599998474121094,54.400001525878906,0,0,0,0
19-10 16:00,114.6,0.0,0.0,49.79999923706055,64.80000305175781,0,0,0,0
19-10 17:00,109.0,0.0,0.0,46.29999923706055,62.70000076293945,0,0,0,0
19-10 18:00,111.1,0.0,0.0,48.29999923706055,62.79999923706055,0,0,0,0
19-10 19:00,90.0,0.0,0.0,38.79999923706055,51.20000076293945,0,0,0,0
19-10 20:00,66.0,0.0,0.0,28.600000381469727,37.400001525878906,0,0,0,0
19-10 21:00,36.5,0.0,0.0,15.800000190734863,20.700000762939453,0,0,0,0
19-10 22:00,25.9,0.0,0.0,15.300000190734863,10.600000381469727,0,0,0,0
19-10 23:00,14.4,0.0,0.0,13.699999809265137,0.699999988079071,0,0,0,0
20-10 00:00,1.1,0.0,0.0,1.100000023841858,0.0,0,0,0,0
20-10 01:00,8.5,0.0,0.0,8.5,0.0,0,0,0,0
20-10 02:00,8.3,0.0,0.0,8.300000190734863,0.0,0,0,0,0
20-10 03:00,7.9,0.0,0.0,8.0,0.0,0,0,0,0
20-10 04:00,14.9,0.0,0.0,14.899999618530273,0.0,0,0,0,0
20-10 05:00,15.6,0.0,0.0,15.600000381469727,0.0,0,0,0,0
20-10 06:00,16.7,0.0,0.0,16.700000762939453,0.0,0,0,0,0
20-10 07:00,17.5,0.0,0.0,16.100000381469727,1.399999976158142,0,0,0,0
20-10 08:00,14.1,0.0,0.0,8.199999809265137,5.900000095367432,0,0,0,0
20-10 09:00,14.5,0.0,0.0,2.0999999046325684,12.399999618530273,0,0,0,0
20-10 10:00,28.3,0.0,0.0,3.5,24.799999237060547,0,0,0,0
20-10 11:00,38.5,0.0,0.0,4.699999809265137,33.79999923706055,0,0,0,0
20-10 12:00,48.8,0.0,0.0,6.099999904632568,42.70000076293945,0,0,0,0
20-10 13:00,53.7,0.0,0.0,6.5,47.20000076293945,0,0,0,0
20-10 14:00,61.3,0.0,0.0,7.5,53.79999923706055,0,0,0,0
20-10 15:00,59.7,0.0,0.0,7.199999809265137,52.5,0,0,0,0
20-10 16:00,61.8,0.0,0.0,7.5,54.29999923706055,0,0,0,0
20-10 17:00,42.3,0.0,0.0,5.0,37.29999923706055,0,0,0,0
20-10 18:00,29.4,0.0,0.0,3.5999999046325684,25.799999237060547,0,0,0,0
20-10 19:00,22.2,0.0,0.0,3.0,19.200000762939453,0,0,0,0
20-10 20:00,13.2,0.0,0.0,1.5,11.699999809265137,0,0,0,0
20-10 21:00,7.2,0.0,0.0,1.2000000476837158,6.0,0,0,0,0
20-10 22:00,3.2,0.0,0.0,1.2000000476837158,2.0,0,0,0,0
20-10 23:00,1.1,0.0,0.0,1.100000023841858,0.0,0,0,0,0
21-10 00:00,5.1,0.0,0.0,5.099999904632568,0.0,0,0,0,0
21-10 01:00,4.8,0.0,0.0,4.800000190734863,0.0,0,0,0,0
21-10 02:00,4.0,0.0,0.0,4.0,0.0,0,0,0,0
21-10 03:00,3.9,0.0,0.0,3.9000000953674316,0.0,0,0,0,0
21-10 04:00,4.1,0.0,0.0,4.099999904632568,0.0,0,0,0,0
21-10 05:00,4.4,0.0,0.0,4.400000095367432,0.0,0,0,0,0
21-10 06:00,5.5,0.0,0.0,5.5,0.0,0,0,0,0
21-10 07:00,9.5,0.0,0.0,5.900000095367432,3.5999999046325684,0,0,0,0
21-10 08:00,15.6,0.0,0.0,6.900000095367432,8.699999809265137,0,0,0,0
21-10 09:00,19.7,0.0,0.0,7.900000095367432,11.800000190734863,0,0,0,0
21-10 10:00,25.5,0.0,0.0,9.600000381469727,15.899999618530273,0,0,0,0
21-10 11:00,29.0,0.0,0.0,11.199999809265137,17.799999237060547,0,0,0,0
21-10 12:00,52.6,0.0,0.0,29.0,23.600000381469727,0,0,0,0
21-10 13:00,72.8,0.0,0.0,37.79999923706055,35.0,0,0,0,0
21-10 14:00,72.2,0.0,0.0,36.5,35.70000076293945,0,0,0,0
21-10 15:00,73.6,0.0,0.0,37.20000076293945,36.400001525878906,0,0,0,0
21-10 16:00,80.3,0.0,0.0,44.0,36.29999923706055,0,0,0,0
21-10 17:00,72.7,0.0,0.0,41.900001525878906,30.799999237060547,0,0,0,0
21-10 18:00,91.0,0.0,0.0,68.19999694824219,22.799999237060547,0,0,0,0
21-10 19:00,81.2,0.0,0.0,63.5,17.700000762939453,0,0,0,0
21-10 20:00,71.0,0.0,0.0,58.599998474121094,12.399999618530273,0,0,0,0
21-10 21:00,71.7,0.0,0.0,64.0,7.599999904632568,0,0,0,0
21-10 22:00,64.6,0.0,0.0,63.20000076293945,1.399999976158142,0,0,0,0
21-10 23:00,65.4,0.0,0.0,64.0,1.399999976158142,0,0,0,0
22-10 00:00,75.1,0.0,0.0,75.0999984741211,0.0,0,0,0,0
22-10 01:00,84.2,0.0,0.0,84.19999694824219,0.0,0,0,0,0
22-10 02:00,78.2,0.0,0.0,78.19999694824219,0.0,0,0,0,0
22-10 03:00,77.5,0.0,0.0,77.5,0.0,0,0,0,0
22-10 04:00,77.4,0.0,0.0,77.4000015258789,0.0,0,0,0,0
22-10 05:00,82.4,0.0,0.0,82.4000015258789,0.0,0,0,0,0
22-10 06:00,100.7,0.0,0.0,97.0999984741211,3.5999999046325684,0,0,0,0
22-10 07:00,122.7,0.0,0.0,103.0,19.700000762939453,0,0,0,0
22-10 08:00,140.1,0.0,0.0,112.4000015258789,27.700000762939453,0,0,0,0
22-10 09:00,171.3,0.0,0.0,134.1999969482422,37.099998474121094,0,0,0,0
22-10 10:00,174.5,0.0,0.0,134.6999969482422,39.79999923706055,0,0,0,0
22-10 11:00,177.9,0.0,0.0,135.3000030517578,42.599998474121094,0,0,0,0
22-10 12:00,168.1,0.0,0.0,127.69999694824219,40.400001525878906,0,0,0,0
22-10 13:00,179.0,0.0,0.0,132.6999969482422,46.29999923706055,0,0,0,0
22-10 14:00,180.7,0.0,0.0,135.8000030517578,44.900001525878906,0,0,0,0
22-10 15:00,230.7,0.0,0.0,172.5,58.20000076293945,0,0,0,0
22-10 16:00,248.3,0.0,0.0,184.5,63.79999923706055,0,0,0,0
22-10 17:00,244.7,0.0,0.0,179.60000610351562,65.0999984741211,0,0,0,0
22-10 18:00,246.9,0.0,0.0,185.10000610351562,61.79999923706055,0,0,0,0
22-10 19:00,230.9,0.0,0.0,176.60000610351562,54.29999923706055,0,0,0,0
22-10 20:00,174.0,0.0,0.0,137.60000610351562,36.400001525878906,0,0,0,0
22-10 21:00,135.6,0.0,0.0,113.80000305175781,21.799999237060547,0,0,0,0
22-10 22:00,100.1,0.0,0.0,89.30000305175781,10.800000190734863,0,0,0,0
22-10 23:00,79.1,0.0,0.0,78.4000015258789,0.699999988079071,0,0,0,0
23-10 00:00,87.7,0.0,0.0,87.69999694824219,0.0,0,0,0,0
23-10 01:00,86.3,0.0,0.0,86.30000305175781,0.0,0,0,0,0
23-10 02:00,79.2,0.0,0.0,79.19999694824219,0.0,0,0,0,0
23-10 03:00,85.3,0.0,0.0,85.30000305175781,0.0,0,0,0,0
23-10 04:00,80.0,0.0,0.0,80.0,0.0,0,0,0,0
23-10 05:00,82.3,0.0,0.0,82.30000305175781,0.0,0,0,0,0
23-10 06:00,95.0,0.0,0.0,91.69999694824219,3.299999952316284,0,0,0,0
23-10 07:00,136.8,0.0,0.0,116.19999694824219,20.600000381469727,0,0,0,0
23-10 08:00,158.9,0.0,0.0,129.39999389648438,29.5,0,0,0,0
23-10 09:00,156.4,0.0,0.0,123.19999694824219,33.20000076293945,0,0,0,0
23-10 10:00,167.5,0.0,0.0,128.39999389648438,39.099998474121094,0,0,0,0
23-10 11:00,177.3,0.0,0.0,133.89999389648438,43.400001525878906,0,0,0,0
23-10 12:00,152.8,0.0,0.0,113.5,39.29999923706055,0,0,0,0
23-10 13:00,167.3,0.0,0.0,123.0,44.20000076293945,0,0,0,0
23-10 14:00,187.7,0.0,0.0,138.39999389648438,49.29999923706055,0,0,0,0
23-10 15:00,225.4,0.0,0.0,164.10000610351562,61.29999923706055,0,0,0,0
23-10 16:00,232.6,0.0,0.0,170.6999969482422,61.900001525878906,0,0,0,0
23-10 17:00,286.3,0.0,0.0,215.60000610351562,70.69999694824219,0,0,0,0
23-10 18:00,299.9,0.0,0.0,230.1999969482422,69.80000305175781,0,0,0,0
23-10 19:00,237.7,0.0,0.0,184.5,53.20000076293945,0,0,0,0
23-10 20:00,207.1,0.0,0.0,167.5,39.599998474121094,0,0,0,0
23-10 21:00,142.5,0.0,0.0,122.0999984741211,20.399999618530273,0,0,0,0
23-10 22:00,113.8,0.0,0.0,103.19999694824219,10.600000381469727,0,0,0,0
23-10 23:00,102.3,0.0,0.0,101.5999984741211,0.699999988079071,0,0,0,0
24-10 00:00,96.6,0.0,0.0,96.5999984741211,0.0,0,0,0,0
24-10 01:00,105.3,0.0,0.0,105.30000305175781,0.0,0,0,0,0
24-10 02:00,103.2,0.0,0.0,103.19999694824219,0.0,0,0,0,0
24-10 03:00,86.0,0.0,0.0,86.0,0.0,0,0,0,0
24-10 04:00,113.8,0.0,0.0,113.80000305175781,0.0,0,0,0,0
24-10 05:00,109.8,0.0,0.0,109.80000305175781,0.0,0,0,0,0
24-10 06:00,129.4,0.0,0.0,125.9000015258789,3.5,0,0,0,0
24-10 07:00,174.4,0.0,0.0,152.89999389648438,21.5,0,0,0,0
24-10 08:00,187.3,0.0,0.0,155.89999389648438,31.399999618530273,0,0,0,0
24-10 09:00,199.6,0.0,0.0,161.39999389648438,38.20000076293945,0,0,0,0
24-10 10:00,166.7,0.0,0.0,128.6999969482422,38.0,0,0,0,0
24-10 11:00,166.3,0.0,0.0,124.80000305175781,41.5,0,0,0,0
24-10 12:00,165.3,0.0,0.0,124.0,41.400001525878906,0,0,0,0
24-10 13:00,163.3,0.0,0.0,119.5,43.79999923706055,0,0,0,0
24-10 14:00,173.2,0.0,0.0,127.19999694824219,46.0,0,0,0,0
24-10 15:00,207.5,0.0,0.0,150.8000030517578,56.70000076293945,0,0,0,0
24-10 16:00,245.0,0.0,0.0,179.6999969482422,65.30000305175781,0,0,0,0
24-10 17:00,277.3,0.0,0.0,205.10000610351562,72.19999694824219,0,0,0,0
24-10 18:00,279.5,0.0,0.0,211.0,68.5999984741211,0,0,0,0
24-10 19:00,241.7,0.0,0.0,187.1999969482422,54.400001525878906,0,0,0,0
24-10 20:00,194.1,0.0,0.0,156.39999389648438,37.70000076293945,0,0,0,0
24-10 21:00,141.9,0.0,0.0,120.9000015258789,21.0,0,0,0,0
24-10 22:00,105.4,0.0,0.0,95.0,10.399999618530273,0,0,0,0
24-10 23:00,94.4,0.0,0.0,93.69999694824219,0.699999988079071,0,0,0,0
25-10 00:00,98.1,0.0,0.0,98.0,0.0,0,0,0,0
25-10 01:00,100.6,0.0,0.0,100.5999984741211,0.0,0,0,0,0
25-10 02:00,97.5,0.0,0.0,97.5,0.0,0,0,0,0
25-10 03:00,102.9,0.0,0.0,102.9000015258789,0.0,0,0,0,0
25-10 04:00,113.1,0.0,0.0,113.0999984741211,0.0,0,0,0,0
25-10 05:00,116.9,0.0,0.0,116.9000015258789,0.0,0,0,0,0
25-10 06:00,132.7,0.0,0.0,129.1999969482422,3.5999999046325684,0,0,0,0
25-10 07:00,161.7,0.0,0.0,141.0,20.700000762939453,0,0,0,0
25-10 08:00,171.1,0.0,0.0,141.5,29.600000381469727,0,0,0,0
25-10 09:00,168.9,0.0,0.0,135.60000610351562,33.400001525878906,0,0,0,0
25-10 10:00,172.4,0.0,0.0,133.5,38.900001525878906,0,0,0,0
25-10 11:00,169.2,0.0,0.0,129.3000030517578,39.900001525878906,0,0,0,0
25-10 12:00,164.6,0.0,0.0,125.5999984741211,39.0,0,0,0,0
25-10 13:00,179.9,0.0,0.0,134.1999969482422,45.70000076293945,0,0,0,0
25-10 14:00,188.4,0.0,0.0,140.89999389648438,47.5,0,0,0,0
25-10 15:00,228.9,0.0,0.0,169.1999969482422,59.70000076293945,0,0,0,0
25-10 16:00,261.0,0.0,0.0,194.3000030517578,66.69999694824219,0,0,0,0
25-10 17:00,263.7,0.0,0.0,197.60000610351562,66.0999984741211,0,0,0,0
25-10 18:00,271.4,0.0,0.0,207.3000030517578,64.0999984741211,0,0,0,0
25-10 19:00,232.3,0.0,0.0,180.5,51.79999923706055,0,0,0,0
25-10 20:00,197.1,0.0,0.0,157.8000030517578,39.29999923706055,0,0,0,0
25-10 21:00,133.2,0.0,0.0,113.5999984741211,19.600000381469727,0,0,0,0
25-10 22:00,108.1,0.0,0.0,97.5,10.600000381469727,0,0,0,0
25-10 23:00,103.7,0.0,0.0,103.0,0.699999988079071,0,0,0,0
26-10 00:00,89.6,0.0,0.0,89.5999984741211,0.0,0,0,0,0
26-10 01:00,79.9,0.0,0.0,79.9000015258789,0.0,0,0,0,0
26-10 02:00,80.3,0.0,0.0,80.30000305175781,0.0,0,0,0,0
26-10 03:00,88.9,0.0,0.0,89.0,0.0,0,0,0,0
26-10 04:00,85.7,0.0,0.0,85.69999694824219,0.0,0,0,0,0
26-10 05:00,79.2,0.0,0.0,79.19999694824219,0.0,0,0,0,0
26-10 06:00,87.9,0.0,0.0,84.5,3.4000000953674316,0,0,0,0
26-10 07:00,111.3,0.0,0.0,90.19999694824219,21.100000381469727,0,0,0,0
26-10 08:00,121.4,0.0,0.0,92.5999984741211,28.799999237060547,0,0,0,0
26-10 09:00,126.9,0.0,0.0,93.5,33.400001525878906,0,0,0,0
26-10 10:00,132.8,0.0,0.0,91.9000015258789,40.900001525878906,0,0,0,0
26-10 11:00,135.8,0.0,0.0,91.30000305175781,44.400001525878906,0,0,0,0
26-10 12:00,120.3,0.0,0.0,78.4000015258789,41.900001525878906,0,0,0,0
26-10 13:00,127.3,0.0,0.0,82.0,45.29999923706055,0,0,0,0
26-10 14:00,134.2,0.0,0.0,84.19999694824219,50.0,0,0,0,0
26-10 15:00,153.4,0.0,0.0,95.4000015258789,58.0,0,0,0,0
26-10 16:00,183.9,0.0,0.0,117.0999984741211,66.80000305175781,0,0,0,0
26-10 17:00,203.4,0.0,0.0,130.1999969482422,73.19999694824219,0,0,0,0
26-10 18:00,200.3,0.0,0.0,132.8000030517578,67.5,0,0,0,0
26-10 19:00,158.4,0.0,0.0,106.0,52.400001525878906,0,0,0,0
26-10 20:00,141.2,0.0,0.0,100.19999694824219,41.0,0,0,0,0
26-10 21:00,95.8,0.0,0.0,74.9000015258789,20.899999618530273,0,0,0,0
26-10 22:00,64.9,0.0,0.0,53.900001525878906,11.0,0,0,0,0
26-10 23:00,45.0,0.0,0.0,44.400001525878906,0.6000000238418579,0,0,0,0
27-10 00:00,41.4,0.0,0.0,41.400001525878906,0.0,0,0,0,0
27-10 01:00,35.7,0.0,0.0,35.70000076293945,0.0,0,0,0,0
27-10 02:00,41.3,0.0,0.0,41.29999923706055,0.0,0,0,0,0
27-10 03:00,38.4,0.0,0.0,38.400001525878906,0.0,0,0,0,0
27-10 04:00,42.2,0.0,0.0,42.20000076293945,0.0,0,0,0,0
27-10 05:00,41.2,0.0,0.0,41.20000076293945,0.0,0,0,0,0
27-10 06:00,41.8,0.0,0.0,41.79999923706055,0.0,0,0,0,0
27-10 07:00,41.5,0.0,0.0,40.20000076293945,1.2999999523162842,0,0,0,0
27-10 08:00,45.3,0.0,0.0,38.79999923706055,6.5,0,0,0,0
27-10 09:00,54.1,0.0,0.0,41.400001525878906,12.699999809265137,0,0,0,0
27-10 10:00,70.7,0.0,0.0,45.099998474121094,25.600000381469727,0,0,0,0
27-10 11:00,80.3,0.0,0.0,45.400001525878906,34.900001525878906,0,0,0,0
27-10 12:00,93.1,0.0,0.0,51.599998474121094,41.5,0,0,0,0
27-10 13:00,113.0,0.0,0.0,60.79999923706055,52.20000076293945,0,0,0,0
27-10 14:00,115.8,0.0,0.0,62.0,53.79999923706055,0,0,0,0
27-10 15:00,116.2,0.0,0.0,61.400001525878906,54.79999923706055,0,0,0,0
27-10 16:00,109.5,0.0,0.0,58.400001525878906,51.099998474121094,0,0,0,0
27-10 17:00,78.0,0.0,0.0,43.400001525878906,34.5,0,0,0,0
27-10 18:00,62.1,0.0,0.0,36.29999923706055,25.799999237060547,0,0,0,0
27-10 19:00,52.2,0.0,0.0,33.20000076293945,19.0,0,0,0,0
27-10 20:00,35.9,0.0,0.0,24.299999237060547,11.600000381469727,0,0,0,0
27-10 21:00,28.7,0.0,0.0,22.5,6.199999809265137,0,0,0,0
27-10 22:00,23.7,0.0,0.0,21.700000762939453,2.0,0,0,0,0
27-10 23:00,27.3,0.0,0.0,27.299999237060547,0.0,0,0,0,0
28-10 00:00,40.5,0.0,0.0,40.599998474121094,0.0,0,0,0,0
28-10 01:00,49.9,0.0,0.0,49.900001525878906,0.0,0,0,0,0
28-10 02:00,49.3,0.0,0.0,49.29999923706055,0.0,0,0,0,0
28-10 03:00,56.3,0.0,0.0,56.29999923706055,0.0,0,0,0,0
28-10 04:00,67.2,0.0,0.0,67.19999694824219,0.0,0,0,0,0
28-10 05:00,64.2,0.0,0.0,64.19999694824219,0.0,0,0,0,0
28-10 06:00,74.2,0.0,0.0,74.19999694824219,0.0,0,0,0,0
28-10 07:00,78.5,0.0,0.0,75.0999984741211,3.4000000953674316,0,0,0,0
28-10 08:00,73.6,0.0,0.0,65.0,8.600000381469727,0,0,0,0
28-10 09:00,73.8,0.0,0.0,61.400001525878906,12.399999618530273,0,0,0,0
28-10 10:00,58.8,0.0,0.0,44.29999923706055,14.5,0,0,0,0
28-10 11:00,51.7,0.0,0.0,34.400001525878906,17.299999237060547,0,0,0,0
28-10 12:00,57.7,0.0,0.0,34.79999923706055,22.899999618530273,0,0,0,0
28-10 13:00,73.6,0.0,0.0,40.900001525878906,32.70000076293945,0,0,0,0
28-10 14:00,78.0,0.0,0.0,42.599998474121094,35.400001525878906,0,0,0,0
28-10 15:00,91.6,0.0,0.0,51.20000076293945,40.400001525878906,0,0,0,0
28-10 16:00,95.0,0.0,0.0,56.0,39.0,0,0,0,0
28-10 17:00,92.3,0.0,0.0,61.099998474121094,31.200000762939453,0,0,0,0
28-10 18:00,76.7,0.0,0.0,55.20000076293945,21.5,0,0,0,0
28-10 19:00,76.2,0.0,0.0,58.70000076293945,17.600000381469727,0,0,0,0
28-10 20:00,69.7,0.0,0.0,57.599998474121094,12.100000381469727,0,0,0,0
28-10 21:00,64.9,0.0,0.0,57.099998474121094,7.800000190734863,0,0,0,0
28-10 22:00,61.0,0.0,0.0,59.599998474121094,1.399999976158142,0,0,0,0
28-10 23:00,58.2,0.0,0.0,56.900001525878906,1.2999999523162842,0,0,0,0
29-10 00:00,61.4,0.0,0.0,61.400001525878906,0.0,0,0,0,0
29-10 01:00,69.2,0.0,0.0,69.19999694824219,0.0,0,0,0,0
29-10 02:00,76.2,0.0,0.0,76.19999694824219,0.0,0,0,0,0
29-10 03:00,77.2,0.0,0.0,77.19999694824219,0.0,0,0,0,0
29-10 04:00,89.2,0.0,0.0,89.19999694824219,0.0,0,0,0,0
29-10 05:00,90.6,0.0,0.0,90.5999984741211,0.0,0,0,0,0
29-10 06:00,115.1,0.0,0.0,111.30000305175781,3.799999952316284,0,0,0,0
29-10 07:00,132.8,0.0,0.0,112.4000015258789,20.399999618530273,0,0,0,0
29-10 08:00,152.3,0.0,0.0,122.80000305175781,29.5,0,0,0,0
29-10 09:00,142.6,0.0,0.0,110.5,32.099998474121094,0,0,0,0
29-10 10:00,147.3,0.0,0.0,107.0,40.29999923706055,0,0,0,0
29-10 11:00,149.0,0.0,0.0,106.0,43.0,0,0,0,0
29-10 12:00,128.1,0.0,0.0,86.80000305175781,41.29999923706055,0,0,0,0
29-10 13:00,129.6,0.0,0.0,84.5999984741211,45.0,0,0,0,0
29-10 14:00,135.3,0.0,0.0,88.9000015258789,46.400001525878906,0,0,0,0
29-10 15:00,176.2,0.0,0.0,115.0,61.29999923706055,0,0,0,0
29-10 16:00,205.7,0.0,0.0,139.1999969482422,66.5,0,0,0,0
29-10 17:00,229.1,0.0,0.0,157.6999969482422,71.4000015258789,0,0,0,0
29-10 18:00,239.0,0.0,0.0,171.1999969482422,67.80000305175781,0,0,0,0
29-10 19:00,201.6,0.0,0.0,146.1999969482422,55.400001525878906,0,0,0,0
29-10 20:00,166.3,0.0,0.0,125.0999984741211,41.20000076293945,0,0,0,0
29-10 21:00,103.9,0.0,0.0,83.5999984741211,20.200000762939453,0,0,0,0
29-10 22:00,84.1,0.0,0.0,73.80000305175781,10.300000190734863,0,0,0,0
29-10 23:00,84.4,0.0,0.0,83.69999694824219,0.699999988079071,0,0,0,0
30-10 00:00,67.4,0.0,0.0,67.4000015258789,0.0,0,0,0,0
30-10 01:00,72.7,0.0,0.0,72.69999694824219,0.0,0,0,0,0
30-10 02:00,74.4,0.0,0.0,74.4000015258789,0.0,0,0,0,0
30-10 03:00,76.3,0.0,0.0,76.30000305175781,0.0,0,0,0,0
30-10 04:00,84.1,0.0,0.0,84.0999984741211,0.0,0,0,0,0
30-10 05:00,93.8,0.0,0.0,93.80000305175781,0.0,0,0,0,0
30-10 06:00,103.5,0.0,0.0,100.0,3.5,0,0,0,0
30-10 07:00,120.1,0.0,0.0,99.69999694824219,20.399999618530273,0,0,0,0
30-10 08:00,133.8,0.0,0.0,103.30000305175781,30.399999618530273,0,0,0,0
30-10 09:00,121.6,0.0,0.0,89.0999984741211,32.5,0,0,0,0
30-10 10:00,127.5,0.0,0.0,87.5,40.0,0,0,0,0
30-10 11:00,118.2,0.0,0.0,76.30000305175781,41.900001525878906,0,0,0,0
30-10 12:00,112.5,0.0,0.0,69.9000015258789,42.599998474121094,0,0,0,0
30-10 13:00,119.1,0.0,0.0,70.30000305175781,48.79999923706055,0,0,0,0
30-10 14:00,122.4,0.0,0.0,73.0999984741211,49.29999923706055,0,0,0,0
30-10 15:00,162.1,0.0,0.0,99.5,62.599998474121094,0,0,0,0
30-10 16:00,186.9,0.0,0.0,120.30000305175781,66.5999984741211,0,0,0,0
30-10 17:00,202.3,0.0,0.0,130.8000030517578,71.5,0,0,0,0
30-10 18:00,217.1,0.0,0.0,145.1999969482422,71.9000015258789,0,0,0,0
30-10 19:00,180.5,0.0,0.0,122.19999694824219,58.29999923706055,0,0,0,0
30-10 20:00,125.0,0.0,0.0,88.0,36.900001525878906,0,0,0,0
30-10 21:00,81.4,0.0,0.0,60.20000076293945,21.200000762939453,0,0,0,0
30-10 22:00,60.8,0.0,0.0,50.400001525878906,10.399999618530273,0,0,0,0
30-10 23:00,50.0,0.0,0.0,49.29999923706055,0.699999988079071,0,0,0,0
31-10 00:00,45.5,0.0,0.0,45.5,0.0,0,0,0,0
31-10 01:00,44.8,0.0,0.0,44.79999923706055,0.0,0,0,0,0
31-10 02:00,40.2,0.0,0.0,40.20000076293945,0.0,0,0,0,0
31-10 03:00,40.8,0.0,0.0,40.79999923706055,0.0,0,0,0,0
31-10 04:00,46.1,0.0,0.0,46.099998474121094,0.0,0,0,0,0
31-10 05:00,41.6,0.0,0.0,41.599998474121094,0.0,0,0,0,0
31-10 06:00,52.6,0.0,0.0,49.099998474121094,3.5,0,0,0,0
31-10 07:00,86.1,0.0,0.0,64.5999984741211,21.5,0,0,0,0
31-10 08:00,102.1,0.0,0.0,69.80000305175781,32.29999923706055,0,0,0,0
31-10 09:00,95.9,0.0,0.0,59.0,36.900001525878906,0,0,0,0
31-10 10:00,85.5,0.0,0.0,45.5,40.0,0,0,0,0
31-10 11:00,76.5,0.0,0.0,37.400001525878906,39.099998474121094,0,0,0,0
31-10 12:00,80.2,0.0,0.0,39.20000076293945,41.0,0,0,0,0
31-10 13:00,87.7,0.0,0.0,42.5,45.20000076293945,0,0,0,0
31-10 14:00,96.2,0.0,0.0,47.29999923706055,48.900001525878906,0,0,0,0
31-10 15:00,116.9,0.0,0.0,57.20000076293945,59.70000076293945,0,0,0,0
31-10 16:00,133.6,0.0,0.0,65.5999984741211,68.0,0,0,0,0
31-10 17:00,143.6,0.0,0.0,76.19999694824219,67.4000015258789,0,0,0,0
31-10 18:00,155.7,0.0,0.0,85.0,70.69999694824219,0,0,0,0
31-10 19:00,128.4,0.0,0.0,73.4000015258789,55.0,0,0,0,0
31-10 20:00,105.4,0.0,0.0,65.69999694824219,39.70000076293945,0,0,0,0
31-10 21:00,81.5,0.0,0.0,61.5,20.0,0,0,0,0
31-10 22:00,81.9,0.0,0.0,71.5999984741211,10.300000190734863,0,0,0,0
31-10 23:00,86.4,0.0,0.0,85.69999694824219,0.699999988079071,0,0,0,0
01-11 00:00,132.9,0.0,0.0,132.89999389648438,0.0,0,0,0,0
01-11 01:00,117.8,0.0,0.0,117.80000305175781,0.0,0,0,0,0
01-11 02:00,122.5,0.0,0.0,122.5,0.0,0,0,0,0
01-11 03:00,124.9,0.0,0.0,124.9000015258789,0.0,0,0,0,0
01-11 04:00,113.7,0.0,0.0,113.69999694824219,0.0,0,0,0,0
01-11 05:00,131.3,0.0,0.0,131.3000030517578,0.0,0,0,0,0
01-11 06:00,140.5,0.0,0.0,140.5,0.0,0,0,0,0
01-11 07:00,138.7,0.0,0.0,135.10000610351562,3.5999999046325684,0,0,0,0
01-11 08:00,136.1,0.0,0.0,127.80000305175781,8.300000190734863,0,0,0,0
01-11 09:00,136.1,0.0,0.0,123.9000015258789,12.199999809265137,0,0,0,0
01-11 10:00,129.5,0.0,0.0,113.80000305175781,15.699999809265137,0,0,0,0
01-11 11:00,128.7,0.0,0.0,109.5999984741211,19.100000381469727,0,0,0,0
01-11 12:00,133.8,0.0,0.0,109.30000305175781,24.5,0,0,0,0
01-11 13:00,165.9,0.0,0.0,133.0,32.900001525878906,0,0,0,0
01-11 14:00,175.4,0.0,0.0,137.60000610351562,37.79999923706055,0,0,0,0
01-11 15:00,192.6,0.0,0.0,153.10000610351562,39.5,0,0,0,0
01-11 16:00,190.7,0.0,0.0,153.0,37.70000076293945,0,0,0,0
01-11 17:00,173.4,0.0,0.0,142.60000610351562,30.799999237060547,0,0,0,0
01-11 18:00,137.8,0.0,0.0,116.0999984741211,21.700000762939453,0,0,0,0
01-11 19:00,138.6,0.0,0.0,121.0,17.5,0,0,0,0
01-11 20:00,121.6,0.0,0.0,108.9000015258789,12.699999809265137,0,0,0,0
01-11 21:00,102.7,0.0,0.0,94.9000015258789,7.800000190734863,0,0,0,0
01-11 22:00,101.8,0.0,0.0,100.4000015258789,1.399999976158142,0,0,0,0
01-11 23:00,97.9,0.0,0.0,96.5,1.399999976158142,0,0,0,0
02-11 00:00,102.3,0.0,0.0,102.30000305175781,0.0,0,0,0,0
02-11 01:00,100.4,0.0,0.0,100.4000015258789,0.0,0,0,0,0
02-11 02:00,112.7,0.0,0.0,112.5999984741211,0.0,0,0,0,0
02-11 03:00,106.4,0.0,0.0,106.4000015258789,0.0,0,0,0,0
02-11 04:00,106.1,0.0,0.0,106.0999984741211,0.0,0,0,0,0
02-11 05:00,115.8,0.0,0.0,115.80000305175781,0.0,0,0,0,0
02-11 06:00,125.6,0.0,0.0,122.0999984741211,3.5,0,0,0,0
02-11 07:00,154.8,0.0,0.0,133.6999969482422,21.100000381469727,0,0,0,0
02-11 08:00,172.6,0.0,0.0,142.60000610351562,30.0,0,0,0,0
02-11 09:00,198.0,0.0,0.0,160.60000610351562,37.400001525878906,0,0,0,0
02-11 10:00,210.8,0.0,0.0,170.3000030517578,40.599998474121094,0,0,0,0
02-11 11:00,223.9,0.0,0.0,180.60000610351562,43.29999923706055,0,0,0,0
02-11 12:00,207.3,0.0,0.0,167.0,40.29999923706055,0,0,0,0
02-11 13:00,215.4,0.0,0.0,171.89999389648438,43.5,0,0,0,0
02-11 14:00,230.6,0.0,0.0,183.89999389648438,46.70000076293945,0,0,0,0
02-11 15:00,290.8,0.0,0.0,228.5,62.29999923706055,0,0,0,0
02-11 16:00,308.3,0.0,0.0,239.39999389648438,68.9000015258789,0,0,0,0
02-11 17:00,301.9,0.0,0.0,233.60000610351562,68.30000305175781,0,0,0,0
02-11 18:00,296.8,0.0,0.0,231.89999389648438,64.9000015258789,0,0,0,0
02-11 19:00,276.1,0.0,0.0,217.5,58.599998474121094,0,0,0,0
02-11 20:00,200.2,0.0,0.0,161.89999389648438,38.29999923706055,0,0,0,0
02-11 21:00,141.8,0.0,0.0,120.5,21.299999237060547,0,0,0,0
02-11 22:00,105.8,0.0,0.0,94.80000305175781,11.0,0,0,0,0
02-11 23:00,87.4,0.0,0.0,86.69999694824219,0.699999988079071,0,0,0,0
03-11 00:00,72.4,0.0,0.0,72.4000015258789,0.0,0,0,0,0
03-11 01:00,72.5,0.0,0.0,72.5,0.0,0,0,0,0
03-11 02:00,70.4,0.0,0.0,70.4000015258789,0.0,0,0,0,0
03-11 03:00,71.1,0.0,0.0,71.0999984741211,0.0,0,0,0,0
03-11 04:00,60.7,0.0,0.0,60.599998474121094,0.0,0,0,0,0
03-11 05:00,74.7,0.0,0.0,74.69999694824219,0.0,0,0,0,0
03-11 06:00,80.2,0.0,0.0,80.19999694824219,0.0,0,0,0,0
03-11 07:00,88.9,0.0,0.0,87.4000015258789,1.5,0,0,0,0
03-11 08:00,85.2,0.0,0.0,78.9000015258789,6.300000190734863,0,0,0,0
03-11 09:00,98.9,0.0,0.0,85.4000015258789,13.5,0,0,0,0
03-11 10:00,126.0,0.0,0.0,101.4000015258789,24.600000381469727,0,0,0,0
03-11 11:00,151.0,0.0,0.0,116.0999984741211,34.900001525878906,0,0,0,0
03-11 12:00,177.2,0.0,0.0,132.60000610351562,44.599998474121094,0,0,0,0
03-11 13:00,193.3,0.0,0.0,144.10000610351562,49.20000076293945,0,0,0,0
03-11 14:00,219.9,0.0,0.0,163.3000030517578,56.599998474121094,0,0,0,0
03-11 15:00,205.7,0.0,0.0,149.6999969482422,56.0,0,0,0,0
03-11 16:00,207.9,0.0,0.0,154.0,53.900001525878906,0,0,0,0
03-11 17:00,160.5,0.0,0.0,124.19999694824219,36.29999923706055,0,0,0,0
03-11 18:00,140.2,0.0,0.0,114.4000015258789,25.799999237060547,0,0,0,0
03-11 19:00,145.9,0.0,0.0,125.4000015258789,20.600000381469727,0,0,0,0
03-11 20:00,98.4,0.0,0.0,87.0,11.399999618530273,0,0,0,0
03-11 21:00,102.2,0.0,0.0,95.5999984741211,6.599999904632568,0,0,0,0
03-11 22:00,89.6,0.0,0.0,87.4000015258789,2.200000047683716,0,0,0,0
03-11 23:00,73.7,0.0,0.0,73.5999984741211,0.0,0,0,0,0
04-11 00:00,85.4,0.0,0.0,85.4000015258789,0.0,0,0,0,0
04-11 01:00,81.5,0.0,0.0,81.5,0.0,0,0,0,0
04-11 02:00,77.2,0.0,0.0,77.19999694824219,0.0,0,0,0,0
04-11 03:00,77.2,0.0,0.0,77.19999694824219,0.0,0,0,0,0
04-11 04:00,77.2,0.0,0.0,77.19999694824219,0.0,0,0,0,0
04-11 05:00,78.3,0.0,0.0,78.30000305175781,0.0,0,0,0,0
04-11 06:00,89.4,0.0,0.0,89.4000015258789,0.0,0,0,0,0
04-11 07:00,95.3,0.0,0.0,91.69999694824219,3.5999999046325684,0,0,0,0
04-11 08:00,100.0,0.0,0.0,91.69999694824219,8.300000190734863,0,0,0,0
04-11 09:00,100.0,0.0,0.0,87.30000305175781,12.699999809265137,0,0,0,0
04-11 10:00,106.1,0.0,0.0,90.0,16.100000381469727,0,0,0,0
04-11 11:00,104.5,0.0,0.0,85.9000015258789,18.600000381469727,0,0,0,0
04-11 12:00,108.0,0.0,0.0,85.0999984741211,22.899999618530273,0,0,0,0
04-11 13:00,137.2,0.0,0.0,105.19999694824219,32.0,0,0,0,0
04-11 14:00,159.1,0.0,0.0,120.4000015258789,38.70000076293945,0,0,0,0
04-11 15:00,162.9,0.0,0.0,123.4000015258789,39.599998474121094,0,0,0,0
04-11 16:00,164.6,0.0,0.0,126.4000015258789,38.20000076293945,0,0,0,0
04-11 17:00,159.6,0.0,0.0,126.80000305175781,32.79999923706055,0,0,0,0
04-11 18:00,126.9,0.0,0.0,104.4000015258789,22.600000381469727,0,0,0,0
04-11 19:00,107.6,0.0,0.0,90.5999984741211,17.0,0,0,0,0
04-11 20:00,84.5,0.0,0.0,71.5,13.0,0,0,0,0
04-11 21:00,72.3,0.0,0.0,64.5,7.800000190734863,0,0,0,0
04-11 22:00,67.0,0.0,0.0,65.5999984741211,1.399999976158142,0,0,0,0
04-11 23:00,67.6,0.0,0.0,66.19999694824219,1.399999976158142,0,0,0,0
05-11 00:00,72.4,0.0,0.0,72.4000015258789,0.0,0,0,0,0
05-11 01:00,74.0,0.0,0.0,74.0,0.0,0,0,0,0
05-11 02:00,67.0,0.0,0.0,67.0,0.0,0,0,0,0
05-11 03:00,72.6,0.0,0.0,72.5999984741211,0.0,0,0,0,0
05-11 04:00,83.4,0.0,0.0,83.4000015258789,0.0,0,0,0,0
05-11 05:00,78.7,0.0,0.0,78.69999694824219,0.0,0,0,0,0
05-11 06:00,105.2,0.0,0.0,101.5999984741211,3.5999999046325684,0,0,0,0
05-11 07:00,138.4,0.0,0.0,117.80000305175781,20.600000381469727,0,0,0,0
05-11 08:00,165.8,0.0,0.0,136.3000030517578,29.5,0,0,0,0
05-11 09:00,168.7,0.0,0.0,134.10000610351562,34.599998474121094,0,0,0,0
05-11 10:00,178.3,0.0,0.0,138.0,40.29999923706055,0,0,0,0
05-11 11:00,162.7,0.0,0.0,122.5,40.20000076293945,0,0,0,0
05-11 12:00,164.7,0.0,0.0,123.80000305175781,40.900001525878906,0,0,0,0
05-11 13:00,170.2,0.0,0.0,124.69999694824219,45.5,0,0,0,0
05-11 14:00,197.6,0.0,0.0,144.89999389648438,52.70000076293945,0,0,0,0
05-11 15:00,218.8,0.0,0.0,159.89999389648438,58.900001525878906,0,0,0,0
05-11 16:00,243.3,0.0,0.0,176.8000030517578,66.5,0,0,0,0
05-11 17:00,247.1,0.0,0.0,179.1999969482422,67.9000015258789,0,0,0,0
05-11 18:00,255.1,0.0,0.0,187.1999969482422,67.9000015258789,0,0,0,0
05-11 19:00,214.4,0.0,0.0,158.89999389648438,55.5,0,0,0,0
05-11 20:00,162.2,0.0,0.0,125.69999694824219,36.400001525878906,0,0,0,0
05-11 21:00,116.1,0.0,0.0,94.5,21.600000381469727,0,0,0,0
05-11 22:00,79.0,0.0,0.0,68.69999694824219,10.300000190734863,0,0,0,0
05-11 23:00,64.8,0.0,0.0,64.0,0.699999988079071,0,0,0,0
06-11 00:00,65.7,0.0,0.0,65.5999984741211,0.0,0,0,0,0
06-11 01:00,65.7,0.0,0.0,65.69999694824219,0.0,0,0,0,0
06-11 02:00,64.9,0.0,0.0,64.9000015258789,0.0,0,0,0,0
06-11 03:00,63.0,0.0,0.0,63.0,0.0,0,0,0,0
06-11 04:00,69.0,0.0,0.0,69.0,0.0,0,0,0,0
06-11 05:00,72.8,0.0,0.0,72.80000305175781,0.0,0,0,0,0
06-11 06:00,85.2,0.0,0.0,81.80000305175781,3.4000000953674316,0,0,0,0
06-11 07:00,126.6,0.0,0.0,103.9000015258789,22.700000762939453,0,0,0,0
06-11 08:00,152.7,0.0,0.0,120.69999694824219,32.0,0,0,0,0
06-11 09:00,158.2,0.0,0.0,121.69999694824219,36.5,0,0,0,0
06-11 10:00,164.3,0.0,0.0,124.30000305175781,40.0,0,0,0,0
06-11 11:00,165.5,0.0,0.0,123.19999694824219,42.29999923706055,0,0,0,0
06-11 12:00,147.8,0.0,0.0,108.0,39.70000076293945,0,0,0,0
06-11 13:00,162.8,0.0,0.0,117.69999694824219,45.099998474121094,0,0,0,0
06-11 14:00,190.8,0.0,0.0,138.0,52.79999923706055,0,0,0,0
06-11 15:00,211.2,0.0,0.0,152.1999969482422,59.0,0,0,0,0
06-11 16:00,244.1,0.0,0.0,174.8000030517578,69.30000305175781,0,0,0,0
06-11 17:00,255.8,0.0,0.0,185.0,70.80000305175781,0,0,0,0
06-11 18:00,236.0,0.0,0.0,172.6999969482422,63.29999923706055,0,0,0,0
06-11 19:00,214.4,0.0,0.0,158.8000030517578,55.599998474121094,0,0,0,0
06-11 20:00,178.1,0.0,0.0,136.8000030517578,41.29999923706055,0,0,0,0
06-11 21:00,118.4,0.0,0.0,97.0999984741211,21.299999237060547,0,0,0,0
06-11 22:00,87.3,0.0,0.0,76.69999694824219,10.600000381469727,0,0,0,0
06-11 23:00,80.7,0.0,0.0,80.0,0.699999988079071,0,0,0,0
07-11 00:00,78.9,0.0,0.0,78.9000015258789,0.0,0,0,0,0
07-11 01:00,87.3,0.0,0.0,87.30000305175781,0.0,0,0,0,0
07-11 02:00,79.1,0.0,0.0,79.0999984741211,0.0,0,0,0,0
07-11 03:00,73.7,0.0,0.0,73.69999694824219,0.0,0,0,0,0
07-11 04:00,86.3,0.0,0.0,86.30000305175781,0.0,0,0,0,0
07-11 05:00,92.0,0.0,0.0,92.0,0.0,0,0,0,0
07-11 06:00,109.0,0.0,0.0,105.5,3.5999999046325684,0,0,0,0
07-11 07:00,142.8,0.0,0.0,121.5,21.299999237060547,0,0,0,0
07-11 08:00,188.4,0.0,0.0,155.39999389648438,33.0,0,0,0,0
07-11 09:00,211.8,0.0,0.0,172.6999969482422,39.099998474121094,0,0,0,0
07-11 10:00,213.0,0.0,0.0,171.3000030517578,41.70000076293945,0,0,0,0
07-11 11:00,197.8,0.0,0.0,157.5,40.29999923706055,0,0,0,0
07-11 12:00,197.0,0.0,0.0,155.10000610351562,41.900001525878906,0,0,0,0
07-11 13:00,212.1,0.0,0.0,163.6999969482422,48.400001525878906,0,0,0,0
07-11 14:00,216.6,0.0,0.0,167.1999969482422,49.400001525878906,0,0,0,0
07-11 15:00,241.3,0.0,0.0,183.39999389648438,57.900001525878906,0,0,0,0
07-11 16:00,267.0,0.0,0.0,203.60000610351562,63.400001525878906,0,0,0,0
07-11 17:00,321.0,0.0,0.0,245.8000030517578,75.19999694824219,0,0,0,0
07-11 18:00,309.6,0.0,0.0,239.5,70.0999984741211,0,0,0,0
07-11 19:00,247.5,0.0,0.0,192.0,55.599998474121094,0,0,0,0
07-11 20:00,205.1,0.0,0.0,163.8000030517578,41.29999923706055,0,0,0,0
07-11 21:00,142.4,0.0,0.0,120.0,22.399999618530273,0,0,0,0
07-11 22:00,96.4,0.0,0.0,86.0999984741211,10.300000190734863,0,0,0,0
07-11 23:00,78.8,0.0,0.0,78.0999984741211,0.699999988079071,0,0,0,0
08-11 00:00,77.1,0.0,0.0,77.0,0.0,0,0,0,0
08-11 01:00,86.4,0.0,0.0,86.4000015258789,0.0,0,0,0,0
08-11 02:00,77.5,0.0,0.0,77.5,0.0,0,0,0,0
08-11 03:00,77.9,0.0,0.0,77.9000015258789,0.0,0,0,0,0
08-11 04:00,70.1,0.0,0.0,70.0999984741211,0.0,0,0,0,0
08-11 05:00,83.3,0.0,0.0,83.30000305175781,0.0,0,0,0,0
08-11 06:00,78.1,0.0,0.0,74.80000305175781,3.299999952316284,0,0,0,0
08-11 07:00,109.7,0.0,0.0,87.5,22.200000762939453,0,0,0,0
08-11 08:00,126.0,0.0,0.0,96.4000015258789,29.600000381469727,0,0,0,0
08-11 09:00,145.0,0.0,0.0,107.30000305175781,37.70000076293945,0,0,0,0
08-11 10:00,138.0,0.0,0.0,98.30000305175781,39.70000076293945,0,0,0,0
08-11 11:00,154.0,0.0,0.0,109.5,44.5,0,0,0,0
08-11 12:00,148.8,0.0,0.0,105.5999984741211,43.20000076293945,0,0,0,0
08-11 13:00,157.2,0.0,0.0,110.0999984741211,47.099998474121094,0,0,0,0
08-11 14:00,159.4,0.0,0.0,109.4000015258789,50.0,0,0,0,0
08-11 15:00,198.1,0.0,0.0,135.89999389648438,62.20000076293945,0,0,0,0
08-11 16:00,207.5,0.0,0.0,141.39999389648438,66.0999984741211,0,0,0,0
08-11 17:00,206.8,0.0,0.0,136.5,70.4000015258789,0,0,0,0
08-11 18:00,208.4,0.0,0.0,139.5,68.9000015258789,0,0,0,0
08-11 19:00,168.1,0.0,0.0,113.5,54.599998474121094,0,0,0,0
08-11 20:00,130.7,0.0,0.0,93.30000305175781,37.400001525878906,0,0,0,0
08-11 21:00,90.2,0.0,0.0,69.0999984741211,21.100000381469727,0,0,0,0
08-11 22:00,56.9,0.0,0.0,46.0,10.899999618530273,0,0,0,0
08-11 23:00,47.3,0.0,0.0,46.599998474121094,0.699999988079071,0,0,0,0
09-11 00:00,43.0,0.0,0.0,43.0,0.0,0,0,0,0
09-11 01:00,57.8,0.0,0.0,57.79999923706055,0.0,0,0,0,0
09-11 02:00,55.1,0.0,0.0,55.099998474121094,0.0,0,0,0,0
09-11 03:00,51.4,0.0,0.0,51.400001525878906,0.0,0,0,0,0
09-11 04:00,53.0,0.0,0.0,53.0,0.0,0,0,0,0
09-11 05:00,56.1,0.0,0.0,56.099998474121094,0.0,0,0,0,0
09-11 06:00,71.1,0.0,0.0,67.4000015258789,3.700000047683716,0,0,0,0
09-11 07:00,99.4,0.0,0.0,77.4000015258789,22.0,0,0,0,0
09-11 08:00,116.6,0.0,0.0,86.9000015258789,29.700000762939453,0,0,0,0
09-11 09:00,138.9,0.0,0.0,101.9000015258789,37.0,0,0,0,0
09-11 10:00,146.1,0.0,0.0,105.0999984741211,41.0,0,0,0,0
09-11 11:00,147.8,0.0,0.0,106.0999984741211,41.70000076293945,0,0,0,0
09-11 12:00,133.9,0.0,0.0,94.0,39.900001525878906,0,0,0,0
09-11 13:00,154.8,0.0,0.0,107.19999694824219,47.599998474121094,0,0,0,0
09-11 14:00,164.2,0.0,0.0,113.5999984741211,50.599998474121094,0,0,0,0
09-11 15:00,189.1,0.0,0.0,128.0,61.099998474121094,0,0,0,0
09-11 16:00,221.7,0.0,0.0,151.5,70.19999694824219,0,0,0,0
09-11 17:00,221.9,0.0,0.0,149.3000030517578,72.5999984741211,0,0,0,0
09-11 18:00,212.9,0.0,0.0,145.3000030517578,67.5999984741211,0,0,0,0
09-11 19:00,184.7,0.0,0.0,127.80000305175781,56.900001525878906,0,0,0,0
09-11 20:00,139.9,0.0,0.0,100.9000015258789,39.0,0,0,0,0
09-11 21:00,99.5,0.0,0.0,79.0,20.5,0,0,0,0
09-11 22:00,68.6,0.0,0.0,58.0,10.600000381469727,0,0,0,0
09-11 23:00,56.8,0.0,0.0,56.099998474121094,0.699999988079071,0,0,0,0
10-11 00:00,57.8,0.0,0.0,57.79999923706055,0.0,0,0,0,0
10-11 01:00,60.1,0.0,0.0,60.099998474121094,0.0,0,0,0,0
10-11 02:00,56.6,0.0,0.0,56.599998474121094,0.0,0,0,0,0
10-11 03:00,56.6,0.0,0.0,56.599998474121094,0.0,0,0,0,0
10-11 04:00,61.5,0.0,0.0,61.5,0.0,0,0,0,0
10-11 05:00,58.8,0.0,0.0,58.79999923706055,0.0,0,0,0,0
10-11 06:00,64.4,0.0,0.0,64.4000015258789,0.0,0,0,0,0
10-11 07:00,65.6,0.0,0.0,64.19999694824219,1.399999976158142,0,0,0,0
10-11 08:00,72.1,0.0,0.0,65.9000015258789,6.199999809265137,0,0,0,0
10-11 09:00,88.2,0.0,0.0,74.0999984741211,14.100000381469727,0,0,0,0
10-11 10:00,114.4,0.0,0.0,88.5,25.899999618530273,0,0,0,0
10-11 11:00,129.7,0.0,0.0,94.80000305175781,34.900001525878906,0,0,0,0
10-11 12:00,152.5,0.0,0.0,109.69999694824219,42.79999923706055,0,0,0,0
10-11 13:00,179.0,0.0,0.0,126.19999694824219,52.79999923706055,0,0,0,0
10-11 14:00,193.7,0.0,0.0,135.89999389648438,57.79999923706055,0,0,0,0
10-11 15:00,180.0,0.0,0.0,125.19999694824219,54.79999923706055,0,0,0,0
10-11 16:00,190.6,0.0,0.0,133.39999389648438,57.20000076293945,0,0,0,0
10-11 17:00,139.1,0.0,0.0,102.80000305175781,36.29999923706055,0,0,0,0
10-11 18:00,113.0,0.0,0.0,86.30000305175781,26.700000762939453,0,0,0,0
10-11 19:00,95.6,0.0,0.0,77.0,18.600000381469727,0,0,0,0
10-11 20:00,72.8,0.0,0.0,61.29999923706055,11.5,0,0,0,0
10-11 21:00,73.9,0.0,0.0,67.4000015258789,6.5,0,0,0,0
10-11 22:00,75.7,0.0,0.0,73.5,2.200000047683716,0,0,0,0
10-11 23:00,74.4,0.0,0.0,74.4000015258789,0.0,0,0,0,0
11-11 00:00,73.9,0.0,0.0,73.9000015258789,0.0,0,0,0,0
11-11 01:00,77.5,0.0,0.0,77.5,0.0,0,0,0,0
11-11 02:00,79.5,0.0,0.0,79.5,0.0,0,0,0,0
11-11 03:00,78.0,0.0,0.0,78.0,0.0,0,0,0,0
11-11 04:00,82.8,0.0,0.0,82.80000305175781,0.0,0,0,0,0
11-11 05:00,84.5,0.0,0.0,84.5,0.0,0,0,0,0
11-11 06:00,80.3,0.0,0.0,80.30000305175781,0.0,0,0,0,0
11-11 07:00,96.1,0.0,0.0,92.4000015258789,3.700000047683716,0,0,0,0
11-11 08:00,90.0,0.0,0.0,81.69999694824219,8.300000190734863,0,0,0,0
11-11 09:00,100.2,0.0,0.0,88.0999984741211,12.100000381469727,0,0,0,0
11-11 10:00,94.2,0.0,0.0,78.4000015258789,15.800000190734863,0,0,0,0
11-11 11:00,92.5,0.0,0.0,74.30000305175781,18.200000762939453,0,0,0,0
11-11 12:00,101.0,0.0,0.0,75.69999694824219,25.299999237060547,0,0,0,0
11-11 13:00,131.6,0.0,0.0,96.19999694824219,35.400001525878906,0,0,0,0
11-11 14:00,134.5,0.0,0.0,97.0,37.599998474121094,0,0,0,0
11-11 15:00,150.0,0.0,0.0,110.4000015258789,39.599998474121094,0,0,0,0
11-11 16:00,165.9,0.0,0.0,124.0,41.79999923706055,0,0,0,0
11-11 17:00,135.9,0.0,0.0,105.5999984741211,30.299999237060547,0,0,0,0
11-11 18:00,103.6,0.0,0.0,83.4000015258789,20.200000762939453,0,0,0,0
11-11 19:00,105.0,0.0,0.0,86.69999694824219,18.299999237060547,0,0,0,0
11-11 20:00,86.9,0.0,0.0,74.30000305175781,12.600000381469727,0,0,0,0
11-11 21:00,79.9,0.0,0.0,71.9000015258789,8.0,0,0,0,0
11-11 22:00,66.6,0.0,0.0,65.19999694824219,1.399999976158142,0,0,0,0
11-11 23:00,65.4,0.0,0.0,64.0,1.399999976158142,0,0,0,0
12-11 00:00,72.6,0.0,0.0,72.5999984741211,0.0,0,0,0,0
12-11 01:00,77.3,0.0,0.0,77.30000305175781,0.0,0,0,0,0
12-11 02:00,67.2,0.0,0.0,67.19999694824219,0.0,0,0,0,0
12-11 03:00,62.2,0.0,0.0,62.20000076293945,0.0,0,0,0,0
12-11 04:00,60.0,0.0,0.0,60.0,0.0,0,0,0,0
12-11 05:00,60.1,0.0,0.0,60.099998474121094,0.0,0,0,0,0
12-11 06:00,81.9,0.0,0.0,78.0999984741211,3.799999952316284,0,0,0,0
12-11 07:00,115.7,0.0,0.0,93.5999984741211,22.100000381469727,0,0,0,0
12-11 08:00,124.3,0.0,0.0,94.80000305175781,29.5,0,0,0,0
12-11 09:00,136.0,0.0,0.0,100.30000305175781,35.70000076293945,0,0,0,0
12-11 10:00,136.0,0.0,0.0,96.5,39.5,0,0,0,0
12-11 11:00,141.5,0.0,0.0,98.0,43.5,0,0,0,0
12-11 12:00,135.2,0.0,0.0,93.5,41.70000076293945,0,0,0,0
12-11 13:00,148.8,0.0,0.0,99.0999984741211,49.70000076293945,0,0,0,0
12-11 14:00,155.5,0.0,0.0,106.19999694824219,49.29999923706055,0,0,0,0
12-11 15:00,189.8,0.0,0.0,127.19999694824219,62.599998474121094,0,0,0,0
12-11 16:00,185.3,0.0,0.0,123.5,61.79999923706055,0,0,0,0
12-11 17:00,206.4,0.0,0.0,137.8000030517578,68.5999984741211,0,0,0,0
12-11 18:00,218.8,0.0,0.0,148.1999969482422,70.5999984741211,0,0,0,0
12-11 19:00,188.6,0.0,0.0,131.39999389648438,57.20000076293945,0,0,0,0
12-11 20:00,141.2,0.0,0.0,102.4000015258789,38.79999923706055,0,0,0,0
12-11 21:00,96.0,0.0,0.0,75.0,21.0,0,0,0,0
12-11 22:00,79.5,0.0,0.0,68.5,11.0,0,0,0,0
12-11 23:00,72.6,0.0,0.0,71.9000015258789,0.699999988079071,0,0,0,0
13-11 00:00,76.4,0.0,0.0,76.4000015258789,0.0,0,0,0,0
13-11 01:00,90.1,0.0,0.0,90.0999984741211,0.0,0,0,0,0
13-11 02:00,78.9,0.0,0.0,78.9000015258789,0.0,0,0,0,0
13-11 03:00,91.7,0.0,0.0,91.69999694824219,0.0,0,0,0,0
13-11 04:00,94.2,0.0,0.0,94.19999694824219,0.0,0,0,0,0
13-11 05:00,103.8,0.0,0.0,103.80000305175781,0.0,0,0,0,0
13-11 06:00,119.2,0.0,0.0,115.69999694824219,3.5,0,0,0,0
13-11 07:00,159.6,0.0,0.0,137.6999969482422,21.899999618530273,0,0,0,0
13-11 08:00,191.5,0.0,0.0,160.10000610351562,31.399999618530273,0,0,0,0
13-11 09:00,189.5,0.0,0.0,152.60000610351562,36.900001525878906,0,0,0,0
13-11 10:00,191.0,0.0,0.0,150.1999969482422,40.79999923706055,0,0,0,0
13-11 11:00,182.3,0.0,0.0,141.60000610351562,40.70000076293945,0,0,0,0
13-11 12:00,182.7,0.0,0.0,141.6999969482422,41.0,0,0,0,0
13-11 13:00,187.5,0.0,0.0,142.39999389648438,45.099998474121094,0,0,0,0
13-11 14:00,197.3,0.0,0.0,149.89999389648438,47.400001525878906,0,0,0,0
13-11 15:00,232.4,0.0,0.0,174.0,58.400001525878906,0,0,0,0
13-11 16:00,282.3,0.0,0.0,212.39999389648438,70.0,0,0,0,0
13-11 17:00,287.2,0.0,0.0,213.5,73.69999694824219,0,0,0,0
13-11 18:00,280.9,0.0,0.0,212.89999389648438,68.0,0,0,0,0
13-11 19:00,231.3,0.0,0.0,177.0,54.400001525878906,0,0,0,0
13-11 20:00,171.7,0.0,0.0,135.1999969482422,36.5,0,0,0,0
13-11 21:00,143.0,0.0,0.0,120.19999694824219,22.799999237060547,0,0,0,0
13-11 22:00,107.2,0.0,0.0,96.4000015258789,10.800000190734863,0,0,0,0
13-11 23:00,100.6,0.0,0.0,99.9000015258789,0.699999988079071,0,0,0,0
14-11 00:00,110.0,0.0,0.0,110.0,0.0,0,0,0,0
14-11 01:00,111.8,0.0,0.0,111.80000305175781,0.0,0,0,0,0
14-11 02:00,106.8,0.0,0.0,106.80000305175781,0.0,0,0,0,0
14-11 03:00,125.8,0.0,0.0,125.80000305175781,0.0,0,0,0,0
14-11 04:00,114.9,0.0,0.0,114.9000015258789,0.0,0,0,0,0
14-11 05:00,130.3,0.0,0.0,130.3000030517578,0.0,0,0,0,0
14-11 06:00,151.6,0.0,0.0,147.89999389648438,3.700000047683716,0,0,0,0
14-11 07:00,185.3,0.0,0.0,163.60000610351562,21.700000762939453,0,0,0,0
14-11 08:00,207.2,0.0,0.0,178.1999969482422,29.0,0,0,0,0
14-11 09:00,222.2,0.0,0.0,187.1999969482422,35.099998474121094,0,0,0,0
14-11 10:00,233.9,0.0,0.0,192.1999969482422,41.599998474121094,0,0,0,0
14-11 11:00,222.0,0.0,0.0,179.60000610351562,42.400001525878906,0,0,0,0
14-11 12:00,214.2,0.0,0.0,170.1999969482422,44.0,0,0,0,0
14-11 13:00,222.2,0.0,0.0,175.1999969482422,47.0,0,0,0,0
14-11 14:00,223.1,0.0,0.0,174.60000610351562,48.400001525878906,0,0,0,0
14-11 15:00,269.5,0.0,0.0,210.39999389648438,59.099998474121094,0,0,0,0
14-11 16:00,315.3,0.0,0.0,248.60000610351562,66.69999694824219,0,0,0,0
14-11 17:00,343.9,0.0,0.0,270.1000061035156,73.80000305175781,0,0,0,0
14-11 18:00,362.4,0.0,0.0,288.79998779296875,73.5,0,0,0,0
14-11 19:00,313.3,0.0,0.0,253.10000610351562,60.20000076293945,0,0,0,0
14-11 20:00,243.4,0.0,0.0,202.89999389648438,40.5,0,0,0,0
14-11 21:00,178.0,0.0,0.0,156.3000030517578,21.700000762939453,0,0,0,0
14-11 22:00,141.1,0.0,0.0,130.3000030517578,10.800000190734863,0,0,0,0
14-11 23:00,125.7,0.0,0.0,125.0,0.699999988079071,0,0,0,0
15-11 00:00,133.2,0.0,0.0,133.1999969482422,0.0,0,0,0,0
15-11 01:00,138.0,0.0,0.0,138.0,0.0,0,0,0,0
15-11 02:00,133.4,0.0,0.0,133.39999389648438,0.0,0,0,0,0
15-11 03:00,128.4,0.0,0.0,128.39999389648438,0.0,0,0,0,0
15-11 04:00,129.3,0.0,0.0,129.3000030517578,0.0,0,0,0,0
15-11 05:00,143.1,0.0,0.0,143.10000610351562,0.0,0,0,0,0
15-11 06:00,166.0,0.0,0.0,162.5,3.5999999046325684,0,0,0,0
15-11 07:00,209.0,0.0,0.0,187.5,21.5,0,0,0,0
15-11 08:00,256.1,0.0,0.0,224.60000610351562,31.5,0,0,0,0
15-11 09:00,292.3,0.0,0.0,252.10000610351562,40.20000076293945,0,0,0,0
15-11 10:00,257.1,0.0,0.0,217.39999389648438,39.70000076293945,0,0,0,0
15-11 11:00,251.2,0.0,0.0,210.0,41.20000076293945,0,0,0,0
15-11 12:00,244.9,0.0,0.0,202.0,42.79999923706055,0,0,0,0
15-11 13:00,256.2,0.0,0.0,208.60000610351562,47.599998474121094,0,0,0,0
15-11 14:00,275.2,0.0,0.0,225.6999969482422,49.5,0,0,0,0
15-11 15:00,291.7,0.0,0.0,236.8000030517578,54.900001525878906,0,0,0,0
15-11 16:00,375.7,0.0,0.0,306.8999938964844,68.80000305175781,0,0,0,0
15-11 17:00,388.4,0.0,0.0,315.8999938964844,72.5,0,0,0,0
15-11 18:00,389.0,0.0,0.0,321.5,67.5,0,0,0,0
15-11 19:00,359.6,0.0,0.0,299.29998779296875,60.29999923706055,0,0,0,0
15-11 20:00,273.6,0.0,0.0,233.8000030517578,39.79999923706055,0,0,0,0
15-11 21:00,199.8,0.0,0.0,178.5,21.299999237060547,0,0,0,0
15-11 22:00,155.3,0.0,0.0,144.39999389648438,10.899999618530273,0,0,0,0
15-11 23:00,143.8,0.0,0.0,143.10000610351562,0.699999988079071,0,0,0,0
16-11 00:00,159.9,0.0,0.0,159.89999389648438,0.0,0,0,0,0
16-11 01:00,162.8,0.0,0.0,162.8000030517578,0.0,0,0,0,0
16-11 02:00,153.6,0.0,0.0,153.60000610351562,0.0,0,0,0,0
16-11 03:00,157.9,0.0,0.0,157.89999389648438,0.0,0,0,0,0
16-11 04:00,167.3,0.0,0.0,167.3000030517578,0.0,0,0,0,0
16-11 05:00,163.6,0.0,0.0,163.60000610351562,0.0,0,0,0,0
16-11 06:00,197.6,0.0,0.0,194.0,3.5999999046325684,0,0,0,0
16-11 07:00,250.6,0.0,0.0,229.10000610351562,21.600000381469727,0,0,0,0
16-11 08:00,324.0,0.0,0.0,290.0,34.0,0,0,0,0
16-11 09:00,306.7,0.0,0.0,271.8999938964844,34.79999923706055,0,0,0,0
16-11 10:00,335.7,0.0,0.0,295.20001220703125,40.5,0,0,0,0
16-11 11:00,353.1,0.0,0.0,310.20001220703125,42.900001525878906,0,0,0,0
16-11 12:00,346.1,0.0,0.0,302.8999938964844,43.20000076293945,0,0,0,0
16-11 13:00,362.2,0.0,0.0,315.0,47.20000076293945,0,0,0,0
16-11 14:00,375.5,0.0,0.0,326.3999938964844,49.099998474121094,0,0,0,0
16-11 15:00,438.5,0.0,0.0,377.3999938964844,61.099998474121094,0,0,0,0
16-11 16:00,493.7,0.0,0.0,423.5,70.19999694824219,0,0,0,0
16-11 17:00,499.6,0.0,0.0,425.6000061035156,74.0,0,0,0,0
16-11 18:00,480.8,0.0,0.0,413.20001220703125,67.5999984741211,0,0,0,0
16-11 19:00,428.4,0.0,0.0,370.3999938964844,58.0,0,0,0,0
16-11 20:00,325.2,0.0,0.0,285.79998779296875,39.400001525878906,0,0,0,0
16-11 21:00,235.9,0.0,0.0,213.6999969482422,22.200000762939453,0,0,0,0
16-11 22:00,163.7,0.0,0.0,153.39999389648438,10.300000190734863,0,0,0,0
16-11 23:00,148.6,0.0,0.0,147.8000030517578,0.699999988079071,0,0,0,0
17-11 00:00,140.4,0.0,0.0,140.39999389648438,0.0,0,0,0,0
17-11 01:00,142.1,0.0,0.0,142.10000610351562,0.0,0,0,0,0
17-11 02:00,147.9,0.0,0.0,147.8000030517578,0.0,0,0,0,0
17-11 03:00,140.8,0.0,0.0,140.8000030517578,0.0,0,0,0,0
17-11 04:00,146.4,0.0,0.0,146.39999389648438,0.0,0,0,0,0
17-11 05:00,145.1,0.0,0.0,145.10000610351562,0.0,0,0,0,0
17-11 06:00,155.4,0.0,0.0,155.39999389648438,0.0,0,0,0,0
17-11 07:00,156.8,0.0,0.0,155.3000030517578,1.5,0,0,0,0
17-11 08:00,166.0,0.0,0.0,159.5,6.5,0,0,0,0
17-11 09:00,215.1,0.0,0.0,200.1999969482422,14.899999618530273,0,0,0,0
17-11 10:00,244.6,0.0,0.0,219.1999969482422,25.399999618530273,0,0,0,0
17-11 11:00,278.6,0.0,0.0,245.1999969482422,33.400001525878906,0,0,0,0
17-11 12:00,334.2,0.0,0.0,290.5,43.70000076293945,0,0,0,0
17-11 13:00,352.6,0.0,0.0,303.3999938964844,49.20000076293945,0,0,0,0
17-11 14:00,383.5,0.0,0.0,329.20001220703125,54.400001525878906,0,0,0,0
17-11 15:00,380.4,0.0,0.0,325.1000061035156,55.29999923706055,0,0,0,0
17-11 16:00,376.8,0.0,0.0,323.0,53.79999923706055,0,0,0,0
17-11 17:00,278.7,0.0,0.0,243.5,35.20000076293945,0,0,0,0
17-11 18:00,265.2,0.0,0.0,235.5,29.700000762939453,0,0,0,0
17-11 19:00,226.7,0.0,0.0,206.3000030517578,20.399999618530273,0,0,0,0
17-11 20:00,152.5,0.0,0.0,141.6999969482422,10.800000190734863,0,0,0,0
17-11 21:00,144.2,0.0,0.0,137.89999389648438,6.300000190734863,0,0,0,0
17-11 22:00,130.2,0.0,0.0,128.1999969482422,2.0,0,0,0,0
17-11 23:00,135.0,0.0,0.0,135.0,0.0,0,0,0,0
18-11 00:00,126.2,0.0,0.0,126.19999694824219,0.0,0,0,0,0
18-11 01:00,134.1,0.0,0.0,134.10000610351562,0.0,0,0,0,0
18-11 02:00,127.7,0.0,0.0,127.69999694824219,0.0,0,0,0,0
18-11 03:00,115.4,0.0,0.0,115.4000015258789,0.0,0,0,0,0
18-11 04:00,125.2,0.0,0.0,125.19999694824219,0.0,0,0,0,0
18-11 05:00,136.2,0.0,0.0,136.1999969482422,0.0,0,0,0,0
18-11 06:00,138.7,0.0,0.0,138.6999969482422,0.0,0,0,0,0
18-11 07:00,144.8,0.0,0.0,141.1999969482422,3.5999999046325684,0,0,0,0
18-11 08:00,170.1,0.0,0.0,161.0,9.100000381469727,0,0,0,0
18-11 09:00,147.7,0.0,0.0,136.8000030517578,11.0,0,0,0,0
18-11 10:00,180.4,0.0,0.0,164.1999969482422,16.200000762939453,0,0,0,0
18-11 11:00,178.8,0.0,0.0,160.1999969482422,18.600000381469727,0,0,0,0
18-11 12:00,226.9,0.0,0.0,199.10000610351562,27.799999237060547,0,0,0,0
18-11 13:00,245.5,0.0,0.0,211.5,34.0,0,0,0,0
18-11 14:00,271.2,0.0,0.0,231.6999969482422,39.5,0,0,0,0
18-11 15:00,273.4,0.0,0.0,233.39999389648438,40.0,0,0,0,0
18-11 16:00,272.9,0.0,0.0,233.1999969482422,39.79999923706055,0,0,0,0
18-11 17:00,237.7,0.0,0.0,205.89999389648438,31.799999237060547,0,0,0,0
18-11 18:00,195.5,0.0,0.0,172.89999389648438,22.600000381469727,0,0,0,0
18-11 19:00,161.2,0.0,0.0,144.6999969482422,16.5,0,0,0,0
18-11 20:00,153.0,0.0,0.0,140.10000610351562,12.899999618530273,0,0,0,0
18-11 21:00,129.9,0.0,0.0,122.5,7.400000095367432,0,0,0,0
18-11 22:00,139.4,0.0,0.0,137.89999389648438,1.5,0,0,0,0
18-11 23:00,137.4,0.0,0.0,136.0,1.399999976158142,0,0,0,0
19-11 00:00,125.1,0.0,0.0,125.0999984741211,0.0,0,0,0,0
19-11 01:00,126.2,0.0,0.0,126.19999694824219,0.0,0,0,0,0
19-11 02:00,122.1,0.0,0.0,122.0999984741211,0.0,0,0,0,0
19-11 03:00,117.7,0.0,0.0,117.69999694824219,0.0,0,0,0,0
19-11 04:00,122.1,0.0,0.0,122.0999984741211,0.0,0,0,0,0
19-11 05:00,113.8,0.0,0.0,113.80000305175781,0.0,0,0,0,0
19-11 06:00,133.2,0.0,0.0,129.6999969482422,3.5,0,0,0,0
19-11 07:00,185.4,0.0,0.0,162.6999969482422,22.700000762939453,0,0,0,0
19-11 08:00,209.5,0.0,0.0,179.10000610351562,30.399999618530273,0,0,0,0
19-11 09:00,222.8,0.0,0.0,187.5,35.29999923706055,0,0,0,0
19-11 10:00,222.4,0.0,0.0,185.0,37.400001525878906,0,0,0,0
19-11 11:00,247.1,0.0,0.0,204.0,43.099998474121094,0,0,0,0
19-11 12:00,254.2,0.0,0.0,208.3000030517578,45.900001525878906,0,0,0,0
19-11 13:00,244.6,0.0,0.0,198.6999969482422,45.900001525878906,0,0,0,0
19-11 14:00,253.9,0.0,0.0,206.10000610351562,47.79999923706055,0,0,0,0
19-11 15:00,303.5,0.0,0.0,241.60000610351562,61.900001525878906,0,0,0,0
19-11 16:00,320.2,0.0,0.0,253.8000030517578,66.4000015258789,0,0,0,0
19-11 17:00,338.4,0.0,0.0,265.6000061035156,72.80000305175781,0,0,0,0
19-11 18:00,345.9,0.0,0.0,274.0,71.9000015258789,0,0,0,0
19-11 19:00,282.1,0.0,0.0,225.0,57.099998474121094,0,0,0,0
19-11 20:00,211.3,0.0,0.0,172.5,38.79999923706055,0,0,0,0
19-11 21:00,164.1,0.0,0.0,140.10000610351562,24.0,0,0,0,0
19-11 22:00,107.4,0.0,0.0,96.4000015258789,11.0,0,0,0,0
19-11 23:00,96.4,0.0,0.0,95.5999984741211,0.800000011920929,0,0,0,0
20-11 00:00,85.6,0.0,0.0,85.5999984741211,0.0,0,0,0,0
20-11 01:00,80.8,0.0,0.0,80.80000305175781,0.0,0,0,0,0
20-11 02:00,73.8,0.0,0.0,73.80000305175781,0.0,0,0,0,0
20-11 03:00,82.4,0.0,0.0,82.4000015258789,0.0,0,0,0,0
20-11 04:00,78.5,0.0,0.0,78.5,0.0,0,0,0,0
20-11 05:00,84.0,0.0,0.0,84.0,0.0,0,0,0,0
20-11 06:00,107.7,0.0,0.0,104.0999984741211,3.5999999046325684,0,0,0,0
20-11 07:00,145.3,0.0,0.0,123.0,22.299999237060547,0,0,0,0
20-11 08:00,175.4,0.0,0.0,143.6999969482422,31.700000762939453,0,0,0,0
20-11 09:00,195.2,0.0,0.0,156.5,38.70000076293945,0,0,0,0
20-11 10:00,208.1,0.0,0.0,164.5,43.599998474121094,0,0,0,0
20-11 11:00,186.7,0.0,0.0,147.3000030517578,39.400001525878906,0,0,0,0
20-11 12:00,194.8,0.0,0.0,153.5,41.29999923706055,0,0,0,0
20-11 13:00,207.7,0.0,0.0,160.3000030517578,47.400001525878906,0,0,0,0
20-11 14:00,209.0,0.0,0.0,161.1999969482422,47.79999923706055,0,0,0,0
20-11 15:00,251.3,0.0,0.0,190.5,60.79999923706055,0,0,0,0
20-11 16:00,289.3,0.0,0.0,218.1999969482422,71.19999694824219,0,0,0,0
20-11 17:00,268.9,0.0,0.0,200.3000030517578,68.5999984741211,0,0,0,0
20-11 18:00,269.5,0.0,0.0,203.0,66.5,0,0,0,0
20-11 19:00,233.7,0.0,0.0,177.6999969482422,56.0,0,0,0,0
20-11 20:00,190.6,0.0,0.0,149.39999389648438,41.20000076293945,0,0,0,0
20-11 21:00,129.3,0.0,0.0,107.19999694824219,22.100000381469727,0,0,0,0
20-11 22:00,93.3,0.0,0.0,82.19999694824219,11.0,0,0,0,0
20-11 23:00,75.1,0.0,0.0,74.4000015258789,0.699999988079071,0,0,0,0
21-11 00:00,84.3,0.0,0.0,84.30000305175781,0.0,0,0,0,0
21-11 01:00,83.4,0.0,0.0,83.4000015258789,0.0,0,0,0,0
21-11 02:00,83.0,0.0,0.0,83.0,0.0,0,0,0,0
21-11 03:00,85.0,0.0,0.0,85.0,0.0,0,0,0,0
21-11 04:00,90.4,0.0,0.0,90.4000015258789,0.0,0,0,0,0
21-11 05:00,94.2,0.0,0.0,94.19999694824219,0.0,0,0,0,0
21-11 06:00,122.9,0.0,0.0,119.19999694824219,3.5999999046325684,0,0,0,0
21-11 07:00,155.4,0.0,0.0,135.0,20.399999618530273,0,0,0,0
21-11 08:00,210.6,0.0,0.0,178.0,32.599998474121094,0,0,0,0
21-11 09:00,218.2,0.0,0.0,182.39999389648438,35.79999923706055,0,0,0,0
21-11 10:00,222.6,0.0,0.0,182.60000610351562,40.0,0,0,0,0
21-11 11:00,234.3,0.0,0.0,192.0,42.29999923706055,0,0,0,0
21-11 12:00,229.9,0.0,0.0,188.10000610351562,41.79999923706055,0,0,0,0
21-11 13:00,258.2,0.0,0.0,209.3000030517578,48.900001525878906,0,0,0,0
21-11 14:00,265.2,0.0,0.0,213.3000030517578,51.900001525878906,0,0,0,0
21-11 15:00,296.1,0.0,0.0,234.6999969482422,61.400001525878906,0,0,0,0
21-11 16:00,341.5,0.0,0.0,270.79998779296875,70.69999694824219,0,0,0,0
21-11 17:00,336.4,0.0,0.0,264.1000061035156,72.30000305175781,0,0,0,0
21-11 18:00,320.5,0.0,0.0,252.5,68.0,0,0,0,0
21-11 19:00,281.4,0.0,0.0,223.60000610351562,57.79999923706055,0,0,0,0
21-11 20:00,226.3,0.0,0.0,184.60000610351562,41.70000076293945,0,0,0,0
21-11 21:00,146.4,0.0,0.0,125.4000015258789,21.0,0,0,0,0
21-11 22:00,102.8,0.0,0.0,92.69999694824219,10.100000381469727,0,0,0,0
21-11 23:00,90.1,0.0,0.0,89.4000015258789,0.699999988079071,0,0,0,0
22-11 00:00,89.3,0.0,0.0,89.4000015258789,0.0,0,0,0,0
22-11 01:00,93.1,0.0,0.0,93.0999984741211,0.0,0,0,0,0
22-11 02:00,88.3,0.0,0.0,88.30000305175781,0.0,0,0,0,0
22-11 03:00,96.0,0.0,0.0,96.0,0.0,0,0,0,0
22-11 04:00,93.1,0.0,0.0,93.0999984741211,0.0,0,0,0,0
22-11 05:00,99.3,0.0,0.0,99.30000305175781,0.0,0,0,0,0
22-11 06:00,117.3,0.0,0.0,113.80000305175781,3.5999999046325684,0,0,0,0
22-11 07:00,155.4,0.0,0.0,133.6999969482422,21.700000762939453,0,0,0,0
22-11 08:00,199.0,0.0,0.0,166.3000030517578,32.70000076293945,0,0,0,0
22-11 09:00,215.1,0.0,0.0,177.8000030517578,37.29999923706055,0,0,0,0
22-11 10:00,210.9,0.0,0.0,172.10000610351562,38.79999923706055,0,0,0,0
22-11 11:00,226.1,0.0,0.0,182.89999389648438,43.20000076293945,0,0,0,0
22-11 12:00,217.0,0.0,0.0,173.89999389648438,43.099998474121094,0,0,0,0
22-11 13:00,234.9,0.0,0.0,186.39999389648438,48.400001525878906,0,0,0,0
22-11 14:00,243.9,0.0,0.0,193.5,50.400001525878906,0,0,0,0
22-11 15:00,286.8,0.0,0.0,224.10000610351562,62.70000076293945,0,0,0,0
22-11 16:00,305.4,0.0,0.0,237.39999389648438,68.0,0,0,0,0
22-11 17:00,303.8,0.0,0.0,233.60000610351562,70.19999694824219,0,0,0,0
22-11 18:00,302.4,0.0,0.0,236.39999389648438,66.0,0,0,0,0
22-11 19:00,266.1,0.0,0.0,209.89999389648438,56.20000076293945,0,0,0,0
22-11 20:00,211.5,0.0,0.0,170.1999969482422,41.29999923706055,0,0,0,0
22-11 21:00,131.2,0.0,0.0,111.0,20.200000762939453,0,0,0,0
22-11 22:00,107.1,0.0,0.0,95.69999694824219,11.399999618530273,0,0,0,0
22-11 23:00,84.9,0.0,0.0,84.19999694824219,0.699999988079071,0,0,0,0
23-11 00:00,76.2,0.0,0.0,76.19999694824219,0.0,0,0,0,0
23-11 01:00,98.3,0.0,0.0,98.30000305175781,0.0,0,0,0,0
23-11 02:00,98.2,0.0,0.0,98.19999694824219,0.0,0,0,0,0
23-11 03:00,99.8,0.0,0.0,99.80000305175781,0.0,0,0,0,0
23-11 04:00,97.8,0.0,0.0,97.80000305175781,0.0,0,0,0,0
23-11 05:00,100.0,0.0,0.0,100.0,0.0,0,0,0,0
23-11 06:00,109.3,0.0,0.0,105.69999694824219,3.5999999046325684,0,0,0,0
23-11 07:00,140.7,0.0,0.0,118.5,22.200000762939453,0,0,0,0
23-11 08:00,179.0,0.0,0.0,146.3000030517578,32.70000076293945,0,0,0,0
23-11 09:00,187.1,0.0,0.0,151.3000030517578,35.79999923706055,0,0,0,0
23-11 10:00,208.5,0.0,0.0,164.6999969482422,43.79999923706055,0,0,0,0
23-11 11:00,199.5,0.0,0.0,155.8000030517578,43.70000076293945,0,0,0,0
23-11 12:00,179.8,0.0,0.0,137.10000610351562,42.70000076293945,0,0,0,0
23-11 13:00,184.8,0.0,0.0,139.60000610351562,45.20000076293945,0,0,0,0
23-11 14:00,213.6,0.0,0.0,161.60000610351562,52.0,0,0,0,0
23-11 15:00,233.1,0.0,0.0,175.8000030517578,57.29999923706055,0,0,0,0
23-11 16:00,291.0,0.0,0.0,222.1999969482422,68.80000305175781,0,0,0,0
23-11 17:00,301.7,0.0,0.0,227.8000030517578,73.9000015258789,0,0,0,0
23-11 18:00,315.2,0.0,0.0,245.6999969482422,69.5,0,0,0,0
23-11 19:00,273.1,0.0,0.0,215.10000610351562,58.0,0,0,0,0
23-11 20:00,225.3,0.0,0.0,184.3000030517578,41.0,0,0,0,0
23-11 21:00,150.7,0.0,0.0,129.1999969482422,21.5,0,0,0,0
23-11 22:00,130.6,0.0,0.0,119.0,11.600000381469727,0,0,0,0
23-11 23:00,115.3,0.0,0.0,114.5999984741211,0.699999988079071,0,0,0,0
24-11 00:00,140.2,0.0,0.0,140.1999969482422,0.0,0,0,0,0
24-11 01:00,127.3,0.0,0.0,127.30000305175781,0.0,0,0,0,0
24-11 02:00,128.1,0.0,0.0,128.10000610351562,0.0,0,0,0,0
24-11 03:00,134.5,0.0,0.0,134.5,0.0,0,0,0,0
24-11 04:00,135.3,0.0,0.0,135.3000030517578,0.0,0,0,0,0
24-11 05:00,147.0,0.0,0.0,147.0,0.0,0,0,0,0
24-11 06:00,146.3,0.0,0.0,146.3000030517578,0.0,0,0,0,0
24-11 07:00,135.8,0.0,0.0,134.39999389648438,1.399999976158142,0,0,0,0
24-11 08:00,158.5,0.0,0.0,151.5,7.0,0,0,0,0
24-11 09:00,170.3,0.0,0.0,156.89999389648438,13.399999618530273,0,0,0,0
24-11 10:00,203.7,0.0,0.0,176.8000030517578,26.899999618530273,0,0,0,0
24-11 11:00,236.8,0.0,0.0,199.8000030517578,37.0,0,0,0,0
24-11 12:00,246.5,0.0,0.0,204.6999969482422,41.79999923706055,0,0,0,0
24-11 13:00,264.9,0.0,0.0,214.8000030517578,50.099998474121094,0,0,0,0
24-11 14:00,300.1,0.0,0.0,244.1999969482422,56.0,0,0,0,0
24-11 15:00,292.2,0.0,0.0,236.39999389648438,55.79999923706055,0,0,0,0
24-11 16:00,282.8,0.0,0.0,229.6999969482422,53.099998474121094,0,0,0,0
24-11 17:00,221.2,0.0,0.0,184.60000610351562,36.599998474121094,0,0,0,0
24-11 18:00,171.0,0.0,0.0,145.60000610351562,25.399999618530273,0,0,0,0
24-11 19:00,162.8,0.0,0.0,143.0,19.799999237060547,0,0,0,0
24-11 20:00,113.6,0.0,0.0,102.4000015258789,11.199999809265137,0,0,0,0
24-11 21:00,96.5,0.0,0.0,90.4000015258789,6.099999904632568,0,0,0,0
24-11 22:00,105.4,0.0,0.0,103.19999694824219,2.200000047683716,0,0,0,0
24-11 23:00,89.8,0.0,0.0,89.80000305175781,0.0,0,0,0,0
25-11 00:00,76.9,0.0,0.0,76.9000015258789,0.0,0,0,0,0
25-11 01:00,85.3,0.0,0.0,85.30000305175781,0.0,0,0,0,0
25-11 02:00,74.3,0.0,0.0,74.30000305175781,0.0,0,0,0,0
25-11 03:00,77.4,0.0,0.0,77.4000015258789,0.0,0,0,0,0
25-11 04:00,82.9,0.0,0.0,82.9000015258789,0.0,0,0,0,0
25-11 05:00,93.7,0.0,0.0,93.69999694824219,0.0,0,0,0,0
25-11 06:00,86.0,0.0,0.0,86.0,0.0,0,0,0,0
25-11 07:00,89.6,0.0,0.0,85.9000015258789,3.700000047683716,0,0,0,0
25-11 08:00,98.7,0.0,0.0,89.80000305175781,8.899999618530273,0,0,0,0
25-11 09:00,111.2,0.0,0.0,98.0999984741211,13.100000381469727,0,0,0,0
25-11 10:00,101.7,0.0,0.0,86.30000305175781,15.399999618530273,0,0,0,0
25-11 11:00,116.3,0.0,0.0,97.0,19.299999237060547,0,0,0,0
25-11 12:00,135.7,0.0,0.0,108.9000015258789,26.799999237060547,0,0,0,0
25-11 13:00,156.8,0.0,0.0,122.5,34.29999923706055,0,0,0,0
25-11 14:00,154.4,0.0,0.0,119.0999984741211,35.29999923706055,0,0,0,0
25-11 15:00,190.8,0.0,0.0,148.8000030517578,42.0,0,0,0,0
25-11 16:00,173.9,0.0,0.0,135.8000030517578,38.099998474121094,0,0,0,0
25-11 17:00,148.9,0.0,0.0,118.69999694824219,30.200000762939453,0,0,0,0
25-11 18:00,126.4,0.0,0.0,104.0,22.399999618530273,0,0,0,0
25-11 19:00,116.8,0.0,0.0,99.5,17.299999237060547,0,0,0,0
25-11 20:00,109.4,0.0,0.0,96.0,13.399999618530273,0,0,0,0
25-11 21:00,94.2,0.0,0.0,86.30000305175781,7.900000095367432,0,0,0,0
25-11 22:00,88.2,0.0,0.0,86.69999694824219,1.5,0,0,0,0
25-11 23:00,74.7,0.0,0.0,73.30000305175781,1.399999976158142,0,0,0,0
26-11 00:00,73.8,0.0,0.0,73.80000305175781,0.0,0,0,0,0
26-11 01:00,82.9,0.0,0.0,82.9000015258789,0.0,0,0,0,0
26-11 02:00,74.1,0.0,0.0,74.0999984741211,0.0,0,0,0,0
26-11 03:00,75.1,0.0,0.0,75.0999984741211,0.0,0,0,0,0
26-11 04:00,73.3,0.0,0.0,73.30000305175781,0.0,0,0,0,0
26-11 05:00,79.4,0.0,0.0,79.4000015258789,0.0,0,0,0,0
26-11 06:00,96.4,0.0,0.0,92.69999694824219,3.700000047683716,0,0,0,0
26-11 07:00,127.8,0.0,0.0,105.80000305175781,22.0,0,0,0,0
26-11 08:00,154.1,0.0,0.0,122.80000305175781,31.299999237060547,0,0,0,0
26-11 09:00,177.9,0.0,0.0,139.6999969482422,38.20000076293945,0,0,0,0
26-11 10:00,162.8,0.0,0.0,124.30000305175781,38.5,0,0,0,0
26-11 11:00,182.4,0.0,0.0,139.0,43.400001525878906,0,0,0,0
26-11 12:00,180.5,0.0,0.0,135.5,45.0,0,0,0,0
26-11 13:00,163.2,0.0,0.0,117.4000015258789,45.79999923706055,0,0,0,0
26-11 14:00,182.6,0.0,0.0,131.39999389648438,51.20000076293945,0,0,0,0
26-11 15:00,202.0,0.0,0.0,140.8000030517578,61.20000076293945,0,0,0,0
26-11 16:00,228.0,0.0,0.0,158.3000030517578,69.69999694824219,0,0,0,0
26-11 17:00,221.0,0.0,0.0,149.0,72.0,0,0,0,0
26-11 18:00,228.1,0.0,0.0,160.39999389648438,67.69999694824219,0,0,0,0
26-11 19:00,200.8,0.0,0.0,144.39999389648438,56.400001525878906,0,0,0,0
26-11 20:00,165.9,0.0,0.0,125.19999694824219,40.70000076293945,0,0,0,0
26-11 21:00,127.8,0.0,0.0,105.80000305175781,22.0,0,0,0,0
26-11 22:00,93.1,0.0,0.0,81.5,11.600000381469727,0,0,0,0
26-11 23:00,67.2,0.0,0.0,66.5,0.699999988079071,0,0,0,0
27-11 00:00,68.8,0.0,0.0,68.80000305175781,0.0,0,0,0,0
27-11 01:00,77.6,0.0,0.0,77.5999984741211,0.0,0,0,0,0
27-11 02:00,80.2,0.0,0.0,80.19999694824219,0.0,0,0,0,0
27-11 03:00,86.8,0.0,0.0,86.80000305175781,0.0,0,0,0,0
27-11 04:00,91.1,0.0,0.0,91.0999984741211,0.0,0,0,0,0
27-11 05:00,91.8,0.0,0.0,91.80000305175781,0.0,0,0,0,0
27-11 06:00,126.0,0.0,0.0,122.19999694824219,3.799999952316284,0,0,0,0
27-11 07:00,154.3,0.0,0.0,132.6999969482422,21.600000381469727,0,0,0,0
27-11 08:00,179.4,0.0,0.0,149.39999389648438,30.0,0,0,0,0
27-11 09:00,207.0,0.0,0.0,168.8000030517578,38.20000076293945,0,0,0,0
27-11 10:00,214.8,0.0,0.0,169.60000610351562,45.20000076293945,0,0,0,0
27-11 11:00,179.4,0.0,0.0,138.5,40.900001525878906,0,0,0,0
27-11 12:00,177.9,0.0,0.0,137.10000610351562,40.79999923706055,0,0,0,0
27-11 13:00,205.5,0.0,0.0,155.0,50.599998474121094,0,0,0,0
27-11 14:00,204.3,0.0,0.0,154.0,50.20000076293945,0,0,0,0
27-11 15:00,250.3,0.0,0.0,187.8000030517578,62.5,0,0,0,0
27-11 16:00,279.7,0.0,0.0,210.60000610351562,69.0999984741211,0,0,0,0
27-11 17:00,281.4,0.0,0.0,209.39999389648438,72.0,0,0,0,0
27-11 18:00,307.0,0.0,0.0,231.0,76.0,0,0,0,0
27-11 19:00,248.9,0.0,0.0,187.1999969482422,61.70000076293945,0,0,0,0
27-11 20:00,170.8,0.0,0.0,133.6999969482422,37.099998474121094,0,0,0,0
27-11 21:00,129.7,0.0,0.0,107.4000015258789,22.299999237060547,0,0,0,0
27-11 22:00,89.7,0.0,0.0,79.0,10.699999809265137,0,0,0,0
27-11 23:00,79.1,0.0,0.0,78.30000305175781,0.800000011920929,0,0,0,0
28-11 00:00,71.2,0.0,0.0,71.19999694824219,0.0,0,0,0,0
28-11 01:00,66.2,0.0,0.0,66.19999694824219,0.0,0,0,0,0
28-11 02:00,59.1,0.0,0.0,59.099998474121094,0.0,0,0,0,0
28-11 03:00,59.7,0.0,0.0,59.70000076293945,0.0,0,0,0,0
28-11 04:00,64.7,0.0,0.0,64.69999694824219,0.0,0,0,0,0
28-11 05:00,66.8,0.0,0.0,66.80000305175781,0.0,0,0,0,0
28-11 06:00,85.8,0.0,0.0,82.0,3.799999952316284,0,0,0,0
28-11 07:00,104.0,0.0,0.0,84.0,20.100000381469727,0,0,0,0
28-11 08:00,149.5,0.0,0.0,116.30000305175781,33.20000076293945,0,0,0,0
28-11 09:00,160.1,0.0,0.0,122.9000015258789,37.20000076293945,0,0,0,0
28-11 10:00,162.5,0.0,0.0,121.0,41.5,0,0,0,0
28-11 11:00,171.1,0.0,0.0,127.19999694824219,43.900001525878906,0,0,0,0
28-11 12:00,156.6,0.0,0.0,116.19999694824219,40.400001525878906,0,0,0,0
28-11 13:00,182.9,0.0,0.0,134.10000610351562,48.79999923706055,0,0,0,0
28-11 14:00,184.7,0.0,0.0,135.39999389648438,49.29999923706055,0,0,0,0
28-11 15:00,214.6,0.0,0.0,156.39999389648438,58.20000076293945,0,0,0,0
28-11 16:00,272.9,0.0,0.0,197.60000610351562,75.30000305175781,0,0,0,0
28-11 17:00,270.1,0.0,0.0,195.10000610351562,75.0,0,0,0,0
28-11 18:00,257.3,0.0,0.0,188.10000610351562,69.19999694824219,0,0,0,0
28-11 19:00,228.9,0.0,0.0,171.1999969482422,57.70000076293945,0,0,0,0
28-11 20:00,196.8,0.0,0.0,154.39999389648438,42.400001525878906,0,0,0,0
28-11 21:00,135.2,0.0,0.0,112.0,23.200000762939453,0,0,0,0
28-11 22:00,103.6,0.0,0.0,92.5999984741211,11.0,0,0,0,0
28-11 23:00,90.2,0.0,0.0,89.5,0.699999988079071,0,0,0,0
29-11 00:00,82.3,0.0,0.0,82.30000305175781,0.0,0,0,0,0
29-11 01:00,88.1,0.0,0.0,88.0,0.0,0,0,0,0
29-11 02:00,84.9,0.0,0.0,84.9000015258789,0.0,0,0,0,0
29-11 03:00,80.7,0.0,0.0,80.69999694824219,0.0,0,0,0,0
29-11 04:00,83.1,0.0,0.0,83.0999984741211,0.0,0,0,0,0
29-11 05:00,92.7,0.0,0.0,92.69999694824219,0.0,0,0,0,0
29-11 06:00,110.8,0.0,0.0,106.9000015258789,3.9000000953674316,0,0,0,0
29-11 07:00,135.8,0.0,0.0,114.0999984741211,21.700000762939453,0,0,0,0
29-11 08:00,162.6,0.0,0.0,132.5,30.100000381469727,0,0,0,0
29-11 09:00,193.5,0.0,0.0,155.89999389648438,37.599998474121094,0,0,0,0
29-11 10:00,212.5,0.0,0.0,168.89999389648438,43.599998474121094,0,0,0,0
29-11 11:00,202.7,0.0,0.0,160.8000030517578,41.900001525878906,0,0,0,0
29-11 12:00,215.3,0.0,0.0,170.60000610351562,44.70000076293945,0,0,0,0
29-11 13:00,213.1,0.0,0.0,167.10000610351562,46.0,0,0,0,0
29-11 14:00,218.4,0.0,0.0,171.10000610351562,47.29999923706055,0,0,0,0
29-11 15:00,264.6,0.0,0.0,203.89999389648438,60.70000076293945,0,0,0,0
29-11 16:00,281.2,0.0,0.0,215.39999389648438,65.80000305175781,0,0,0,0
29-11 17:00,291.5,0.0,0.0,220.8000030517578,70.69999694824219,0,0,0,0
29-11 18:00,289.4,0.0,0.0,221.5,67.9000015258789,0,0,0,0
29-11 19:00,264.3,0.0,0.0,204.1999969482422,60.099998474121094,0,0,0,0
29-11 20:00,202.0,0.0,0.0,160.8000030517578,41.20000076293945,0,0,0,0
29-11 21:00,137.1,0.0,0.0,115.19999694824219,21.899999618530273,0,0,0,0
29-11 22:00,96.1,0.0,0.0,85.5999984741211,10.5,0,0,0,0
29-11 23:00,80.8,0.0,0.0,80.0999984741211,0.699999988079071,0,0,0,0
30-11 00:00,84.9,0.0,0.0,84.9000015258789,0.0,0,0,0,0
30-11 01:00,84.8,0.0,0.0,84.80000305175781,0.0,0,0,0,0
30-11 02:00,90.8,0.0,0.0,90.80000305175781,0.0,0,0,0,0
30-11 03:00,86.3,0.0,0.0,86.30000305175781,0.0,0,0,0,0
30-11 04:00,87.3,0.0,0.0,87.30000305175781,0.0,0,0,0,0
30-11 05:00,93.8,0.0,0.0,93.80000305175781,0.0,0,0,0,0
30-11 06:00,108.6,0.0,0.0,105.19999694824219,3.4000000953674316,0,0,0,0
30-11 07:00,146.6,0.0,0.0,125.5999984741211,21.0,0,0,0,0
30-11 08:00,188.9,0.0,0.0,157.5,31.399999618530273,0,0,0,0
30-11 09:00,215.9,0.0,0.0,178.3000030517578,37.599998474121094,0,0,0,0
30-11 10:00,232.4,0.0,0.0,189.60000610351562,42.79999923706055,0,0,0,0
30-11 11:00,247.4,0.0,0.0,202.89999389648438,44.400001525878906,0,0,0,0
30-11 12:00,240.6,0.0,0.0,197.10000610351562,43.5,0,0,0,0
30-11 13:00,248.8,0.0,0.0,203.3000030517578,45.599998474121094,0,0,0,0
30-11 14:00,265.3,0.0,0.0,216.5,48.79999923706055,0,0,0,0
30-11 15:00,317.7,0.0,0.0,253.8000030517578,63.900001525878906,0,0,0,0
30-11 16:00,340.8,0.0,0.0,270.79998779296875,70.0,0,0,0,0
30-11 17:00,321.7,0.0,0.0,253.10000610351562,68.5999984741211,0,0,0,0
30-11 18:00,364.5,0.0,0.0,291.0,73.5,0,0,0,0
30-11 19:00,296.0,0.0,0.0,238.8000030517578,57.20000076293945,0,0,0,0
30-11 20:00,241.1,0.0,0.0,200.1999969482422,40.900001525878906,0,0,0,0
30-11 21:00,168.8,0.0,0.0,146.6999969482422,22.100000381469727,0,0,0,0
30-11 22:00,116.1,0.0,0.0,105.69999694824219,10.399999618530273,0,0,0,0
30-11 23:00,107.3,0.0,0.0,106.5,0.800000011920929,0,0,0,0
01-12 00:00,86.8,0.0,0.0,86.80000305175781,0.0,0,0,0,0
01-12 01:00,84.0,0.0,0.0,84.0,0.0,0,0,0,0
01-12 02:00,82.0,0.0,0.0,82.0,0.0,0,0,0,0
01-12 03:00,81.4,0.0,0.0,81.4000015258789,0.0,0,0,0,0
01-12 04:00,78.2,0.0,0.0,78.19999694824219,0.0,0,0,0,0
01-12 05:00,83.0,0.0,0.0,83.0,0.0,0,0,0,0
01-12 06:00,82.1,0.0,0.0,82.0999984741211,0.0,0,0,0,0
01-12 07:00,88.5,0.0,0.0,87.0,1.5,0,0,0,0
01-12 08:00,93.1,0.0,0.0,86.69999694824219,6.400000095367432,0,0,0,0
01-12 09:00,105.0,0.0,0.0,91.69999694824219,13.300000190734863,0,0,0,0
01-12 10:00,135.4,0.0,0.0,110.5999984741211,24.700000762939453,0,0,0,0
01-12 11:00,181.7,0.0,0.0,144.10000610351562,37.599998474121094,0,0,0,0
01-12 12:00,200.2,0.0,0.0,154.89999389648438,45.29999923706055,0,0,0,0
01-12 13:00,222.3,0.0,0.0,169.1999969482422,53.099998474121094,0,0,0,0
01-12 14:00,237.9,0.0,0.0,180.39999389648438,57.5,0,0,0,0
01-12 15:00,244.1,0.0,0.0,183.8000030517578,60.29999923706055,0,0,0,0
01-12 16:00,238.7,0.0,0.0,180.60000610351562,58.099998474121094,0,0,0,0
01-12 17:00,191.4,0.0,0.0,150.8000030517578,40.599998474121094,0,0,0,0
01-12 18:00,152.3,0.0,0.0,123.30000305175781,29.0,0,0,0,0
01-12 19:00,134.9,0.0,0.0,115.0,19.899999618530273,0,0,0,0
01-12 20:00,110.2,0.0,0.0,97.30000305175781,12.800000190734863,0,0,0,0
01-12 21:00,91.6,0.0,0.0,85.19999694824219,6.400000095367432,0,0,0,0
01-12 22:00,89.1,0.0,0.0,87.0,2.0999999046325684,0,0,0,0
01-12 23:00,93.7,0.0,0.0,93.69999694824219,0.0,0,0,0,0
02-12 00:00,88.8,0.0,0.0,88.80000305175781,0.0,0,0,0,0
02-12 01:00,90.7,0.0,0.0,90.69999694824219,0.0,0,0,0,0
02-12 02:00,98.0,0.0,0.0,98.0,0.0,0,0,0,0
02-12 03:00,96.2,0.0,0.0,96.19999694824219,0.0,0,0,0,0
02-12 04:00,90.6,0.0,0.0,90.5999984741211,0.0,0,0,0,0
02-12 05:00,87.4,0.0,0.0,87.4000015258789,0.0,0,0,0,0
02-12 06:00,86.1,0.0,0.0,86.0999984741211,0.0,0,0,0,0
02-12 07:00,98.7,0.0,0.0,94.9000015258789,3.799999952316284,0,0,0,0
02-12 08:00,90.6,0.0,0.0,82.9000015258789,7.699999809265137,0,0,0,0
02-12 09:00,102.7,0.0,0.0,90.5,12.199999809265137,0,0,0,0
02-12 10:00,98.4,0.0,0.0,83.4000015258789,15.0,0,0,0,0
02-12 11:00,108.9,0.0,0.0,89.5,19.399999618530273,0,0,0,0
02-12 12:00,125.1,0.0,0.0,100.19999694824219,24.899999618530273,0,0,0,0
02-12 13:00,159.5,0.0,0.0,124.30000305175781,35.20000076293945,0,0,0,0
02-12 14:00,147.4,0.0,0.0,113.4000015258789,34.0,0,0,0,0
02-12 15:00,179.3,0.0,0.0,137.89999389648438,41.400001525878906,0,0,0,0
02-12 16:00,171.7,0.0,0.0,132.10000610351562,39.599998474121094,0,0,0,0
02-12 17:00,159.4,0.0,0.0,126.80000305175781,32.599998474121094,0,0,0,0
02-12 18:00,131.1,0.0,0.0,107.69999694824219,23.399999618530273,0,0,0,0
02-12 19:00,107.4,0.0,0.0,90.30000305175781,17.100000381469727,0,0,0,0
02-12 20:00,94.4,0.0,0.0,80.9000015258789,13.5,0,0,0,0
02-12 21:00,77.8,0.0,0.0,69.30000305175781,8.5,0,0,0,0
02-12 22:00,65.8,0.0,0.0,64.30000305175781,1.5,0,0,0,0
02-12 23:00,61.1,0.0,0.0,59.70000076293945,1.399999976158142,0,0,0,0
03-12 00:00,59.1,0.0,0.0,59.099998474121094,0.0,0,0,0,0
03-12 01:00,60.1,0.0,0.0,60.099998474121094,0.0,0,0,0,0
03-12 02:00,54.3,0.0,0.0,54.400001525878906,0.0,0,0,0,0
03-12 03:00,60.6,0.0,0.0,60.599998474121094,0.0,0,0,0,0
03-12 04:00,58.3,0.0,0.0,58.29999923706055,0.0,0,0,0,0
03-12 05:00,58.5,0.0,0.0,58.5,0.0,0,0,0,0
03-12 06:00,85.7,0.0,0.0,82.0,3.700000047683716,0,0,0,0
03-12 07:00,116.7,0.0,0.0,94.69999694824219,22.0,0,0,0,0
03-12 08:00,159.5,0.0,0.0,126.80000305175781,32.70000076293945,0,0,0,0
03-12 09:00,163.1,0.0,0.0,128.0,35.099998474121094,0,0,0,0
03-12 10:00,189.1,0.0,0.0,146.1999969482422,43.0,0,0,0,0
03-12 11:00,182.1,0.0,0.0,140.5,41.599998474121094,0,0,0,0
03-12 12:00,173.6,0.0,0.0,132.10000610351562,41.5,0,0,0,0
03-12 13:00,193.6,0.0,0.0,147.39999389648438,46.20000076293945,0,0,0,0
03-12 14:00,215.2,0.0,0.0,163.6999969482422,51.5,0,0,0,0
03-12 15:00,259.9,0.0,0.0,197.6999969482422,62.20000076293945,0,0,0,0
03-12 16:00,275.2,0.0,0.0,207.8000030517578,67.4000015258789,0,0,0,0
03-12 17:00,280.9,0.0,0.0,207.6999969482422,73.19999694824219,0,0,0,0
03-12 18:00,278.5,0.0,0.0,208.3000030517578,70.19999694824219,0,0,0,0
03-12 19:00,240.3,0.0,0.0,183.5,56.79999923706055,0,0,0,0
03-12 20:00,205.6,0.0,0.0,162.60000610351562,43.0,0,0,0,0
03-12 21:00,138.2,0.0,0.0,116.19999694824219,22.0,0,0,0,0
03-12 22:00,101.2,0.0,0.0,90.5999984741211,10.600000381469727,0,0,0,0
03-12 23:00,96.1,0.0,0.0,95.30000305175781,0.800000011920929,0,0,0,0
04-12 00:00,85.7,0.0,0.0,85.69999694824219,0.0,0,0,0,0
04-12 01:00,88.7,0.0,0.0,88.5999984741211,0.0,0,0,0,0
04-12 02:00,88.7,0.0,0.0,88.69999694824219,0.0,0,0,0,0
04-12 03:00,85.2,0.0,0.0,85.19999694824219,0.0,0,0,0,0
04-12 04:00,89.6,0.0,0.0,89.5999984741211,0.0,0,0,0,0
04-12 05:00,100.6,0.0,0.0,100.5999984741211,0.0,0,0,0,0
04-12 06:00,110.5,0.0,0.0,106.9000015258789,3.5999999046325684,0,0,0,0
04-12 07:00,148.8,0.0,0.0,126.80000305175781,22.0,0,0,0,0
04-12 08:00,184.8,0.0,0.0,153.0,31.799999237060547,0,0,0,0
04-12 09:00,208.6,0.0,0.0,170.89999389648438,37.70000076293945,0,0,0,0
04-12 10:00,224.6,0.0,0.0,181.60000610351562,43.0,0,0,0,0
04-12 11:00,213.4,0.0,0.0,170.89999389648438,42.5,0,0,0,0
04-12 12:00,206.6,0.0,0.0,163.8000030517578,42.79999923706055,0,0,0,0
04-12 13:00,210.8,0.0,0.0,165.60000610351562,45.20000076293945,0,0,0,0
04-12 14:00,235.5,0.0,0.0,184.89999389648438,50.599998474121094,0,0,0,0
04-12 15:00,299.6,0.0,0.0,233.60000610351562,66.0,0,0,0,0
04-12 16:00,307.0,0.0,0.0,238.10000610351562,68.9000015258789,0,0,0,0
04-12 17:00,341.4,0.0,0.0,263.70001220703125,77.69999694824219,0,0,0,0
04-12 18:00,314.1,0.0,0.0,246.60000610351562,67.5,0,0,0,0
04-12 19:00,298.7,0.0,0.0,238.3000030517578,60.400001525878906,0,0,0,0
04-12 20:00,229.9,0.0,0.0,188.89999389648438,41.0,0,0,0,0
04-12 21:00,153.4,0.0,0.0,132.6999969482422,20.700000762939453,0,0,0,0
04-12 22:00,122.4,0.0,0.0,110.9000015258789,11.5,0,0,0,0
04-12 23:00,98.0,0.0,0.0,97.30000305175781,0.699999988079071,0,0,0,0
05-12 00:00,93.9,0.0,0.0,93.9000015258789,0.0,0,0,0,0
05-12 01:00,92.6,0.0,0.0,92.5999984741211,0.0,0,0,0,0
05-12 02:00,85.3,0.0,0.0,85.30000305175781,0.0,0,0,0,0
05-12 03:00,87.2,0.0,0.0,87.19999694824219,0.0,0,0,0,0
05-12 04:00,78.6,0.0,0.0,78.5999984741211,0.0,0,0,0,0
05-12 05:00,94.9,0.0,0.0,94.9000015258789,0.0,0,0,0,0
05-12 06:00,100.6,0.0,0.0,97.0999984741211,3.5,0,0,0,0
05-12 07:00,127.6,0.0,0.0,107.0,20.5,0,0,0,0
05-12 08:00,169.5,0.0,0.0,137.3000030517578,32.20000076293945,0,0,0,0
05-12 09:00,180.6,0.0,0.0,142.8000030517578,37.79999923706055,0,0,0,0
05-12 10:00,192.5,0.0,0.0,149.89999389648438,42.599998474121094,0,0,0,0
05-12 11:00,191.0,0.0,0.0,146.8000030517578,44.20000076293945,0,0,0,0
05-12 12:00,175.0,0.0,0.0,132.60000610351562,42.400001525878906,0,0,0,0
05-12 13:00,190.0,0.0,0.0,142.3000030517578,47.70000076293945,0,0,0,0
05-12 14:00,182.4,0.0,0.0,134.8000030517578,47.599998474121094,0,0,0,0
05-12 15:00,230.4,0.0,0.0,167.39999389648438,63.0,0,0,0,0
05-12 16:00,253.5,0.0,0.0,183.1999969482422,70.30000305175781,0,0,0,0
05-12 17:00,260.9,0.0,0.0,186.10000610351562,74.80000305175781,0,0,0,0
05-12 18:00,248.2,0.0,0.0,179.1999969482422,69.0,0,0,0,0
05-12 19:00,211.7,0.0,0.0,154.1999969482422,57.5,0,0,0,0
05-12 20:00,170.0,0.0,0.0,127.69999694824219,42.29999923706055,0,0,0,0
05-12 21:00,100.1,0.0,0.0,78.4000015258789,21.799999237060547,0,0,0,0
05-12 22:00,60.4,0.0,0.0,50.599998474121094,9.800000190734863,0,0,0,0
05-12 23:00,54.5,0.0,0.0,53.70000076293945,0.800000011920929,0,0,0,0
06-12 00:00,48.8,0.0,0.0,48.79999923706055,0.0,0,0,0,0
06-12 01:00,47.7,0.0,0.0,47.70000076293945,0.0,0,0,0,0
06-12 02:00,41.9,0.0,0.0,41.900001525878906,0.0,0,0,0,0
06-12 03:00,47.6,0.0,0.0,47.599998474121094,0.0,0,0,0,0
06-12 04:00,53.3,0.0,0.0,53.29999923706055,0.0,0,0,0,0
06-12 05:00,60.5,0.0,0.0,60.5,0.0,0,0,0,0
06-12 06:00,73.4,0.0,0.0,69.9000015258789,3.5,0,0,0,0
06-12 07:00,96.4,0.0,0.0,74.80000305175781,21.600000381469727,0,0,0,0
06-12 08:00,131.3,0.0,0.0,99.4000015258789,31.899999618530273,0,0,0,0
06-12 09:00,151.9,0.0,0.0,111.0999984741211,40.79999923706055,0,0,0,0
06-12 10:00,149.5,0.0,0.0,107.30000305175781,42.20000076293945,0,0,0,0
06-12 11:00,132.7,0.0,0.0,93.0999984741211,39.599998474121094,0,0,0,0
06-12 12:00,144.2,0.0,0.0,98.5999984741211,45.5,0,0,0,0
06-12 13:00,161.9,0.0,0.0,111.80000305175781,50.099998474121094,0,0,0,0
06-12 14:00,179.9,0.0,0.0,124.19999694824219,55.70000076293945,0,0,0,0
06-12 15:00,209.6,0.0,0.0,144.0,65.5,0,0,0,0
06-12 16:00,208.2,0.0,0.0,142.0,66.19999694824219,0,0,0,0
06-12 17:00,251.4,0.0,0.0,171.39999389648438,80.0,0,0,0,0
06-12 18:00,221.3,0.0,0.0,153.0,68.30000305175781,0,0,0,0
06-12 19:00,184.9,0.0,0.0,129.6999969482422,55.20000076293945,0,0,0,0
06-12 20:00,159.6,0.0,0.0,116.80000305175781,42.79999923706055,0,0,0,0
06-12 21:00,105.5,0.0,0.0,83.5,22.0,0,0,0,0
06-12 22:00,78.2,0.0,0.0,67.0,11.100000381469727,0,0,0,0
06-12 23:00,63.2,0.0,0.0,62.599998474121094,0.699999988079071,0,0,0,0
07-12 00:00,54.0,0.0,0.0,54.0,0.0,0,0,0,0
07-12 01:00,52.5,0.0,0.0,52.5,0.0,0,0,0,0
07-12 02:00,52.1,0.0,0.0,52.099998474121094,0.0,0,0,0,0
07-12 03:00,48.0,0.0,0.0,48.0,0.0,0,0,0,0
07-12 04:00,46.7,0.0,0.0,46.70000076293945,0.0,0,0,0,0
07-12 05:00,57.8,0.0,0.0,57.79999923706055,0.0,0,0,0,0
07-12 06:00,66.4,0.0,0.0,62.79999923706055,3.5999999046325684,0,0,0,0
07-12 07:00,89.8,0.0,0.0,67.5,22.299999237060547,0,0,0,0
07-12 08:00,114.5,0.0,0.0,82.4000015258789,32.20000076293945,0,0,0,0
07-12 09:00,125.8,0.0,0.0,86.80000305175781,39.0,0,0,0,0
07-12 10:00,121.6,0.0,0.0,82.19999694824219,39.400001525878906,0,0,0,0
07-12 11:00,121.5,0.0,0.0,79.5999984741211,41.79999923706055,0,0,0,0
07-12 12:00,112.5,0.0,0.0,71.30000305175781,41.20000076293945,0,0,0,0
07-12 13:00,124.0,0.0,0.0,77.5999984741211,46.29999923706055,0,0,0,0
07-12 14:00,142.5,0.0,0.0,92.30000305175781,50.20000076293945,0,0,0,0
07-12 15:00,191.5,0.0,0.0,127.19999694824219,64.30000305175781,0,0,0,0
07-12 16:00,190.4,0.0,0.0,125.5,64.9000015258789,0,0,0,0
07-12 17:00,213.9,0.0,0.0,141.1999969482422,72.69999694824219,0,0,0,0
07-12 18:00,234.0,0.0,0.0,159.3000030517578,74.69999694824219,0,0,0,0
07-12 19:00,213.8,0.0,0.0,150.3000030517578,63.5,0,0,0,0
07-12 20:00,156.3,0.0,0.0,115.19999694824219,41.099998474121094,0,0,0,0
07-12 21:00,111.7,0.0,0.0,90.80000305175781,20.899999618530273,0,0,0,0
07-12 22:00,96.1,0.0,0.0,84.4000015258789,11.699999809265137,0,0,0,0
07-12 23:00,72.8,0.0,0.0,72.0999984741211,0.699999988079071,0,0,0,0
08-12 00:00,95.4,0.0,0.0,95.4000015258789,0.0,0,0,0,0
08-12 01:00,90.9,0.0,0.0,90.9000015258789,0.0,0,0,0,0
08-12 02:00,87.5,0.0,0.0,87.5,0.0,0,0,0,0
08-12 03:00,73.1,0.0,0.0,73.0999984741211,0.0,0,0,0,0
08-12 04:00,84.0,0.0,0.0,84.0,0.0,0,0,0,0
08-12 05:00,89.1,0.0,0.0,89.0999984741211,0.0,0,0,0,0
08-12 06:00,84.3,0.0,0.0,84.30000305175781,0.0,0,0,0,0
08-12 07:00,93.1,0.0,0.0,91.5999984741211,1.5,0,0,0,0
08-12 08:00,98.3,0.0,0.0,91.5999984741211,6.699999809265137,0,0,0,0
08-12 09:00,110.7,0.0,0.0,97.0,13.699999809265137,0,0,0,0
08-12 10:00,151.1,0.0,0.0,124.4000015258789,26.700000762939453,0,0,0,0
08-12 11:00,182.3,0.0,0.0,145.89999389648438,36.400001525878906,0,0,0,0
08-12 12:00,220.3,0.0,0.0,172.5,47.79999923706055,0,0,0,0
08-12 13:00,221.8,0.0,0.0,171.0,50.79999923706055,0,0,0,0
08-12 14:00,242.6,0.0,0.0,186.39999389648438,56.20000076293945,0,0,0,0
08-12 15:00,274.2,0.0,0.0,211.10000610351562,63.099998474121094,0,0,0,0
08-12 16:00,252.4,0.0,0.0,196.8000030517578,55.599998474121094,0,0,0,0
08-12 17:00,191.5,0.0,0.0,155.1999969482422,36.29999923706055,0,0,0,0
08-12 18:00,176.8,0.0,0.0,148.1999969482422,28.600000381469727,0,0,0,0
08-12 19:00,149.4,0.0,0.0,130.0,19.399999618530273,0,0,0,0
08-12 20:00,111.8,0.0,0.0,99.80000305175781,12.0,0,0,0,0
08-12 21:00,98.6,0.0,0.0,92.30000305175781,6.400000095367432,0,0,0,0
08-12 22:00,100.6,0.0,0.0,98.5,2.0999999046325684,0,0,0,0
08-12 23:00,103.8,0.0,0.0,103.80000305175781,0.0,0,0,0,0
09-12 00:00,101.3,0.0,0.0,101.30000305175781,0.0,0,0,0,0
09-12 01:00,105.7,0.0,0.0,105.69999694824219,0.0,0,0,0,0
09-12 02:00,91.2,0.0,0.0,91.19999694824219,0.0,0,0,0,0
09-12 03:00,96.9,0.0,0.0,96.9000015258789,0.0,0,0,0,0
09-12 04:00,84.5,0.0,0.0,84.5,0.0,0,0,0,0
09-12 05:00,94.6,0.0,0.0,94.5999984741211,0.0,0,0,0,0
09-12 06:00,85.6,0.0,0.0,85.5999984741211,0.0,0,0,0,0
09-12 07:00,101.5,0.0,0.0,97.69999694824219,3.799999952316284,0,0,0,0
09-12 08:00,107.2,0.0,0.0,98.4000015258789,8.800000190734863,0,0,0,0
09-12 09:00,113.2,0.0,0.0,100.30000305175781,12.899999618530273,0,0,0,0
09-12 10:00,123.7,0.0,0.0,106.80000305175781,16.899999618530273,0,0,0,0
09-12 11:00,130.7,0.0,0.0,111.19999694824219,19.600000381469727,0,0,0,0
09-12 12:00,143.4,0.0,0.0,118.0,25.399999618530273,0,0,0,0
09-12 13:00,173.7,0.0,0.0,139.60000610351562,34.099998474121094,0,0,0,0
09-12 14:00,191.0,0.0,0.0,151.8000030517578,39.20000076293945,0,0,0,0
09-12 15:00,221.6,0.0,0.0,176.0,45.400001525878906,0,0,0,0
09-12 16:00,210.2,0.0,0.0,167.1999969482422,43.0,0,0,0,0
09-12 17:00,176.2,0.0,0.0,144.0,32.20000076293945,0,0,0,0
09-12 18:00,146.2,0.0,0.0,124.0,22.200000762939453,0,0,0,0
09-12 19:00,125.1,0.0,0.0,108.30000305175781,16.799999237060547,0,0,0,0
09-12 20:00,133.0,0.0,0.0,119.80000305175781,13.199999809265137,0,0,0,0
09-12 21:00,113.6,0.0,0.0,106.0,7.599999904632568,0,0,0,0
09-12 22:00,115.1,0.0,0.0,113.5999984741211,1.5,0,0,0,0
09-12 23:00,97.7,0.0,0.0,96.30000305175781,1.399999976158142,0,0,0,0
10-12 00:00,108.2,0.0,0.0,108.19999694824219,0.0,0,0,0,0
10-12 01:00,109.3,0.0,0.0,109.30000305175781,0.0,0,0,0,0
10-12 02:00,119.2,0.0,0.0,119.19999694824219,0.0,0,0,0,0
10-12 03:00,106.2,0.0,0.0,106.19999694824219,0.0,0,0,0,0
10-12 04:00,114.8,0.0,0.0,114.80000305175781,0.0,0,0,0,0
10-12 05:00,123.3,0.0,0.0,123.30000305175781,0.0,0,0,0,0
10-12 06:00,157.9,0.0,0.0,153.89999389648438,4.0,0,0,0,0
10-12 07:00,190.1,0.0,0.0,167.3000030517578,22.799999237060547,0,0,0,0
10-12 08:00,226.4,0.0,0.0,194.0,32.29999923706055,0,0,0,0
10-12 09:00,233.3,0.0,0.0,196.89999389648438,36.400001525878906,0,0,0,0
10-12 10:00,240.9,0.0,0.0,198.5,42.400001525878906,0,0,0,0
10-12 11:00,217.6,0.0,0.0,177.89999389648438,39.70000076293945,0,0,0,0
10-12 12:00,222.6,0.0,0.0,180.5,42.099998474121094,0,0,0,0
10-12 13:00,263.5,0.0,0.0,211.8000030517578,51.70000076293945,0,0,0,0
10-12 14:00,236.6,0.0,0.0,188.8000030517578,47.79999923706055,0,0,0,0
10-12 15:00,308.4,0.0,0.0,244.60000610351562,63.79999923706055,0,0,0,0
10-12 16:00,364.0,0.0,0.0,290.6000061035156,73.4000015258789,0,0,0,0
10-12 17:00,354.8,0.0,0.0,279.0,75.80000305175781,0,0,0,0
10-12 18:00,328.7,0.0,0.0,260.79998779296875,67.80000305175781,0,0,0,0
10-12 19:00,299.9,0.0,0.0,239.8000030517578,60.099998474121094,0,0,0,0
10-12 20:00,221.7,0.0,0.0,181.6999969482422,40.0,0,0,0,0
10-12 21:00,156.4,0.0,0.0,135.1999969482422,21.200000762939453,0,0,0,0
10-12 22:00,120.1,0.0,0.0,109.0,11.0,0,0,0,0
10-12 23:00,112.0,0.0,0.0,111.19999694824219,0.800000011920929,0,0,0,0
11-12 00:00,100.6,0.0,0.0,100.5999984741211,0.0,0,0,0,0
11-12 01:00,100.3,0.0,0.0,100.30000305175781,0.0,0,0,0,0
11-12 02:00,101.9,0.0,0.0,101.9000015258789,0.0,0,0,0,0
11-12 03:00,104.1,0.0,0.0,104.0,0.0,0,0,0,0
11-12 04:00,102.9,0.0,0.0,102.9000015258789,0.0,0,0,0,0
11-12 05:00,114.7,0.0,0.0,114.69999694824219,0.0,0,0,0,0
11-12 06:00,143.9,0.0,0.0,140.10000610351562,3.799999952316284,0,0,0,0
11-12 07:00,169.3,0.0,0.0,148.10000610351562,21.200000762939453,0,0,0,0
11-12 08:00,209.1,0.0,0.0,178.10000610351562,31.0,0,0,0,0
11-12 09:00,231.7,0.0,0.0,194.10000610351562,37.599998474121094,0,0,0,0
11-12 10:00,258.6,0.0,0.0,214.10000610351562,44.5,0,0,0,0
11-12 11:00,234.7,0.0,0.0,192.8000030517578,41.900001525878906,0,0,0,0
11-12 12:00,256.7,0.0,0.0,210.60000610351562,46.099998474121094,0,0,0,0
11-12 13:00,243.6,0.0,0.0,198.10000610351562,45.5,0,0,0,0
11-12 14:00,276.6,0.0,0.0,224.6999969482422,51.900001525878906,0,0,0,0
11-12 15:00,286.0,0.0,0.0,229.0,57.0,0,0,0,0
11-12 16:00,320.0,0.0,0.0,253.5,66.5,0,0,0,0
11-12 17:00,341.2,0.0,0.0,266.0,75.19999694824219,0,0,0,0
11-12 18:00,305.8,0.0,0.0,240.6999969482422,65.0999984741211,0,0,0,0
11-12 19:00,290.1,0.0,0.0,230.0,60.099998474121094,0,0,0,0
11-12 20:00,224.1,0.0,0.0,182.0,42.099998474121094,0,0,0,0
11-12 21:00,153.3,0.0,0.0,131.39999389648438,21.899999618530273,0,0,0,0
11-12 22:00,111.2,0.0,0.0,100.30000305175781,10.899999618530273,0,0,0,0
11-12 23:00,98.2,0.0,0.0,97.4000015258789,0.800000011920929,0,0,0,0
12-12 00:00,91.3,0.0,0.0,91.30000305175781,0.0,0,0,0,0
12-12 01:00,89.6,0.0,0.0,89.5999984741211,0.0,0,0,0,0
12-12 02:00,88.0,0.0,0.0,88.0,0.0,0,0,0,0
12-12 03:00,86.3,0.0,0.0,86.30000305175781,0.0,0,0,0,0
12-12 04:00,86.2,0.0,0.0,86.19999694824219,0.0,0,0,0,0
12-12 05:00,97.7,0.0,0.0,97.69999694824219,0.0,0,0,0,0
12-12 06:00,115.5,0.0,0.0,111.69999694824219,3.799999952316284,0,0,0,0
12-12 07:00,140.5,0.0,0.0,119.30000305175781,21.200000762939453,0,0,0,0
12-12 08:00,181.4,0.0,0.0,149.39999389648438,32.0,0,0,0,0
12-12 09:00,202.4,0.0,0.0,164.8000030517578,37.599998474121094,0,0,0,0
12-12 10:00,204.3,0.0,0.0,162.6999969482422,41.599998474121094,0,0,0,0
12-12 11:00,215.0,0.0,0.0,171.0,44.0,0,0,0,0
12-12 12:00,211.2,0.0,0.0,167.6999969482422,43.5,0,0,0,0
12-12 13:00,233.0,0.0,0.0,183.1999969482422,49.79999923706055,0,0,0,0
12-12 14:00,232.4,0.0,0.0,182.5,49.900001525878906,0,0,0,0
12-12 15:00,289.7,0.0,0.0,223.89999389648438,65.80000305175781,0,0,0,0
12-12 16:00,311.4,0.0,0.0,239.3000030517578,72.0999984741211,0,0,0,0
12-12 17:00,307.2,0.0,0.0,233.5,73.69999694824219,0,0,0,0
12-12 18:00,314.0,0.0,0.0,241.10000610351562,72.9000015258789,0,0,0,0
12-12 19:00,259.5,0.0,0.0,201.10000610351562,58.400001525878906,0,0,0,0
12-12 20:00,203.9,0.0,0.0,162.60000610351562,41.29999923706055,0,0,0,0
12-12 21:00,153.7,0.0,0.0,130.5,23.200000762939453,0,0,0,0
12-12 22:00,110.5,0.0,0.0,99.19999694824219,11.300000190734863,0,0,0,0
12-12 23:00,87.4,0.0,0.0,86.69999694824219,0.699999988079071,0,0,0,0
13-12 00:00,102.5,0.0,0.0,102.5,0.0,0,0,0,0
13-12 01:00,86.3,0.0,0.0,86.30000305175781,0.0,0,0,0,0
13-12 02:00,97.0,0.0,0.0,97.0,0.0,0,0,0,0
13-12 03:00,98.8,0.0,0.0,98.80000305175781,0.0,0,0,0,0
13-12 04:00,104.8,0.0,0.0,104.80000305175781,0.0,0,0,0,0
13-12 05:00,100.9,0.0,0.0,101.0,0.0,0,0,0,0
13-12 06:00,142.4,0.0,0.0,138.39999389648438,4.0,0,0,0,0
13-12 07:00,166.7,0.0,0.0,145.0,21.700000762939453,0,0,0,0
13-12 08:00,215.9,0.0,0.0,182.89999389648438,33.0,0,0,0,0
13-12 09:00,226.2,0.0,0.0,188.60000610351562,37.599998474121094,0,0,0,0
13-12 10:00,233.8,0.0,0.0,192.60000610351562,41.20000076293945,0,0,0,0
13-12 11:00,234.1,0.0,0.0,192.60000610351562,41.5,0,0,0,0
13-12 12:00,236.7,0.0,0.0,194.5,42.20000076293945,0,0,0,0
13-12 13:00,241.1,0.0,0.0,195.10000610351562,46.0,0,0,0,0
13-12 14:00,289.7,0.0,0.0,235.6999969482422,54.0,0,0,0,0
13-12 15:00,304.3,0.0,0.0,244.0,60.20000076293945,0,0,0,0
13-12 16:00,336.6,0.0,0.0,268.6000061035156,68.0,0,0,0,0
13-12 17:00,359.0,0.0,0.0,283.70001220703125,75.30000305175781,0,0,0,0
13-12 18:00,371.1,0.0,0.0,297.5,73.5999984741211,0,0,0,0
13-12 19:00,290.0,0.0,0.0,234.5,55.5,0,0,0,0
13-12 20:00,228.4,0.0,0.0,189.60000610351562,38.79999923706055,0,0,0,0
13-12 21:00,175.2,0.0,0.0,152.39999389648438,22.799999237060547,0,0,0,0
13-12 22:00,124.7,0.0,0.0,113.80000305175781,10.800000190734863,0,0,0,0
13-12 23:00,112.1,0.0,0.0,111.30000305175781,0.800000011920929,0,0,0,0
14-12 00:00,123.1,0.0,0.0,123.0999984741211,0.0,0,0,0,0
14-12 01:00,118.3,0.0,0.0,118.30000305175781,0.0,0,0,0,0
14-12 02:00,121.7,0.0,0.0,121.69999694824219,0.0,0,0,0,0
14-12 03:00,115.8,0.0,0.0,115.80000305175781,0.0,0,0,0,0
14-12 04:00,118.2,0.0,0.0,118.19999694824219,0.0,0,0,0,0
14-12 05:00,133.0,0.0,0.0,133.0,0.0,0,0,0,0
14-12 06:00,146.4,0.0,0.0,142.89999389648438,3.5,0,0,0,0
14-12 07:00,208.0,0.0,0.0,184.5,23.5,0,0,0,0
14-12 08:00,236.5,0.0,0.0,205.10000610351562,31.399999618530273,0,0,0,0
14-12 09:00,263.1,0.0,0.0,226.1999969482422,36.900001525878906,0,0,0,0
14-12 10:00,279.6,0.0,0.0,237.89999389648438,41.70000076293945,0,0,0,0
14-12 11:00,300.6,0.0,0.0,254.3000030517578,46.29999923706055,0,0,0,0
14-12 12:00,301.1,0.0,0.0,254.5,46.599998474121094,0,0,0,0
14-12 13:00,282.8,0.0,0.0,237.1999969482422,45.599998474121094,0,0,0,0
14-12 14:00,298.3,0.0,0.0,248.89999389648438,49.400001525878906,0,0,0,0
14-12 15:00,346.6,0.0,0.0,285.70001220703125,60.900001525878906,0,0,0,0
14-12 16:00,375.9,0.0,0.0,308.6000061035156,67.30000305175781,0,0,0,0
14-12 17:00,399.9,0.0,0.0,326.79998779296875,73.0999984741211,0,0,0,0
14-12 18:00,358.0,0.0,0.0,294.8999938964844,63.099998474121094,0,0,0,0
14-12 19:00,346.7,0.0,0.0,288.79998779296875,57.900001525878906,0,0,0,0
14-12 20:00,284.9,0.0,0.0,242.6999969482422,42.20000076293945,0,0,0,0
14-12 21:00,188.4,0.0,0.0,167.10000610351562,21.299999237060547,0,0,0,0
14-12 22:00,152.9,0.0,0.0,142.0,11.0,0,0,0,0
14-12 23:00,138.9,0.0,0.0,138.10000610351562,0.800000011920929,0,0,0,0
15-12 00:00,149.2,0.0,0.0,149.1999969482422,0.0,0,0,0,0
15-12 01:00,146.1,0.0,0.0,146.10000610351562,0.0,0,0,0,0
15-12 02:00,131.6,0.0,0.0,131.60000610351562,0.0,0,0,0,0
15-12 03:00,139.7,0.0,0.0,139.6999969482422,0.0,0,0,0,0
15-12 04:00,147.1,0.0,0.0,147.10000610351562,0.0,0,0,0,0
15-12 05:00,160.9,0.0,0.0,160.89999389648438,0.0,0,0,0,0
15-12 06:00,164.8,0.0,0.0,164.8000030517578,0.0,0,0,0,0
15-12 07:00,174.4,0.0,0.0,172.89999389648438,1.5,0,0,0,0
15-12 08:00,164.1,0.0,0.0,158.10000610351562,6.0,0,0,0,0
15-12 09:00,226.2,0.0,0.0,211.60000610351562,14.600000381469727,0,0,0,0
15-12 10:00,253.6,0.0,0.0,227.60000610351562,26.0,0,0,0,0
15-12 11:00,289.8,0.0,0.0,254.6999969482422,35.099998474121094,0,0,0,0
15-12 12:00,339.4,0.0,0.0,295.0,44.400001525878906,0,0,0,0
15-12 13:00,400.8,0.0,0.0,346.0,54.79999923706055,0,0,0,0
15-12 14:00,375.3,0.0,0.0,322.29998779296875,53.0,0,0,0,0
15-12 15:00,386.8,0.0,0.0,331.79998779296875,55.0,0,0,0,0
15-12 16:00,427.6,0.0,0.0,368.8999938964844,58.70000076293945,0,0,0,0
15-12 17:00,332.9,0.0,0.0,293.3999938964844,39.5,0,0,0,0
15-12 18:00,281.6,0.0,0.0,252.8000030517578,28.799999237060547,0,0,0,0
15-12 19:00,249.8,0.0,0.0,229.5,20.299999237060547,0,0,0,0
15-12 20:00,187.5,0.0,0.0,175.6999969482422,11.800000190734863,0,0,0,0
15-12 21:00,199.5,0.0,0.0,192.39999389648438,7.099999904632568,0,0,0,0
15-12 22:00,180.7,0.0,0.0,178.5,2.200000047683716,0,0,0,0
15-12 23:00,159.8,0.0,0.0,159.8000030517578,0.0,0,0,0,0
16-12 00:00,186.4,0.0,0.0,186.39999389648438,0.0,0,0,0,0
16-12 01:00,169.2,0.0,0.0,169.1999969482422,0.0,0,0,0,0
16-12 02:00,172.1,0.0,0.0,172.10000610351562,0.0,0,0,0,0
16-12 03:00,164.8,0.0,0.0,164.8000030517578,0.0,0,0,0,0
16-12 04:00,177.2,0.0,0.0,177.1999969482422,0.0,0,0,0,0
16-12 05:00,172.4,0.0,0.0,172.39999389648438,0.0,0,0,0,0
16-12 06:00,182.3,0.0,0.0,182.3000030517578,0.0,0,0,0,0
16-12 07:00,162.5,0.0,0.0,159.1999969482422,3.299999952316284,0,0,0,0
16-12 08:00,191.6,0.0,0.0,182.3000030517578,9.300000190734863,0,0,0,0
16-12 09:00,184.0,0.0,0.0,171.8000030517578,12.199999809265137,0,0,0,0
16-12 10:00,185.4,0.0,0.0,169.8000030517578,15.5,0,0,0,0
16-12 11:00,218.7,0.0,0.0,198.5,20.200000762939453,0,0,0,0
16-12 12:00,229.6,0.0,0.0,204.60000610351562,25.0,0,0,0,0
16-12 13:00,298.9,0.0,0.0,262.20001220703125,36.70000076293945,0,0,0,0
16-12 14:00,290.4,0.0,0.0,252.89999389648438,37.5,0,0,0,0
16-12 15:00,323.5,0.0,0.0,281.6000061035156,41.900001525878906,0,0,0,0
16-12 16:00,325.7,0.0,0.0,283.70001220703125,42.0,0,0,0,0
16-12 17:00,278.2,0.0,0.0,245.1999969482422,33.0,0,0,0,0
16-12 18:00,226.3,0.0,0.0,203.1999969482422,23.200000762939453,0,0,0,0
16-12 19:00,206.8,0.0,0.0,188.10000610351562,18.700000762939453,0,0,0,0
16-12 20:00,184.2,0.0,0.0,170.39999389648438,13.800000190734863,0,0,0,0
16-12 21:00,161.8,0.0,0.0,153.60000610351562,8.199999809265137,0,0,0,0
16-12 22:00,143.3,0.0,0.0,141.8000030517578,1.5,0,0,0,0
16-12 23:00,130.6,0.0,0.0,129.1999969482422,1.399999976158142,0,0,0,0
17-12 00:00,133.2,0.0,0.0,133.1999969482422,0.0,0,0,0,0
17-12 01:00,139.7,0.0,0.0,139.6999969482422,0.0,0,0,0,0
17-12 02:00,140.5,0.0,0.0,140.5,0.0,0,0,0,0
17-12 03:00,126.1,0.0,0.0,126.0999984741211,0.0,0,0,0,0
17-12 04:00,131.3,0.0,0.0,131.3000030517578,0.0,0,0,0,0
17-12 05:00,139.1,0.0,0.0,139.10000610351562,0.0,0,0,0,0
17-12 06:00,169.6,0.0,0.0,165.8000030517578,3.799999952316284,0,0,0,0
17-12 07:00,201.5,0.0,0.0,179.5,22.0,0,0,0,0
17-12 08:00,257.1,0.0,0.0,224.3000030517578,32.79999923706055,0,0,0,0
17-12 09:00,298.4,0.0,0.0,258.3999938964844,40.0,0,0,0,0
17-12 10:00,308.3,0.0,0.0,264.3999938964844,43.900001525878906,0,0,0,0
17-12 11:00,314.6,0.0,0.0,269.6000061035156,45.0,0,0,0,0
17-12 12:00,318.2,0.0,0.0,272.3999938964844,45.79999923706055,0,0,0,0
17-12 13:00,317.3,0.0,0.0,269.70001220703125,47.599998474121094,0,0,0,0
17-12 14:00,332.2,0.0,0.0,282.20001220703125,50.0,0,0,0,0
17-12 15:00,403.7,0.0,0.0,340.20001220703125,63.5,0,0,0,0
17-12 16:00,458.3,0.0,0.0,384.6000061035156,73.69999694824219,0,0,0,0
17-12 17:00,459.7,0.0,0.0,382.79998779296875,76.9000015258789,0,0,0,0
17-12 18:00,444.5,0.0,0.0,372.79998779296875,71.69999694824219,0,0,0,0
17-12 19:00,410.8,0.0,0.0,346.8999938964844,63.900001525878906,0,0,0,0
17-12 20:00,294.2,0.0,0.0,253.60000610351562,40.599998474121094,0,0,0,0
17-12 21:00,200.5,0.0,0.0,180.10000610351562,20.399999618530273,0,0,0,0
17-12 22:00,175.2,0.0,0.0,163.39999389648438,11.800000190734863,0,0,0,0
17-12 23:00,148.6,0.0,0.0,147.8000030517578,0.800000011920929,0,0,0,0
18-12 00:00,149.9,0.0,0.0,149.8000030517578,0.0,0,0,0,0
18-12 01:00,145.5,0.0,0.0,145.5,0.0,0,0,0,0
18-12 02:00,141.2,0.0,0.0,141.1999969482422,0.0,0,0,0,0
18-12 03:00,130.0,0.0,0.0,130.0,0.0,0,0,0,0
18-12 04:00,132.7,0.0,0.0,132.6999969482422,0.0,0,0,0,0
18-12 05:00,155.5,0.0,0.0,155.5,0.0,0,0,0,0
18-12 06:00,196.2,0.0,0.0,192.3000030517578,3.9000000953674316,0,0,0,0
18-12 07:00,224.9,0.0,0.0,203.60000610351562,21.299999237060547,0,0,0,0
18-12 08:00,270.2,0.0,0.0,240.0,30.200000762939453,0,0,0,0
18-12 09:00,306.5,0.0,0.0,270.29998779296875,36.20000076293945,0,0,0,0
18-12 10:00,365.5,0.0,0.0,319.6000061035156,46.0,0,0,0,0
18-12 11:00,335.2,0.0,0.0,291.79998779296875,43.400001525878906,0,0,0,0
18-12 12:00,325.5,0.0,0.0,284.0,41.5,0,0,0,0
18-12 13:00,361.5,0.0,0.0,313.3999938964844,48.099998474121094,0,0,0,0
18-12 14:00,367.1,0.0,0.0,317.20001220703125,50.0,0,0,0,0
18-12 15:00,448.9,0.0,0.0,384.70001220703125,64.19999694824219,0,0,0,0
18-12 16:00,477.9,0.0,0.0,406.8999938964844,71.0,0,0,0,0
18-12 17:00,478.7,0.0,0.0,404.70001220703125,74.0,0,0,0,0
18-12 18:00,472.1,0.0,0.0,401.79998779296875,70.30000305175781,0,0,0,0
18-12 19:00,415.9,0.0,0.0,356.1000061035156,59.79999923706055,0,0,0,0
18-12 20:00,298.5,0.0,0.0,260.3999938964844,38.099998474121094,0,0,0,0
18-12 21:00,224.8,0.0,0.0,202.8000030517578,22.0,0,0,0,0
18-12 22:00,169.6,0.0,0.0,158.5,11.100000381469727,0,0,0,0
18-12 23:00,149.1,0.0,0.0,148.39999389648438,0.699999988079071,0,0,0,0
19-12 00:00,146.0,0.0,0.0,146.0,0.0,0,0,0,0
19-12 01:00,137.4,0.0,0.0,137.39999389648438,0.0,0,0,0,0
19-12 02:00,146.1,0.0,0.0,146.10000610351562,0.0,0,0,0,0
19-12 03:00,133.6,0.0,0.0,133.60000610351562,0.0,0,0,0,0
19-12 04:00,132.1,0.0,0.0,132.10000610351562,0.0,0,0,0,0
19-12 05:00,163.9,0.0,0.0,163.89999389648438,0.0,0,0,0,0
19-12 06:00,179.8,0.0,0.0,176.10000610351562,3.700000047683716,0,0,0,0
19-12 07:00,242.8,0.0,0.0,218.8000030517578,24.0,0,0,0,0
19-12 08:00,252.0,0.0,0.0,222.6999969482422,29.299999237060547,0,0,0,0
19-12 09:00,288.9,0.0,0.0,252.60000610351562,36.29999923706055,0,0,0,0
19-12 10:00,304.4,0.0,0.0,264.70001220703125,39.70000076293945,0,0,0,0
19-12 11:00,350.4,0.0,0.0,304.3999938964844,46.0,0,0,0,0
19-12 12:00,337.6,0.0,0.0,293.0,44.599998474121094,0,0,0,0
19-12 13:00,346.1,0.0,0.0,298.3999938964844,47.70000076293945,0,0,0,0
19-12 14:00,362.1,0.0,0.0,312.0,50.099998474121094,0,0,0,0
19-12 15:00,447.7,0.0,0.0,381.6000061035156,66.0999984741211,0,0,0,0
19-12 16:00,452.1,0.0,0.0,383.8999938964844,68.19999694824219,0,0,0,0
19-12 17:00,457.2,0.0,0.0,385.3999938964844,71.80000305175781,0,0,0,0
19-12 18:00,478.9,0.0,0.0,406.3999938964844,72.5,0,0,0,0
19-12 19:00,413.9,0.0,0.0,353.5,60.400001525878906,0,0,0,0
19-12 20:00,317.1,0.0,0.0,276.0,41.099998474121094,0,0,0,0
19-12 21:00,233.8,0.0,0.0,210.6999969482422,23.100000381469727,0,0,0,0
19-12 22:00,161.8,0.0,0.0,151.10000610351562,10.699999809265137,0,0,0,0
19-12 23:00,154.2,0.0,0.0,153.39999389648438,0.800000011920929,0,0,0,0
20-12 00:00,159.9,0.0,0.0,159.89999389648438,0.0,0,0,0,0
20-12 01:00,146.2,0.0,0.0,146.1999969482422,0.0,0,0,0,0
20-12 02:00,150.2,0.0,0.0,150.1999969482422,0.0,0,0,0,0
20-12 03:00,155.9,0.0,0.0,155.89999389648438,0.0,0,0,0,0
20-12 04:00,144.2,0.0,0.0,144.1999969482422,0.0,0,0,0,0
20-12 05:00,164.3,0.0,0.0,164.3000030517578,0.0,0,0,0,0
20-12 06:00,193.0,0.0,0.0,189.3000030517578,3.700000047683716,0,0,0,0
20-12 07:00,235.9,0.0,0.0,214.10000610351562,21.799999237060547,0,0,0,0
20-12 08:00,285.0,0.0,0.0,254.0,30.899999618530273,0,0,0,0
20-12 09:00,314.2,0.0,0.0,278.29998779296875,35.900001525878906,0,0,0,0
20-12 10:00,358.0,0.0,0.0,314.5,43.5,0,0,0,0
20-12 11:00,351.4,0.0,0.0,309.29998779296875,42.099998474121094,0,0,0,0
20-12 12:00,366.1,0.0,0.0,321.8999938964844,44.20000076293945,0,0,0,0
20-12 13:00,349.0,0.0,0.0,304.20001220703125,44.79999923706055,0,0,0,0
20-12 14:00,384.9,0.0,0.0,335.29998779296875,49.599998474121094,0,0,0,0
20-12 15:00,451.5,0.0,0.0,390.3999938964844,61.099998474121094,0,0,0,0
20-12 16:00,508.2,0.0,0.0,437.8999938964844,70.4000015258789,0,0,0,0
20-12 17:00,493.2,0.0,0.0,422.1000061035156,71.0999984741211,0,0,0,0
20-12 18:00,512.1,0.0,0.0,441.0,71.0999984741211,0,0,0,0
20-12 19:00,468.4,0.0,0.0,406.70001220703125,61.599998474121094,0,0,0,0
20-12 20:00,336.6,0.0,0.0,297.6000061035156,39.0,0,0,0,0
20-12 21:00,250.0,0.0,0.0,228.1999969482422,21.799999237060547,0,0,0,0
20-12 22:00,207.9,0.0,0.0,196.0,11.899999618530273,0,0,0,0
20-12 23:00,169.4,0.0,0.0,168.6999969482422,0.699999988079071,0,0,0,0
21-12 00:00,184.9,0.0,0.0,184.89999389648438,0.0,0,0,0,0
21-12 01:00,173.9,0.0,0.0,174.0,0.0,0,0,0,0
21-12 02:00,172.4,0.0,0.0,172.39999389648438,0.0,0,0,0,0
21-12 03:00,179.3,0.0,0.0,179.3000030517578,0.0,0,0,0,0
21-12 04:00,167.2,0.0,0.0,167.1999969482422,0.0,0,0,0,0
21-12 05:00,177.3,0.0,0.0,177.3000030517578,0.0,0,0,0,0
21-12 06:00,211.3,0.0,0.0,207.8000030517578,3.5,0,0,0,0
21-12 07:00,254.6,0.0,0.0,234.10000610351562,20.5,0,0,0,0
21-12 08:00,353.1,0.0,0.0,319.6000061035156,33.5,0,0,0,0
21-12 09:00,366.5,0.0,0.0,329.79998779296875,36.70000076293945,0,0,0,0
21-12 10:00,368.8,0.0,0.0,329.5,39.29999923706055,0,0,0,0
21-12 11:00,404.9,0.0,0.0,361.3999938964844,43.400001525878906,0,0,0,0
21-12 12:00,401.1,0.0,0.0,357.79998779296875,43.29999923706055,0,0,0,0
21-12 13:00,431.8,0.0,0.0,383.1000061035156,48.70000076293945,0,0,0,0
21-12 14:00,501.6,0.0,0.0,444.79998779296875,56.79999923706055,0,0,0,0
21-12 15:00,531.2,0.0,0.0,466.8999938964844,64.30000305175781,0,0,0,0
21-12 16:00,540.6,0.0,0.0,473.70001220703125,66.9000015258789,0,0,0,0
21-12 17:00,574.6,0.0,0.0,500.5,74.0999984741211,0,0,0,0
21-12 18:00,533.4,0.0,0.0,467.20001220703125,66.19999694824219,0,0,0,0
21-12 19:00,472.7,0.0,0.0,416.8999938964844,55.79999923706055,0,0,0,0
21-12 20:00,403.4,0.0,0.0,361.5,41.900001525878906,0,0,0,0
21-12 21:00,286.7,0.0,0.0,264.20001220703125,22.5,0,0,0,0
21-12 22:00,209.2,0.0,0.0,198.39999389648438,10.800000190734863,0,0,0,0
21-12 23:00,188.8,0.0,0.0,188.0,0.699999988079071,0,0,0,0
22-12 00:00,194.9,0.0,0.0,194.89999389648438,0.0,0,0,0,0
22-12 01:00,202.7,0.0,0.0,202.6999969482422,0.0,0,0,0,0
22-12 02:00,181.7,0.0,0.0,181.6999969482422,0.0,0,0,0,0
22-12 03:00,187.3,0.0,0.0,187.3000030517578,0.0,0,0,0,0
22-12 04:00,204.2,0.0,0.0,204.1999969482422,0.0,0,0,0,0
22-12 05:00,212.3,0.0,0.0,212.3000030517578,0.0,0,0,0,0
22-12 06:00,202.8,0.0,0.0,202.8000030517578,0.0,0,0,0,0
22-12 07:00,202.2,0.0,0.0,200.6999969482422,1.5,0,0,0,0
22-12 08:00,199.9,0.0,0.0,193.6999969482422,6.199999809265137,0,0,0,0
22-12 09:00,238.8,0.0,0.0,225.6999969482422,13.100000381469727,0,0,0,0
22-12 10:00,312.4,0.0,0.0,286.0,26.399999618530273,0,0,0,0
22-12 11:00,390.8,0.0,0.0,352.6000061035156,38.20000076293945,0,0,0,0
22-12 12:00,432.9,0.0,0.0,387.8999938964844,45.0,0,0,0,0
22-12 13:00,455.7,0.0,0.0,405.0,50.70000076293945,0,0,0,0
22-12 14:00,500.7,0.0,0.0,444.0,56.599998474121094,0,0,0,0
22-12 15:00,524.1,0.0,0.0,464.1000061035156,60.0,0,0,0,0
22-12 16:00,512.1,0.0,0.0,453.70001220703125,58.400001525878906,0,0,0,0
22-12 17:00,365.1,0.0,0.0,328.3999938964844,36.70000076293945,0,0,0,0
22-12 18:00,335.3,0.0,0.0,305.5,29.799999237060547,0,0,0,0
22-12 19:00,282.2,0.0,0.0,262.20001220703125,20.0,0,0,0,0
22-12 20:00,215.1,0.0,0.0,203.10000610351562,12.0,0,0,0,0
22-12 21:00,214.2,0.0,0.0,207.1999969482422,7.0,0,0,0,0
22-12 22:00,193.8,0.0,0.0,191.60000610351562,2.200000047683716,0,0,0,0
22-12 23:00,197.3,0.0,0.0,197.3000030517578,0.0,0,0,0,0
23-12 00:00,174.4,0.0,0.0,174.39999389648438,0.0,0,0,0,0
23-12 01:00,174.7,0.0,0.0,174.6999969482422,0.0,0,0,0,0
23-12 02:00,165.3,0.0,0.0,165.3000030517578,0.0,0,0,0,0
23-12 03:00,172.1,0.0,0.0,172.1999969482422,0.0,0,0,0,0
23-12 04:00,172.1,0.0,0.0,172.1999969482422,0.0,0,0,0,0
23-12 05:00,191.2,0.0,0.0,191.1999969482422,0.0,0,0,0,0
23-12 06:00,190.7,0.0,0.0,190.6999969482422,0.0,0,0,0,0
23-12 07:00,202.8,0.0,0.0,199.10000610351562,3.700000047683716,0,0,0,0
23-12 08:00,210.0,0.0,0.0,201.3000030517578,8.699999809265137,0,0,0,0
23-12 09:00,202.5,0.0,0.0,191.0,11.5,0,0,0,0
23-12 10:00,219.3,0.0,0.0,203.60000610351562,15.699999809265137,0,0,0,0
23-12 11:00,243.6,0.0,0.0,222.89999389648438,20.700000762939453,0,0,0,0
23-12 12:00,255.9,0.0,0.0,229.60000610351562,26.299999237060547,0,0,0,0
23-12 13:00,306.2,0.0,0.0,269.70001220703125,36.5,0,0,0,0
23-12 14:00,309.6,0.0,0.0,270.79998779296875,38.79999923706055,0,0,0,0
23-12 15:00,339.1,0.0,0.0,297.5,41.599998474121094,0,0,0,0
23-12 16:00,331.7,0.0,0.0,291.1000061035156,40.599998474121094,0,0,0,0
23-12 17:00,312.1,0.0,0.0,277.0,35.099998474121094,0,0,0,0
23-12 18:00,221.3,0.0,0.0,199.8000030517578,21.5,0,0,0,0
23-12 19:00,195.5,0.0,0.0,178.1999969482422,17.299999237060547,0,0,0,0
23-12 20:00,159.2,0.0,0.0,147.5,11.699999809265137,0,0,0,0
23-12 21:00,169.6,0.0,0.0,161.1999969482422,8.399999618530273,0,0,0,0
23-12 22:00,153.2,0.0,0.0,151.6999969482422,1.5,0,0,0,0
23-12 23:00,151.5,0.0,0.0,150.0,1.5,0,0,0,0
24-12 00:00,134.4,0.0,0.0,134.39999389648438,0.0,0,0,0,0
24-12 01:00,134.6,0.0,0.0,134.60000610351562,0.0,0,0,0,0
24-12 02:00,136.1,0.0,0.0,136.10000610351562,0.0,0,0,0,0
24-12 03:00,134.8,0.0,0.0,134.8000030517578,0.0,0,0,0,0
24-12 04:00,138.8,0.0,0.0,138.8000030517578,0.0,0,0,0,0
24-12 05:00,129.2,0.0,0.0,129.1999969482422,0.0,0,0,0,0
24-12 06:00,127.5,0.0,0.0,127.5,0.0,0,0,0,0
24-12 07:00,139.0,0.0,0.0,135.3000030517578,3.700000047683716,0,0,0,0
24-12 08:00,158.1,0.0,0.0,149.1999969482422,9.0,0,0,0,0
24-12 09:00,163.1,0.0,0.0,150.8000030517578,12.300000190734863,0,0,0,0
24-12 10:00,174.0,0.0,0.0,157.39999389648438,16.600000381469727,0,0,0,0
24-12 11:00,206.6,0.0,0.0,185.6999969482422,20.899999618530273,0,0,0,0
24-12 12:00,216.5,0.0,0.0,191.39999389648438,25.100000381469727,0,0,0,0
24-12 13:00,258.7,0.0,0.0,223.60000610351562,35.099998474121094,0,0,0,0
24-12 14:00,258.6,0.0,0.0,221.8000030517578,36.79999923706055,0,0,0,0
24-12 15:00,288.7,0.0,0.0,248.3000030517578,40.400001525878906,0,0,0,0
24-12 16:00,292.9,0.0,0.0,251.10000610351562,41.79999923706055,0,0,0,0
24-12 17:00,248.2,0.0,0.0,215.6999969482422,32.5,0,0,0,0
24-12 18:00,208.9,0.0,0.0,185.3000030517578,23.600000381469727,0,0,0,0
24-12 19:00,174.4,0.0,0.0,157.10000610351562,17.299999237060547,0,0,0,0
24-12 20:00,162.5,0.0,0.0,149.1999969482422,13.300000190734863,0,0,0,0
24-12 21:00,148.6,0.0,0.0,140.39999389648438,8.199999809265137,0,0,0,0
24-12 22:00,134.1,0.0,0.0,132.60000610351562,1.5,0,0,0,0
24-12 23:00,130.2,0.0,0.0,128.6999969482422,1.399999976158142,0,0,0,0
25-12 00:00,126.1,0.0,0.0,126.0999984741211,0.0,0,0,0,0
25-12 01:00,123.5,0.0,0.0,123.5,0.0,0,0,0,0
25-12 02:00,121.0,0.0,0.0,121.0,0.0,0,0,0,0
25-12 03:00,135.9,0.0,0.0,135.89999389648438,0.0,0,0,0,0
25-12 04:00,118.5,0.0,0.0,118.5,0.0,0,0,0,0
25-12 05:00,134.5,0.0,0.0,134.5,0.0,0,0,0,0
25-12 06:00,149.7,0.0,0.0,149.6999969482422,0.0,0,0,0,0
25-12 07:00,156.5,0.0,0.0,152.6999969482422,3.799999952316284,0,0,0,0
25-12 08:00,168.8,0.0,0.0,159.6999969482422,9.100000381469727,0,0,0,0
25-12 09:00,166.8,0.0,0.0,154.89999389648438,11.899999618530273,0,0,0,0
25-12 10:00,181.9,0.0,0.0,165.5,16.399999618530273,0,0,0,0
25-12 11:00,192.6,0.0,0.0,172.6999969482422,19.899999618530273,0,0,0,0
25-12 12:00,206.7,0.0,0.0,182.39999389648438,24.299999237060547,0,0,0,0
25-12 13:00,249.1,0.0,0.0,215.10000610351562,34.0,0,0,0,0
25-12 14:00,267.8,0.0,0.0,229.39999389648438,38.400001525878906,0,0,0,0
25-12 15:00,306.0,0.0,0.0,263.1000061035156,42.900001525878906,0,0,0,0
25-12 16:00,294.8,0.0,0.0,254.60000610351562,40.20000076293945,0,0,0,0
25-12 17:00,267.5,0.0,0.0,235.0,32.5,0,0,0,0
25-12 18:00,229.4,0.0,0.0,205.60000610351562,23.799999237060547,0,0,0,0
25-12 19:00,206.9,0.0,0.0,188.10000610351562,18.799999237060547,0,0,0,0
25-12 20:00,182.5,0.0,0.0,169.5,13.0,0,0,0,0
25-12 21:00,170.4,0.0,0.0,162.3000030517578,8.100000381469727,0,0,0,0
25-12 22:00,142.5,0.0,0.0,141.1999969482422,1.2999999523162842,0,0,0,0
25-12 23:00,167.8,0.0,0.0,166.3000030517578,1.5,0,0,0,0
26-12 00:00,155.3,0.0,0.0,155.3000030517578,0.0,0,0,0,0
26-12 01:00,159.1,0.0,0.0,159.0,0.0,0,0,0,0
26-12 02:00,161.2,0.0,0.0,161.1999969482422,0.0,0,0,0,0
26-12 03:00,165.8,0.0,0.0,165.8000030517578,0.0,0,0,0,0
26-12 04:00,147.2,0.0,0.0,147.1999969482422,0.0,0,0,0,0
26-12 05:00,147.7,0.0,0.0,147.6999969482422,0.0,0,0,0,0
26-12 06:00,169.0,0.0,0.0,169.0,0.0,0,0,0,0
26-12 07:00,164.8,0.0,0.0,161.39999389648438,3.4000000953674316,0,0,0,0
26-12 08:00,193.7,0.0,0.0,184.60000610351562,9.100000381469727,0,0,0,0
26-12 09:00,216.3,0.0,0.0,202.1999969482422,14.100000381469727,0,0,0,0
26-12 10:00,185.2,0.0,0.0,169.39999389648438,15.800000190734863,0,0,0,0
26-12 11:00,212.5,0.0,0.0,191.8000030517578,20.700000762939453,0,0,0,0
26-12 12:00,205.0,0.0,0.0,182.1999969482422,22.799999237060547,0,0,0,0
26-12 13:00,282.3,0.0,0.0,246.8000030517578,35.400001525878906,0,0,0,0
26-12 14:00,299.6,0.0,0.0,260.0,39.599998474121094,0,0,0,0
26-12 15:00,325.5,0.0,0.0,281.29998779296875,44.20000076293945,0,0,0,0
26-12 16:00,300.0,0.0,0.0,259.3999938964844,40.599998474121094,0,0,0,0
26-12 17:00,271.2,0.0,0.0,237.39999389648438,33.79999923706055,0,0,0,0
26-12 18:00,211.5,0.0,0.0,188.60000610351562,22.899999618530273,0,0,0,0
26-12 19:00,192.9,0.0,0.0,174.39999389648438,18.5,0,0,0,0
26-12 20:00,164.5,0.0,0.0,151.5,13.0,0,0,0,0
26-12 21:00,146.8,0.0,0.0,138.89999389648438,7.900000095367432,0,0,0,0
26-12 22:00,134.8,0.0,0.0,133.39999389648438,1.399999976158142,0,0,0,0
26-12 23:00,129.4,0.0,0.0,128.0,1.399999976158142,0,0,0,0
27-12 00:00,154.1,0.0,0.0,154.10000610351562,0.0,0,0,0,0
27-12 01:00,134.2,0.0,0.0,134.1999969482422,0.0,0,0,0,0
27-12 02:00,123.8,0.0,0.0,123.80000305175781,0.0,0,0,0,0
27-12 03:00,131.6,0.0,0.0,131.60000610351562,0.0,0,0,0,0
27-12 04:00,133.0,0.0,0.0,133.0,0.0,0,0,0,0
27-12 05:00,148.2,0.0,0.0,148.1999969482422,0.0,0,0,0,0
27-12 06:00,167.3,0.0,0.0,163.6999969482422,3.5999999046325684,0,0,0,0
27-12 07:00,225.8,0.0,0.0,202.8000030517578,23.0,0,0,0,0
27-12 08:00,255.2,0.0,0.0,224.5,30.700000762939453,0,0,0,0
27-12 09:00,304.1,0.0,0.0,265.3999938964844,38.70000076293945,0,0,0,0
27-12 10:00,331.9,0.0,0.0,287.0,44.900001525878906,0,0,0,0
27-12 11:00,318.6,0.0,0.0,274.20001220703125,44.400001525878906,0,0,0,0
27-12 12:00,305.4,0.0,0.0,261.6000061035156,43.79999923706055,0,0,0,0
27-12 13:00,323.1,0.0,0.0,274.79998779296875,48.29999923706055,0,0,0,0
27-12 14:00,331.6,0.0,0.0,281.8999938964844,49.70000076293945,0,0,0,0
27-12 15:00,392.0,0.0,0.0,329.5,62.5,0,0,0,0
27-12 16:00,400.9,0.0,0.0,334.5,66.4000015258789,0,0,0,0
27-12 17:00,425.7,0.0,0.0,353.6000061035156,72.0999984741211,0,0,0,0
27-12 18:00,466.0,0.0,0.0,391.20001220703125,74.80000305175781,0,0,0,0
27-12 19:00,383.7,0.0,0.0,324.20001220703125,59.400001525878906,0,0,0,0
27-12 20:00,332.8,0.0,0.0,287.0,45.79999923706055,0,0,0,0
27-12 21:00,216.2,0.0,0.0,193.5,22.700000762939453,0,0,0,0
27-12 22:00,160.5,0.0,0.0,148.6999969482422,11.800000190734863,0,0,0,0
27-12 23:00,134.5,0.0,0.0,133.6999969482422,0.800000011920929,0,0,0,0
28-12 00:00,131.0,0.0,0.0,131.0,0.0,0,0,0,0
28-12 01:00,127.6,0.0,0.0,127.5999984741211,0.0,0,0,0,0
28-12 02:00,123.3,0.0,0.0,123.30000305175781,0.0,0,0,0,0
28-12 03:00,119.9,0.0,0.0,119.9000015258789,0.0,0,0,0,0
28-12 04:00,119.2,0.0,0.0,119.19999694824219,0.0,0,0,0,0
28-12 05:00,128.3,0.0,0.0,128.3000030517578,0.0,0,0,0,0
28-12 06:00,141.5,0.0,0.0,137.8000030517578,3.700000047683716,0,0,0,0
28-12 07:00,175.7,0.0,0.0,153.1999969482422,22.5,0,0,0,0
28-12 08:00,223.8,0.0,0.0,190.1999969482422,33.599998474121094,0,0,0,0
28-12 09:00,252.2,0.0,0.0,212.39999389648438,39.79999923706055,0,0,0,0
28-12 10:00,250.8,0.0,0.0,207.60000610351562,43.20000076293945,0,0,0,0
28-12 11:00,246.2,0.0,0.0,203.5,42.70000076293945,0,0,0,0
28-12 12:00,241.9,0.0,0.0,198.5,43.400001525878906,0,0,0,0
28-12 13:00,267.2,0.0,0.0,217.39999389648438,49.79999923706055,0,0,0,0
28-12 14:00,277.7,0.0,0.0,225.89999389648438,51.79999923706055,0,0,0,0
28-12 15:00,317.4,0.0,0.0,254.8000030517578,62.599998474121094,0,0,0,0
28-12 16:00,344.9,0.0,0.0,275.70001220703125,69.19999694824219,0,0,0,0
28-12 17:00,367.9,0.0,0.0,292.79998779296875,75.0999984741211,0,0,0,0
28-12 18:00,379.9,0.0,0.0,305.0,74.9000015258789,0,0,0,0
28-12 19:00,331.3,0.0,0.0,269.5,61.79999923706055,0,0,0,0
28-12 20:00,257.4,0.0,0.0,215.8000030517578,41.599998474121094,0,0,0,0
28-12 21:00,168.7,0.0,0.0,147.10000610351562,21.600000381469727,0,0,0,0
28-12 22:00,131.7,0.0,0.0,120.30000305175781,11.399999618530273,0,0,0,0
28-12 23:00,116.9,0.0,0.0,116.0999984741211,0.800000011920929,0,0,0,0
29-12 00:00,124.2,0.0,0.0,124.19999694824219,0.0,0,0,0,0
29-12 01:00,127.9,0.0,0.0,127.9000015258789,0.0,0,0,0,0
29-12 02:00,125.6,0.0,0.0,125.5999984741211,0.0,0,0,0,0
29-12 03:00,123.9,0.0,0.0,123.9000015258789,0.0,0,0,0,0
29-12 04:00,133.0,0.0,0.0,133.0,0.0,0,0,0,0
29-12 05:00,139.6,0.0,0.0,139.60000610351562,0.0,0,0,0,0
29-12 06:00,146.2,0.0,0.0,146.1999969482422,0.0,0,0,0,0
29-12 07:00,142.7,0.0,0.0,141.3000030517578,1.399999976158142,0,0,0,0
29-12 08:00,148.4,0.0,0.0,141.8000030517578,6.599999904632568,0,0,0,0
29-12 09:00,154.3,0.0,0.0,141.0,13.300000190734863,0,0,0,0
29-12 10:00,215.9,0.0,0.0,188.39999389648438,27.600000381469727,0,0,0,0
29-12 11:00,241.0,0.0,0.0,203.5,37.5,0,0,0,0
29-12 12:00,286.2,0.0,0.0,239.1999969482422,47.0,0,0,0,0
29-12 13:00,319.0,0.0,0.0,263.3999938964844,55.599998474121094,0,0,0,0
29-12 14:00,320.6,0.0,0.0,262.6000061035156,58.0,0,0,0,0
29-12 15:00,334.9,0.0,0.0,272.8999938964844,62.0,0,0,0,0
29-12 16:00,324.5,0.0,0.0,265.3999938964844,59.099998474121094,0,0,0,0
29-12 17:00,232.2,0.0,0.0,193.89999389648438,38.29999923706055,0,0,0,0
29-12 18:00,215.7,0.0,0.0,185.89999389648438,29.799999237060547,0,0,0,0
29-12 19:00,172.2,0.0,0.0,152.10000610351562,20.100000381469727,0,0,0,0
29-12 20:00,121.3,0.0,0.0,109.9000015258789,11.399999618530273,0,0,0,0
29-12 21:00,129.7,0.0,0.0,122.80000305175781,6.900000095367432,0,0,0,0
29-12 22:00,126.3,0.0,0.0,123.9000015258789,2.4000000953674316,0,0,0,0
29-12 23:00,123.0,0.0,0.0,123.0,0.0,0,0,0,0
30-12 00:00,104.3,0.0,0.0,104.30000305175781,0.0,0,0,0,0
30-12 01:00,117.6,0.0,0.0,117.5999984741211,0.0,0,0,0,0
30-12 02:00,107.8,0.0,0.0,107.80000305175781,0.0,0,0,0,0
30-12 03:00,121.9,0.0,0.0,121.9000015258789,0.0,0,0,0,0
30-12 04:00,111.2,0.0,0.0,111.19999694824219,0.0,0,0,0,0
30-12 05:00,117.6,0.0,0.0,117.5999984741211,0.0,0,0,0,0
30-12 06:00,123.3,0.0,0.0,123.30000305175781,0.0,0,0,0,0
30-12 07:00,129.2,0.0,0.0,125.4000015258789,3.799999952316284,0,0,0,0
30-12 08:00,132.4,0.0,0.0,124.0999984741211,8.300000190734863,0,0,0,0
30-12 09:00,132.8,0.0,0.0,121.5999984741211,11.100000381469727,0,0,0,0
30-12 10:00,144.9,0.0,0.0,128.8000030517578,16.100000381469727,0,0,0,0
30-12 11:00,149.2,0.0,0.0,130.0,19.200000762939453,0,0,0,0
30-12 12:00,158.9,0.0,0.0,134.8000030517578,24.100000381469727,0,0,0,0
30-12 13:00,202.4,0.0,0.0,166.89999389648438,35.5,0,0,0,0
30-12 14:00,213.7,0.0,0.0,174.5,39.20000076293945,0,0,0,0
30-12 15:00,234.7,0.0,0.0,193.0,41.70000076293945,0,0,0,0
30-12 16:00,257.8,0.0,0.0,213.5,44.29999923706055,0,0,0,0
30-12 17:00,207.6,0.0,0.0,174.6999969482422,32.900001525878906,0,0,0,0
30-12 18:00,155.0,0.0,0.0,133.6999969482422,21.299999237060547,0,0,0,0
30-12 19:00,145.8,0.0,0.0,128.0,17.799999237060547,0,0,0,0
30-12 20:00,141.3,0.0,0.0,127.0999984741211,14.199999809265137,0,0,0,0
30-12 21:00,112.6,0.0,0.0,104.9000015258789,7.699999809265137,0,0,0,0
30-12 22:00,114.9,0.0,0.0,113.4000015258789,1.5,0,0,0,0
30-12 23:00,108.3,0.0,0.0,106.9000015258789,1.399999976158142,0,0,0,0
31-12 00:00,120.2,0.0,0.0,120.19999694824219,0.0,0,0,0,0
31-12 01:00,106.7,0.0,0.0,106.69999694824219,0.0,0,0,0,0
31-12 02:00,101.3,0.0,0.0,101.30000305175781,0.0,0,0,0,0
31-12 03:00,104.5,0.0,0.0,104.5,0.0,0,0,0,0
31-12 04:00,118.3,0.0,0.0,118.4000015258789,0.0,0,0,0,0
31-12 05:00,115.9,0.0,0.0,115.9000015258789,0.0,0,0,0,0
31-12 06:00,113.4,0.0,0.0,113.4000015258789,0.0,0,0,0,0
31-12 07:00,118.2,0.0,0.0,114.5,3.700000047683716,0,0,0,0
31-12 08:00,122.5,0.0,0.0,114.0999984741211,8.399999618530273,0,0,0,0
31-12 09:00,138.0,0.0,0.0,125.5999984741211,12.399999618530273,0,0,0,0
31-12 10:00,148.4,0.0,0.0,132.3000030517578,16.100000381469727,0,0,0,0
31-12 11:00,163.8,0.0,0.0,144.1999969482422,19.600000381469727,0,0,0,0
31-12 12:00,181.5,0.0,0.0,157.0,24.600000381469727,0,0,0,0
31-12 13:00,230.0,0.0,0.0,194.8000030517578,35.20000076293945,0,0,0,0
31-12 14:00,254.2,0.0,0.0,213.39999389648438,40.79999923706055,0,0,0,0
31-12 15:00,263.3,0.0,0.0,222.0,41.29999923706055,0,0,0,0
31-12 16:00,255.2,0.0,0.0,215.3000030517578,39.900001525878906,0,0,0,0
31-12 17:00,241.7,0.0,0.0,208.1999969482422,33.5,0,0,0,0
31-12 18:00,203.2,0.0,0.0,179.10000610351562,24.100000381469727,0,0,0,0
31-12 19:00,167.2,0.0,0.0,149.10000610351562,18.100000381469727,0,0,0,0
31-12 20:00,158.4,0.0,0.0,145.0,13.399999618530273,0,0,0,0
31-12 21:00,135.5,0.0,0.0,127.80000305175781,7.699999809265137,0,0,0,0
31-12 22:00,140.1,0.0,0.0,138.60000610351562,1.5,0,0,0,0
31-12 23:00,146.0,0.0,0.0,144.39999389648438,1.600000023841858,0,0,0,0
