Zeit (TT-MM hh:mm),Wärme gesamt (kW),Kälte gesamt (kW),Strom gesamt (kW),Zone 1-Raumwärme (kW),Zone 1-Trinkwarmwasser (kW),Zone 1-Klimatisierung (kW),Zone 1-Prozesskälte (kW),Zone 1-Nutzerstrom (kW),Zone 1-Elektromobilität (kW)
01-01 00:00,86.6,0.0,0.0,86.5999984741211,0.0,0,0,0,0
01-01 01:00,89.2,0.0,0.0,89.19999694824219,0.0,0,0,0,0
01-01 02:00,81.4,0.0,0.0,81.4000015258789,0.0,0,0,0,0
01-01 03:00,85.8,0.0,0.0,85.80000305175781,0.0,0,0,0,0
01-01 04:00,90.6,0.0,0.0,90.5999984741211,0.0,0,0,0,0
01-01 05:00,89.2,0.0,0.0,89.19999694824219,0.0,0,0,0,0
01-01 06:00,100.0,0.0,0.0,100.0,0.0,0,0,0,0
01-01 07:00,98.8,0.0,0.0,98.80000305175781,0.0,0,0,0,0
01-01 08:00,108.3,0.0,0.0,108.30000305175781,0.0,0,0,0,0
01-01 09:00,105.9,0.0,0.0,105.9000015258789,0.0,0,0,0,0
01-01 10:00,106.4,0.0,0.0,105.0,1.399999976158142,0,0,0,0
01-01 11:00,106.7,0.0,0.0,100.0,6.699999809265137,0,0,0,0
01-01 12:00,100.3,0.0,0.0,91.0999984741211,9.199999809265137,0,0,0,0
01-01 13:00,103.1,0.0,0.0,95.30000305175781,7.800000190734863,0,0,0,0
01-01 14:00,97.9,0.0,0.0,96.5,1.399999976158142,0,0,0,0
01-01 15:00,114.0,0.0,0.0,112.5999984741211,1.399999976158142,0,0,0,0
01-01 16:00,112.6,0.0,0.0,111.30000305175781,1.2999999523162842,0,0,0,0
01-01 17:00,97.9,0.0,0.0,95.4000015258789,2.5,0,0,0,0
01-01 18:00,104.8,0.0,0.0,102.30000305175781,2.5,0,0,0,0
01-01 19:00,103.5,0.0,0.0,102.30000305175781,1.2000000476837158,0,0,0,0
01-01 20:00,103.4,0.0,0.0,103.4000015258789,0.0,0,0,0,0
01-01 21:00,111.0,0.0,0.0,111.0,0.0,0,0,0,0
01-01 22:00,111.0,0.0,0.0,111.0,0.0,0,0,0,0
01-01 23:00,118.7,0.0,0.0,118.69999694824219,0.0,0,0,0,0
02-01 00:00,144.3,0.0,0.0,144.3000030517578,0.0,0,0,0,0
02-01 01:00,147.2,0.0,0.0,147.1999969482422,0.0,0,0,0,0
02-01 02:00,142.7,0.0,0.0,142.6999969482422,0.0,0,0,0,0
02-01 03:00,166.0,0.0,0.0,166.0,0.0,0,0,0,0
02-01 04:00,198.1,0.0,0.0,198.10000610351562,0.0,0,0,0,0
02-01 05:00,245.4,0.0,0.0,245.39999389648438,0.0,0,0,0,0
02-01 06:00,303.0,0.0,0.0,303.0,0.0,0,0,0,0
02-01 07:00,335.3,0.0,0.0,335.29998779296875,0.0,0,0,0,0
02-01 08:00,366.7,0.0,0.0,366.70001220703125,0.0,0,0,0,0
02-01 09:00,347.2,0.0,0.0,344.5,2.700000047683716,0,0,0,0
02-01 10:00,328.5,0.0,0.0,316.79998779296875,11.699999809265137,0,0,0,0
02-01 11:00,369.8,0.0,0.0,287.0,82.80000305175781,0,0,0,0
02-01 12:00,409.7,0.0,0.0,279.70001220703125,130.0,0,0,0,0
02-01 13:00,384.0,0.0,0.0,271.8999938964844,112.0999984741211,0,0,0,0
02-01 14:00,268.3,0.0,0.0,242.8000030517578,25.5,0,0,0,0
02-01 15:00,255.2,0.0,0.0,231.3000030517578,23.899999618530273,0,0,0,0
02-01 16:00,230.3,0.0,0.0,203.8000030517578,26.5,0,0,0,0
02-01 17:00,210.3,0.0,0.0,174.8000030517578,35.5,0,0,0,0
02-01 18:00,209.6,0.0,0.0,177.8000030517578,31.799999237060547,0,0,0,0
02-01 19:00,182.8,0.0,0.0,170.89999389648438,11.899999618530273,0,0,0,0
02-01 20:00,167.7,0.0,0.0,163.8000030517578,3.9000000953674316,0,0,0,0
02-01 21:00,180.4,0.0,0.0,180.39999389648438,0.0,0,0,0,0
02-01 22:00,175.1,0.0,0.0,175.1999969482422,0.0,0,0,0,0
02-01 23:00,183.0,0.0,0.0,183.0,0.0,0,0,0,0
03-01 00:00,200.0,0.0,0.0,200.0,0.0,0,0,0,0
03-01 01:00,184.8,0.0,0.0,184.8000030517578,0.0,0,0,0,0
03-01 02:00,193.7,0.0,0.0,193.6999969482422,0.0,0,0,0,0
03-01 03:00,186.6,0.0,0.0,186.60000610351562,0.0,0,0,0,0
03-01 04:00,240.6,0.0,0.0,240.60000610351562,0.0,0,0,0,0
03-01 05:00,336.1,0.0,0.0,336.1000061035156,0.0,0,0,0,0
03-01 06:00,367.9,0.0,0.0,367.8999938964844,0.0,0,0,0,0
03-01 07:00,422.1,0.0,0.0,422.1000061035156,0.0,0,0,0,0
03-01 08:00,435.3,0.0,0.0,435.29998779296875,0.0,0,0,0,0
03-01 09:00,372.0,0.0,0.0,369.6000061035156,2.4000000953674316,0,0,0,0
03-01 10:00,388.4,0.0,0.0,375.8999938964844,12.5,0,0,0,0
03-01 11:00,412.1,0.0,0.0,328.6000061035156,83.5999984741211,0,0,0,0
03-01 12:00,451.1,0.0,0.0,319.70001220703125,131.39999389648438,0,0,0,0
03-01 13:00,416.3,0.0,0.0,305.29998779296875,111.0,0,0,0,0
03-01 14:00,332.1,0.0,0.0,304.0,28.200000762939453,0,0,0,0
03-01 15:00,288.0,0.0,0.0,263.8999938964844,24.100000381469727,0,0,0,0
03-01 16:00,262.3,0.0,0.0,235.0,27.299999237060547,0,0,0,0
03-01 17:00,253.4,0.0,0.0,214.3000030517578,39.099998474121094,0,0,0,0
03-01 18:00,209.0,0.0,0.0,178.8000030517578,30.200000762939453,0,0,0,0
03-01 19:00,208.6,0.0,0.0,196.1999969482422,12.399999618530273,0,0,0,0
03-01 20:00,191.9,0.0,0.0,187.8000030517578,4.099999904632568,0,0,0,0
03-01 21:00,171.0,0.0,0.0,171.0,0.0,0,0,0,0
03-01 22:00,199.8,0.0,0.0,199.8000030517578,0.0,0,0,0,0
03-01 23:00,178.3,0.0,0.0,178.3000030517578,0.0,0,0,0,0
04-01 00:00,178.8,0.0,0.0,178.8000030517578,0.0,0,0,0,0
04-01 01:00,173.5,0.0,0.0,173.5,0.0,0,0,0,0
04-01 02:00,190.7,0.0,0.0,190.6999969482422,0.0,0,0,0,0
04-01 03:00,199.1,0.0,0.0,199.10000610351562,0.0,0,0,0,0
04-01 04:00,227.5,0.0,0.0,227.5,0.0,0,0,0,0
04-01 05:00,297.8,0.0,0.0,297.79998779296875,0.0,0,0,0,0
04-01 06:00,311.7,0.0,0.0,311.70001220703125,0.0,0,0,0,0
04-01 07:00,403.5,0.0,0.0,403.6000061035156,0.0,0,0,0,0
04-01 08:00,407.6,0.0,0.0,407.6000061035156,0.0,0,0,0,0
04-01 09:00,344.7,0.0,0.0,342.29998779296875,2.4000000953674316,0,0,0,0
04-01 10:00,334.5,0.0,0.0,322.8999938964844,11.600000381469727,0,0,0,0
04-01 11:00,390.3,0.0,0.0,304.8999938964844,85.4000015258789,0,0,0,0
04-01 12:00,430.7,0.0,0.0,296.70001220703125,134.0,0,0,0,0
04-01 13:00,388.3,0.0,0.0,279.5,108.80000305175781,0,0,0,0
04-01 14:00,289.6,0.0,0.0,262.79998779296875,26.799999237060547,0,0,0,0
04-01 15:00,264.0,0.0,0.0,239.8000030517578,24.100000381469727,0,0,0,0
04-01 16:00,243.0,0.0,0.0,214.60000610351562,28.399999618530273,0,0,0,0
04-01 17:00,207.8,0.0,0.0,172.0,35.79999923706055,0,0,0,0
04-01 18:00,178.5,0.0,0.0,148.3000030517578,30.200000762939453,0,0,0,0
04-01 19:00,155.3,0.0,0.0,143.8000030517578,11.5,0,0,0,0
04-01 20:00,151.2,0.0,0.0,147.10000610351562,4.099999904632568,0,0,0,0
04-01 21:00,141.2,0.0,0.0,141.1999969482422,0.0,0,0,0,0
04-01 22:00,142.7,0.0,0.0,142.6999969482422,0.0,0,0,0,0
04-01 23:00,139.8,0.0,0.0,139.8000030517578,0.0,0,0,0,0
05-01 00:00,117.6,0.0,0.0,117.5999984741211,0.0,0,0,0,0
05-01 01:00,115.3,0.0,0.0,115.30000305175781,0.0,0,0,0,0
05-01 02:00,108.1,0.0,0.0,108.0999984741211,0.0,0,0,0,0
05-01 03:00,117.0,0.0,0.0,117.0,0.0,0,0,0,0
05-01 04:00,133.3,0.0,0.0,133.3000030517578,0.0,0,0,0,0
05-01 05:00,184.4,0.0,0.0,184.39999389648438,0.0,0,0,0,0
05-01 06:00,193.7,0.0,0.0,193.6999969482422,0.0,0,0,0,0
05-01 07:00,251.2,0.0,0.0,251.1999969482422,0.0,0,0,0,0
05-01 08:00,242.3,0.0,0.0,242.3000030517578,0.0,0,0,0,0
05-01 09:00,230.3,0.0,0.0,227.8000030517578,2.5,0,0,0,0
05-01 10:00,240.9,0.0,0.0,228.10000610351562,12.800000190734863,0,0,0,0
05-01 11:00,299.5,0.0,0.0,209.6999969482422,89.80000305175781,0,0,0,0
05-01 12:00,288.0,0.0,0.0,167.3000030517578,120.5999984741211,0,0,0,0
05-01 13:00,268.9,0.0,0.0,165.60000610351562,103.30000305175781,0,0,0,0
05-01 14:00,197.2,0.0,0.0,170.10000610351562,27.100000381469727,0,0,0,0
05-01 15:00,179.5,0.0,0.0,156.10000610351562,23.399999618530273,0,0,0,0
05-01 16:00,168.8,0.0,0.0,142.3000030517578,26.5,0,0,0,0
05-01 17:00,154.2,0.0,0.0,119.4000015258789,34.79999923706055,0,0,0,0
05-01 18:00,151.4,0.0,0.0,119.30000305175781,32.099998474121094,0,0,0,0
05-01 19:00,142.9,0.0,0.0,130.10000610351562,12.800000190734863,0,0,0,0
05-01 20:00,127.8,0.0,0.0,123.5999984741211,4.199999809265137,0,0,0,0
05-01 21:00,129.4,0.0,0.0,129.39999389648438,0.0,0,0,0,0
05-01 22:00,124.1,0.0,0.0,124.0999984741211,0.0,0,0,0,0
05-01 23:00,134.8,0.0,0.0,134.8000030517578,0.0,0,0,0,0
06-01 00:00,147.5,0.0,0.0,147.5,0.0,0,0,0,0
06-01 01:00,148.9,0.0,0.0,148.89999389648438,0.0,0,0,0,0
06-01 02:00,137.4,0.0,0.0,137.39999389648438,0.0,0,0,0,0
06-01 03:00,149.2,0.0,0.0,149.1999969482422,0.0,0,0,0,0
06-01 04:00,170.8,0.0,0.0,170.8000030517578,0.0,0,0,0,0
06-01 05:00,181.8,0.0,0.0,181.8000030517578,0.0,0,0,0,0
06-01 06:00,180.3,0.0,0.0,180.3000030517578,0.0,0,0,0,0
06-01 07:00,188.7,0.0,0.0,188.6999969482422,0.0,0,0,0,0
06-01 08:00,205.4,0.0,0.0,205.39999389648438,0.0,0,0,0,0
06-01 09:00,200.2,0.0,0.0,200.1999969482422,0.0,0,0,0,0
06-01 10:00,186.2,0.0,0.0,184.8000030517578,1.399999976158142,0,0,0,0
06-01 11:00,182.8,0.0,0.0,172.0,10.800000190734863,0,0,0,0
06-01 12:00,175.2,0.0,0.0,160.0,15.100000381469727,0,0,0,0
06-01 13:00,173.6,0.0,0.0,160.6999969482422,12.899999618530273,0,0,0,0
06-01 14:00,168.9,0.0,0.0,166.1999969482422,2.700000047683716,0,0,0,0
06-01 15:00,164.4,0.0,0.0,161.6999969482422,2.700000047683716,0,0,0,0
06-01 16:00,145.3,0.0,0.0,142.8000030517578,2.5,0,0,0,0
06-01 17:00,161.1,0.0,0.0,157.0,4.099999904632568,0,0,0,0
06-01 18:00,150.9,0.0,0.0,146.89999389648438,4.0,0,0,0,0
06-01 19:00,143.8,0.0,0.0,142.5,1.2999999523162842,0,0,0,0
06-01 20:00,154.3,0.0,0.0,154.3000030517578,0.0,0,0,0,0
06-01 21:00,149.8,0.0,0.0,149.8000030517578,0.0,0,0,0,0
06-01 22:00,142.3,0.0,0.0,142.3000030517578,0.0,0,0,0,0
06-01 23:00,170.3,0.0,0.0,170.3000030517578,0.0,0,0,0,0
07-01 00:00,143.8,0.0,0.0,143.8000030517578,0.0,0,0,0,0
07-01 01:00,166.0,0.0,0.0,166.0,0.0,0,0,0,0
07-01 02:00,159.4,0.0,0.0,159.39999389648438,0.0,0,0,0,0
07-01 03:00,162.7,0.0,0.0,162.6999969482422,0.0,0,0,0,0
07-01 04:00,168.6,0.0,0.0,168.60000610351562,0.0,0,0,0,0
07-01 05:00,165.2,0.0,0.0,165.1999969482422,0.0,0,0,0,0
07-01 06:00,175.6,0.0,0.0,175.60000610351562,0.0,0,0,0,0
07-01 07:00,171.7,0.0,0.0,171.6999969482422,0.0,0,0,0,0
07-01 08:00,191.9,0.0,0.0,191.89999389648438,0.0,0,0,0,0
07-01 09:00,163.4,0.0,0.0,163.39999389648438,0.0,0,0,0,0
07-01 10:00,155.8,0.0,0.0,154.5,1.2999999523162842,0,0,0,0
07-01 11:00,159.4,0.0,0.0,152.5,6.900000095367432,0,0,0,0
07-01 12:00,160.5,0.0,0.0,151.0,9.5,0,0,0,0
07-01 13:00,145.7,0.0,0.0,137.1999969482422,8.5,0,0,0,0
07-01 14:00,109.3,0.0,0.0,108.0999984741211,1.2000000476837158,0,0,0,0
07-01 15:00,137.3,0.0,0.0,135.89999389648438,1.399999976158142,0,0,0,0
07-01 16:00,129.5,0.0,0.0,128.10000610351562,1.399999976158142,0,0,0,0
07-01 17:00,130.8,0.0,0.0,128.0,2.799999952316284,0,0,0,0
07-01 18:00,130.5,0.0,0.0,127.69999694824219,2.799999952316284,0,0,0,0
07-01 19:00,130.4,0.0,0.0,129.0,1.399999976158142,0,0,0,0
07-01 20:00,122.9,0.0,0.0,122.9000015258789,0.0,0,0,0,0
07-01 21:00,118.0,0.0,0.0,118.0,0.0,0,0,0,0
07-01 22:00,114.4,0.0,0.0,114.4000015258789,0.0,0,0,0,0
07-01 23:00,124.3,0.0,0.0,124.30000305175781,0.0,0,0,0,0
08-01 00:00,120.7,0.0,0.0,120.5999984741211,0.0,0,0,0,0
08-01 01:00,118.3,0.0,0.0,118.30000305175781,0.0,0,0,0,0
08-01 02:00,111.0,0.0,0.0,111.0,0.0,0,0,0,0
08-01 03:00,115.2,0.0,0.0,115.19999694824219,0.0,0,0,0,0
08-01 04:00,150.5,0.0,0.0,150.5,0.0,0,0,0,0
08-01 05:00,216.8,0.0,0.0,216.8000030517578,0.0,0,0,0,0
08-01 06:00,218.6,0.0,0.0,218.60000610351562,0.0,0,0,0,0
08-01 07:00,275.0,0.0,0.0,275.0,0.0,0,0,0,0
08-01 08:00,281.2,0.0,0.0,281.20001220703125,0.0,0,0,0,0
08-01 09:00,291.7,0.0,0.0,288.8999938964844,2.799999952316284,0,0,0,0
08-01 10:00,262.1,0.0,0.0,250.0,12.100000381469727,0,0,0,0
08-01 11:00,330.6,0.0,0.0,241.6999969482422,88.9000015258789,0,0,0,0
08-01 12:00,345.1,0.0,0.0,213.6999969482422,131.39999389648438,0,0,0,0
08-01 13:00,298.0,0.0,0.0,194.6999969482422,103.30000305175781,0,0,0,0
08-01 14:00,236.5,0.0,0.0,208.39999389648438,28.200000762939453,0,0,0,0
08-01 15:00,203.1,0.0,0.0,179.1999969482422,23.899999618530273,0,0,0,0
08-01 16:00,184.9,0.0,0.0,157.3000030517578,27.600000381469727,0,0,0,0
08-01 17:00,176.9,0.0,0.0,140.3000030517578,36.599998474121094,0,0,0,0
08-01 18:00,171.9,0.0,0.0,140.10000610351562,31.799999237060547,0,0,0,0
08-01 19:00,148.1,0.0,0.0,136.0,12.100000381469727,0,0,0,0
08-01 20:00,149.5,0.0,0.0,145.3000030517578,4.199999809265137,0,0,0,0
08-01 21:00,138.3,0.0,0.0,138.3000030517578,0.0,0,0,0,0
08-01 22:00,135.5,0.0,0.0,135.5,0.0,0,0,0,0
08-01 23:00,132.6,0.0,0.0,132.60000610351562,0.0,0,0,0,0
09-01 00:00,146.2,0.0,0.0,146.1999969482422,0.0,0,0,0,0
09-01 01:00,141.7,0.0,0.0,141.6999969482422,0.0,0,0,0,0
09-01 02:00,161.1,0.0,0.0,161.1999969482422,0.0,0,0,0,0
09-01 03:00,167.7,0.0,0.0,167.6999969482422,0.0,0,0,0,0
09-01 04:00,196.5,0.0,0.0,196.5,0.0,0,0,0,0
09-01 05:00,242.0,0.0,0.0,242.0,0.0,0,0,0,0
09-01 06:00,301.9,0.0,0.0,301.8999938964844,0.0,0,0,0,0
09-01 07:00,359.7,0.0,0.0,359.70001220703125,0.0,0,0,0,0
09-01 08:00,378.2,0.0,0.0,378.20001220703125,0.0,0,0,0,0
09-01 09:00,373.3,0.0,0.0,370.5,2.799999952316284,0,0,0,0
09-01 10:00,341.4,0.0,0.0,329.20001220703125,12.199999809265137,0,0,0,0
09-01 11:00,396.4,0.0,0.0,307.5,88.9000015258789,0,0,0,0
09-01 12:00,409.2,0.0,0.0,279.1000061035156,130.0,0,0,0,0
09-01 13:00,383.9,0.0,0.0,274.0,109.9000015258789,0,0,0,0
09-01 14:00,295.9,0.0,0.0,267.79998779296875,28.200000762939453,0,0,0,0
09-01 15:00,247.0,0.0,0.0,223.8000030517578,23.200000762939453,0,0,0,0
09-01 16:00,227.7,0.0,0.0,201.39999389648438,26.299999237060547,0,0,0,0
09-01 17:00,203.6,0.0,0.0,169.1999969482422,34.400001525878906,0,0,0,0
09-01 18:00,201.2,0.0,0.0,169.39999389648438,31.799999237060547,0,0,0,0
09-01 19:00,180.0,0.0,0.0,167.6999969482422,12.300000190734863,0,0,0,0
09-01 20:00,153.4,0.0,0.0,149.39999389648438,4.0,0,0,0,0
09-01 21:00,147.9,0.0,0.0,147.89999389648438,0.0,0,0,0,0
09-01 22:00,164.5,0.0,0.0,164.5,0.0,0,0,0,0
09-01 23:00,148.4,0.0,0.0,148.39999389648438,0.0,0,0,0,0
10-01 00:00,144.4,0.0,0.0,144.39999389648438,0.0,0,0,0,0
10-01 01:00,147.8,0.0,0.0,147.8000030517578,0.0,0,0,0,0
10-01 02:00,152.1,0.0,0.0,152.10000610351562,0.0,0,0,0,0
10-01 03:00,180.4,0.0,0.0,180.39999389648438,0.0,0,0,0,0
10-01 04:00,202.8,0.0,0.0,202.8000030517578,0.0,0,0,0,0
10-01 05:00,260.3,0.0,0.0,260.29998779296875,0.0,0,0,0,0
10-01 06:00,312.2,0.0,0.0,312.20001220703125,0.0,0,0,0,0
10-01 07:00,370.5,0.0,0.0,370.6000061035156,0.0,0,0,0,0
10-01 08:00,400.9,0.0,0.0,400.8999938964844,0.0,0,0,0,0
10-01 09:00,380.4,0.0,0.0,377.70001220703125,2.5999999046325684,0,0,0,0
10-01 10:00,356.1,0.0,0.0,343.8999938964844,12.199999809265137,0,0,0,0
10-01 11:00,401.9,0.0,0.0,316.5,85.4000015258789,0,0,0,0
10-01 12:00,451.7,0.0,0.0,312.29998779296875,139.39999389648438,0,0,0,0
10-01 13:00,375.8,0.0,0.0,271.3999938964844,104.4000015258789,0,0,0,0
10-01 14:00,321.8,0.0,0.0,293.1000061035156,28.700000762939453,0,0,0,0
10-01 15:00,247.2,0.0,0.0,225.5,21.700000762939453,0,0,0,0
10-01 16:00,244.8,0.0,0.0,218.3000030517578,26.5,0,0,0,0
10-01 17:00,229.7,0.0,0.0,193.10000610351562,36.599998474121094,0,0,0,0
10-01 18:00,224.0,0.0,0.0,190.6999969482422,33.29999923706055,0,0,0,0
10-01 19:00,198.6,0.0,0.0,186.39999389648438,12.199999809265137,0,0,0,0
10-01 20:00,179.9,0.0,0.0,175.8000030517578,4.099999904632568,0,0,0,0
10-01 21:00,185.9,0.0,0.0,185.89999389648438,0.0,0,0,0,0
10-01 22:00,178.7,0.0,0.0,178.6999969482422,0.0,0,0,0,0
10-01 23:00,172.9,0.0,0.0,172.89999389648438,0.0,0,0,0,0
11-01 00:00,172.5,0.0,0.0,172.5,0.0,0,0,0,0
11-01 01:00,164.2,0.0,0.0,164.1999969482422,0.0,0,0,0,0
11-01 02:00,168.6,0.0,0.0,168.60000610351562,0.0,0,0,0,0
11-01 03:00,183.8,0.0,0.0,183.8000030517578,0.0,0,0,0,0
11-01 04:00,207.8,0.0,0.0,207.8000030517578,0.0,0,0,0,0
11-01 05:00,281.7,0.0,0.0,281.70001220703125,0.0,0,0,0,0
11-01 06:00,346.6,0.0,0.0,346.6000061035156,0.0,0,0,0,0
11-01 07:00,362.5,0.0,0.0,362.5,0.0,0,0,0,0
11-01 08:00,402.7,0.0,0.0,402.70001220703125,0.0,0,0,0,0
11-01 09:00,371.5,0.0,0.0,368.8999938964844,2.5999999046325684,0,0,0,0
11-01 10:00,332.0,0.0,0.0,320.5,11.5,0,0,0,0
11-01 11:00,440.5,0.0,0.0,346.3999938964844,94.0999984741211,0,0,0,0
11-01 12:00,437.1,0.0,0.0,301.70001220703125,135.39999389648438,0,0,0,0
11-01 13:00,402.2,0.0,0.0,287.8999938964844,114.30000305175781,0,0,0,0
11-01 14:00,280.8,0.0,0.0,255.0,25.700000762939453,0,0,0,0
11-01 15:00,244.0,0.0,0.0,221.3000030517578,22.700000762939453,0,0,0,0
11-01 16:00,215.8,0.0,0.0,189.3000030517578,26.5,0,0,0,0
11-01 17:00,199.5,0.0,0.0,163.3000030517578,36.20000076293945,0,0,0,0
11-01 18:00,179.1,0.0,0.0,147.0,32.099998474121094,0,0,0,0
11-01 19:00,148.3,0.0,0.0,136.0,12.300000190734863,0,0,0,0
11-01 20:00,134.5,0.0,0.0,130.39999389648438,4.099999904632568,0,0,0,0
11-01 21:00,113.7,0.0,0.0,113.69999694824219,0.0,0,0,0,0
11-01 22:00,141.2,0.0,0.0,141.1999969482422,0.0,0,0,0,0
11-01 23:00,134.1,0.0,0.0,134.1999969482422,0.0,0,0,0,0
12-01 00:00,113.2,0.0,0.0,113.19999694824219,0.0,0,0,0,0
12-01 01:00,108.5,0.0,0.0,108.5,0.0,0,0,0,0
12-01 02:00,115.3,0.0,0.0,115.30000305175781,0.0,0,0,0,0
12-01 03:00,127.4,0.0,0.0,127.4000015258789,0.0,0,0,0,0
12-01 04:00,151.2,0.0,0.0,151.1999969482422,0.0,0,0,0,0
12-01 05:00,212.9,0.0,0.0,212.89999389648438,0.0,0,0,0,0
12-01 06:00,236.3,0.0,0.0,236.3000030517578,0.0,0,0,0,0
12-01 07:00,275.3,0.0,0.0,275.29998779296875,0.0,0,0,0,0
12-01 08:00,297.2,0.0,0.0,297.20001220703125,0.0,0,0,0,0
12-01 09:00,294.5,0.0,0.0,291.79998779296875,2.700000047683716,0,0,0,0
12-01 10:00,262.6,0.0,0.0,250.8000030517578,11.800000190734863,0,0,0,0
12-01 11:00,336.1,0.0,0.0,242.89999389648438,93.19999694824219,0,0,0,0
12-01 12:00,353.8,0.0,0.0,218.39999389648438,135.39999389648438,0,0,0,0
12-01 13:00,309.1,0.0,0.0,201.39999389648438,107.69999694824219,0,0,0,0
12-01 14:00,225.9,0.0,0.0,198.8000030517578,27.100000381469727,0,0,0,0
12-01 15:00,203.4,0.0,0.0,180.1999969482422,23.200000762939453,0,0,0,0
12-01 16:00,219.8,0.0,0.0,189.5,30.299999237060547,0,0,0,0
12-01 17:00,182.4,0.0,0.0,146.1999969482422,36.20000076293945,0,0,0,0
12-01 18:00,167.8,0.0,0.0,135.10000610351562,32.70000076293945,0,0,0,0
12-01 19:00,132.6,0.0,0.0,121.0999984741211,11.5,0,0,0,0
12-01 20:00,128.5,0.0,0.0,124.4000015258789,4.099999904632568,0,0,0,0
12-01 21:00,110.5,0.0,0.0,110.5,0.0,0,0,0,0
12-01 22:00,119.7,0.0,0.0,119.69999694824219,0.0,0,0,0,0
12-01 23:00,109.7,0.0,0.0,109.69999694824219,0.0,0,0,0,0
13-01 00:00,105.6,0.0,0.0,105.5999984741211,0.0,0,0,0,0
13-01 01:00,110.9,0.0,0.0,110.9000015258789,0.0,0,0,0,0
13-01 02:00,123.8,0.0,0.0,123.80000305175781,0.0,0,0,0,0
13-01 03:00,109.7,0.0,0.0,109.69999694824219,0.0,0,0,0,0
13-01 04:00,123.1,0.0,0.0,123.0999984741211,0.0,0,0,0,0
13-01 05:00,143.1,0.0,0.0,143.10000610351562,0.0,0,0,0,0
13-01 06:00,135.3,0.0,0.0,135.3000030517578,0.0,0,0,0,0
13-01 07:00,138.3,0.0,0.0,138.3000030517578,0.0,0,0,0,0
13-01 08:00,142.1,0.0,0.0,142.10000610351562,0.0,0,0,0,0
13-01 09:00,127.8,0.0,0.0,127.80000305175781,0.0,0,0,0,0
13-01 10:00,124.1,0.0,0.0,122.80000305175781,1.2999999523162842,0,0,0,0
13-01 11:00,136.7,0.0,0.0,125.80000305175781,10.899999618530273,0,0,0,0
13-01 12:00,139.4,0.0,0.0,123.30000305175781,16.100000381469727,0,0,0,0
13-01 13:00,144.1,0.0,0.0,129.8000030517578,14.300000190734863,0,0,0,0
13-01 14:00,122.1,0.0,0.0,119.4000015258789,2.700000047683716,0,0,0,0
13-01 15:00,104.2,0.0,0.0,101.69999694824219,2.5,0,0,0,0
13-01 16:00,104.8,0.0,0.0,101.9000015258789,2.9000000953674316,0,0,0,0
13-01 17:00,94.6,0.0,0.0,90.5999984741211,4.0,0,0,0,0
13-01 18:00,81.6,0.0,0.0,77.9000015258789,3.700000047683716,0,0,0,0
13-01 19:00,86.9,0.0,0.0,85.5999984741211,1.2999999523162842,0,0,0,0
13-01 20:00,98.5,0.0,0.0,98.5,0.0,0,0,0,0
13-01 21:00,101.3,0.0,0.0,101.30000305175781,0.0,0,0,0,0
13-01 22:00,102.6,0.0,0.0,102.5999984741211,0.0,0,0,0,0
13-01 23:00,100.3,0.0,0.0,100.30000305175781,0.0,0,0,0,0
14-01 00:00,118.9,0.0,0.0,118.9000015258789,0.0,0,0,0,0
14-01 01:00,118.9,0.0,0.0,118.9000015258789,0.0,0,0,0,0
14-01 02:00,122.1,0.0,0.0,122.0999984741211,0.0,0,0,0,0
14-01 03:00,122.1,0.0,0.0,122.0999984741211,0.0,0,0,0,0
14-01 04:00,128.4,0.0,0.0,128.39999389648438,0.0,0,0,0,0
14-01 05:00,133.4,0.0,0.0,133.39999389648438,0.0,0,0,0,0
14-01 06:00,144.0,0.0,0.0,144.0,0.0,0,0,0,0
14-01 07:00,137.4,0.0,0.0,137.39999389648438,0.0,0,0,0,0
14-01 08:00,148.5,0.0,0.0,148.5,0.0,0,0,0,0
14-01 09:00,165.4,0.0,0.0,165.39999389648438,0.0,0,0,0,0
14-01 10:00,167.2,0.0,0.0,165.8000030517578,1.399999976158142,0,0,0,0
14-01 11:00,155.1,0.0,0.0,148.39999389648438,6.699999809265137,0,0,0,0
14-01 12:00,167.2,0.0,0.0,157.3000030517578,9.899999618530273,0,0,0,0
14-01 13:00,155.4,0.0,0.0,147.3000030517578,8.100000381469727,0,0,0,0
14-01 14:00,136.8,0.0,0.0,135.60000610351562,1.2000000476837158,0,0,0,0
14-01 15:00,156.8,0.0,0.0,155.39999389648438,1.399999976158142,0,0,0,0
14-01 16:00,157.1,0.0,0.0,155.6999969482422,1.399999976158142,0,0,0,0
14-01 17:00,167.2,0.0,0.0,164.39999389648438,2.799999952316284,0,0,0,0
14-01 18:00,152.0,0.0,0.0,149.39999389648438,2.5999999046325684,0,0,0,0
14-01 19:00,149.1,0.0,0.0,147.8000030517578,1.2999999523162842,0,0,0,0
14-01 20:00,163.2,0.0,0.0,163.1999969482422,0.0,0,0,0,0
14-01 21:00,155.5,0.0,0.0,155.5,0.0,0,0,0,0
14-01 22:00,160.1,0.0,0.0,160.1999969482422,0.0,0,0,0,0
14-01 23:00,158.2,0.0,0.0,158.1999969482422,0.0,0,0,0,0
15-01 00:00,153.3,0.0,0.0,153.3000030517578,0.0,0,0,0,0
15-01 01:00,143.8,0.0,0.0,143.8000030517578,0.0,0,0,0,0
15-01 02:00,138.8,0.0,0.0,138.8000030517578,0.0,0,0,0,0
15-01 03:00,149.5,0.0,0.0,149.5,0.0,0,0,0,0
15-01 04:00,200.5,0.0,0.0,200.5,0.0,0,0,0,0
15-01 05:00,251.8,0.0,0.0,251.8000030517578,0.0,0,0,0,0
15-01 06:00,262.8,0.0,0.0,262.79998779296875,0.0,0,0,0,0
15-01 07:00,300.5,0.0,0.0,300.5,0.0,0,0,0,0
15-01 08:00,317.8,0.0,0.0,317.79998779296875,0.0,0,0,0,0
15-01 09:00,324.6,0.0,0.0,321.8999938964844,2.700000047683716,0,0,0,0
15-01 10:00,299.9,0.0,0.0,287.70001220703125,12.199999809265137,0,0,0,0
15-01 11:00,382.4,0.0,0.0,289.20001220703125,93.19999694824219,0,0,0,0
15-01 12:00,353.0,0.0,0.0,232.39999389648438,120.5999984741211,0,0,0,0
15-01 13:00,358.4,0.0,0.0,245.1999969482422,113.19999694824219,0,0,0,0
15-01 14:00,250.2,0.0,0.0,223.89999389648438,26.299999237060547,0,0,0,0
15-01 15:00,230.9,0.0,0.0,207.0,23.899999618530273,0,0,0,0
15-01 16:00,204.4,0.0,0.0,177.60000610351562,26.799999237060547,0,0,0,0
15-01 17:00,176.2,0.0,0.0,141.10000610351562,35.099998474121094,0,0,0,0
15-01 18:00,149.9,0.0,0.0,120.30000305175781,29.600000381469727,0,0,0,0
15-01 19:00,144.3,0.0,0.0,131.60000610351562,12.699999809265137,0,0,0,0
15-01 20:00,118.3,0.0,0.0,114.5,3.799999952316284,0,0,0,0
15-01 21:00,127.7,0.0,0.0,127.69999694824219,0.0,0,0,0,0
15-01 22:00,122.9,0.0,0.0,122.9000015258789,0.0,0,0,0,0
15-01 23:00,119.1,0.0,0.0,119.0999984741211,0.0,0,0,0,0
16-01 00:00,112.4,0.0,0.0,112.4000015258789,0.0,0,0,0,0
16-01 01:00,105.0,0.0,0.0,105.0,0.0,0,0,0,0
16-01 02:00,98.0,0.0,0.0,98.0,0.0,0,0,0,0
16-01 03:00,100.3,0.0,0.0,100.30000305175781,0.0,0,0,0,0
16-01 04:00,120.3,0.0,0.0,120.30000305175781,0.0,0,0,0,0
16-01 05:00,178.9,0.0,0.0,178.89999389648438,0.0,0,0,0,0
16-01 06:00,218.1,0.0,0.0,218.10000610351562,0.0,0,0,0,0
16-01 07:00,255.1,0.0,0.0,255.10000610351562,0.0,0,0,0,0
16-01 08:00,260.5,0.0,0.0,260.5,0.0,0,0,0,0
16-01 09:00,247.9,0.0,0.0,245.3000030517578,2.5999999046325684,0,0,0,0
16-01 10:00,244.6,0.0,0.0,232.10000610351562,12.5,0,0,0,0
16-01 11:00,298.7,0.0,0.0,211.60000610351562,87.0999984741211,0,0,0,0
16-01 12:00,335.9,0.0,0.0,201.89999389648438,134.0,0,0,0,0
16-01 13:00,288.2,0.0,0.0,180.5,107.5999984741211,0,0,0,0
16-01 14:00,201.2,0.0,0.0,174.6999969482422,26.5,0,0,0,0
16-01 15:00,198.8,0.0,0.0,174.0,24.799999237060547,0,0,0,0
16-01 16:00,175.7,0.0,0.0,148.10000610351562,27.600000381469727,0,0,0,0
16-01 17:00,160.6,0.0,0.0,124.4000015258789,36.20000076293945,0,0,0,0
16-01 18:00,145.5,0.0,0.0,114.69999694824219,30.799999237060547,0,0,0,0
16-01 19:00,124.2,0.0,0.0,112.4000015258789,11.800000190734863,0,0,0,0
16-01 20:00,122.8,0.0,0.0,118.80000305175781,4.0,0,0,0,0
16-01 21:00,115.3,0.0,0.0,115.30000305175781,0.0,0,0,0,0
16-01 22:00,126.9,0.0,0.0,126.9000015258789,0.0,0,0,0,0
16-01 23:00,121.8,0.0,0.0,121.80000305175781,0.0,0,0,0,0
17-01 00:00,136.3,0.0,0.0,136.3000030517578,0.0,0,0,0,0
17-01 01:00,120.1,0.0,0.0,120.0999984741211,0.0,0,0,0,0
17-01 02:00,138.6,0.0,0.0,138.60000610351562,0.0,0,0,0,0
17-01 03:00,136.2,0.0,0.0,136.1999969482422,0.0,0,0,0,0
17-01 04:00,163.5,0.0,0.0,163.5,0.0,0,0,0,0
17-01 05:00,214.0,0.0,0.0,214.0,0.0,0,0,0,0
17-01 06:00,232.9,0.0,0.0,232.89999389648438,0.0,0,0,0,0
17-01 07:00,301.2,0.0,0.0,301.20001220703125,0.0,0,0,0,0
17-01 08:00,314.8,0.0,0.0,314.79998779296875,0.0,0,0,0,0
17-01 09:00,293.6,0.0,0.0,290.79998779296875,2.799999952316284,0,0,0,0
17-01 10:00,259.7,0.0,0.0,247.8000030517578,11.899999618530273,0,0,0,0
17-01 11:00,323.7,0.0,0.0,236.60000610351562,87.0,0,0,0,0
17-01 12:00,348.3,0.0,0.0,218.39999389648438,129.89999389648438,0,0,0,0
17-01 13:00,328.2,0.0,0.0,214.0,114.19999694824219,0,0,0,0
17-01 14:00,225.6,0.0,0.0,198.60000610351562,27.0,0,0,0,0
17-01 15:00,204.2,0.0,0.0,180.8000030517578,23.399999618530273,0,0,0,0
17-01 16:00,204.9,0.0,0.0,176.1999969482422,28.700000762939453,0,0,0,0
17-01 17:00,174.4,0.0,0.0,139.0,35.400001525878906,0,0,0,0
17-01 18:00,170.9,0.0,0.0,139.8000030517578,31.100000381469727,0,0,0,0
17-01 19:00,176.5,0.0,0.0,163.6999969482422,12.800000190734863,0,0,0,0
17-01 20:00,166.1,0.0,0.0,161.8000030517578,4.300000190734863,0,0,0,0
17-01 21:00,137.9,0.0,0.0,137.89999389648438,0.0,0,0,0,0
17-01 22:00,143.3,0.0,0.0,143.3000030517578,0.0,0,0,0,0
17-01 23:00,149.6,0.0,0.0,149.60000610351562,0.0,0,0,0,0
18-01 00:00,162.9,0.0,0.0,162.89999389648438,0.0,0,0,0,0
18-01 01:00,166.3,0.0,0.0,166.3000030517578,0.0,0,0,0,0
18-01 02:00,166.1,0.0,0.0,166.10000610351562,0.0,0,0,0,0
18-01 03:00,188.1,0.0,0.0,188.10000610351562,0.0,0,0,0,0
18-01 04:00,232.4,0.0,0.0,232.39999389648438,0.0,0,0,0,0
18-01 05:00,287.3,0.0,0.0,287.29998779296875,0.0,0,0,0,0
18-01 06:00,336.4,0.0,0.0,336.3999938964844,0.0,0,0,0,0
18-01 07:00,381.1,0.0,0.0,381.1000061035156,0.0,0,0,0,0
18-01 08:00,441.4,0.0,0.0,441.3999938964844,0.0,0,0,0,0
18-01 09:00,406.7,0.0,0.0,404.1000061035156,2.5999999046325684,0,0,0,0
18-01 10:00,343.3,0.0,0.0,332.20001220703125,11.100000381469727,0,0,0,0
18-01 11:00,434.2,0.0,0.0,344.6000061035156,89.5999984741211,0,0,0,0
18-01 12:00,466.6,0.0,0.0,328.70001220703125,137.89999389648438,0,0,0,0
18-01 13:00,401.4,0.0,0.0,292.70001220703125,108.69999694824219,0,0,0,0
18-01 14:00,310.1,0.0,0.0,283.29998779296875,26.799999237060547,0,0,0,0
18-01 15:00,260.1,0.0,0.0,237.89999389648438,22.200000762939453,0,0,0,0
18-01 16:00,276.9,0.0,0.0,248.5,28.399999618530273,0,0,0,0
18-01 17:00,242.1,0.0,0.0,205.60000610351562,36.5,0,0,0,0
18-01 18:00,223.5,0.0,0.0,190.89999389648438,32.599998474121094,0,0,0,0
18-01 19:00,188.3,0.0,0.0,176.5,11.800000190734863,0,0,0,0
18-01 20:00,187.9,0.0,0.0,183.8000030517578,4.099999904632568,0,0,0,0
18-01 21:00,179.1,0.0,0.0,179.1999969482422,0.0,0,0,0,0
18-01 22:00,172.2,0.0,0.0,172.1999969482422,0.0,0,0,0,0
18-01 23:00,176.1,0.0,0.0,176.10000610351562,0.0,0,0,0,0
19-01 00:00,164.1,0.0,0.0,164.0,0.0,0,0,0,0
19-01 01:00,169.1,0.0,0.0,169.10000610351562,0.0,0,0,0,0
19-01 02:00,158.7,0.0,0.0,158.6999969482422,0.0,0,0,0,0
19-01 03:00,200.2,0.0,0.0,200.1999969482422,0.0,0,0,0,0
19-01 04:00,209.2,0.0,0.0,209.1999969482422,0.0,0,0,0,0
19-01 05:00,290.1,0.0,0.0,290.1000061035156,0.0,0,0,0,0
19-01 06:00,343.0,0.0,0.0,343.0,0.0,0,0,0,0
19-01 07:00,410.9,0.0,0.0,410.8999938964844,0.0,0,0,0,0
19-01 08:00,466.7,0.0,0.0,466.70001220703125,0.0,0,0,0,0
19-01 09:00,425.5,0.0,0.0,422.79998779296875,2.5999999046325684,0,0,0,0
19-01 10:00,393.4,0.0,0.0,381.1000061035156,12.300000190734863,0,0,0,0
19-01 11:00,437.5,0.0,0.0,349.6000061035156,87.9000015258789,0,0,0,0
19-01 12:00,446.6,0.0,0.0,315.3999938964844,131.1999969482422,0,0,0,0
19-01 13:00,427.9,0.0,0.0,314.79998779296875,113.0,0,0,0,0
19-01 14:00,316.2,0.0,0.0,289.70001220703125,26.5,0,0,0,0
19-01 15:00,286.7,0.0,0.0,263.6000061035156,23.100000381469727,0,0,0,0
19-01 16:00,269.5,0.0,0.0,241.6999969482422,27.799999237060547,0,0,0,0
19-01 17:00,231.8,0.0,0.0,197.5,34.29999923706055,0,0,0,0
19-01 18:00,248.8,0.0,0.0,215.60000610351562,33.20000076293945,0,0,0,0
19-01 19:00,208.7,0.0,0.0,197.3000030517578,11.399999618530273,0,0,0,0
19-01 20:00,199.0,0.0,0.0,195.10000610351562,3.9000000953674316,0,0,0,0
19-01 21:00,207.1,0.0,0.0,207.10000610351562,0.0,0,0,0,0
19-01 22:00,202.9,0.0,0.0,202.89999389648438,0.0,0,0,0,0
19-01 23:00,214.9,0.0,0.0,214.89999389648438,0.0,0,0,0,0
20-01 00:00,229.0,0.0,0.0,229.0,0.0,0,0,0,0
20-01 01:00,224.4,0.0,0.0,224.39999389648438,0.0,0,0,0,0
20-01 02:00,247.5,0.0,0.0,247.5,0.0,0,0,0,0
20-01 03:00,237.9,0.0,0.0,237.89999389648438,0.0,0,0,0,0
20-01 04:00,239.3,0.0,0.0,239.3000030517578,0.0,0,0,0,0
20-01 05:00,301.9,0.0,0.0,301.8999938964844,0.0,0,0,0,0
20-01 06:00,272.8,0.0,0.0,272.79998779296875,0.0,0,0,0,0
20-01 07:00,302.9,0.0,0.0,302.8999938964844,0.0,0,0,0,0
20-01 08:00,337.6,0.0,0.0,337.6000061035156,0.0,0,0,0,0
20-01 09:00,289.9,0.0,0.0,289.8999938964844,0.0,0,0,0,0
20-01 10:00,282.5,0.0,0.0,281.1000061035156,1.399999976158142,0,0,0,0
20-01 11:00,248.0,0.0,0.0,237.60000610351562,10.399999618530273,0,0,0,0
20-01 12:00,242.5,0.0,0.0,226.60000610351562,15.899999618530273,0,0,0,0
20-01 13:00,220.9,0.0,0.0,208.10000610351562,12.800000190734863,0,0,0,0
20-01 14:00,213.1,0.0,0.0,210.39999389648438,2.5999999046325684,0,0,0,0
20-01 15:00,219.1,0.0,0.0,216.39999389648438,2.700000047683716,0,0,0,0
20-01 16:00,226.4,0.0,0.0,223.6999969482422,2.700000047683716,0,0,0,0
20-01 17:00,205.6,0.0,0.0,201.89999389648438,3.700000047683716,0,0,0,0
20-01 18:00,194.1,0.0,0.0,190.39999389648438,3.700000047683716,0,0,0,0
20-01 19:00,204.1,0.0,0.0,202.8000030517578,1.2999999523162842,0,0,0,0
20-01 20:00,225.9,0.0,0.0,225.89999389648438,0.0,0,0,0,0
20-01 21:00,217.5,0.0,0.0,217.5,0.0,0,0,0,0
20-01 22:00,213.2,0.0,0.0,213.1999969482422,0.0,0,0,0,0
20-01 23:00,211.0,0.0,0.0,211.0,0.0,0,0,0,0
21-01 00:00,209.4,0.0,0.0,209.39999389648438,0.0,0,0,0,0
21-01 01:00,209.4,0.0,0.0,209.39999389648438,0.0,0,0,0,0
21-01 02:00,209.4,0.0,0.0,209.39999389648438,0.0,0,0,0,0
21-01 03:00,222.1,0.0,0.0,222.0,0.0,0,0,0,0
21-01 04:00,221.9,0.0,0.0,221.89999389648438,0.0,0,0,0,0
21-01 05:00,216.6,0.0,0.0,216.60000610351562,0.0,0,0,0,0
21-01 06:00,219.8,0.0,0.0,219.8000030517578,0.0,0,0,0,0
21-01 07:00,223.6,0.0,0.0,223.60000610351562,0.0,0,0,0,0
21-01 08:00,262.0,0.0,0.0,262.0,0.0,0,0,0,0
21-01 09:00,221.2,0.0,0.0,221.1999969482422,0.0,0,0,0,0
21-01 10:00,214.1,0.0,0.0,212.8000030517578,1.2000000476837158,0,0,0,0
21-01 11:00,230.8,0.0,0.0,224.39999389648438,6.400000095367432,0,0,0,0
21-01 12:00,230.3,0.0,0.0,221.10000610351562,9.199999809265137,0,0,0,0
21-01 13:00,229.7,0.0,0.0,221.60000610351562,8.100000381469727,0,0,0,0
21-01 14:00,220.7,0.0,0.0,219.39999389648438,1.2999999523162842,0,0,0,0
21-01 15:00,220.7,0.0,0.0,219.39999389648438,1.2999999523162842,0,0,0,0
21-01 16:00,216.7,0.0,0.0,215.39999389648438,1.2999999523162842,0,0,0,0
21-01 17:00,209.8,0.0,0.0,207.1999969482422,2.5999999046325684,0,0,0,0
21-01 18:00,229.1,0.0,0.0,226.3000030517578,2.799999952316284,0,0,0,0
21-01 19:00,214.7,0.0,0.0,213.39999389648438,1.2999999523162842,0,0,0,0
21-01 20:00,211.2,0.0,0.0,211.1999969482422,0.0,0,0,0,0
21-01 21:00,211.2,0.0,0.0,211.1999969482422,0.0,0,0,0,0
21-01 22:00,219.8,0.0,0.0,219.8000030517578,0.0,0,0,0,0
21-01 23:00,220.7,0.0,0.0,220.6999969482422,0.0,0,0,0,0
22-01 00:00,233.9,0.0,0.0,233.8000030517578,0.0,0,0,0,0
22-01 01:00,230.2,0.0,0.0,230.1999969482422,0.0,0,0,0,0
22-01 02:00,236.5,0.0,0.0,236.5,0.0,0,0,0,0
22-01 03:00,278.9,0.0,0.0,278.8999938964844,0.0,0,0,0,0
22-01 04:00,316.5,0.0,0.0,316.5,0.0,0,0,0,0
22-01 05:00,403.6,0.0,0.0,403.6000061035156,0.0,0,0,0,0
22-01 06:00,439.0,0.0,0.0,439.0,0.0,0,0,0,0
22-01 07:00,508.4,0.0,0.0,508.3999938964844,0.0,0,0,0,0
22-01 08:00,566.4,0.0,0.0,566.4000244140625,0.0,0,0,0,0
22-01 09:00,536.6,0.0,0.0,533.9000244140625,2.700000047683716,0,0,0,0
22-01 10:00,495.5,0.0,0.0,483.1000061035156,12.399999618530273,0,0,0,0
22-01 11:00,554.9,0.0,0.0,462.79998779296875,92.0999984741211,0,0,0,0
22-01 12:00,502.0,0.0,0.0,376.29998779296875,125.69999694824219,0,0,0,0
22-01 13:00,472.0,0.0,0.0,364.5,107.5,0,0,0,0
22-01 14:00,390.2,0.0,0.0,362.79998779296875,27.299999237060547,0,0,0,0
22-01 15:00,357.7,0.0,0.0,332.8999938964844,24.799999237060547,0,0,0,0
22-01 16:00,320.5,0.0,0.0,292.3999938964844,28.100000381469727,0,0,0,0
22-01 17:00,270.7,0.0,0.0,236.0,34.70000076293945,0,0,0,0
22-01 18:00,274.9,0.0,0.0,242.89999389648438,32.0,0,0,0,0
22-01 19:00,243.1,0.0,0.0,231.1999969482422,11.899999618530273,0,0,0,0
22-01 20:00,237.4,0.0,0.0,233.39999389648438,4.0,0,0,0,0
22-01 21:00,253.5,0.0,0.0,253.5,0.0,0,0,0,0
22-01 22:00,224.6,0.0,0.0,224.60000610351562,0.0,0,0,0,0
22-01 23:00,247.3,0.0,0.0,247.3000030517578,0.0,0,0,0,0
23-01 00:00,234.1,0.0,0.0,234.0,0.0,0,0,0,0
23-01 01:00,231.6,0.0,0.0,231.60000610351562,0.0,0,0,0,0
23-01 02:00,270.6,0.0,0.0,270.6000061035156,0.0,0,0,0,0
23-01 03:00,260.7,0.0,0.0,260.70001220703125,0.0,0,0,0,0
23-01 04:00,318.1,0.0,0.0,318.1000061035156,0.0,0,0,0,0
23-01 05:00,434.6,0.0,0.0,434.6000061035156,0.0,0,0,0,0
23-01 06:00,492.3,0.0,0.0,492.29998779296875,0.0,0,0,0,0
23-01 07:00,557.4,0.0,0.0,557.4000244140625,0.0,0,0,0,0
23-01 08:00,577.3,0.0,0.0,577.2999877929688,0.0,0,0,0,0
23-01 09:00,568.3,0.0,0.0,565.7000122070312,2.5999999046325684,0,0,0,0
23-01 10:00,563.9,0.0,0.0,551.0,12.899999618530273,0,0,0,0
23-01 11:00,612.5,0.0,0.0,518.7000122070312,93.80000305175781,0,0,0,0
23-01 12:00,585.8,0.0,0.0,453.5,132.3000030517578,0,0,0,0
23-01 13:00,556.3,0.0,0.0,444.6000061035156,111.80000305175781,0,0,0,0
23-01 14:00,434.7,0.0,0.0,409.0,25.700000762939453,0,0,0,0
23-01 15:00,410.4,0.0,0.0,386.6000061035156,23.799999237060547,0,0,0,0
23-01 16:00,377.5,0.0,0.0,349.3999938964844,28.100000381469727,0,0,0,0
23-01 17:00,337.3,0.0,0.0,299.79998779296875,37.5,0,0,0,0
23-01 18:00,276.0,0.0,0.0,247.39999389648438,28.600000381469727,0,0,0,0
23-01 19:00,261.4,0.0,0.0,250.10000610351562,11.300000190734863,0,0,0,0
23-01 20:00,250.6,0.0,0.0,246.60000610351562,4.0,0,0,0,0
23-01 21:00,239.2,0.0,0.0,239.1999969482422,0.0,0,0,0,0
23-01 22:00,250.8,0.0,0.0,250.8000030517578,0.0,0,0,0,0
23-01 23:00,239.2,0.0,0.0,239.1999969482422,0.0,0,0,0,0
24-01 00:00,206.1,0.0,0.0,206.10000610351562,0.0,0,0,0,0
24-01 01:00,214.6,0.0,0.0,214.60000610351562,0.0,0,0,0,0
24-01 02:00,216.5,0.0,0.0,216.5,0.0,0,0,0,0
24-01 03:00,227.9,0.0,0.0,227.89999389648438,0.0,0,0,0,0
24-01 04:00,276.8,0.0,0.0,276.79998779296875,0.0,0,0,0,0
24-01 05:00,403.6,0.0,0.0,403.6000061035156,0.0,0,0,0,0
24-01 06:00,450.7,0.0,0.0,450.70001220703125,0.0,0,0,0,0
24-01 07:00,491.6,0.0,0.0,491.6000061035156,0.0,0,0,0,0
24-01 08:00,570.5,0.0,0.0,570.5,0.0,0,0,0,0
24-01 09:00,513.9,0.0,0.0,511.29998779296875,2.5999999046325684,0,0,0,0
24-01 10:00,477.5,0.0,0.0,465.5,12.0,0,0,0,0
24-01 11:00,475.5,0.0,0.0,397.29998779296875,78.19999694824219,0,0,0,0
24-01 12:00,571.6,0.0,0.0,434.0,137.60000610351562,0,0,0,0
24-01 13:00,536.3,0.0,0.0,421.29998779296875,115.0,0,0,0,0
24-01 14:00,428.4,0.0,0.0,400.6000061035156,27.799999237060547,0,0,0,0
24-01 15:00,380.9,0.0,0.0,356.6000061035156,24.299999237060547,0,0,0,0
24-01 16:00,324.3,0.0,0.0,297.79998779296875,26.5,0,0,0,0
24-01 17:00,287.9,0.0,0.0,252.8000030517578,35.0,0,0,0,0
24-01 18:00,271.3,0.0,0.0,240.60000610351562,30.700000762939453,0,0,0,0
24-01 19:00,232.4,0.0,0.0,221.3000030517578,11.100000381469727,0,0,0,0
24-01 20:00,212.9,0.0,0.0,209.3000030517578,3.5999999046325684,0,0,0,0
24-01 21:00,225.6,0.0,0.0,225.60000610351562,0.0,0,0,0,0
24-01 22:00,246.5,0.0,0.0,246.5,0.0,0,0,0,0
24-01 23:00,208.8,0.0,0.0,208.8000030517578,0.0,0,0,0,0
25-01 00:00,216.9,0.0,0.0,216.89999389648438,0.0,0,0,0,0
25-01 01:00,228.4,0.0,0.0,228.39999389648438,0.0,0,0,0,0
25-01 02:00,225.4,0.0,0.0,225.39999389648438,0.0,0,0,0,0
25-01 03:00,250.0,0.0,0.0,250.0,0.0,0,0,0,0
25-01 04:00,284.5,0.0,0.0,284.5,0.0,0,0,0,0
25-01 05:00,373.1,0.0,0.0,373.1000061035156,0.0,0,0,0,0
25-01 06:00,432.0,0.0,0.0,432.0,0.0,0,0,0,0
25-01 07:00,531.0,0.0,0.0,531.0,0.0,0,0,0,0
25-01 08:00,572.2,0.0,0.0,572.2000122070312,0.0,0,0,0,0
25-01 09:00,476.5,0.0,0.0,474.1000061035156,2.4000000953674316,0,0,0,0
25-01 10:00,453.0,0.0,0.0,441.6000061035156,11.399999618530273,0,0,0,0
25-01 11:00,527.6,0.0,0.0,440.79998779296875,86.80000305175781,0,0,0,0
25-01 12:00,535.4,0.0,0.0,404.5,130.89999389648438,0,0,0,0
25-01 13:00,552.5,0.0,0.0,432.0,120.5,0,0,0,0
25-01 14:00,415.5,0.0,0.0,388.0,27.5,0,0,0,0
25-01 15:00,339.1,0.0,0.0,317.0,22.100000381469727,0,0,0,0
25-01 16:00,328.8,0.0,0.0,301.29998779296875,27.5,0,0,0,0
25-01 17:00,302.9,0.0,0.0,265.0,37.900001525878906,0,0,0,0
25-01 18:00,265.7,0.0,0.0,234.6999969482422,31.0,0,0,0,0
25-01 19:00,254.2,0.0,0.0,241.6999969482422,12.5,0,0,0,0
25-01 20:00,216.9,0.0,0.0,213.10000610351562,3.799999952316284,0,0,0,0
25-01 21:00,228.9,0.0,0.0,228.8000030517578,0.0,0,0,0,0
25-01 22:00,231.1,0.0,0.0,231.10000610351562,0.0,0,0,0,0
25-01 23:00,209.9,0.0,0.0,209.8000030517578,0.0,0,0,0,0
26-01 00:00,189.4,0.0,0.0,189.39999389648438,0.0,0,0,0,0
26-01 01:00,185.5,0.0,0.0,185.5,0.0,0,0,0,0
26-01 02:00,196.3,0.0,0.0,196.3000030517578,0.0,0,0,0,0
26-01 03:00,213.1,0.0,0.0,213.10000610351562,0.0,0,0,0,0
26-01 04:00,236.9,0.0,0.0,236.89999389648438,0.0,0,0,0,0
26-01 05:00,320.6,0.0,0.0,320.6000061035156,0.0,0,0,0,0
26-01 06:00,371.2,0.0,0.0,371.20001220703125,0.0,0,0,0,0
26-01 07:00,408.0,0.0,0.0,408.0,0.0,0,0,0,0
26-01 08:00,449.9,0.0,0.0,449.8999938964844,0.0,0,0,0,0
26-01 09:00,406.1,0.0,0.0,403.5,2.5999999046325684,0,0,0,0
26-01 10:00,345.8,0.0,0.0,334.5,11.300000190734863,0,0,0,0
26-01 11:00,423.9,0.0,0.0,337.1000061035156,86.80000305175781,0,0,0,0
26-01 12:00,460.4,0.0,0.0,322.8999938964844,137.5,0,0,0,0
26-01 13:00,382.9,0.0,0.0,280.0,102.9000015258789,0,0,0,0
26-01 14:00,321.4,0.0,0.0,293.8999938964844,27.5,0,0,0,0
26-01 15:00,278.6,0.0,0.0,255.1999969482422,23.600000381469727,0,0,0,0
26-01 16:00,246.4,0.0,0.0,219.6999969482422,26.700000762939453,0,0,0,0
26-01 17:00,248.9,0.0,0.0,210.3000030517578,38.599998474121094,0,0,0,0
26-01 18:00,215.8,0.0,0.0,184.5,31.299999237060547,0,0,0,0
26-01 19:00,190.5,0.0,0.0,178.10000610351562,12.399999618530273,0,0,0,0
26-01 20:00,169.0,0.0,0.0,165.0,4.0,0,0,0,0
26-01 21:00,171.6,0.0,0.0,171.60000610351562,0.0,0,0,0,0
26-01 22:00,161.8,0.0,0.0,161.8000030517578,0.0,0,0,0,0
26-01 23:00,150.9,0.0,0.0,150.8000030517578,0.0,0,0,0,0
27-01 00:00,128.1,0.0,0.0,128.10000610351562,0.0,0,0,0,0
27-01 01:00,130.7,0.0,0.0,130.6999969482422,0.0,0,0,0,0
27-01 02:00,147.0,0.0,0.0,147.0,0.0,0,0,0,0
27-01 03:00,138.4,0.0,0.0,138.39999389648438,0.0,0,0,0,0
27-01 04:00,147.7,0.0,0.0,147.6999969482422,0.0,0,0,0,0
27-01 05:00,172.6,0.0,0.0,172.60000610351562,0.0,0,0,0,0
27-01 06:00,179.5,0.0,0.0,179.5,0.0,0,0,0,0
27-01 07:00,170.3,0.0,0.0,170.3000030517578,0.0,0,0,0,0
27-01 08:00,192.6,0.0,0.0,192.60000610351562,0.0,0,0,0,0
27-01 09:00,166.8,0.0,0.0,166.8000030517578,0.0,0,0,0,0
27-01 10:00,160.1,0.0,0.0,158.8000030517578,1.2999999523162842,0,0,0,0
27-01 11:00,151.2,0.0,0.0,140.89999389648438,10.300000190734863,0,0,0,0
27-01 12:00,164.4,0.0,0.0,148.10000610351562,16.299999237060547,0,0,0,0
27-01 13:00,162.3,0.0,0.0,148.39999389648438,13.899999618530273,0,0,0,0
27-01 14:00,145.7,0.0,0.0,143.0,2.700000047683716,0,0,0,0
27-01 15:00,140.4,0.0,0.0,137.6999969482422,2.700000047683716,0,0,0,0
27-01 16:00,132.9,0.0,0.0,130.3000030517578,2.5999999046325684,0,0,0,0
27-01 17:00,121.5,0.0,0.0,117.69999694824219,3.799999952316284,0,0,0,0
27-01 18:00,137.4,0.0,0.0,133.1999969482422,4.199999809265137,0,0,0,0
27-01 19:00,114.3,0.0,0.0,113.0,1.2999999523162842,0,0,0,0
27-01 20:00,126.9,0.0,0.0,126.9000015258789,0.0,0,0,0,0
27-01 21:00,125.0,0.0,0.0,125.0,0.0,0,0,0,0
27-01 22:00,123.1,0.0,0.0,123.0999984741211,0.0,0,0,0,0
27-01 23:00,125.5,0.0,0.0,125.5,0.0,0,0,0,0
28-01 00:00,135.5,0.0,0.0,135.5,0.0,0,0,0,0
28-01 01:00,122.3,0.0,0.0,122.30000305175781,0.0,0,0,0,0
28-01 02:00,130.2,0.0,0.0,130.1999969482422,0.0,0,0,0,0
28-01 03:00,130.2,0.0,0.0,130.1999969482422,0.0,0,0,0,0
28-01 04:00,135.0,0.0,0.0,135.0,0.0,0,0,0,0
28-01 05:00,147.2,0.0,0.0,147.1999969482422,0.0,0,0,0,0
28-01 06:00,172.3,0.0,0.0,172.3000030517578,0.0,0,0,0,0
28-01 07:00,167.4,0.0,0.0,167.39999389648438,0.0,0,0,0,0
28-01 08:00,168.2,0.0,0.0,168.1999969482422,0.0,0,0,0,0
28-01 09:00,165.6,0.0,0.0,165.60000610351562,0.0,0,0,0,0
28-01 10:00,153.0,0.0,0.0,151.60000610351562,1.399999976158142,0,0,0,0
28-01 11:00,154.5,0.0,0.0,147.5,7.0,0,0,0,0
28-01 12:00,150.0,0.0,0.0,140.60000610351562,9.399999618530273,0,0,0,0
28-01 13:00,136.5,0.0,0.0,128.60000610351562,8.0,0,0,0,0
28-01 14:00,120.8,0.0,0.0,119.5999984741211,1.2000000476837158,0,0,0,0
28-01 15:00,120.8,0.0,0.0,119.5999984741211,1.2000000476837158,0,0,0,0
28-01 16:00,134.0,0.0,0.0,132.6999969482422,1.2999999523162842,0,0,0,0
28-01 17:00,139.3,0.0,0.0,136.6999969482422,2.5999999046325684,0,0,0,0
28-01 18:00,147.7,0.0,0.0,145.0,2.5999999046325684,0,0,0,0
28-01 19:00,153.6,0.0,0.0,152.1999969482422,1.399999976158142,0,0,0,0
28-01 20:00,143.5,0.0,0.0,143.5,0.0,0,0,0,0
28-01 21:00,139.2,0.0,0.0,139.1999969482422,0.0,0,0,0,0
28-01 22:00,139.2,0.0,0.0,139.1999969482422,0.0,0,0,0,0
28-01 23:00,144.6,0.0,0.0,144.60000610351562,0.0,0,0,0,0
29-01 00:00,180.1,0.0,0.0,180.10000610351562,0.0,0,0,0,0
29-01 01:00,157.3,0.0,0.0,157.3000030517578,0.0,0,0,0,0
29-01 02:00,156.8,0.0,0.0,156.8000030517578,0.0,0,0,0,0
29-01 03:00,187.9,0.0,0.0,187.89999389648438,0.0,0,0,0,0
29-01 04:00,216.6,0.0,0.0,216.60000610351562,0.0,0,0,0,0
29-01 05:00,299.2,0.0,0.0,299.20001220703125,0.0,0,0,0,0
29-01 06:00,332.6,0.0,0.0,332.6000061035156,0.0,0,0,0,0
29-01 07:00,380.5,0.0,0.0,380.5,0.0,0,0,0,0
29-01 08:00,427.4,0.0,0.0,427.3999938964844,0.0,0,0,0,0
29-01 09:00,414.2,0.0,0.0,411.3999938964844,2.799999952316284,0,0,0,0
29-01 10:00,346.8,0.0,0.0,335.5,11.300000190734863,0,0,0,0
29-01 11:00,400.7,0.0,0.0,317.3999938964844,83.19999694824219,0,0,0,0
29-01 12:00,431.9,0.0,0.0,301.29998779296875,130.60000610351562,0,0,0,0
29-01 13:00,393.6,0.0,0.0,286.5,107.0999984741211,0,0,0,0
29-01 14:00,277.9,0.0,0.0,253.10000610351562,24.799999237060547,0,0,0,0
29-01 15:00,271.5,0.0,0.0,248.1999969482422,23.299999237060547,0,0,0,0
29-01 16:00,240.7,0.0,0.0,214.3000030517578,26.399999618530273,0,0,0,0
29-01 17:00,213.1,0.0,0.0,178.60000610351562,34.599998474121094,0,0,0,0
29-01 18:00,215.7,0.0,0.0,182.89999389648438,32.79999923706055,0,0,0,0
29-01 19:00,181.4,0.0,0.0,170.0,11.399999618530273,0,0,0,0
29-01 20:00,189.3,0.0,0.0,185.0,4.300000190734863,0,0,0,0
29-01 21:00,192.7,0.0,0.0,192.6999969482422,0.0,0,0,0,0
29-01 22:00,186.3,0.0,0.0,186.3000030517578,0.0,0,0,0,0
29-01 23:00,188.3,0.0,0.0,188.3000030517578,0.0,0,0,0,0
30-01 00:00,183.3,0.0,0.0,183.3000030517578,0.0,0,0,0,0
30-01 01:00,198.9,0.0,0.0,199.0,0.0,0,0,0,0
30-01 02:00,206.1,0.0,0.0,206.10000610351562,0.0,0,0,0,0
30-01 03:00,219.8,0.0,0.0,219.8000030517578,0.0,0,0,0,0
30-01 04:00,256.9,0.0,0.0,256.8999938964844,0.0,0,0,0,0
30-01 05:00,351.4,0.0,0.0,351.3999938964844,0.0,0,0,0,0
30-01 06:00,359.0,0.0,0.0,359.0,0.0,0,0,0,0
30-01 07:00,421.6,0.0,0.0,421.6000061035156,0.0,0,0,0,0
30-01 08:00,479.4,0.0,0.0,479.3999938964844,0.0,0,0,0,0
30-01 09:00,433.6,0.0,0.0,431.0,2.5999999046325684,0,0,0,0
30-01 10:00,404.4,0.0,0.0,392.0,12.399999618530273,0,0,0,0
30-01 11:00,443.4,0.0,0.0,356.0,87.4000015258789,0,0,0,0
30-01 12:00,465.6,0.0,0.0,331.1000061035156,134.5,0,0,0,0
30-01 13:00,420.3,0.0,0.0,311.1000061035156,109.19999694824219,0,0,0,0
30-01 14:00,317.9,0.0,0.0,291.79998779296875,26.100000381469727,0,0,0,0
30-01 15:00,295.1,0.0,0.0,271.1000061035156,24.0,0,0,0,0
30-01 16:00,283.3,0.0,0.0,254.5,28.799999237060547,0,0,0,0
30-01 17:00,245.4,0.0,0.0,208.39999389648438,37.0,0,0,0,0
30-01 18:00,218.4,0.0,0.0,187.5,30.899999618530273,0,0,0,0
30-01 19:00,222.0,0.0,0.0,209.10000610351562,13.0,0,0,0,0
30-01 20:00,190.9,0.0,0.0,186.89999389648438,4.0,0,0,0,0
30-01 21:00,168.2,0.0,0.0,168.1999969482422,0.0,0,0,0,0
30-01 22:00,172.0,0.0,0.0,172.0,0.0,0,0,0,0
30-01 23:00,186.4,0.0,0.0,186.39999389648438,0.0,0,0,0,0
31-01 00:00,182.3,0.0,0.0,182.3000030517578,0.0,0,0,0,0
31-01 01:00,175.0,0.0,0.0,175.0,0.0,0,0,0,0
31-01 02:00,183.7,0.0,0.0,183.6999969482422,0.0,0,0,0,0
31-01 03:00,200.6,0.0,0.0,200.60000610351562,0.0,0,0,0,0
31-01 04:00,239.2,0.0,0.0,239.1999969482422,0.0,0,0,0,0
31-01 05:00,309.6,0.0,0.0,309.6000061035156,0.0,0,0,0,0
31-01 06:00,355.2,0.0,0.0,355.20001220703125,0.0,0,0,0,0
31-01 07:00,410.6,0.0,0.0,410.6000061035156,0.0,0,0,0,0
31-01 08:00,448.4,0.0,0.0,448.3999938964844,0.0,0,0,0,0
31-01 09:00,430.1,0.0,0.0,427.3999938964844,2.700000047683716,0,0,0,0
31-01 10:00,385.2,0.0,0.0,373.29998779296875,11.899999618530273,0,0,0,0
31-01 11:00,432.1,0.0,0.0,344.70001220703125,87.4000015258789,0,0,0,0
31-01 12:00,486.0,0.0,0.0,342.20001220703125,143.8000030517578,0,0,0,0
31-01 13:00,381.4,0.0,0.0,277.70001220703125,103.69999694824219,0,0,0,0
31-01 14:00,302.8,0.0,0.0,276.3999938964844,26.399999618530273,0,0,0,0
31-01 15:00,293.3,0.0,0.0,268.6000061035156,24.700000762939453,0,0,0,0
31-01 16:00,239.7,0.0,0.0,213.60000610351562,26.100000381469727,0,0,0,0
31-01 17:00,230.0,0.0,0.0,195.10000610351562,34.900001525878906,0,0,0,0
31-01 18:00,218.2,0.0,0.0,189.10000610351562,29.100000381469727,0,0,0,0
31-01 19:00,220.6,0.0,0.0,208.3000030517578,12.300000190734863,0,0,0,0
31-01 20:00,204.0,0.0,0.0,200.0,4.0,0,0,0,0
31-01 21:00,216.2,0.0,0.0,216.1999969482422,0.0,0,0,0,0
31-01 22:00,223.2,0.0,0.0,223.1999969482422,0.0,0,0,0,0
31-01 23:00,237.1,0.0,0.0,237.1999969482422,0.0,0,0,0,0
01-02 00:00,269.6,0.0,0.0,269.6000061035156,0.0,0,0,0,0
01-02 01:00,272.0,0.0,0.0,272.0,0.0,0,0,0,0
01-02 02:00,265.3,0.0,0.0,265.29998779296875,0.0,0,0,0,0
01-02 03:00,273.3,0.0,0.0,273.29998779296875,0.0,0,0,0,0
01-02 04:00,327.7,0.0,0.0,327.70001220703125,0.0,0,0,0,0
01-02 05:00,440.4,0.0,0.0,440.3999938964844,0.0,0,0,0,0
01-02 06:00,502.5,0.0,0.0,502.5,0.0,0,0,0,0
01-02 07:00,559.4,0.0,0.0,559.4000244140625,0.0,0,0,0,0
01-02 08:00,623.9,0.0,0.0,623.9000244140625,0.0,0,0,0,0
01-02 09:00,547.7,0.0,0.0,545.0999755859375,2.5999999046325684,0,0,0,0
01-02 10:00,511.2,0.0,0.0,498.8999938964844,12.300000190734863,0,0,0,0
01-02 11:00,529.9,0.0,0.0,443.3999938964844,86.5,0,0,0,0
01-02 12:00,534.3,0.0,0.0,402.6000061035156,131.6999969482422,0,0,0,0
01-02 13:00,485.0,0.0,0.0,378.1000061035156,106.9000015258789,0,0,0,0
01-02 14:00,395.6,0.0,0.0,368.3999938964844,27.100000381469727,0,0,0,0
01-02 15:00,362.5,0.0,0.0,337.79998779296875,24.700000762939453,0,0,0,0
01-02 16:00,317.8,0.0,0.0,290.3999938964844,27.399999618530273,0,0,0,0
01-02 17:00,292.9,0.0,0.0,254.8000030517578,38.099998474121094,0,0,0,0
01-02 18:00,247.7,0.0,0.0,217.39999389648438,30.299999237060547,0,0,0,0
01-02 19:00,216.8,0.0,0.0,205.1999969482422,11.600000381469727,0,0,0,0
01-02 20:00,213.2,0.0,0.0,209.1999969482422,4.0,0,0,0,0
01-02 21:00,219.8,0.0,0.0,219.8000030517578,0.0,0,0,0,0
01-02 22:00,202.9,0.0,0.0,202.8000030517578,0.0,0,0,0,0
01-02 23:00,209.1,0.0,0.0,209.10000610351562,0.0,0,0,0,0
02-02 00:00,185.2,0.0,0.0,185.1999969482422,0.0,0,0,0,0
02-02 01:00,160.0,0.0,0.0,160.0,0.0,0,0,0,0
02-02 02:00,188.3,0.0,0.0,188.3000030517578,0.0,0,0,0,0
02-02 03:00,191.1,0.0,0.0,191.0,0.0,0,0,0,0
02-02 04:00,237.5,0.0,0.0,237.5,0.0,0,0,0,0
02-02 05:00,278.4,0.0,0.0,278.3999938964844,0.0,0,0,0,0
02-02 06:00,342.6,0.0,0.0,342.6000061035156,0.0,0,0,0,0
02-02 07:00,410.1,0.0,0.0,410.1000061035156,0.0,0,0,0,0
02-02 08:00,382.4,0.0,0.0,382.3999938964844,0.0,0,0,0,0
02-02 09:00,374.3,0.0,0.0,371.79998779296875,2.5,0,0,0,0
02-02 10:00,350.0,0.0,0.0,338.3999938964844,11.600000381469727,0,0,0,0
02-02 11:00,425.5,0.0,0.0,337.29998779296875,88.19999694824219,0,0,0,0
02-02 12:00,466.8,0.0,0.0,325.8999938964844,140.89999389648438,0,0,0,0
02-02 13:00,389.3,0.0,0.0,283.6000061035156,105.80000305175781,0,0,0,0
02-02 14:00,309.9,0.0,0.0,283.0,26.899999618530273,0,0,0,0
02-02 15:00,285.4,0.0,0.0,261.0,24.399999618530273,0,0,0,0
02-02 16:00,240.6,0.0,0.0,214.3000030517578,26.299999237060547,0,0,0,0
02-02 17:00,241.5,0.0,0.0,203.8000030517578,37.70000076293945,0,0,0,0
02-02 18:00,199.0,0.0,0.0,170.0,29.0,0,0,0,0
02-02 19:00,181.4,0.0,0.0,170.0,11.399999618530273,0,0,0,0
02-02 20:00,182.1,0.0,0.0,178.0,4.099999904632568,0,0,0,0
02-02 21:00,161.6,0.0,0.0,161.60000610351562,0.0,0,0,0,0
02-02 22:00,163.2,0.0,0.0,163.1999969482422,0.0,0,0,0,0
02-02 23:00,152.4,0.0,0.0,152.39999389648438,0.0,0,0,0,0
03-02 00:00,147.5,0.0,0.0,147.5,0.0,0,0,0,0
03-02 01:00,154.2,0.0,0.0,154.1999969482422,0.0,0,0,0,0
03-02 02:00,151.2,0.0,0.0,151.1999969482422,0.0,0,0,0,0
03-02 03:00,147.4,0.0,0.0,147.39999389648438,0.0,0,0,0,0
03-02 04:00,156.5,0.0,0.0,156.5,0.0,0,0,0,0
03-02 05:00,166.7,0.0,0.0,166.6999969482422,0.0,0,0,0,0
03-02 06:00,187.1,0.0,0.0,187.10000610351562,0.0,0,0,0,0
03-02 07:00,187.1,0.0,0.0,187.10000610351562,0.0,0,0,0,0
03-02 08:00,189.2,0.0,0.0,189.1999969482422,0.0,0,0,0,0
03-02 09:00,175.4,0.0,0.0,175.39999389648438,0.0,0,0,0,0
03-02 10:00,149.9,0.0,0.0,148.6999969482422,1.2000000476837158,0,0,0,0
03-02 11:00,149.0,0.0,0.0,139.0,10.0,0,0,0,0
03-02 12:00,152.7,0.0,0.0,137.10000610351562,15.600000381469727,0,0,0,0
03-02 13:00,129.4,0.0,0.0,116.69999694824219,12.699999809265137,0,0,0,0
03-02 14:00,94.9,0.0,0.0,92.4000015258789,2.5999999046325684,0,0,0,0
03-02 15:00,99.4,0.0,0.0,96.5999984741211,2.799999952316284,0,0,0,0
03-02 16:00,94.4,0.0,0.0,91.69999694824219,2.700000047683716,0,0,0,0
03-02 17:00,98.4,0.0,0.0,94.5,3.9000000953674316,0,0,0,0
03-02 18:00,97.4,0.0,0.0,93.5999984741211,3.799999952316284,0,0,0,0
03-02 19:00,97.4,0.0,0.0,96.0,1.399999976158142,0,0,0,0
03-02 20:00,94.7,0.0,0.0,94.69999694824219,0.0,0,0,0,0
03-02 21:00,97.8,0.0,0.0,97.80000305175781,0.0,0,0,0,0
03-02 22:00,86.3,0.0,0.0,86.30000305175781,0.0,0,0,0,0
03-02 23:00,97.0,0.0,0.0,97.0,0.0,0,0,0,0
04-02 00:00,114.1,0.0,0.0,114.0999984741211,0.0,0,0,0,0
04-02 01:00,149.1,0.0,0.0,149.10000610351562,0.0,0,0,0,0
04-02 02:00,137.2,0.0,0.0,137.1999969482422,0.0,0,0,0,0
04-02 03:00,157.3,0.0,0.0,157.3000030517578,0.0,0,0,0,0
04-02 04:00,154.0,0.0,0.0,154.0,0.0,0,0,0,0
04-02 05:00,148.4,0.0,0.0,148.39999389648438,0.0,0,0,0,0
04-02 06:00,171.0,0.0,0.0,171.0,0.0,0,0,0,0
04-02 07:00,191.4,0.0,0.0,191.39999389648438,0.0,0,0,0,0
04-02 08:00,191.9,0.0,0.0,191.89999389648438,0.0,0,0,0,0
04-02 09:00,172.2,0.0,0.0,172.1999969482422,0.0,0,0,0,0
04-02 10:00,170.6,0.0,0.0,169.3000030517578,1.2999999523162842,0,0,0,0
04-02 11:00,177.6,0.0,0.0,171.0,6.599999904632568,0,0,0,0
04-02 12:00,192.9,0.0,0.0,183.0,9.899999618530273,0,0,0,0
04-02 13:00,177.8,0.0,0.0,169.8000030517578,8.0,0,0,0,0
04-02 14:00,167.7,0.0,0.0,166.39999389648438,1.2999999523162842,0,0,0,0
04-02 15:00,169.4,0.0,0.0,168.10000610351562,1.2999999523162842,0,0,0,0
04-02 16:00,163.1,0.0,0.0,161.8000030517578,1.2999999523162842,0,0,0,0
04-02 17:00,164.2,0.0,0.0,161.6999969482422,2.5,0,0,0,0
04-02 18:00,169.9,0.0,0.0,167.3000030517578,2.5999999046325684,0,0,0,0
04-02 19:00,180.4,0.0,0.0,179.0,1.399999976158142,0,0,0,0
04-02 20:00,157.2,0.0,0.0,157.1999969482422,0.0,0,0,0,0
04-02 21:00,163.9,0.0,0.0,163.89999389648438,0.0,0,0,0,0
04-02 22:00,153.9,0.0,0.0,153.89999389648438,0.0,0,0,0,0
04-02 23:00,163.4,0.0,0.0,163.39999389648438,0.0,0,0,0,0
05-02 00:00,168.4,0.0,0.0,168.39999389648438,0.0,0,0,0,0
05-02 01:00,170.1,0.0,0.0,170.10000610351562,0.0,0,0,0,0
05-02 02:00,169.7,0.0,0.0,169.6999969482422,0.0,0,0,0,0
05-02 03:00,182.1,0.0,0.0,182.10000610351562,0.0,0,0,0,0
05-02 04:00,213.8,0.0,0.0,213.8000030517578,0.0,0,0,0,0
05-02 05:00,321.0,0.0,0.0,321.0,0.0,0,0,0,0
05-02 06:00,355.6,0.0,0.0,355.6000061035156,0.0,0,0,0,0
05-02 07:00,435.5,0.0,0.0,435.5,0.0,0,0,0,0
05-02 08:00,457.6,0.0,0.0,457.6000061035156,0.0,0,0,0,0
05-02 09:00,409.1,0.0,0.0,406.5,2.5999999046325684,0,0,0,0
05-02 10:00,366.2,0.0,0.0,354.8999938964844,11.300000190734863,0,0,0,0
05-02 11:00,449.6,0.0,0.0,359.8999938964844,89.69999694824219,0,0,0,0
05-02 12:00,458.0,0.0,0.0,326.6000061035156,131.39999389648438,0,0,0,0
05-02 13:00,401.3,0.0,0.0,297.8999938964844,103.4000015258789,0,0,0,0
05-02 14:00,323.9,0.0,0.0,297.6000061035156,26.299999237060547,0,0,0,0
05-02 15:00,307.5,0.0,0.0,282.8999938964844,24.600000381469727,0,0,0,0
05-02 16:00,277.6,0.0,0.0,250.0,27.600000381469727,0,0,0,0
05-02 17:00,234.0,0.0,0.0,199.60000610351562,34.400001525878906,0,0,0,0
05-02 18:00,239.3,0.0,0.0,207.60000610351562,31.700000762939453,0,0,0,0
05-02 19:00,201.0,0.0,0.0,189.6999969482422,11.300000190734863,0,0,0,0
05-02 20:00,195.1,0.0,0.0,191.1999969482422,3.9000000953674316,0,0,0,0
05-02 21:00,189.3,0.0,0.0,189.3000030517578,0.0,0,0,0,0
05-02 22:00,197.0,0.0,0.0,197.0,0.0,0,0,0,0
05-02 23:00,190.4,0.0,0.0,190.39999389648438,0.0,0,0,0,0
06-02 00:00,178.3,0.0,0.0,178.3000030517578,0.0,0,0,0,0
06-02 01:00,199.1,0.0,0.0,199.10000610351562,0.0,0,0,0,0
06-02 02:00,204.9,0.0,0.0,204.8000030517578,0.0,0,0,0,0
06-02 03:00,218.1,0.0,0.0,218.10000610351562,0.0,0,0,0,0
06-02 04:00,254.9,0.0,0.0,254.89999389648438,0.0,0,0,0,0
06-02 05:00,339.0,0.0,0.0,339.0,0.0,0,0,0,0
06-02 06:00,377.6,0.0,0.0,377.6000061035156,0.0,0,0,0,0
06-02 07:00,450.7,0.0,0.0,450.70001220703125,0.0,0,0,0,0
06-02 08:00,482.8,0.0,0.0,482.79998779296875,0.0,0,0,0,0
06-02 09:00,462.0,0.0,0.0,459.3999938964844,2.5999999046325684,0,0,0,0
06-02 10:00,455.9,0.0,0.0,443.29998779296875,12.600000381469727,0,0,0,0
06-02 11:00,474.7,0.0,0.0,388.5,86.19999694824219,0,0,0,0
06-02 12:00,487.9,0.0,0.0,359.29998779296875,128.60000610351562,0,0,0,0
06-02 13:00,484.1,0.0,0.0,369.8999938964844,114.19999694824219,0,0,0,0
06-02 14:00,371.6,0.0,0.0,344.6000061035156,27.0,0,0,0,0
06-02 15:00,336.1,0.0,0.0,312.0,24.100000381469727,0,0,0,0
06-02 16:00,297.1,0.0,0.0,269.79998779296875,27.299999237060547,0,0,0,0
06-02 17:00,258.8,0.0,0.0,224.39999389648438,34.400001525878906,0,0,0,0
06-02 18:00,248.7,0.0,0.0,217.89999389648438,30.799999237060547,0,0,0,0
06-02 19:00,242.7,0.0,0.0,230.39999389648438,12.300000190734863,0,0,0,0
06-02 20:00,224.9,0.0,0.0,220.8000030517578,4.099999904632568,0,0,0,0
06-02 21:00,217.8,0.0,0.0,217.8000030517578,0.0,0,0,0,0
06-02 22:00,229.0,0.0,0.0,229.0,0.0,0,0,0,0
06-02 23:00,212.9,0.0,0.0,212.89999389648438,0.0,0,0,0,0
07-02 00:00,230.4,0.0,0.0,230.39999389648438,0.0,0,0,0,0
07-02 01:00,230.4,0.0,0.0,230.39999389648438,0.0,0,0,0,0
07-02 02:00,211.6,0.0,0.0,211.60000610351562,0.0,0,0,0,0
07-02 03:00,276.5,0.0,0.0,276.5,0.0,0,0,0,0
07-02 04:00,295.2,0.0,0.0,295.20001220703125,0.0,0,0,0,0
07-02 05:00,427.5,0.0,0.0,427.5,0.0,0,0,0,0
07-02 06:00,504.7,0.0,0.0,504.70001220703125,0.0,0,0,0,0
07-02 07:00,584.4,0.0,0.0,584.4000244140625,0.0,0,0,0,0
07-02 08:00,602.3,0.0,0.0,602.2999877929688,0.0,0,0,0,0
07-02 09:00,595.4,0.0,0.0,592.7000122070312,2.700000047683716,0,0,0,0
07-02 10:00,520.2,0.0,0.0,508.6000061035156,11.600000381469727,0,0,0,0
07-02 11:00,589.6,0.0,0.0,502.6000061035156,87.0,0,0,0,0
07-02 12:00,571.3,0.0,0.0,446.79998779296875,124.5,0,0,0,0
07-02 13:00,542.6,0.0,0.0,436.1000061035156,106.5,0,0,0,0
07-02 14:00,444.6,0.0,0.0,418.6000061035156,26.0,0,0,0,0
07-02 15:00,415.3,0.0,0.0,391.3999938964844,23.799999237060547,0,0,0,0
07-02 16:00,356.2,0.0,0.0,330.0,26.200000762939453,0,0,0,0
07-02 17:00,327.7,0.0,0.0,291.6000061035156,36.099998474121094,0,0,0,0
07-02 18:00,299.9,0.0,0.0,269.1000061035156,30.799999237060547,0,0,0,0
07-02 19:00,264.4,0.0,0.0,253.10000610351562,11.300000190734863,0,0,0,0
07-02 20:00,282.4,0.0,0.0,278.1000061035156,4.300000190734863,0,0,0,0
07-02 21:00,267.8,0.0,0.0,267.79998779296875,0.0,0,0,0,0
07-02 22:00,244.6,0.0,0.0,244.60000610351562,0.0,0,0,0,0
07-02 23:00,259.1,0.0,0.0,259.20001220703125,0.0,0,0,0,0
08-02 00:00,269.2,0.0,0.0,269.20001220703125,0.0,0,0,0,0
08-02 01:00,264.0,0.0,0.0,264.0,0.0,0,0,0,0
08-02 02:00,269.1,0.0,0.0,269.1000061035156,0.0,0,0,0,0
08-02 03:00,300.7,0.0,0.0,300.70001220703125,0.0,0,0,0,0
08-02 04:00,351.0,0.0,0.0,351.0,0.0,0,0,0,0
08-02 05:00,516.1,0.0,0.0,516.0999755859375,0.0,0,0,0,0
08-02 06:00,559.0,0.0,0.0,559.0,0.0,0,0,0,0
08-02 07:00,660.4,0.0,0.0,660.4000244140625,0.0,0,0,0,0
08-02 08:00,715.3,0.0,0.0,715.2999877929688,0.0,0,0,0,0
08-02 09:00,696.4,0.0,0.0,693.5999755859375,2.799999952316284,0,0,0,0
08-02 10:00,576.3,0.0,0.0,565.0,11.300000190734863,0,0,0,0
08-02 11:00,617.3,0.0,0.0,535.5999755859375,81.69999694824219,0,0,0,0
08-02 12:00,724.0,0.0,0.0,581.0,143.0,0,0,0,0
08-02 13:00,697.9,0.0,0.0,577.4000244140625,120.5,0,0,0,0
08-02 14:00,502.5,0.0,0.0,476.79998779296875,25.700000762939453,0,0,0,0
08-02 15:00,450.3,0.0,0.0,427.70001220703125,22.600000381469727,0,0,0,0
08-02 16:00,396.7,0.0,0.0,371.6000061035156,25.200000762939453,0,0,0,0
08-02 17:00,367.8,0.0,0.0,332.79998779296875,35.0,0,0,0,0
08-02 18:00,340.7,0.0,0.0,310.6000061035156,30.100000381469727,0,0,0,0
08-02 19:00,322.4,0.0,0.0,310.6000061035156,11.800000190734863,0,0,0,0
08-02 20:00,319.7,0.0,0.0,315.6000061035156,4.099999904632568,0,0,0,0
08-02 21:00,324.7,0.0,0.0,324.70001220703125,0.0,0,0,0,0
08-02 22:00,303.5,0.0,0.0,303.5,0.0,0,0,0,0
08-02 23:00,313.2,0.0,0.0,313.20001220703125,0.0,0,0,0,0
09-02 00:00,303.2,0.0,0.0,303.20001220703125,0.0,0,0,0,0
09-02 01:00,280.6,0.0,0.0,280.6000061035156,0.0,0,0,0,0
09-02 02:00,288.5,0.0,0.0,288.5,0.0,0,0,0,0
09-02 03:00,317.9,0.0,0.0,317.8999938964844,0.0,0,0,0,0
09-02 04:00,360.0,0.0,0.0,360.0,0.0,0,0,0,0
09-02 05:00,513.6,0.0,0.0,513.5999755859375,0.0,0,0,0,0
09-02 06:00,582.3,0.0,0.0,582.2999877929688,0.0,0,0,0,0
09-02 07:00,615.0,0.0,0.0,615.0,0.0,0,0,0,0
09-02 08:00,698.4,0.0,0.0,698.4000244140625,0.0,0,0,0,0
09-02 09:00,660.6,0.0,0.0,657.9000244140625,2.5999999046325684,0,0,0,0
09-02 10:00,579.2,0.0,0.0,567.5,11.699999809265137,0,0,0,0
09-02 11:00,647.3,0.0,0.0,559.5999755859375,87.69999694824219,0,0,0,0
09-02 12:00,634.6,0.0,0.0,505.0,129.60000610351562,0,0,0,0
09-02 13:00,658.3,0.0,0.0,539.0,119.30000305175781,0,0,0,0
09-02 14:00,516.1,0.0,0.0,488.6000061035156,27.5,0,0,0,0
09-02 15:00,421.4,0.0,0.0,399.29998779296875,22.100000381469727,0,0,0,0
09-02 16:00,397.8,0.0,0.0,370.79998779296875,27.0,0,0,0,0
09-02 17:00,356.6,0.0,0.0,320.8999938964844,35.70000076293945,0,0,0,0
09-02 18:00,326.0,0.0,0.0,295.6000061035156,30.399999618530273,0,0,0,0
09-02 19:00,270.6,0.0,0.0,260.1000061035156,10.5,0,0,0,0
09-02 20:00,295.3,0.0,0.0,291.20001220703125,4.0,0,0,0,0
09-02 21:00,288.3,0.0,0.0,288.29998779296875,0.0,0,0,0,0
09-02 22:00,299.8,0.0,0.0,299.79998779296875,0.0,0,0,0,0
09-02 23:00,297.5,0.0,0.0,297.5,0.0,0,0,0,0
10-02 00:00,289.2,0.0,0.0,289.20001220703125,0.0,0,0,0,0
10-02 01:00,286.4,0.0,0.0,286.3999938964844,0.0,0,0,0,0
10-02 02:00,280.8,0.0,0.0,280.79998779296875,0.0,0,0,0,0
10-02 03:00,255.8,0.0,0.0,255.8000030517578,0.0,0,0,0,0
10-02 04:00,294.2,0.0,0.0,294.20001220703125,0.0,0,0,0,0
10-02 05:00,319.7,0.0,0.0,319.70001220703125,0.0,0,0,0,0
10-02 06:00,335.8,0.0,0.0,335.79998779296875,0.0,0,0,0,0
10-02 07:00,365.4,0.0,0.0,365.3999938964844,0.0,0,0,0,0
10-02 08:00,385.0,0.0,0.0,385.0,0.0,0,0,0,0
10-02 09:00,343.1,0.0,0.0,343.1000061035156,0.0,0,0,0,0
10-02 10:00,329.4,0.0,0.0,328.20001220703125,1.2999999523162842,0,0,0,0
10-02 11:00,315.9,0.0,0.0,305.3999938964844,10.399999618530273,0,0,0,0
10-02 12:00,321.0,0.0,0.0,305.3999938964844,15.5,0,0,0,0
10-02 13:00,321.2,0.0,0.0,307.70001220703125,13.5,0,0,0,0
10-02 14:00,279.0,0.0,0.0,276.3999938964844,2.5,0,0,0,0
10-02 15:00,314.4,0.0,0.0,311.6000061035156,2.799999952316284,0,0,0,0
10-02 16:00,269.2,0.0,0.0,266.6000061035156,2.5999999046325684,0,0,0,0
10-02 17:00,291.9,0.0,0.0,287.70001220703125,4.199999809265137,0,0,0,0
10-02 18:00,253.8,0.0,0.0,250.0,3.799999952316284,0,0,0,0
10-02 19:00,254.3,0.0,0.0,253.0,1.2999999523162842,0,0,0,0
10-02 20:00,289.8,0.0,0.0,289.79998779296875,0.0,0,0,0,0
10-02 21:00,280.6,0.0,0.0,280.6000061035156,0.0,0,0,0,0
10-02 22:00,286.9,0.0,0.0,286.8999938964844,0.0,0,0,0,0
10-02 23:00,278.3,0.0,0.0,278.29998779296875,0.0,0,0,0,0
11-02 00:00,279.4,0.0,0.0,279.3999938964844,0.0,0,0,0,0
11-02 01:00,261.7,0.0,0.0,261.70001220703125,0.0,0,0,0,0
11-02 02:00,224.5,0.0,0.0,224.5,0.0,0,0,0,0
11-02 03:00,253.6,0.0,0.0,253.60000610351562,0.0,0,0,0,0
11-02 04:00,272.0,0.0,0.0,272.0,0.0,0,0,0,0
11-02 05:00,272.3,0.0,0.0,272.29998779296875,0.0,0,0,0,0
11-02 06:00,260.2,0.0,0.0,260.20001220703125,0.0,0,0,0,0
11-02 07:00,266.8,0.0,0.0,266.79998779296875,0.0,0,0,0,0
11-02 08:00,267.0,0.0,0.0,267.0,0.0,0,0,0,0
11-02 09:00,245.8,0.0,0.0,245.8000030517578,0.0,0,0,0,0
11-02 10:00,234.6,0.0,0.0,233.39999389648438,1.2000000476837158,0,0,0,0
11-02 11:00,244.4,0.0,0.0,237.8000030517578,6.599999904632568,0,0,0,0
11-02 12:00,238.2,0.0,0.0,229.10000610351562,9.100000381469727,0,0,0,0
11-02 13:00,238.6,0.0,0.0,230.5,8.100000381469727,0,0,0,0
11-02 14:00,245.4,0.0,0.0,244.0,1.399999976158142,0,0,0,0
11-02 15:00,219.2,0.0,0.0,217.89999389648438,1.2999999523162842,0,0,0,0
11-02 16:00,231.1,0.0,0.0,229.8000030517578,1.2999999523162842,0,0,0,0
11-02 17:00,226.3,0.0,0.0,223.60000610351562,2.5999999046325684,0,0,0,0
11-02 18:00,217.8,0.0,0.0,215.1999969482422,2.5999999046325684,0,0,0,0
11-02 19:00,222.3,0.0,0.0,221.0,1.2999999523162842,0,0,0,0
11-02 20:00,247.9,0.0,0.0,247.89999389648438,0.0,0,0,0,0
11-02 21:00,232.3,0.0,0.0,232.3000030517578,0.0,0,0,0,0
11-02 22:00,263.8,0.0,0.0,263.79998779296875,0.0,0,0,0,0
11-02 23:00,267.7,0.0,0.0,267.70001220703125,0.0,0,0,0,0
12-02 00:00,271.1,0.0,0.0,271.1000061035156,0.0,0,0,0,0
12-02 01:00,271.2,0.0,0.0,271.20001220703125,0.0,0,0,0,0
12-02 02:00,279.5,0.0,0.0,279.5,0.0,0,0,0,0
12-02 03:00,298.4,0.0,0.0,298.3999938964844,0.0,0,0,0,0
12-02 04:00,347.0,0.0,0.0,347.0,0.0,0,0,0,0
12-02 05:00,436.0,0.0,0.0,436.0,0.0,0,0,0,0
12-02 06:00,512.7,0.0,0.0,512.7000122070312,0.0,0,0,0,0
12-02 07:00,623.9,0.0,0.0,623.9000244140625,0.0,0,0,0,0
12-02 08:00,675.7,0.0,0.0,675.7000122070312,0.0,0,0,0,0
12-02 09:00,648.4,0.0,0.0,645.5999755859375,2.700000047683716,0,0,0,0
12-02 10:00,585.1,0.0,0.0,572.5999755859375,12.399999618530273,0,0,0,0
12-02 11:00,613.9,0.0,0.0,523.9000244140625,90.0,0,0,0,0
12-02 12:00,605.1,0.0,0.0,471.8999938964844,133.1999969482422,0,0,0,0
12-02 13:00,568.8,0.0,0.0,456.29998779296875,112.5,0,0,0,0
12-02 14:00,451.0,0.0,0.0,424.1000061035156,26.899999618530273,0,0,0,0
12-02 15:00,414.6,0.0,0.0,390.1000061035156,24.5,0,0,0,0
12-02 16:00,350.1,0.0,0.0,323.5,26.600000381469727,0,0,0,0
12-02 17:00,345.8,0.0,0.0,308.0,37.79999923706055,0,0,0,0
12-02 18:00,334.3,0.0,0.0,301.79998779296875,32.5,0,0,0,0
12-02 19:00,304.4,0.0,0.0,292.5,11.899999618530273,0,0,0,0
12-02 20:00,287.8,0.0,0.0,283.79998779296875,4.0,0,0,0,0
12-02 21:00,271.4,0.0,0.0,271.3999938964844,0.0,0,0,0,0
12-02 22:00,280.2,0.0,0.0,280.20001220703125,0.0,0,0,0,0
12-02 23:00,300.4,0.0,0.0,300.3999938964844,0.0,0,0,0,0
13-02 00:00,281.2,0.0,0.0,281.20001220703125,0.0,0,0,0,0
13-02 01:00,284.4,0.0,0.0,284.3999938964844,0.0,0,0,0,0
13-02 02:00,282.6,0.0,0.0,282.6000061035156,0.0,0,0,0,0
13-02 03:00,298.1,0.0,0.0,298.20001220703125,0.0,0,0,0,0
13-02 04:00,358.6,0.0,0.0,358.6000061035156,0.0,0,0,0,0
13-02 05:00,474.5,0.0,0.0,474.5,0.0,0,0,0,0
13-02 06:00,524.0,0.0,0.0,524.0,0.0,0,0,0,0
13-02 07:00,655.2,0.0,0.0,655.2000122070312,0.0,0,0,0,0
13-02 08:00,688.4,0.0,0.0,688.4000244140625,0.0,0,0,0,0
13-02 09:00,660.5,0.0,0.0,657.7000122070312,2.799999952316284,0,0,0,0
13-02 10:00,524.0,0.0,0.0,512.5999755859375,11.399999618530273,0,0,0,0
13-02 11:00,575.5,0.0,0.0,489.79998779296875,85.69999694824219,0,0,0,0
13-02 12:00,564.7,0.0,0.0,436.79998779296875,127.80000305175781,0,0,0,0
13-02 13:00,544.9,0.0,0.0,431.3999938964844,113.5,0,0,0,0
13-02 14:00,439.2,0.0,0.0,412.20001220703125,27.200000762939453,0,0,0,0
13-02 15:00,386.3,0.0,0.0,362.6000061035156,23.700000762939453,0,0,0,0
13-02 16:00,352.9,0.0,0.0,325.20001220703125,27.700000762939453,0,0,0,0
13-02 17:00,309.4,0.0,0.0,273.5,35.900001525878906,0,0,0,0
13-02 18:00,304.7,0.0,0.0,274.1000061035156,30.600000381469727,0,0,0,0
13-02 19:00,278.0,0.0,0.0,266.0,12.0,0,0,0,0
13-02 20:00,259.4,0.0,0.0,255.8000030517578,3.5999999046325684,0,0,0,0
13-02 21:00,286.0,0.0,0.0,286.0,0.0,0,0,0,0
13-02 22:00,302.9,0.0,0.0,302.8999938964844,0.0,0,0,0,0
13-02 23:00,301.8,0.0,0.0,301.79998779296875,0.0,0,0,0,0
14-02 00:00,286.2,0.0,0.0,286.20001220703125,0.0,0,0,0,0
14-02 01:00,267.1,0.0,0.0,267.1000061035156,0.0,0,0,0,0
14-02 02:00,253.2,0.0,0.0,253.1999969482422,0.0,0,0,0,0
14-02 03:00,249.8,0.0,0.0,249.8000030517578,0.0,0,0,0,0
14-02 04:00,322.0,0.0,0.0,322.0,0.0,0,0,0,0
14-02 05:00,454.4,0.0,0.0,454.3999938964844,0.0,0,0,0,0
14-02 06:00,477.8,0.0,0.0,477.79998779296875,0.0,0,0,0,0
14-02 07:00,548.1,0.0,0.0,548.0999755859375,0.0,0,0,0,0
14-02 08:00,588.1,0.0,0.0,588.0999755859375,0.0,0,0,0,0
14-02 09:00,620.1,0.0,0.0,617.2999877929688,2.799999952316284,0,0,0,0
14-02 10:00,557.3,0.0,0.0,545.0,12.300000190734863,0,0,0,0
14-02 11:00,576.4,0.0,0.0,491.70001220703125,84.69999694824219,0,0,0,0
14-02 12:00,627.4,0.0,0.0,489.1000061035156,138.3000030517578,0,0,0,0
14-02 13:00,543.0,0.0,0.0,435.0,108.0,0,0,0,0
14-02 14:00,429.8,0.0,0.0,404.29998779296875,25.600000381469727,0,0,0,0
14-02 15:00,388.0,0.0,0.0,364.29998779296875,23.700000762939453,0,0,0,0
14-02 16:00,347.8,0.0,0.0,320.20001220703125,27.600000381469727,0,0,0,0
14-02 17:00,310.9,0.0,0.0,275.3999938964844,35.599998474121094,0,0,0,0
14-02 18:00,288.0,0.0,0.0,258.0,30.0,0,0,0,0
14-02 19:00,286.1,0.0,0.0,274.0,12.100000381469727,0,0,0,0
14-02 20:00,293.5,0.0,0.0,289.29998779296875,4.199999809265137,0,0,0,0
14-02 21:00,289.2,0.0,0.0,289.20001220703125,0.0,0,0,0,0
14-02 22:00,311.9,0.0,0.0,311.8999938964844,0.0,0,0,0,0
14-02 23:00,302.0,0.0,0.0,302.0,0.0,0,0,0,0
15-02 00:00,313.9,0.0,0.0,313.8999938964844,0.0,0,0,0,0
15-02 01:00,319.5,0.0,0.0,319.5,0.0,0,0,0,0
15-02 02:00,288.8,0.0,0.0,288.79998779296875,0.0,0,0,0,0
15-02 03:00,328.8,0.0,0.0,328.79998779296875,0.0,0,0,0,0
15-02 04:00,370.5,0.0,0.0,370.5,0.0,0,0,0,0
15-02 05:00,500.3,0.0,0.0,500.29998779296875,0.0,0,0,0,0
15-02 06:00,527.8,0.0,0.0,527.7999877929688,0.0,0,0,0,0
15-02 07:00,589.2,0.0,0.0,589.2000122070312,0.0,0,0,0,0
15-02 08:00,676.5,0.0,0.0,676.5,0.0,0,0,0,0
15-02 09:00,589.1,0.0,0.0,586.5999755859375,2.5,0,0,0,0
15-02 10:00,525.7,0.0,0.0,513.9000244140625,11.800000190734863,0,0,0,0
15-02 11:00,586.6,0.0,0.0,495.1000061035156,91.5,0,0,0,0
15-02 12:00,552.3,0.0,0.0,423.3999938964844,128.89999389648438,0,0,0,0
15-02 13:00,519.3,0.0,0.0,409.29998779296875,110.0,0,0,0,0
15-02 14:00,405.5,0.0,0.0,378.8999938964844,26.600000381469727,0,0,0,0
15-02 15:00,363.2,0.0,0.0,340.0,23.200000762939453,0,0,0,0
15-02 16:00,317.4,0.0,0.0,290.79998779296875,26.600000381469727,0,0,0,0
15-02 17:00,267.0,0.0,0.0,232.89999389648438,34.099998474121094,0,0,0,0
15-02 18:00,235.1,0.0,0.0,206.6999969482422,28.399999618530273,0,0,0,0
15-02 19:00,235.3,0.0,0.0,224.1999969482422,11.199999809265137,0,0,0,0
15-02 20:00,226.9,0.0,0.0,223.1999969482422,3.799999952316284,0,0,0,0
15-02 21:00,217.8,0.0,0.0,217.8000030517578,0.0,0,0,0,0
15-02 22:00,226.9,0.0,0.0,226.89999389648438,0.0,0,0,0,0
15-02 23:00,211.3,0.0,0.0,211.3000030517578,0.0,0,0,0,0
16-02 00:00,177.4,0.0,0.0,177.39999389648438,0.0,0,0,0,0
16-02 01:00,188.6,0.0,0.0,188.60000610351562,0.0,0,0,0,0
16-02 02:00,197.3,0.0,0.0,197.3000030517578,0.0,0,0,0,0
16-02 03:00,195.5,0.0,0.0,195.5,0.0,0,0,0,0
16-02 04:00,221.8,0.0,0.0,221.8000030517578,0.0,0,0,0,0
16-02 05:00,275.0,0.0,0.0,275.0,0.0,0,0,0,0
16-02 06:00,334.8,0.0,0.0,334.79998779296875,0.0,0,0,0,0
16-02 07:00,363.4,0.0,0.0,363.3999938964844,0.0,0,0,0,0
16-02 08:00,388.9,0.0,0.0,388.8999938964844,0.0,0,0,0,0
16-02 09:00,372.7,0.0,0.0,370.20001220703125,2.5,0,0,0,0
16-02 10:00,338.0,0.0,0.0,326.79998779296875,11.199999809265137,0,0,0,0
16-02 11:00,423.8,0.0,0.0,334.1000061035156,89.69999694824219,0,0,0,0
16-02 12:00,447.8,0.0,0.0,312.3999938964844,135.39999389648438,0,0,0,0
16-02 13:00,388.2,0.0,0.0,280.3999938964844,107.80000305175781,0,0,0,0
16-02 14:00,309.6,0.0,0.0,282.0,27.600000381469727,0,0,0,0
16-02 15:00,271.1,0.0,0.0,247.1999969482422,23.899999618530273,0,0,0,0
16-02 16:00,239.4,0.0,0.0,212.3000030517578,27.100000381469727,0,0,0,0
16-02 17:00,203.4,0.0,0.0,169.3000030517578,34.099998474121094,0,0,0,0
16-02 18:00,197.5,0.0,0.0,166.39999389648438,31.100000381469727,0,0,0,0
16-02 19:00,194.1,0.0,0.0,181.39999389648438,12.699999809265137,0,0,0,0
16-02 20:00,172.6,0.0,0.0,168.5,4.099999904632568,0,0,0,0
16-02 21:00,152.1,0.0,0.0,152.10000610351562,0.0,0,0,0,0
16-02 22:00,163.6,0.0,0.0,163.60000610351562,0.0,0,0,0,0
16-02 23:00,157.6,0.0,0.0,157.60000610351562,0.0,0,0,0,0
17-02 00:00,147.5,0.0,0.0,147.5,0.0,0,0,0,0
17-02 01:00,156.3,0.0,0.0,156.3000030517578,0.0,0,0,0,0
17-02 02:00,154.8,0.0,0.0,154.8000030517578,0.0,0,0,0,0
17-02 03:00,144.1,0.0,0.0,144.10000610351562,0.0,0,0,0,0
17-02 04:00,151.9,0.0,0.0,151.89999389648438,0.0,0,0,0,0
17-02 05:00,168.3,0.0,0.0,168.3000030517578,0.0,0,0,0,0
17-02 06:00,171.8,0.0,0.0,171.8000030517578,0.0,0,0,0,0
17-02 07:00,170.9,0.0,0.0,170.89999389648438,0.0,0,0,0,0
17-02 08:00,198.6,0.0,0.0,198.60000610351562,0.0,0,0,0,0
17-02 09:00,156.4,0.0,0.0,156.39999389648438,0.0,0,0,0,0
17-02 10:00,149.8,0.0,0.0,148.5,1.2999999523162842,0,0,0,0
17-02 11:00,157.8,0.0,0.0,147.10000610351562,10.699999809265137,0,0,0,0
17-02 12:00,159.5,0.0,0.0,143.0,16.5,0,0,0,0
17-02 13:00,144.0,0.0,0.0,131.10000610351562,12.899999618530273,0,0,0,0
17-02 14:00,137.3,0.0,0.0,134.39999389648438,2.9000000953674316,0,0,0,0
17-02 15:00,121.0,0.0,0.0,118.4000015258789,2.5999999046325684,0,0,0,0
17-02 16:00,124.0,0.0,0.0,121.4000015258789,2.700000047683716,0,0,0,0
17-02 17:00,113.2,0.0,0.0,109.5,3.700000047683716,0,0,0,0
17-02 18:00,117.4,0.0,0.0,113.5999984741211,3.799999952316284,0,0,0,0
17-02 19:00,119.6,0.0,0.0,118.30000305175781,1.2999999523162842,0,0,0,0
17-02 20:00,118.4,0.0,0.0,118.4000015258789,0.0,0,0,0,0
17-02 21:00,125.0,0.0,0.0,125.0,0.0,0,0,0,0
17-02 22:00,130.2,0.0,0.0,130.1999969482422,0.0,0,0,0,0
17-02 23:00,136.7,0.0,0.0,136.6999969482422,0.0,0,0,0,0
18-02 00:00,115.4,0.0,0.0,115.4000015258789,0.0,0,0,0,0
18-02 01:00,129.5,0.0,0.0,129.5,0.0,0,0,0,0
18-02 02:00,130.8,0.0,0.0,130.8000030517578,0.0,0,0,0,0
18-02 03:00,130.8,0.0,0.0,130.8000030517578,0.0,0,0,0,0
18-02 04:00,134.0,0.0,0.0,134.0,0.0,0,0,0,0
18-02 05:00,127.2,0.0,0.0,127.19999694824219,0.0,0,0,0,0
18-02 06:00,140.5,0.0,0.0,140.5,0.0,0,0,0,0
18-02 07:00,135.7,0.0,0.0,135.6999969482422,0.0,0,0,0,0
18-02 08:00,132.0,0.0,0.0,132.0,0.0,0,0,0,0
18-02 09:00,116.1,0.0,0.0,116.0999984741211,0.0,0,0,0,0
18-02 10:00,105.1,0.0,0.0,103.80000305175781,1.2999999523162842,0,0,0,0
18-02 11:00,96.3,0.0,0.0,90.0,6.300000190734863,0,0,0,0
18-02 12:00,90.4,0.0,0.0,80.9000015258789,9.5,0,0,0,0
18-02 13:00,77.0,0.0,0.0,69.80000305175781,7.199999809265137,0,0,0,0
18-02 14:00,70.5,0.0,0.0,69.19999694824219,1.2999999523162842,0,0,0,0
18-02 15:00,77.9,0.0,0.0,76.5999984741211,1.2999999523162842,0,0,0,0
18-02 16:00,73.8,0.0,0.0,72.5,1.2999999523162842,0,0,0,0
18-02 17:00,92.6,0.0,0.0,89.9000015258789,2.700000047683716,0,0,0,0
18-02 18:00,97.8,0.0,0.0,95.19999694824219,2.5999999046325684,0,0,0,0
18-02 19:00,91.7,0.0,0.0,90.5,1.2000000476837158,0,0,0,0
18-02 20:00,94.3,0.0,0.0,94.30000305175781,0.0,0,0,0,0
18-02 21:00,97.1,0.0,0.0,97.0999984741211,0.0,0,0,0,0
18-02 22:00,100.2,0.0,0.0,100.19999694824219,0.0,0,0,0,0
18-02 23:00,102.1,0.0,0.0,102.0999984741211,0.0,0,0,0,0
19-02 00:00,103.1,0.0,0.0,103.0999984741211,0.0,0,0,0,0
19-02 01:00,125.7,0.0,0.0,125.69999694824219,0.0,0,0,0,0
19-02 02:00,119.8,0.0,0.0,119.80000305175781,0.0,0,0,0,0
19-02 03:00,125.6,0.0,0.0,125.5999984741211,0.0,0,0,0,0
19-02 04:00,146.4,0.0,0.0,146.39999389648438,0.0,0,0,0,0
19-02 05:00,192.5,0.0,0.0,192.5,0.0,0,0,0,0
19-02 06:00,212.8,0.0,0.0,212.8000030517578,0.0,0,0,0,0
19-02 07:00,249.9,0.0,0.0,249.89999389648438,0.0,0,0,0,0
19-02 08:00,294.9,0.0,0.0,294.8999938964844,0.0,0,0,0,0
19-02 09:00,249.3,0.0,0.0,246.8000030517578,2.5,0,0,0,0
19-02 10:00,230.4,0.0,0.0,218.6999969482422,11.699999809265137,0,0,0,0
19-02 11:00,306.0,0.0,0.0,214.89999389648438,91.0999984741211,0,0,0,0
19-02 12:00,313.8,0.0,0.0,182.8000030517578,131.0,0,0,0,0
19-02 13:00,283.0,0.0,0.0,171.3000030517578,111.69999694824219,0,0,0,0
19-02 14:00,189.4,0.0,0.0,163.6999969482422,25.700000762939453,0,0,0,0
19-02 15:00,151.6,0.0,0.0,130.8000030517578,20.799999237060547,0,0,0,0
19-02 16:00,157.0,0.0,0.0,129.8000030517578,27.200000762939453,0,0,0,0
19-02 17:00,149.8,0.0,0.0,114.4000015258789,35.400001525878906,0,0,0,0
19-02 18:00,145.2,0.0,0.0,116.30000305175781,28.899999618530273,0,0,0,0
19-02 19:00,149.1,0.0,0.0,137.39999389648438,11.699999809265137,0,0,0,0
19-02 20:00,140.7,0.0,0.0,136.89999389648438,3.799999952316284,0,0,0,0
19-02 21:00,155.6,0.0,0.0,155.60000610351562,0.0,0,0,0,0
19-02 22:00,152.4,0.0,0.0,152.39999389648438,0.0,0,0,0,0
19-02 23:00,163.9,0.0,0.0,163.89999389648438,0.0,0,0,0,0
20-02 00:00,164.1,0.0,0.0,164.10000610351562,0.0,0,0,0,0
20-02 01:00,152.2,0.0,0.0,152.1999969482422,0.0,0,0,0,0
20-02 02:00,143.1,0.0,0.0,143.10000610351562,0.0,0,0,0,0
20-02 03:00,161.2,0.0,0.0,161.1999969482422,0.0,0,0,0,0
20-02 04:00,171.2,0.0,0.0,171.1999969482422,0.0,0,0,0,0
20-02 05:00,217.0,0.0,0.0,217.0,0.0,0,0,0,0
20-02 06:00,258.0,0.0,0.0,258.0,0.0,0,0,0,0
20-02 07:00,291.2,0.0,0.0,291.20001220703125,0.0,0,0,0,0
20-02 08:00,320.2,0.0,0.0,320.20001220703125,0.0,0,0,0,0
20-02 09:00,304.2,0.0,0.0,301.3999938964844,2.799999952316284,0,0,0,0
20-02 10:00,280.4,0.0,0.0,267.3999938964844,13.0,0,0,0,0
20-02 11:00,312.3,0.0,0.0,223.0,89.30000305175781,0,0,0,0
20-02 12:00,318.6,0.0,0.0,187.6999969482422,130.89999389648438,0,0,0,0
20-02 13:00,272.8,0.0,0.0,165.5,107.30000305175781,0,0,0,0
20-02 14:00,179.1,0.0,0.0,152.10000610351562,27.0,0,0,0,0
20-02 15:00,149.9,0.0,0.0,126.0999984741211,23.799999237060547,0,0,0,0
20-02 16:00,124.4,0.0,0.0,98.19999694824219,26.200000762939453,0,0,0,0
20-02 17:00,117.0,0.0,0.0,83.0999984741211,33.900001525878906,0,0,0,0
20-02 18:00,119.6,0.0,0.0,89.80000305175781,29.799999237060547,0,0,0,0
20-02 19:00,106.1,0.0,0.0,94.80000305175781,11.300000190734863,0,0,0,0
20-02 20:00,104.0,0.0,0.0,100.0,3.9000000953674316,0,0,0,0
20-02 21:00,101.3,0.0,0.0,101.30000305175781,0.0,0,0,0,0
20-02 22:00,110.4,0.0,0.0,110.4000015258789,0.0,0,0,0,0
20-02 23:00,108.4,0.0,0.0,108.4000015258789,0.0,0,0,0,0
21-02 00:00,100.0,0.0,0.0,100.0,0.0,0,0,0,0
21-02 01:00,116.8,0.0,0.0,116.80000305175781,0.0,0,0,0,0
21-02 02:00,113.5,0.0,0.0,113.5,0.0,0,0,0,0
21-02 03:00,126.8,0.0,0.0,126.80000305175781,0.0,0,0,0,0
21-02 04:00,143.6,0.0,0.0,143.60000610351562,0.0,0,0,0,0
21-02 05:00,180.6,0.0,0.0,180.60000610351562,0.0,0,0,0,0
21-02 06:00,211.5,0.0,0.0,211.5,0.0,0,0,0,0
21-02 07:00,238.2,0.0,0.0,238.1999969482422,0.0,0,0,0,0
21-02 08:00,267.8,0.0,0.0,267.79998779296875,0.0,0,0,0,0
21-02 09:00,229.5,0.0,0.0,226.89999389648438,2.5999999046325684,0,0,0,0
21-02 10:00,178.4,0.0,0.0,167.8000030517578,10.600000381469727,0,0,0,0
21-02 11:00,241.8,0.0,0.0,156.0,85.80000305175781,0,0,0,0
21-02 12:00,262.0,0.0,0.0,131.3000030517578,130.6999969482422,0,0,0,0
21-02 13:00,242.6,0.0,0.0,123.5999984741211,119.0,0,0,0,0
21-02 14:00,126.4,0.0,0.0,99.69999694824219,26.700000762939453,0,0,0,0
21-02 15:00,114.2,0.0,0.0,88.30000305175781,25.899999618530273,0,0,0,0
21-02 16:00,91.6,0.0,0.0,64.9000015258789,26.700000762939453,0,0,0,0
21-02 17:00,97.4,0.0,0.0,62.099998474121094,35.29999923706055,0,0,0,0
21-02 18:00,100.9,0.0,0.0,72.0,28.899999618530273,0,0,0,0
21-02 19:00,92.9,0.0,0.0,81.4000015258789,11.5,0,0,0,0
21-02 20:00,87.2,0.0,0.0,83.5,3.700000047683716,0,0,0,0
21-02 21:00,110.1,0.0,0.0,110.0999984741211,0.0,0,0,0,0
21-02 22:00,110.8,0.0,0.0,110.80000305175781,0.0,0,0,0,0
21-02 23:00,115.6,0.0,0.0,115.5999984741211,0.0,0,0,0,0
22-02 00:00,134.3,0.0,0.0,134.3000030517578,0.0,0,0,0,0
22-02 01:00,135.7,0.0,0.0,135.6999969482422,0.0,0,0,0,0
22-02 02:00,147.5,0.0,0.0,147.5,0.0,0,0,0,0
22-02 03:00,155.0,0.0,0.0,155.0,0.0,0,0,0,0
22-02 04:00,185.9,0.0,0.0,185.89999389648438,0.0,0,0,0,0
22-02 05:00,229.2,0.0,0.0,229.1999969482422,0.0,0,0,0,0
22-02 06:00,245.8,0.0,0.0,245.8000030517578,0.0,0,0,0,0
22-02 07:00,289.8,0.0,0.0,289.79998779296875,0.0,0,0,0,0
22-02 08:00,275.3,0.0,0.0,275.29998779296875,0.0,0,0,0,0
22-02 09:00,265.3,0.0,0.0,262.79998779296875,2.5,0,0,0,0
22-02 10:00,243.7,0.0,0.0,231.8000030517578,11.899999618530273,0,0,0,0
22-02 11:00,269.0,0.0,0.0,189.1999969482422,79.80000305175781,0,0,0,0
22-02 12:00,311.9,0.0,0.0,178.6999969482422,133.1999969482422,0,0,0,0
22-02 13:00,261.6,0.0,0.0,155.60000610351562,106.0,0,0,0,0
22-02 14:00,159.1,0.0,0.0,133.0,26.100000381469727,0,0,0,0
22-02 15:00,136.2,0.0,0.0,113.4000015258789,22.799999237060547,0,0,0,0
22-02 16:00,113.2,0.0,0.0,88.0,25.299999237060547,0,0,0,0
22-02 17:00,121.8,0.0,0.0,86.5,35.29999923706055,0,0,0,0
22-02 18:00,122.4,0.0,0.0,92.4000015258789,30.0,0,0,0,0
22-02 19:00,126.2,0.0,0.0,113.9000015258789,12.300000190734863,0,0,0,0
22-02 20:00,114.0,0.0,0.0,110.19999694824219,3.799999952316284,0,0,0,0
22-02 21:00,128.5,0.0,0.0,128.5,0.0,0,0,0,0
22-02 22:00,133.6,0.0,0.0,133.60000610351562,0.0,0,0,0,0
22-02 23:00,143.3,0.0,0.0,143.3000030517578,0.0,0,0,0,0
23-02 00:00,119.9,0.0,0.0,119.9000015258789,0.0,0,0,0,0
23-02 01:00,121.1,0.0,0.0,121.0999984741211,0.0,0,0,0,0
23-02 02:00,121.3,0.0,0.0,121.30000305175781,0.0,0,0,0,0
23-02 03:00,121.6,0.0,0.0,121.5999984741211,0.0,0,0,0,0
23-02 04:00,131.6,0.0,0.0,131.60000610351562,0.0,0,0,0,0
23-02 05:00,175.0,0.0,0.0,175.0,0.0,0,0,0,0
23-02 06:00,185.4,0.0,0.0,185.39999389648438,0.0,0,0,0,0
23-02 07:00,197.7,0.0,0.0,197.6999969482422,0.0,0,0,0,0
23-02 08:00,203.1,0.0,0.0,203.0,0.0,0,0,0,0
23-02 09:00,190.9,0.0,0.0,188.3000030517578,2.5999999046325684,0,0,0,0
23-02 10:00,160.3,0.0,0.0,148.8000030517578,11.5,0,0,0,0
23-02 11:00,206.2,0.0,0.0,124.0,82.19999694824219,0,0,0,0
23-02 12:00,225.3,0.0,0.0,96.19999694824219,129.10000610351562,0,0,0,0
23-02 13:00,181.9,0.0,0.0,79.19999694824219,102.69999694824219,0,0,0,0
23-02 14:00,99.1,0.0,0.0,74.0999984741211,25.0,0,0,0,0
23-02 15:00,86.3,0.0,0.0,63.79999923706055,22.5,0,0,0,0
23-02 16:00,73.0,0.0,0.0,47.70000076293945,25.299999237060547,0,0,0,0
23-02 17:00,78.4,0.0,0.0,43.5,34.900001525878906,0,0,0,0
23-02 18:00,68.6,0.0,0.0,38.0,30.600000381469727,0,0,0,0
23-02 19:00,67.6,0.0,0.0,55.400001525878906,12.199999809265137,0,0,0,0
23-02 20:00,56.8,0.0,0.0,52.70000076293945,4.099999904632568,0,0,0,0
23-02 21:00,77.7,0.0,0.0,77.5999984741211,0.0,0,0,0,0
23-02 22:00,75.4,0.0,0.0,75.4000015258789,0.0,0,0,0,0
23-02 23:00,74.9,0.0,0.0,74.9000015258789,0.0,0,0,0,0
24-02 00:00,56.7,0.0,0.0,56.70000076293945,0.0,0,0,0,0
24-02 01:00,66.9,0.0,0.0,66.9000015258789,0.0,0,0,0,0
24-02 02:00,74.6,0.0,0.0,74.5999984741211,0.0,0,0,0,0
24-02 03:00,80.6,0.0,0.0,80.5999984741211,0.0,0,0,0,0
24-02 04:00,83.3,0.0,0.0,83.30000305175781,0.0,0,0,0,0
24-02 05:00,89.8,0.0,0.0,89.80000305175781,0.0,0,0,0,0
24-02 06:00,84.3,0.0,0.0,84.30000305175781,0.0,0,0,0,0
24-02 07:00,92.6,0.0,0.0,92.5999984741211,0.0,0,0,0,0
24-02 08:00,88.3,0.0,0.0,88.30000305175781,0.0,0,0,0,0
24-02 09:00,61.1,0.0,0.0,61.099998474121094,0.0,0,0,0,0
24-02 10:00,43.4,0.0,0.0,42.099998474121094,1.2999999523162842,0,0,0,0
24-02 11:00,34.0,0.0,0.0,23.700000762939453,10.300000190734863,0,0,0,0
24-02 12:00,41.9,0.0,0.0,25.299999237060547,16.600000381469727,0,0,0,0
24-02 13:00,37.4,0.0,0.0,23.899999618530273,13.5,0,0,0,0
24-02 14:00,23.9,0.0,0.0,21.399999618530273,2.5,0,0,0,0
24-02 15:00,23.7,0.0,0.0,21.100000381469727,2.5999999046325684,0,0,0,0
24-02 16:00,21.7,0.0,0.0,18.899999618530273,2.799999952316284,0,0,0,0
24-02 17:00,19.8,0.0,0.0,16.0,3.799999952316284,0,0,0,0
24-02 18:00,23.9,0.0,0.0,20.299999237060547,3.5999999046325684,0,0,0,0
24-02 19:00,36.7,0.0,0.0,35.599998474121094,1.2000000476837158,0,0,0,0
24-02 20:00,54.8,0.0,0.0,54.79999923706055,0.0,0,0,0,0
24-02 21:00,60.9,0.0,0.0,60.900001525878906,0.0,0,0,0,0
24-02 22:00,62.2,0.0,0.0,62.20000076293945,0.0,0,0,0,0
24-02 23:00,66.2,0.0,0.0,66.19999694824219,0.0,0,0,0,0
25-02 00:00,79.7,0.0,0.0,79.69999694824219,0.0,0,0,0,0
25-02 01:00,91.0,0.0,0.0,91.0,0.0,0,0,0,0
25-02 02:00,89.2,0.0,0.0,89.19999694824219,0.0,0,0,0,0
25-02 03:00,104.0,0.0,0.0,104.0,0.0,0,0,0,0
25-02 04:00,99.1,0.0,0.0,99.0999984741211,0.0,0,0,0,0
25-02 05:00,107.5,0.0,0.0,107.5,0.0,0,0,0,0
25-02 06:00,105.9,0.0,0.0,105.9000015258789,0.0,0,0,0,0
25-02 07:00,100.3,0.0,0.0,100.4000015258789,0.0,0,0,0,0
25-02 08:00,95.8,0.0,0.0,95.80000305175781,0.0,0,0,0,0
25-02 09:00,62.8,0.0,0.0,62.79999923706055,0.0,0,0,0,0
25-02 10:00,46.2,0.0,0.0,44.900001525878906,1.2999999523162842,0,0,0,0
25-02 11:00,27.9,0.0,0.0,21.600000381469727,6.300000190734863,0,0,0,0
25-02 12:00,32.2,0.0,0.0,22.899999618530273,9.300000190734863,0,0,0,0
25-02 13:00,28.6,0.0,0.0,20.899999618530273,7.699999809265137,0,0,0,0
25-02 14:00,24.2,0.0,0.0,22.799999237060547,1.399999976158142,0,0,0,0
25-02 15:00,22.0,0.0,0.0,20.700000762939453,1.2999999523162842,0,0,0,0
25-02 16:00,20.7,0.0,0.0,19.399999618530273,1.2999999523162842,0,0,0,0
25-02 17:00,21.7,0.0,0.0,19.100000381469727,2.5999999046325684,0,0,0,0
25-02 18:00,35.6,0.0,0.0,33.099998474121094,2.5,0,0,0,0
25-02 19:00,51.6,0.0,0.0,50.29999923706055,1.2999999523162842,0,0,0,0
25-02 20:00,50.8,0.0,0.0,50.79999923706055,0.0,0,0,0,0
25-02 21:00,62.6,0.0,0.0,62.599998474121094,0.0,0,0,0,0
25-02 22:00,76.1,0.0,0.0,76.0999984741211,0.0,0,0,0,0
25-02 23:00,87.1,0.0,0.0,87.0999984741211,0.0,0,0,0,0
26-02 00:00,95.0,0.0,0.0,95.0,0.0,0,0,0,0
26-02 01:00,96.0,0.0,0.0,96.0,0.0,0,0,0,0
26-02 02:00,105.7,0.0,0.0,105.69999694824219,0.0,0,0,0,0
26-02 03:00,93.2,0.0,0.0,93.19999694824219,0.0,0,0,0,0
26-02 04:00,105.9,0.0,0.0,105.9000015258789,0.0,0,0,0,0
26-02 05:00,150.5,0.0,0.0,150.5,0.0,0,0,0,0
26-02 06:00,164.7,0.0,0.0,164.6999969482422,0.0,0,0,0,0
26-02 07:00,192.5,0.0,0.0,192.5,0.0,0,0,0,0
26-02 08:00,221.5,0.0,0.0,221.5,0.0,0,0,0,0
26-02 09:00,209.8,0.0,0.0,207.1999969482422,2.5999999046325684,0,0,0,0
26-02 10:00,195.9,0.0,0.0,184.1999969482422,11.699999809265137,0,0,0,0
26-02 11:00,240.7,0.0,0.0,162.10000610351562,78.5999984741211,0,0,0,0
26-02 12:00,281.3,0.0,0.0,157.8000030517578,123.5,0,0,0,0
26-02 13:00,253.9,0.0,0.0,151.60000610351562,102.30000305175781,0,0,0,0
26-02 14:00,177.3,0.0,0.0,151.3000030517578,26.0,0,0,0,0
26-02 15:00,163.2,0.0,0.0,139.60000610351562,23.600000381469727,0,0,0,0
26-02 16:00,154.3,0.0,0.0,126.19999694824219,28.100000381469727,0,0,0,0
26-02 17:00,140.9,0.0,0.0,104.4000015258789,36.5,0,0,0,0
26-02 18:00,140.9,0.0,0.0,110.4000015258789,30.5,0,0,0,0
26-02 19:00,119.9,0.0,0.0,108.19999694824219,11.699999809265137,0,0,0,0
26-02 20:00,96.8,0.0,0.0,93.0999984741211,3.700000047683716,0,0,0,0
26-02 21:00,86.3,0.0,0.0,86.30000305175781,0.0,0,0,0,0
26-02 22:00,100.8,0.0,0.0,100.80000305175781,0.0,0,0,0,0
26-02 23:00,108.8,0.0,0.0,108.80000305175781,0.0,0,0,0,0
27-02 00:00,123.0,0.0,0.0,123.0,0.0,0,0,0,0
27-02 01:00,118.3,0.0,0.0,118.30000305175781,0.0,0,0,0,0
27-02 02:00,118.1,0.0,0.0,118.0999984741211,0.0,0,0,0,0
27-02 03:00,130.6,0.0,0.0,130.60000610351562,0.0,0,0,0,0
27-02 04:00,153.5,0.0,0.0,153.5,0.0,0,0,0,0
27-02 05:00,204.4,0.0,0.0,204.39999389648438,0.0,0,0,0,0
27-02 06:00,246.5,0.0,0.0,246.5,0.0,0,0,0,0
27-02 07:00,269.6,0.0,0.0,269.6000061035156,0.0,0,0,0,0
27-02 08:00,312.8,0.0,0.0,312.79998779296875,0.0,0,0,0,0
27-02 09:00,264.1,0.0,0.0,261.6000061035156,2.5,0,0,0,0
27-02 10:00,256.2,0.0,0.0,244.39999389648438,11.800000190734863,0,0,0,0
27-02 11:00,313.3,0.0,0.0,228.89999389648438,84.4000015258789,0,0,0,0
27-02 12:00,346.6,0.0,0.0,214.1999969482422,132.39999389648438,0,0,0,0
27-02 13:00,314.8,0.0,0.0,205.10000610351562,109.69999694824219,0,0,0,0
27-02 14:00,209.9,0.0,0.0,184.6999969482422,25.200000762939453,0,0,0,0
27-02 15:00,202.3,0.0,0.0,178.1999969482422,24.100000381469727,0,0,0,0
27-02 16:00,186.0,0.0,0.0,157.6999969482422,28.299999237060547,0,0,0,0
27-02 17:00,161.0,0.0,0.0,127.0,34.0,0,0,0,0
27-02 18:00,161.0,0.0,0.0,132.0,29.0,0,0,0,0
27-02 19:00,146.3,0.0,0.0,134.6999969482422,11.600000381469727,0,0,0,0
27-02 20:00,158.1,0.0,0.0,154.1999969482422,3.9000000953674316,0,0,0,0
27-02 21:00,154.2,0.0,0.0,154.1999969482422,0.0,0,0,0,0
27-02 22:00,153.6,0.0,0.0,153.60000610351562,0.0,0,0,0,0
27-02 23:00,157.8,0.0,0.0,157.8000030517578,0.0,0,0,0,0
28-02 00:00,169.4,0.0,0.0,169.39999389648438,0.0,0,0,0,0
28-02 01:00,167.7,0.0,0.0,167.6999969482422,0.0,0,0,0,0
28-02 02:00,177.5,0.0,0.0,177.5,0.0,0,0,0,0
28-02 03:00,180.4,0.0,0.0,180.39999389648438,0.0,0,0,0,0
28-02 04:00,228.7,0.0,0.0,228.6999969482422,0.0,0,0,0,0
28-02 05:00,293.9,0.0,0.0,293.8999938964844,0.0,0,0,0,0
28-02 06:00,332.6,0.0,0.0,332.6000061035156,0.0,0,0,0,0
28-02 07:00,372.6,0.0,0.0,372.6000061035156,0.0,0,0,0,0
28-02 08:00,389.9,0.0,0.0,389.8999938964844,0.0,0,0,0,0
28-02 09:00,369.5,0.0,0.0,366.8999938964844,2.5999999046325684,0,0,0,0
28-02 10:00,328.1,0.0,0.0,316.8999938964844,11.199999809265137,0,0,0,0
28-02 11:00,405.0,0.0,0.0,319.0,86.0,0,0,0,0
28-02 12:00,440.8,0.0,0.0,307.20001220703125,133.60000610351562,0,0,0,0
28-02 13:00,390.0,0.0,0.0,283.70001220703125,106.30000305175781,0,0,0,0
28-02 14:00,284.3,0.0,0.0,258.8999938964844,25.399999618530273,0,0,0,0
28-02 15:00,269.6,0.0,0.0,245.8000030517578,23.799999237060547,0,0,0,0
28-02 16:00,252.1,0.0,0.0,223.60000610351562,28.5,0,0,0,0
28-02 17:00,209.4,0.0,0.0,173.0,36.400001525878906,0,0,0,0
28-02 18:00,187.5,0.0,0.0,157.39999389648438,30.100000381469727,0,0,0,0
28-02 19:00,170.0,0.0,0.0,158.3000030517578,11.699999809265137,0,0,0,0
28-02 20:00,157.9,0.0,0.0,154.10000610351562,3.799999952316284,0,0,0,0
28-02 21:00,168.6,0.0,0.0,168.60000610351562,0.0,0,0,0,0
28-02 22:00,171.8,0.0,0.0,171.8000030517578,0.0,0,0,0,0
28-02 23:00,160.2,0.0,0.0,160.1999969482422,0.0,0,0,0,0
01-03 00:00,179.9,0.0,0.0,179.89999389648438,0.0,0,0,0,0
01-03 01:00,169.6,0.0,0.0,169.60000610351562,0.0,0,0,0,0
01-03 02:00,173.9,0.0,0.0,174.0,0.0,0,0,0,0
01-03 03:00,174.6,0.0,0.0,174.60000610351562,0.0,0,0,0,0
01-03 04:00,199.8,0.0,0.0,199.8000030517578,0.0,0,0,0,0
01-03 05:00,259.2,0.0,0.0,259.20001220703125,0.0,0,0,0,0
01-03 06:00,294.7,0.0,0.0,294.70001220703125,0.0,0,0,0,0
01-03 07:00,336.1,0.0,0.0,336.1000061035156,0.0,0,0,0,0
01-03 08:00,363.7,0.0,0.0,363.70001220703125,0.0,0,0,0,0
01-03 09:00,332.1,0.0,0.0,329.3999938964844,2.5999999046325684,0,0,0,0
01-03 10:00,305.6,0.0,0.0,293.8999938964844,11.699999809265137,0,0,0,0
01-03 11:00,347.8,0.0,0.0,265.29998779296875,82.5,0,0,0,0
01-03 12:00,364.3,0.0,0.0,242.60000610351562,121.69999694824219,0,0,0,0
01-03 13:00,372.7,0.0,0.0,260.1000061035156,112.5999984741211,0,0,0,0
01-03 14:00,245.5,0.0,0.0,220.39999389648438,25.100000381469727,0,0,0,0
01-03 15:00,228.9,0.0,0.0,204.89999389648438,24.0,0,0,0,0
01-03 16:00,183.8,0.0,0.0,157.89999389648438,25.899999618530273,0,0,0,0
01-03 17:00,170.9,0.0,0.0,135.1999969482422,35.70000076293945,0,0,0,0
01-03 18:00,146.7,0.0,0.0,117.5,29.200000762939453,0,0,0,0
01-03 19:00,146.5,0.0,0.0,134.3000030517578,12.199999809265137,0,0,0,0
01-03 20:00,128.0,0.0,0.0,124.0,3.9000000953674316,0,0,0,0
01-03 21:00,121.6,0.0,0.0,121.5999984741211,0.0,0,0,0,0
01-03 22:00,140.2,0.0,0.0,140.1999969482422,0.0,0,0,0,0
01-03 23:00,148.3,0.0,0.0,148.3000030517578,0.0,0,0,0,0
02-03 00:00,141.8,0.0,0.0,141.8000030517578,0.0,0,0,0,0
02-03 01:00,133.8,0.0,0.0,133.8000030517578,0.0,0,0,0,0
02-03 02:00,142.8,0.0,0.0,142.8000030517578,0.0,0,0,0,0
02-03 03:00,150.6,0.0,0.0,150.60000610351562,0.0,0,0,0,0
02-03 04:00,162.4,0.0,0.0,162.39999389648438,0.0,0,0,0,0
02-03 05:00,214.4,0.0,0.0,214.39999389648438,0.0,0,0,0,0
02-03 06:00,242.1,0.0,0.0,242.10000610351562,0.0,0,0,0,0
02-03 07:00,259.1,0.0,0.0,259.1000061035156,0.0,0,0,0,0
02-03 08:00,278.8,0.0,0.0,278.79998779296875,0.0,0,0,0,0
02-03 09:00,292.2,0.0,0.0,289.6000061035156,2.700000047683716,0,0,0,0
02-03 10:00,250.9,0.0,0.0,239.10000610351562,11.800000190734863,0,0,0,0
02-03 11:00,304.4,0.0,0.0,221.1999969482422,83.19999694824219,0,0,0,0
02-03 12:00,348.6,0.0,0.0,216.6999969482422,131.89999389648438,0,0,0,0
02-03 13:00,321.7,0.0,0.0,213.5,108.19999694824219,0,0,0,0
02-03 14:00,232.0,0.0,0.0,206.39999389648438,25.600000381469727,0,0,0,0
02-03 15:00,212.3,0.0,0.0,188.3000030517578,24.0,0,0,0,0
02-03 16:00,166.7,0.0,0.0,141.60000610351562,25.100000381469727,0,0,0,0
02-03 17:00,165.2,0.0,0.0,130.60000610351562,34.599998474121094,0,0,0,0
02-03 18:00,163.2,0.0,0.0,134.10000610351562,29.200000762939453,0,0,0,0
02-03 19:00,156.4,0.0,0.0,144.8000030517578,11.600000381469727,0,0,0,0
02-03 20:00,142.8,0.0,0.0,139.0,3.799999952316284,0,0,0,0
02-03 21:00,133.4,0.0,0.0,133.39999389648438,0.0,0,0,0,0
02-03 22:00,139.0,0.0,0.0,139.0,0.0,0,0,0,0
02-03 23:00,138.2,0.0,0.0,138.1999969482422,0.0,0,0,0,0
03-03 00:00,137.4,0.0,0.0,137.39999389648438,0.0,0,0,0,0
03-03 01:00,140.3,0.0,0.0,140.3000030517578,0.0,0,0,0,0
03-03 02:00,152.6,0.0,0.0,152.60000610351562,0.0,0,0,0,0
03-03 03:00,151.4,0.0,0.0,151.39999389648438,0.0,0,0,0,0
03-03 04:00,147.2,0.0,0.0,147.1999969482422,0.0,0,0,0,0
03-03 05:00,169.4,0.0,0.0,169.39999389648438,0.0,0,0,0,0
03-03 06:00,172.6,0.0,0.0,172.60000610351562,0.0,0,0,0,0
03-03 07:00,173.4,0.0,0.0,173.39999389648438,0.0,0,0,0,0
03-03 08:00,180.6,0.0,0.0,180.60000610351562,0.0,0,0,0,0
03-03 09:00,154.0,0.0,0.0,154.0,0.0,0,0,0,0
03-03 10:00,141.3,0.0,0.0,140.10000610351562,1.2000000476837158,0,0,0,0
03-03 11:00,142.9,0.0,0.0,132.6999969482422,10.199999809265137,0,0,0,0
03-03 12:00,129.5,0.0,0.0,114.5,15.0,0,0,0,0
03-03 13:00,128.3,0.0,0.0,116.19999694824219,12.100000381469727,0,0,0,0
03-03 14:00,113.5,0.0,0.0,111.0,2.5,0,0,0,0
03-03 15:00,112.4,0.0,0.0,109.80000305175781,2.5999999046325684,0,0,0,0
03-03 16:00,109.7,0.0,0.0,107.19999694824219,2.5,0,0,0,0
03-03 17:00,118.9,0.0,0.0,115.0,3.9000000953674316,0,0,0,0
03-03 18:00,117.3,0.0,0.0,113.19999694824219,4.099999904632568,0,0,0,0
03-03 19:00,130.1,0.0,0.0,128.8000030517578,1.2999999523162842,0,0,0,0
03-03 20:00,126.2,0.0,0.0,126.19999694824219,0.0,0,0,0,0
03-03 21:00,136.3,0.0,0.0,136.3000030517578,0.0,0,0,0,0
03-03 22:00,127.5,0.0,0.0,127.5,0.0,0,0,0,0
03-03 23:00,133.8,0.0,0.0,133.8000030517578,0.0,0,0,0,0
04-03 00:00,138.6,0.0,0.0,138.60000610351562,0.0,0,0,0,0
04-03 01:00,138.6,0.0,0.0,138.60000610351562,0.0,0,0,0,0
04-03 02:00,140.8,0.0,0.0,140.8000030517578,0.0,0,0,0,0
04-03 03:00,140.8,0.0,0.0,140.8000030517578,0.0,0,0,0,0
04-03 04:00,153.6,0.0,0.0,153.60000610351562,0.0,0,0,0,0
04-03 05:00,157.3,0.0,0.0,157.3000030517578,0.0,0,0,0,0
04-03 06:00,165.4,0.0,0.0,165.39999389648438,0.0,0,0,0,0
04-03 07:00,165.7,0.0,0.0,165.6999969482422,0.0,0,0,0,0
04-03 08:00,155.9,0.0,0.0,155.89999389648438,0.0,0,0,0,0
04-03 09:00,136.4,0.0,0.0,136.39999389648438,0.0,0,0,0,0
04-03 10:00,128.8,0.0,0.0,127.5,1.2999999523162842,0,0,0,0
04-03 11:00,127.2,0.0,0.0,120.9000015258789,6.400000095367432,0,0,0,0
04-03 12:00,128.4,0.0,0.0,119.5999984741211,8.800000190734863,0,0,0,0
04-03 13:00,128.5,0.0,0.0,121.19999694824219,7.300000190734863,0,0,0,0
04-03 14:00,127.0,0.0,0.0,125.5999984741211,1.399999976158142,0,0,0,0
04-03 15:00,141.0,0.0,0.0,139.6999969482422,1.2999999523162842,0,0,0,0
04-03 16:00,126.4,0.0,0.0,125.0999984741211,1.2999999523162842,0,0,0,0
04-03 17:00,142.5,0.0,0.0,139.8000030517578,2.700000047683716,0,0,0,0
04-03 18:00,134.5,0.0,0.0,132.0,2.5999999046325684,0,0,0,0
04-03 19:00,132.0,0.0,0.0,130.6999969482422,1.2999999523162842,0,0,0,0
04-03 20:00,147.0,0.0,0.0,147.0,0.0,0,0,0,0
04-03 21:00,136.9,0.0,0.0,136.89999389648438,0.0,0,0,0,0
04-03 22:00,132.0,0.0,0.0,132.0,0.0,0,0,0,0
04-03 23:00,137.2,0.0,0.0,137.1999969482422,0.0,0,0,0,0
05-03 00:00,139.4,0.0,0.0,139.39999389648438,0.0,0,0,0,0
05-03 01:00,128.4,0.0,0.0,128.39999389648438,0.0,0,0,0,0
05-03 02:00,143.3,0.0,0.0,143.3000030517578,0.0,0,0,0,0
05-03 03:00,159.9,0.0,0.0,159.89999389648438,0.0,0,0,0,0
05-03 04:00,172.1,0.0,0.0,172.10000610351562,0.0,0,0,0,0
05-03 05:00,246.2,0.0,0.0,246.1999969482422,0.0,0,0,0,0
05-03 06:00,241.7,0.0,0.0,241.6999969482422,0.0,0,0,0,0
05-03 07:00,319.8,0.0,0.0,319.79998779296875,0.0,0,0,0,0
05-03 08:00,332.2,0.0,0.0,332.20001220703125,0.0,0,0,0,0
05-03 09:00,318.8,0.0,0.0,316.29998779296875,2.5,0,0,0,0
05-03 10:00,321.1,0.0,0.0,308.29998779296875,12.800000190734863,0,0,0,0
05-03 11:00,363.2,0.0,0.0,276.1000061035156,87.0999984741211,0,0,0,0
05-03 12:00,359.1,0.0,0.0,235.39999389648438,123.69999694824219,0,0,0,0
05-03 13:00,338.6,0.0,0.0,232.89999389648438,105.5999984741211,0,0,0,0
05-03 14:00,240.8,0.0,0.0,215.0,25.799999237060547,0,0,0,0
05-03 15:00,229.5,0.0,0.0,205.0,24.399999618530273,0,0,0,0
05-03 16:00,191.1,0.0,0.0,166.10000610351562,25.0,0,0,0,0
05-03 17:00,210.2,0.0,0.0,171.60000610351562,38.599998474121094,0,0,0,0
05-03 18:00,173.8,0.0,0.0,142.39999389648438,31.399999618530273,0,0,0,0
05-03 19:00,164.7,0.0,0.0,152.3000030517578,12.399999618530273,0,0,0,0
05-03 20:00,149.3,0.0,0.0,145.39999389648438,3.9000000953674316,0,0,0,0
05-03 21:00,150.4,0.0,0.0,150.39999389648438,0.0,0,0,0,0
05-03 22:00,163.0,0.0,0.0,163.0,0.0,0,0,0,0
05-03 23:00,154.9,0.0,0.0,154.89999389648438,0.0,0,0,0,0
06-03 00:00,161.6,0.0,0.0,161.60000610351562,0.0,0,0,0,0
06-03 01:00,158.2,0.0,0.0,158.1999969482422,0.0,0,0,0,0
06-03 02:00,165.7,0.0,0.0,165.6999969482422,0.0,0,0,0,0
06-03 03:00,185.4,0.0,0.0,185.39999389648438,0.0,0,0,0,0
06-03 04:00,225.3,0.0,0.0,225.3000030517578,0.0,0,0,0,0
06-03 05:00,256.3,0.0,0.0,256.29998779296875,0.0,0,0,0,0
06-03 06:00,274.3,0.0,0.0,274.29998779296875,0.0,0,0,0,0
06-03 07:00,306.7,0.0,0.0,306.70001220703125,0.0,0,0,0,0
06-03 08:00,354.8,0.0,0.0,354.79998779296875,0.0,0,0,0,0
06-03 09:00,311.7,0.0,0.0,309.20001220703125,2.5999999046325684,0,0,0,0
06-03 10:00,276.2,0.0,0.0,264.79998779296875,11.399999618530273,0,0,0,0
06-03 11:00,314.6,0.0,0.0,235.1999969482422,79.4000015258789,0,0,0,0
06-03 12:00,404.1,0.0,0.0,261.29998779296875,142.8000030517578,0,0,0,0
06-03 13:00,330.3,0.0,0.0,221.60000610351562,108.69999694824219,0,0,0,0
06-03 14:00,223.1,0.0,0.0,197.39999389648438,25.700000762939453,0,0,0,0
06-03 15:00,193.0,0.0,0.0,170.8000030517578,22.200000762939453,0,0,0,0
06-03 16:00,181.8,0.0,0.0,155.8000030517578,26.0,0,0,0,0
06-03 17:00,169.6,0.0,0.0,133.8000030517578,35.79999923706055,0,0,0,0
06-03 18:00,142.9,0.0,0.0,115.69999694824219,27.200000762939453,0,0,0,0
06-03 19:00,151.1,0.0,0.0,139.10000610351562,12.0,0,0,0,0
06-03 20:00,145.0,0.0,0.0,141.0,4.0,0,0,0,0
06-03 21:00,141.0,0.0,0.0,141.0,0.0,0,0,0,0
06-03 22:00,143.4,0.0,0.0,143.39999389648438,0.0,0,0,0,0
06-03 23:00,148.4,0.0,0.0,148.39999389648438,0.0,0,0,0,0
07-03 00:00,128.7,0.0,0.0,128.6999969482422,0.0,0,0,0,0
07-03 01:00,126.1,0.0,0.0,126.0999984741211,0.0,0,0,0,0
07-03 02:00,116.4,0.0,0.0,116.4000015258789,0.0,0,0,0,0
07-03 03:00,135.9,0.0,0.0,135.89999389648438,0.0,0,0,0,0
07-03 04:00,167.3,0.0,0.0,167.3000030517578,0.0,0,0,0,0
07-03 05:00,196.7,0.0,0.0,196.6999969482422,0.0,0,0,0,0
07-03 06:00,218.8,0.0,0.0,218.8000030517578,0.0,0,0,0,0
07-03 07:00,250.2,0.0,0.0,250.1999969482422,0.0,0,0,0,0
07-03 08:00,264.9,0.0,0.0,264.8999938964844,0.0,0,0,0,0
07-03 09:00,242.0,0.0,0.0,239.39999389648438,2.5999999046325684,0,0,0,0
07-03 10:00,224.0,0.0,0.0,211.39999389648438,12.600000381469727,0,0,0,0
07-03 11:00,256.3,0.0,0.0,173.60000610351562,82.69999694824219,0,0,0,0
07-03 12:00,279.0,0.0,0.0,150.5,128.5,0,0,0,0
07-03 13:00,244.5,0.0,0.0,140.1999969482422,104.30000305175781,0,0,0,0
07-03 14:00,165.9,0.0,0.0,137.89999389648438,28.0,0,0,0,0
07-03 15:00,131.4,0.0,0.0,109.0,22.399999618530273,0,0,0,0
07-03 16:00,119.4,0.0,0.0,94.5,24.899999618530273,0,0,0,0
07-03 17:00,121.2,0.0,0.0,86.9000015258789,34.29999923706055,0,0,0,0
07-03 18:00,116.4,0.0,0.0,87.0,29.600000381469727,0,0,0,0
07-03 19:00,99.5,0.0,0.0,87.80000305175781,11.699999809265137,0,0,0,0
07-03 20:00,90.6,0.0,0.0,86.9000015258789,3.700000047683716,0,0,0,0
07-03 21:00,91.4,0.0,0.0,91.4000015258789,0.0,0,0,0,0
07-03 22:00,92.3,0.0,0.0,92.30000305175781,0.0,0,0,0,0
07-03 23:00,90.2,0.0,0.0,90.19999694824219,0.0,0,0,0,0
08-03 00:00,82.4,0.0,0.0,82.4000015258789,0.0,0,0,0,0
08-03 01:00,89.6,0.0,0.0,89.5999984741211,0.0,0,0,0,0
08-03 02:00,91.5,0.0,0.0,91.5,0.0,0,0,0,0
08-03 03:00,92.0,0.0,0.0,92.0,0.0,0,0,0,0
08-03 04:00,104.5,0.0,0.0,104.5,0.0,0,0,0,0
08-03 05:00,141.3,0.0,0.0,141.3000030517578,0.0,0,0,0,0
08-03 06:00,163.5,0.0,0.0,163.5,0.0,0,0,0,0
08-03 07:00,182.8,0.0,0.0,182.8000030517578,0.0,0,0,0,0
08-03 08:00,163.5,0.0,0.0,163.5,0.0,0,0,0,0
08-03 09:00,144.0,0.0,0.0,141.5,2.5,0,0,0,0
08-03 10:00,138.1,0.0,0.0,127.0,11.100000381469727,0,0,0,0
08-03 11:00,187.0,0.0,0.0,102.80000305175781,84.19999694824219,0,0,0,0
08-03 12:00,206.6,0.0,0.0,79.5999984741211,127.0,0,0,0,0
08-03 13:00,168.7,0.0,0.0,65.5999984741211,103.0999984741211,0,0,0,0
08-03 14:00,90.9,0.0,0.0,64.5,26.399999618530273,0,0,0,0
08-03 15:00,77.1,0.0,0.0,54.0,23.100000381469727,0,0,0,0
08-03 16:00,69.6,0.0,0.0,42.400001525878906,27.200000762939453,0,0,0,0
08-03 17:00,71.1,0.0,0.0,36.79999923706055,34.29999923706055,0,0,0,0
08-03 18:00,72.1,0.0,0.0,41.400001525878906,30.700000762939453,0,0,0,0
08-03 19:00,53.4,0.0,0.0,43.0,10.399999618530273,0,0,0,0
08-03 20:00,48.0,0.0,0.0,44.29999923706055,3.700000047683716,0,0,0,0
08-03 21:00,53.1,0.0,0.0,53.099998474121094,0.0,0,0,0,0
08-03 22:00,60.4,0.0,0.0,60.400001525878906,0.0,0,0,0,0
08-03 23:00,60.7,0.0,0.0,60.70000076293945,0.0,0,0,0,0
09-03 00:00,70.1,0.0,0.0,70.0999984741211,0.0,0,0,0,0
09-03 01:00,80.4,0.0,0.0,80.4000015258789,0.0,0,0,0,0
09-03 02:00,79.4,0.0,0.0,79.4000015258789,0.0,0,0,0,0
09-03 03:00,95.4,0.0,0.0,95.4000015258789,0.0,0,0,0,0
09-03 04:00,101.3,0.0,0.0,101.30000305175781,0.0,0,0,0,0
09-03 05:00,151.7,0.0,0.0,151.6999969482422,0.0,0,0,0,0
09-03 06:00,153.1,0.0,0.0,153.10000610351562,0.0,0,0,0,0
09-03 07:00,186.7,0.0,0.0,186.6999969482422,0.0,0,0,0,0
09-03 08:00,195.7,0.0,0.0,195.6999969482422,0.0,0,0,0,0
09-03 09:00,175.6,0.0,0.0,173.0,2.5999999046325684,0,0,0,0
09-03 10:00,146.6,0.0,0.0,135.8000030517578,10.800000190734863,0,0,0,0
09-03 11:00,217.5,0.0,0.0,135.10000610351562,82.4000015258789,0,0,0,0
09-03 12:00,257.9,0.0,0.0,129.8000030517578,128.10000610351562,0,0,0,0
09-03 13:00,220.2,0.0,0.0,115.0999984741211,105.0999984741211,0,0,0,0
09-03 14:00,119.3,0.0,0.0,93.69999694824219,25.600000381469727,0,0,0,0
09-03 15:00,109.3,0.0,0.0,85.5,23.799999237060547,0,0,0,0
09-03 16:00,92.1,0.0,0.0,66.19999694824219,25.899999618530273,0,0,0,0
09-03 17:00,84.4,0.0,0.0,53.599998474121094,30.799999237060547,0,0,0,0
09-03 18:00,99.0,0.0,0.0,69.5,29.5,0,0,0,0
09-03 19:00,84.7,0.0,0.0,73.5999984741211,11.0,0,0,0,0
09-03 20:00,88.1,0.0,0.0,84.5,3.5999999046325684,0,0,0,0
09-03 21:00,92.9,0.0,0.0,93.0,0.0,0,0,0,0
09-03 22:00,111.2,0.0,0.0,111.19999694824219,0.0,0,0,0,0
09-03 23:00,114.5,0.0,0.0,114.5,0.0,0,0,0,0
10-03 00:00,111.2,0.0,0.0,111.19999694824219,0.0,0,0,0,0
10-03 01:00,116.1,0.0,0.0,116.0999984741211,0.0,0,0,0,0
10-03 02:00,113.1,0.0,0.0,113.0999984741211,0.0,0,0,0,0
10-03 03:00,124.2,0.0,0.0,124.19999694824219,0.0,0,0,0,0
10-03 04:00,133.6,0.0,0.0,133.60000610351562,0.0,0,0,0,0
10-03 05:00,150.1,0.0,0.0,150.10000610351562,0.0,0,0,0,0
10-03 06:00,160.3,0.0,0.0,160.3000030517578,0.0,0,0,0,0
10-03 07:00,178.7,0.0,0.0,178.6999969482422,0.0,0,0,0,0
10-03 08:00,173.8,0.0,0.0,173.8000030517578,0.0,0,0,0,0
10-03 09:00,130.3,0.0,0.0,130.3000030517578,0.0,0,0,0,0
10-03 10:00,112.7,0.0,0.0,111.4000015258789,1.2999999523162842,0,0,0,0
10-03 11:00,93.5,0.0,0.0,83.4000015258789,10.100000381469727,0,0,0,0
10-03 12:00,92.5,0.0,0.0,77.0,15.5,0,0,0,0
10-03 13:00,87.8,0.0,0.0,75.0,12.899999618530273,0,0,0,0
10-03 14:00,93.5,0.0,0.0,90.9000015258789,2.5999999046325684,0,0,0,0
10-03 15:00,91.9,0.0,0.0,89.5,2.4000000953674316,0,0,0,0
10-03 16:00,87.0,0.0,0.0,84.5,2.5,0,0,0,0
10-03 17:00,92.2,0.0,0.0,88.5,3.700000047683716,0,0,0,0
10-03 18:00,91.0,0.0,0.0,87.0,3.9000000953674316,0,0,0,0
10-03 19:00,101.2,0.0,0.0,99.80000305175781,1.399999976158142,0,0,0,0
10-03 20:00,110.0,0.0,0.0,110.0,0.0,0,0,0,0
10-03 21:00,113.3,0.0,0.0,113.4000015258789,0.0,0,0,0,0
10-03 22:00,112.2,0.0,0.0,112.19999694824219,0.0,0,0,0,0
10-03 23:00,122.2,0.0,0.0,122.19999694824219,0.0,0,0,0,0
11-03 00:00,127.8,0.0,0.0,127.80000305175781,0.0,0,0,0,0
11-03 01:00,125.1,0.0,0.0,125.0999984741211,0.0,0,0,0,0
11-03 02:00,142.6,0.0,0.0,142.60000610351562,0.0,0,0,0,0
11-03 03:00,142.6,0.0,0.0,142.60000610351562,0.0,0,0,0,0
11-03 04:00,139.0,0.0,0.0,139.0,0.0,0,0,0,0
11-03 05:00,138.5,0.0,0.0,138.5,0.0,0,0,0,0
11-03 06:00,148.4,0.0,0.0,148.39999389648438,0.0,0,0,0,0
11-03 07:00,142.1,0.0,0.0,142.10000610351562,0.0,0,0,0,0
11-03 08:00,159.4,0.0,0.0,159.39999389648438,0.0,0,0,0,0
11-03 09:00,142.3,0.0,0.0,142.3000030517578,0.0,0,0,0,0
11-03 10:00,133.3,0.0,0.0,132.0,1.2999999523162842,0,0,0,0
11-03 11:00,146.7,0.0,0.0,140.0,6.699999809265137,0,0,0,0
11-03 12:00,143.6,0.0,0.0,134.10000610351562,9.5,0,0,0,0
11-03 13:00,117.7,0.0,0.0,110.4000015258789,7.300000190734863,0,0,0,0
11-03 14:00,108.3,0.0,0.0,107.0,1.2999999523162842,0,0,0,0
11-03 15:00,106.1,0.0,0.0,104.9000015258789,1.2000000476837158,0,0,0,0
11-03 16:00,101.8,0.0,0.0,100.5999984741211,1.2000000476837158,0,0,0,0
11-03 17:00,110.8,0.0,0.0,108.30000305175781,2.5,0,0,0,0
11-03 18:00,103.1,0.0,0.0,100.69999694824219,2.4000000953674316,0,0,0,0
11-03 19:00,113.9,0.0,0.0,112.5999984741211,1.2999999523162842,0,0,0,0
11-03 20:00,110.4,0.0,0.0,110.4000015258789,0.0,0,0,0,0
11-03 21:00,110.4,0.0,0.0,110.4000015258789,0.0,0,0,0,0
11-03 22:00,114.3,0.0,0.0,114.30000305175781,0.0,0,0,0,0
11-03 23:00,138.6,0.0,0.0,138.60000610351562,0.0,0,0,0,0
12-03 00:00,159.0,0.0,0.0,159.0,0.0,0,0,0,0
12-03 01:00,150.1,0.0,0.0,150.10000610351562,0.0,0,0,0,0
12-03 02:00,151.2,0.0,0.0,151.1999969482422,0.0,0,0,0,0
12-03 03:00,161.2,0.0,0.0,161.1999969482422,0.0,0,0,0,0
12-03 04:00,202.4,0.0,0.0,202.39999389648438,0.0,0,0,0,0
12-03 05:00,266.5,0.0,0.0,266.5,0.0,0,0,0,0
12-03 06:00,275.7,0.0,0.0,275.70001220703125,0.0,0,0,0,0
12-03 07:00,331.7,0.0,0.0,331.70001220703125,0.0,0,0,0,0
12-03 08:00,336.2,0.0,0.0,336.20001220703125,0.0,0,0,0,0
12-03 09:00,335.9,0.0,0.0,333.3999938964844,2.5,0,0,0,0
12-03 10:00,311.6,0.0,0.0,300.1000061035156,11.5,0,0,0,0
12-03 11:00,370.1,0.0,0.0,284.70001220703125,85.4000015258789,0,0,0,0
12-03 12:00,398.7,0.0,0.0,268.6000061035156,130.10000610351562,0,0,0,0
12-03 13:00,340.7,0.0,0.0,240.3000030517578,100.4000015258789,0,0,0,0
12-03 14:00,273.3,0.0,0.0,247.0,26.299999237060547,0,0,0,0
12-03 15:00,246.7,0.0,0.0,223.3000030517578,23.399999618530273,0,0,0,0
12-03 16:00,202.0,0.0,0.0,177.5,24.5,0,0,0,0
12-03 17:00,185.5,0.0,0.0,152.39999389648438,33.099998474121094,0,0,0,0
12-03 18:00,169.8,0.0,0.0,141.3000030517578,28.5,0,0,0,0
12-03 19:00,160.3,0.0,0.0,148.60000610351562,11.699999809265137,0,0,0,0
12-03 20:00,128.4,0.0,0.0,125.0,3.4000000953674316,0,0,0,0
12-03 21:00,158.0,0.0,0.0,158.0,0.0,0,0,0,0
12-03 22:00,162.7,0.0,0.0,162.6999969482422,0.0,0,0,0,0
12-03 23:00,162.4,0.0,0.0,162.39999389648438,0.0,0,0,0,0
13-03 00:00,166.3,0.0,0.0,166.3000030517578,0.0,0,0,0,0
13-03 01:00,166.3,0.0,0.0,166.3000030517578,0.0,0,0,0,0
13-03 02:00,175.2,0.0,0.0,175.1999969482422,0.0,0,0,0,0
13-03 03:00,180.4,0.0,0.0,180.39999389648438,0.0,0,0,0,0
13-03 04:00,221.2,0.0,0.0,221.1999969482422,0.0,0,0,0,0
13-03 05:00,299.5,0.0,0.0,299.3999938964844,0.0,0,0,0,0
13-03 06:00,345.7,0.0,0.0,345.70001220703125,0.0,0,0,0,0
13-03 07:00,383.4,0.0,0.0,383.3999938964844,0.0,0,0,0,0
13-03 08:00,419.5,0.0,0.0,419.5,0.0,0,0,0,0
13-03 09:00,383.5,0.0,0.0,380.8999938964844,2.5999999046325684,0,0,0,0
13-03 10:00,294.5,0.0,0.0,284.20001220703125,10.300000190734863,0,0,0,0
13-03 11:00,363.1,0.0,0.0,282.79998779296875,80.30000305175781,0,0,0,0
13-03 12:00,389.3,0.0,0.0,261.8999938964844,127.4000015258789,0,0,0,0
13-03 13:00,356.3,0.0,0.0,250.8000030517578,105.5,0,0,0,0
13-03 14:00,244.8,0.0,0.0,220.3000030517578,24.5,0,0,0,0
13-03 15:00,223.8,0.0,0.0,201.60000610351562,22.200000762939453,0,0,0,0
13-03 16:00,199.9,0.0,0.0,174.1999969482422,25.700000762939453,0,0,0,0
13-03 17:00,177.9,0.0,0.0,143.89999389648438,34.0,0,0,0,0
13-03 18:00,169.1,0.0,0.0,139.8000030517578,29.299999237060547,0,0,0,0
13-03 19:00,149.8,0.0,0.0,138.39999389648438,11.399999618530273,0,0,0,0
13-03 20:00,135.5,0.0,0.0,131.6999969482422,3.799999952316284,0,0,0,0
13-03 21:00,134.4,0.0,0.0,134.39999389648438,0.0,0,0,0,0
13-03 22:00,146.7,0.0,0.0,146.6999969482422,0.0,0,0,0,0
13-03 23:00,141.1,0.0,0.0,141.10000610351562,0.0,0,0,0,0
14-03 00:00,131.1,0.0,0.0,131.10000610351562,0.0,0,0,0,0
14-03 01:00,120.9,0.0,0.0,120.9000015258789,0.0,0,0,0,0
14-03 02:00,137.6,0.0,0.0,137.60000610351562,0.0,0,0,0,0
14-03 03:00,140.9,0.0,0.0,140.89999389648438,0.0,0,0,0,0
14-03 04:00,182.5,0.0,0.0,182.5,0.0,0,0,0,0
14-03 05:00,245.8,0.0,0.0,245.8000030517578,0.0,0,0,0,0
14-03 06:00,247.1,0.0,0.0,247.0,0.0,0,0,0,0
14-03 07:00,296.5,0.0,0.0,296.5,0.0,0,0,0,0
14-03 08:00,323.2,0.0,0.0,323.20001220703125,0.0,0,0,0,0
14-03 09:00,313.7,0.0,0.0,311.1000061035156,2.5999999046325684,0,0,0,0
14-03 10:00,273.6,0.0,0.0,262.3999938964844,11.199999809265137,0,0,0,0
14-03 11:00,329.9,0.0,0.0,248.89999389648438,81.0,0,0,0,0
14-03 12:00,336.3,0.0,0.0,218.0,118.30000305175781,0,0,0,0
14-03 13:00,310.9,0.0,0.0,211.8000030517578,99.0999984741211,0,0,0,0
14-03 14:00,242.7,0.0,0.0,216.0,26.700000762939453,0,0,0,0
14-03 15:00,218.5,0.0,0.0,194.6999969482422,23.799999237060547,0,0,0,0
14-03 16:00,186.9,0.0,0.0,162.0,24.899999618530273,0,0,0,0
14-03 17:00,173.1,0.0,0.0,139.39999389648438,33.70000076293945,0,0,0,0
14-03 18:00,161.6,0.0,0.0,132.10000610351562,29.600000381469727,0,0,0,0
14-03 19:00,146.5,0.0,0.0,134.6999969482422,11.800000190734863,0,0,0,0
14-03 20:00,123.5,0.0,0.0,119.9000015258789,3.5999999046325684,0,0,0,0
14-03 21:00,124.9,0.0,0.0,124.9000015258789,0.0,0,0,0,0
14-03 22:00,126.2,0.0,0.0,126.19999694824219,0.0,0,0,0,0
14-03 23:00,121.6,0.0,0.0,121.5999984741211,0.0,0,0,0,0
15-03 00:00,112.0,0.0,0.0,112.0,0.0,0,0,0,0
15-03 01:00,125.9,0.0,0.0,125.9000015258789,0.0,0,0,0,0
15-03 02:00,129.2,0.0,0.0,129.1999969482422,0.0,0,0,0,0
15-03 03:00,127.0,0.0,0.0,127.0,0.0,0,0,0,0
15-03 04:00,143.6,0.0,0.0,143.60000610351562,0.0,0,0,0,0
15-03 05:00,196.4,0.0,0.0,196.39999389648438,0.0,0,0,0,0
15-03 06:00,221.9,0.0,0.0,221.8000030517578,0.0,0,0,0,0
15-03 07:00,270.7,0.0,0.0,270.70001220703125,0.0,0,0,0,0
15-03 08:00,297.6,0.0,0.0,297.6000061035156,0.0,0,0,0,0
15-03 09:00,300.3,0.0,0.0,297.5,2.799999952316284,0,0,0,0
15-03 10:00,245.7,0.0,0.0,234.39999389648438,11.300000190734863,0,0,0,0
15-03 11:00,319.6,0.0,0.0,233.6999969482422,85.9000015258789,0,0,0,0
15-03 12:00,347.0,0.0,0.0,214.89999389648438,132.10000610351562,0,0,0,0
15-03 13:00,321.8,0.0,0.0,210.39999389648438,111.4000015258789,0,0,0,0
15-03 14:00,206.0,0.0,0.0,180.60000610351562,25.399999618530273,0,0,0,0
15-03 15:00,191.1,0.0,0.0,167.8000030517578,23.299999237060547,0,0,0,0
15-03 16:00,163.8,0.0,0.0,138.39999389648438,25.399999618530273,0,0,0,0
15-03 17:00,161.7,0.0,0.0,125.4000015258789,36.400001525878906,0,0,0,0
15-03 18:00,127.9,0.0,0.0,100.69999694824219,27.200000762939453,0,0,0,0
15-03 19:00,123.3,0.0,0.0,111.5,11.800000190734863,0,0,0,0
15-03 20:00,101.0,0.0,0.0,97.19999694824219,3.799999952316284,0,0,0,0
15-03 21:00,106.3,0.0,0.0,106.30000305175781,0.0,0,0,0,0
15-03 22:00,101.1,0.0,0.0,101.0999984741211,0.0,0,0,0,0
15-03 23:00,94.1,0.0,0.0,94.0999984741211,0.0,0,0,0,0
16-03 00:00,92.0,0.0,0.0,92.0,0.0,0,0,0,0
16-03 01:00,92.0,0.0,0.0,92.0,0.0,0,0,0,0
16-03 02:00,88.0,0.0,0.0,88.0,0.0,0,0,0,0
16-03 03:00,109.9,0.0,0.0,109.9000015258789,0.0,0,0,0,0
16-03 04:00,136.8,0.0,0.0,136.8000030517578,0.0,0,0,0,0
16-03 05:00,184.5,0.0,0.0,184.5,0.0,0,0,0,0
16-03 06:00,193.8,0.0,0.0,193.8000030517578,0.0,0,0,0,0
16-03 07:00,221.4,0.0,0.0,221.39999389648438,0.0,0,0,0,0
16-03 08:00,211.5,0.0,0.0,211.5,0.0,0,0,0,0
16-03 09:00,207.0,0.0,0.0,204.39999389648438,2.5999999046325684,0,0,0,0
16-03 10:00,183.8,0.0,0.0,171.8000030517578,12.0,0,0,0,0
16-03 11:00,244.3,0.0,0.0,159.39999389648438,84.9000015258789,0,0,0,0
16-03 12:00,252.9,0.0,0.0,132.39999389648438,120.5,0,0,0,0
16-03 13:00,234.7,0.0,0.0,127.5999984741211,107.0999984741211,0,0,0,0
16-03 14:00,141.9,0.0,0.0,116.80000305175781,25.100000381469727,0,0,0,0
16-03 15:00,136.7,0.0,0.0,112.5,24.200000762939453,0,0,0,0
16-03 16:00,113.3,0.0,0.0,87.69999694824219,25.600000381469727,0,0,0,0
16-03 17:00,112.7,0.0,0.0,76.4000015258789,36.29999923706055,0,0,0,0
16-03 18:00,98.8,0.0,0.0,70.5,28.299999237060547,0,0,0,0
16-03 19:00,85.7,0.0,0.0,74.0999984741211,11.600000381469727,0,0,0,0
16-03 20:00,82.3,0.0,0.0,78.5,3.799999952316284,0,0,0,0
16-03 21:00,77.7,0.0,0.0,77.69999694824219,0.0,0,0,0,0
16-03 22:00,90.9,0.0,0.0,90.9000015258789,0.0,0,0,0,0
16-03 23:00,81.9,0.0,0.0,81.9000015258789,0.0,0,0,0,0
17-03 00:00,73.1,0.0,0.0,73.0999984741211,0.0,0,0,0,0
17-03 01:00,73.9,0.0,0.0,73.9000015258789,0.0,0,0,0,0
17-03 02:00,77.1,0.0,0.0,77.0999984741211,0.0,0,0,0,0
17-03 03:00,87.9,0.0,0.0,87.9000015258789,0.0,0,0,0,0
17-03 04:00,93.1,0.0,0.0,93.0999984741211,0.0,0,0,0,0
17-03 05:00,92.3,0.0,0.0,92.30000305175781,0.0,0,0,0,0
17-03 06:00,107.1,0.0,0.0,107.0999984741211,0.0,0,0,0,0
17-03 07:00,105.3,0.0,0.0,105.30000305175781,0.0,0,0,0,0
17-03 08:00,86.7,0.0,0.0,86.69999694824219,0.0,0,0,0,0
17-03 09:00,74.7,0.0,0.0,74.69999694824219,0.0,0,0,0,0
17-03 10:00,50.3,0.0,0.0,49.099998474121094,1.2000000476837158,0,0,0,0
17-03 11:00,43.3,0.0,0.0,33.400001525878906,9.899999618530273,0,0,0,0
17-03 12:00,42.5,0.0,0.0,26.899999618530273,15.600000381469727,0,0,0,0
17-03 13:00,34.3,0.0,0.0,22.799999237060547,11.5,0,0,0,0
17-03 14:00,26.3,0.0,0.0,23.799999237060547,2.5,0,0,0,0
17-03 15:00,25.6,0.0,0.0,23.100000381469727,2.5,0,0,0,0
17-03 16:00,19.5,0.0,0.0,17.200000762939453,2.299999952316284,0,0,0,0
17-03 17:00,22.0,0.0,0.0,18.200000762939453,3.799999952316284,0,0,0,0
17-03 18:00,29.2,0.0,0.0,25.100000381469727,4.099999904632568,0,0,0,0
17-03 19:00,29.4,0.0,0.0,28.299999237060547,1.2000000476837158,0,0,0,0
17-03 20:00,46.2,0.0,0.0,46.20000076293945,0.0,0,0,0,0
17-03 21:00,57.2,0.0,0.0,57.20000076293945,0.0,0,0,0,0
17-03 22:00,57.7,0.0,0.0,57.70000076293945,0.0,0,0,0,0
17-03 23:00,68.4,0.0,0.0,68.4000015258789,0.0,0,0,0,0
18-03 00:00,69.9,0.0,0.0,69.9000015258789,0.0,0,0,0,0
18-03 01:00,86.5,0.0,0.0,86.5,0.0,0,0,0,0
18-03 02:00,89.6,0.0,0.0,89.5999984741211,0.0,0,0,0,0
18-03 03:00,101.6,0.0,0.0,101.5999984741211,0.0,0,0,0,0
18-03 04:00,99.7,0.0,0.0,99.69999694824219,0.0,0,0,0,0
18-03 05:00,113.4,0.0,0.0,113.4000015258789,0.0,0,0,0,0
18-03 06:00,123.7,0.0,0.0,123.69999694824219,0.0,0,0,0,0
18-03 07:00,117.3,0.0,0.0,117.30000305175781,0.0,0,0,0,0
18-03 08:00,111.4,0.0,0.0,111.4000015258789,0.0,0,0,0,0
18-03 09:00,93.7,0.0,0.0,93.69999694824219,0.0,0,0,0,0
18-03 10:00,73.9,0.0,0.0,72.69999694824219,1.2000000476837158,0,0,0,0
18-03 11:00,75.6,0.0,0.0,69.4000015258789,6.199999809265137,0,0,0,0
18-03 12:00,62.2,0.0,0.0,53.599998474121094,8.699999809265137,0,0,0,0
18-03 13:00,52.6,0.0,0.0,45.0,7.599999904632568,0,0,0,0
18-03 14:00,38.2,0.0,0.0,36.900001525878906,1.2999999523162842,0,0,0,0
18-03 15:00,36.7,0.0,0.0,35.5,1.2000000476837158,0,0,0,0
18-03 16:00,46.5,0.0,0.0,45.20000076293945,1.2999999523162842,0,0,0,0
18-03 17:00,47.9,0.0,0.0,45.599998474121094,2.299999952316284,0,0,0,0
18-03 18:00,77.6,0.0,0.0,75.0,2.5999999046325684,0,0,0,0
18-03 19:00,83.8,0.0,0.0,82.5,1.2999999523162842,0,0,0,0
18-03 20:00,101.0,0.0,0.0,101.0,0.0,0,0,0,0
18-03 21:00,91.7,0.0,0.0,91.69999694824219,0.0,0,0,0,0
18-03 22:00,111.1,0.0,0.0,111.0,0.0,0,0,0,0
18-03 23:00,121.7,0.0,0.0,121.69999694824219,0.0,0,0,0,0
19-03 00:00,139.4,0.0,0.0,139.39999389648438,0.0,0,0,0,0
19-03 01:00,129.7,0.0,0.0,129.6999969482422,0.0,0,0,0,0
19-03 02:00,141.4,0.0,0.0,141.39999389648438,0.0,0,0,0,0
19-03 03:00,157.5,0.0,0.0,157.5,0.0,0,0,0,0
19-03 04:00,172.5,0.0,0.0,172.5,0.0,0,0,0,0
19-03 05:00,247.4,0.0,0.0,247.39999389648438,0.0,0,0,0,0
19-03 06:00,267.3,0.0,0.0,267.29998779296875,0.0,0,0,0,0
19-03 07:00,285.3,0.0,0.0,285.29998779296875,0.0,0,0,0,0
19-03 08:00,287.2,0.0,0.0,287.20001220703125,0.0,0,0,0,0
19-03 09:00,268.0,0.0,0.0,265.3999938964844,2.5999999046325684,0,0,0,0
19-03 10:00,214.7,0.0,0.0,203.3000030517578,11.399999618530273,0,0,0,0
19-03 11:00,270.8,0.0,0.0,187.0,83.69999694824219,0,0,0,0
19-03 12:00,282.9,0.0,0.0,160.39999389648438,122.5,0,0,0,0
19-03 13:00,227.9,0.0,0.0,136.8000030517578,91.0999984741211,0,0,0,0
19-03 14:00,173.0,0.0,0.0,146.5,26.5,0,0,0,0
19-03 15:00,146.3,0.0,0.0,123.5999984741211,22.700000762939453,0,0,0,0
19-03 16:00,122.9,0.0,0.0,97.69999694824219,25.200000762939453,0,0,0,0
19-03 17:00,130.7,0.0,0.0,93.5,37.20000076293945,0,0,0,0
19-03 18:00,120.9,0.0,0.0,91.9000015258789,29.0,0,0,0,0
19-03 19:00,118.0,0.0,0.0,106.80000305175781,11.199999809265137,0,0,0,0
19-03 20:00,115.7,0.0,0.0,111.9000015258789,3.799999952316284,0,0,0,0
19-03 21:00,138.2,0.0,0.0,138.1999969482422,0.0,0,0,0,0
19-03 22:00,144.0,0.0,0.0,144.0,0.0,0,0,0,0
19-03 23:00,140.0,0.0,0.0,140.0,0.0,0,0,0,0
20-03 00:00,156.6,0.0,0.0,156.60000610351562,0.0,0,0,0,0
20-03 01:00,162.9,0.0,0.0,163.0,0.0,0,0,0,0
20-03 02:00,165.1,0.0,0.0,165.10000610351562,0.0,0,0,0,0
20-03 03:00,188.8,0.0,0.0,188.8000030517578,0.0,0,0,0,0
20-03 04:00,202.0,0.0,0.0,202.0,0.0,0,0,0,0
20-03 05:00,271.1,0.0,0.0,271.1000061035156,0.0,0,0,0,0
20-03 06:00,288.3,0.0,0.0,288.29998779296875,0.0,0,0,0,0
20-03 07:00,322.6,0.0,0.0,322.6000061035156,0.0,0,0,0,0
20-03 08:00,305.6,0.0,0.0,305.6000061035156,0.0,0,0,0,0
20-03 09:00,282.5,0.0,0.0,280.0,2.5999999046325684,0,0,0,0
20-03 10:00,225.1,0.0,0.0,214.1999969482422,10.899999618530273,0,0,0,0
20-03 11:00,281.4,0.0,0.0,200.3000030517578,81.0999984741211,0,0,0,0
20-03 12:00,295.6,0.0,0.0,172.10000610351562,123.5,0,0,0,0
20-03 13:00,262.8,0.0,0.0,158.39999389648438,104.4000015258789,0,0,0,0
20-03 14:00,161.4,0.0,0.0,137.89999389648438,23.399999618530273,0,0,0,0
20-03 15:00,141.4,0.0,0.0,119.4000015258789,22.0,0,0,0,0
20-03 16:00,119.3,0.0,0.0,94.30000305175781,25.0,0,0,0,0
20-03 17:00,127.6,0.0,0.0,92.5999984741211,35.0,0,0,0,0
20-03 18:00,128.0,0.0,0.0,98.0,29.899999618530273,0,0,0,0
20-03 19:00,107.7,0.0,0.0,96.19999694824219,11.5,0,0,0,0
20-03 20:00,111.8,0.0,0.0,108.0,3.799999952316284,0,0,0,0
20-03 21:00,119.6,0.0,0.0,119.5999984741211,0.0,0,0,0,0
20-03 22:00,120.5,0.0,0.0,120.5,0.0,0,0,0,0
20-03 23:00,140.1,0.0,0.0,140.10000610351562,0.0,0,0,0,0
21-03 00:00,152.4,0.0,0.0,152.39999389648438,0.0,0,0,0,0
21-03 01:00,160.2,0.0,0.0,160.1999969482422,0.0,0,0,0,0
21-03 02:00,156.5,0.0,0.0,156.5,0.0,0,0,0,0
21-03 03:00,174.7,0.0,0.0,174.6999969482422,0.0,0,0,0,0
21-03 04:00,199.1,0.0,0.0,199.10000610351562,0.0,0,0,0,0
21-03 05:00,292.7,0.0,0.0,292.70001220703125,0.0,0,0,0,0
21-03 06:00,292.9,0.0,0.0,292.8999938964844,0.0,0,0,0,0
21-03 07:00,374.5,0.0,0.0,374.5,0.0,0,0,0,0
21-03 08:00,390.5,0.0,0.0,390.5,0.0,0,0,0,0
21-03 09:00,357.1,0.0,0.0,354.3999938964844,2.700000047683716,0,0,0,0
21-03 10:00,303.5,0.0,0.0,291.8999938964844,11.600000381469727,0,0,0,0
21-03 11:00,364.8,0.0,0.0,278.1000061035156,86.69999694824219,0,0,0,0
21-03 12:00,371.5,0.0,0.0,249.39999389648438,122.0999984741211,0,0,0,0
21-03 13:00,326.3,0.0,0.0,229.3000030517578,97.0,0,0,0,0
21-03 14:00,250.8,0.0,0.0,226.39999389648438,24.399999618530273,0,0,0,0
21-03 15:00,230.2,0.0,0.0,208.0,22.200000762939453,0,0,0,0
21-03 16:00,192.9,0.0,0.0,169.0,23.899999618530273,0,0,0,0
21-03 17:00,193.5,0.0,0.0,159.5,34.0,0,0,0,0
21-03 18:00,173.5,0.0,0.0,144.8000030517578,28.700000762939453,0,0,0,0
21-03 19:00,163.9,0.0,0.0,152.6999969482422,11.199999809265137,0,0,0,0
21-03 20:00,157.3,0.0,0.0,153.39999389648438,3.9000000953674316,0,0,0,0
21-03 21:00,150.7,0.0,0.0,150.6999969482422,0.0,0,0,0,0
21-03 22:00,164.8,0.0,0.0,164.8000030517578,0.0,0,0,0,0
21-03 23:00,138.1,0.0,0.0,138.0,0.0,0,0,0,0
22-03 00:00,170.5,0.0,0.0,170.5,0.0,0,0,0,0
22-03 01:00,163.3,0.0,0.0,163.3000030517578,0.0,0,0,0,0
22-03 02:00,169.7,0.0,0.0,169.6999969482422,0.0,0,0,0,0
22-03 03:00,202.9,0.0,0.0,203.0,0.0,0,0,0,0
22-03 04:00,228.6,0.0,0.0,228.60000610351562,0.0,0,0,0,0
22-03 05:00,315.9,0.0,0.0,315.8999938964844,0.0,0,0,0,0
22-03 06:00,338.8,0.0,0.0,338.79998779296875,0.0,0,0,0,0
22-03 07:00,381.2,0.0,0.0,381.20001220703125,0.0,0,0,0,0
22-03 08:00,450.0,0.0,0.0,450.0,0.0,0,0,0,0
22-03 09:00,398.7,0.0,0.0,396.20001220703125,2.5,0,0,0,0
22-03 10:00,368.1,0.0,0.0,356.6000061035156,11.5,0,0,0,0
22-03 11:00,401.0,0.0,0.0,320.1000061035156,80.9000015258789,0,0,0,0
22-03 12:00,442.4,0.0,0.0,314.20001220703125,128.1999969482422,0,0,0,0
22-03 13:00,360.7,0.0,0.0,264.8999938964844,95.80000305175781,0,0,0,0
22-03 14:00,289.8,0.0,0.0,264.70001220703125,25.100000381469727,0,0,0,0
22-03 15:00,262.9,0.0,0.0,240.3000030517578,22.600000381469727,0,0,0,0
22-03 16:00,223.6,0.0,0.0,198.6999969482422,24.899999618530273,0,0,0,0
22-03 17:00,187.9,0.0,0.0,156.6999969482422,31.200000762939453,0,0,0,0
22-03 18:00,190.1,0.0,0.0,162.60000610351562,27.5,0,0,0,0
22-03 19:00,200.0,0.0,0.0,188.10000610351562,11.899999618530273,0,0,0,0
22-03 20:00,186.7,0.0,0.0,182.89999389648438,3.799999952316284,0,0,0,0
22-03 21:00,179.2,0.0,0.0,179.1999969482422,0.0,0,0,0,0
22-03 22:00,179.6,0.0,0.0,179.60000610351562,0.0,0,0,0,0
22-03 23:00,181.1,0.0,0.0,181.10000610351562,0.0,0,0,0,0
23-03 00:00,165.6,0.0,0.0,165.60000610351562,0.0,0,0,0,0
23-03 01:00,169.6,0.0,0.0,169.60000610351562,0.0,0,0,0,0
23-03 02:00,165.1,0.0,0.0,165.10000610351562,0.0,0,0,0,0
23-03 03:00,179.2,0.0,0.0,179.1999969482422,0.0,0,0,0,0
23-03 04:00,208.2,0.0,0.0,208.1999969482422,0.0,0,0,0,0
23-03 05:00,265.9,0.0,0.0,265.8999938964844,0.0,0,0,0,0
23-03 06:00,310.6,0.0,0.0,310.6000061035156,0.0,0,0,0,0
23-03 07:00,308.8,0.0,0.0,308.79998779296875,0.0,0,0,0,0
23-03 08:00,328.2,0.0,0.0,328.20001220703125,0.0,0,0,0,0
23-03 09:00,293.8,0.0,0.0,291.29998779296875,2.5,0,0,0,0
23-03 10:00,255.1,0.0,0.0,243.60000610351562,11.5,0,0,0,0
23-03 11:00,295.9,0.0,0.0,215.1999969482422,80.69999694824219,0,0,0,0
23-03 12:00,313.9,0.0,0.0,192.1999969482422,121.69999694824219,0,0,0,0
23-03 13:00,284.7,0.0,0.0,180.8000030517578,103.9000015258789,0,0,0,0
23-03 14:00,168.4,0.0,0.0,145.8000030517578,22.600000381469727,0,0,0,0
23-03 15:00,158.7,0.0,0.0,136.10000610351562,22.600000381469727,0,0,0,0
23-03 16:00,134.7,0.0,0.0,109.0999984741211,25.600000381469727,0,0,0,0
23-03 17:00,129.0,0.0,0.0,96.5,32.5,0,0,0,0
23-03 18:00,139.6,0.0,0.0,109.5999984741211,30.0,0,0,0,0
23-03 19:00,115.9,0.0,0.0,105.4000015258789,10.5,0,0,0,0
23-03 20:00,124.3,0.0,0.0,120.4000015258789,3.9000000953674316,0,0,0,0
23-03 21:00,118.7,0.0,0.0,118.69999694824219,0.0,0,0,0,0
23-03 22:00,138.2,0.0,0.0,138.1999969482422,0.0,0,0,0,0
23-03 23:00,122.8,0.0,0.0,122.80000305175781,0.0,0,0,0,0
24-03 00:00,123.2,0.0,0.0,123.19999694824219,0.0,0,0,0,0
24-03 01:00,136.4,0.0,0.0,136.39999389648438,0.0,0,0,0,0
24-03 02:00,128.3,0.0,0.0,128.3000030517578,0.0,0,0,0,0
24-03 03:00,139.6,0.0,0.0,139.60000610351562,0.0,0,0,0,0
24-03 04:00,141.9,0.0,0.0,141.89999389648438,0.0,0,0,0,0
24-03 05:00,161.1,0.0,0.0,161.10000610351562,0.0,0,0,0,0
24-03 06:00,168.0,0.0,0.0,168.0,0.0,0,0,0,0
24-03 07:00,177.0,0.0,0.0,177.0,0.0,0,0,0,0
24-03 08:00,165.1,0.0,0.0,165.10000610351562,0.0,0,0,0,0
24-03 09:00,123.4,0.0,0.0,123.4000015258789,0.0,0,0,0,0
24-03 10:00,95.5,0.0,0.0,94.30000305175781,1.2000000476837158,0,0,0,0
24-03 11:00,90.2,0.0,0.0,80.0999984741211,10.100000381469727,0,0,0,0
24-03 12:00,85.5,0.0,0.0,70.5999984741211,14.899999618530273,0,0,0,0
24-03 13:00,81.5,0.0,0.0,67.69999694824219,13.800000190734863,0,0,0,0
24-03 14:00,64.7,0.0,0.0,62.099998474121094,2.5999999046325684,0,0,0,0
24-03 15:00,61.5,0.0,0.0,59.0,2.5999999046325684,0,0,0,0
24-03 16:00,58.1,0.0,0.0,55.70000076293945,2.4000000953674316,0,0,0,0
24-03 17:00,63.5,0.0,0.0,59.599998474121094,3.9000000953674316,0,0,0,0
24-03 18:00,73.9,0.0,0.0,70.0,3.9000000953674316,0,0,0,0
24-03 19:00,68.5,0.0,0.0,67.4000015258789,1.2000000476837158,0,0,0,0
24-03 20:00,69.2,0.0,0.0,69.19999694824219,0.0,0,0,0,0
24-03 21:00,85.2,0.0,0.0,85.19999694824219,0.0,0,0,0,0
24-03 22:00,103.2,0.0,0.0,103.19999694824219,0.0,0,0,0,0
24-03 23:00,120.2,0.0,0.0,120.19999694824219,0.0,0,0,0,0
25-03 00:00,102.8,0.0,0.0,102.80000305175781,0.0,0,0,0,0
25-03 01:00,119.7,0.0,0.0,119.69999694824219,0.0,0,0,0,0
25-03 02:00,131.5,0.0,0.0,131.5,0.0,0,0,0,0
25-03 03:00,136.9,0.0,0.0,137.0,0.0,0,0,0,0
25-03 04:00,145.0,0.0,0.0,145.0,0.0,0,0,0,0
25-03 05:00,143.4,0.0,0.0,143.39999389648438,0.0,0,0,0,0
25-03 06:00,162.1,0.0,0.0,162.10000610351562,0.0,0,0,0,0
25-03 07:00,158.3,0.0,0.0,158.3000030517578,0.0,0,0,0,0
25-03 08:00,129.8,0.0,0.0,129.8000030517578,0.0,0,0,0,0
25-03 09:00,103.8,0.0,0.0,103.80000305175781,0.0,0,0,0,0
25-03 10:00,80.9,0.0,0.0,79.5999984741211,1.2999999523162842,0,0,0,0
25-03 11:00,58.9,0.0,0.0,52.70000076293945,6.199999809265137,0,0,0,0
25-03 12:00,48.5,0.0,0.0,40.70000076293945,7.800000190734863,0,0,0,0
25-03 13:00,33.0,0.0,0.0,26.0,7.0,0,0,0,0
25-03 14:00,28.6,0.0,0.0,27.399999618530273,1.2000000476837158,0,0,0,0
25-03 15:00,28.1,0.0,0.0,26.899999618530273,1.2000000476837158,0,0,0,0
25-03 16:00,26.7,0.0,0.0,25.5,1.2000000476837158,0,0,0,0
25-03 17:00,27.5,0.0,0.0,25.0,2.5,0,0,0,0
25-03 18:00,43.1,0.0,0.0,40.5,2.5999999046325684,0,0,0,0
25-03 19:00,48.6,0.0,0.0,47.400001525878906,1.2000000476837158,0,0,0,0
25-03 20:00,46.9,0.0,0.0,46.900001525878906,0.0,0,0,0,0
25-03 21:00,47.8,0.0,0.0,47.79999923706055,0.0,0,0,0,0
25-03 22:00,55.9,0.0,0.0,55.900001525878906,0.0,0,0,0,0
25-03 23:00,66.2,0.0,0.0,66.19999694824219,0.0,0,0,0,0
26-03 00:00,77.0,0.0,0.0,77.0,0.0,0,0,0,0
26-03 01:00,73.3,0.0,0.0,73.30000305175781,0.0,0,0,0,0
26-03 02:00,82.7,0.0,0.0,82.69999694824219,0.0,0,0,0,0
26-03 03:00,76.8,0.0,0.0,76.80000305175781,0.0,0,0,0,0
26-03 04:00,103.4,0.0,0.0,103.4000015258789,0.0,0,0,0,0
26-03 05:00,127.3,0.0,0.0,127.30000305175781,0.0,0,0,0,0
26-03 06:00,141.0,0.0,0.0,141.0,0.0,0,0,0,0
26-03 07:00,174.6,0.0,0.0,174.60000610351562,0.0,0,0,0,0
26-03 08:00,212.9,0.0,0.0,212.89999389648438,0.0,0,0,0,0
26-03 09:00,209.1,0.0,0.0,206.60000610351562,2.5,0,0,0,0
26-03 10:00,169.6,0.0,0.0,159.39999389648438,10.199999809265137,0,0,0,0
26-03 11:00,257.7,0.0,0.0,175.6999969482422,82.0,0,0,0,0
26-03 12:00,273.8,0.0,0.0,156.39999389648438,117.4000015258789,0,0,0,0
26-03 13:00,260.6,0.0,0.0,155.1999969482422,105.4000015258789,0,0,0,0
26-03 14:00,167.9,0.0,0.0,143.1999969482422,24.700000762939453,0,0,0,0
26-03 15:00,142.5,0.0,0.0,121.80000305175781,20.700000762939453,0,0,0,0
26-03 16:00,140.3,0.0,0.0,114.80000305175781,25.5,0,0,0,0
26-03 17:00,125.8,0.0,0.0,93.4000015258789,32.400001525878906,0,0,0,0
26-03 18:00,122.6,0.0,0.0,94.69999694824219,27.799999237060547,0,0,0,0
26-03 19:00,107.8,0.0,0.0,96.69999694824219,11.100000381469727,0,0,0,0
26-03 20:00,106.4,0.0,0.0,102.5999984741211,3.799999952316284,0,0,0,0
26-03 21:00,99.6,0.0,0.0,99.5999984741211,0.0,0,0,0,0
26-03 22:00,101.6,0.0,0.0,101.5999984741211,0.0,0,0,0,0
26-03 23:00,102.6,0.0,0.0,102.5999984741211,0.0,0,0,0,0
27-03 00:00,107.4,0.0,0.0,107.4000015258789,0.0,0,0,0,0
27-03 01:00,105.2,0.0,0.0,105.19999694824219,0.0,0,0,0,0
27-03 02:00,109.1,0.0,0.0,109.0999984741211,0.0,0,0,0,0
27-03 03:00,113.5,0.0,0.0,113.5,0.0,0,0,0,0
27-03 04:00,145.5,0.0,0.0,145.5,0.0,0,0,0,0
27-03 05:00,180.6,0.0,0.0,180.60000610351562,0.0,0,0,0,0
27-03 06:00,205.4,0.0,0.0,205.39999389648438,0.0,0,0,0,0
27-03 07:00,237.7,0.0,0.0,237.6999969482422,0.0,0,0,0,0
27-03 08:00,247.7,0.0,0.0,247.6999969482422,0.0,0,0,0,0
27-03 09:00,210.1,0.0,0.0,207.8000030517578,2.299999952316284,0,0,0,0
27-03 10:00,188.2,0.0,0.0,177.8000030517578,10.399999618530273,0,0,0,0
27-03 11:00,253.8,0.0,0.0,172.8000030517578,81.0,0,0,0,0
27-03 12:00,266.7,0.0,0.0,148.3000030517578,118.4000015258789,0,0,0,0
27-03 13:00,257.2,0.0,0.0,151.8000030517578,105.30000305175781,0,0,0,0
27-03 14:00,185.6,0.0,0.0,158.89999389648438,26.700000762939453,0,0,0,0
27-03 15:00,149.0,0.0,0.0,126.5999984741211,22.399999618530273,0,0,0,0
27-03 16:00,142.5,0.0,0.0,116.5999984741211,25.899999618530273,0,0,0,0
27-03 17:00,136.5,0.0,0.0,102.80000305175781,33.599998474121094,0,0,0,0
27-03 18:00,126.5,0.0,0.0,97.0,29.5,0,0,0,0
27-03 19:00,116.8,0.0,0.0,105.19999694824219,11.600000381469727,0,0,0,0
27-03 20:00,100.5,0.0,0.0,96.80000305175781,3.700000047683716,0,0,0,0
27-03 21:00,105.7,0.0,0.0,105.69999694824219,0.0,0,0,0,0
27-03 22:00,106.7,0.0,0.0,106.69999694824219,0.0,0,0,0,0
27-03 23:00,97.1,0.0,0.0,97.0999984741211,0.0,0,0,0,0
28-03 00:00,109.6,0.0,0.0,109.5999984741211,0.0,0,0,0,0
28-03 01:00,99.4,0.0,0.0,99.4000015258789,0.0,0,0,0,0
28-03 02:00,98.0,0.0,0.0,98.0,0.0,0,0,0,0
28-03 03:00,110.3,0.0,0.0,110.30000305175781,0.0,0,0,0,0
28-03 04:00,136.3,0.0,0.0,136.3000030517578,0.0,0,0,0,0
28-03 05:00,180.9,0.0,0.0,180.89999389648438,0.0,0,0,0,0
28-03 06:00,204.9,0.0,0.0,205.0,0.0,0,0,0,0
28-03 07:00,238.8,0.0,0.0,238.8000030517578,0.0,0,0,0,0
28-03 08:00,248.1,0.0,0.0,248.10000610351562,0.0,0,0,0,0
28-03 09:00,219.3,0.0,0.0,216.89999389648438,2.4000000953674316,0,0,0,0
28-03 10:00,208.1,0.0,0.0,197.1999969482422,10.899999618530273,0,0,0,0
28-03 11:00,273.5,0.0,0.0,192.60000610351562,80.9000015258789,0,0,0,0
28-03 12:00,285.1,0.0,0.0,166.89999389648438,118.19999694824219,0,0,0,0
28-03 13:00,290.3,0.0,0.0,180.10000610351562,110.19999694824219,0,0,0,0
28-03 14:00,182.6,0.0,0.0,158.0,24.600000381469727,0,0,0,0
28-03 15:00,163.0,0.0,0.0,140.10000610351562,22.799999237060547,0,0,0,0
28-03 16:00,134.8,0.0,0.0,110.69999694824219,24.100000381469727,0,0,0,0
28-03 17:00,142.0,0.0,0.0,107.4000015258789,34.599998474121094,0,0,0,0
28-03 18:00,137.2,0.0,0.0,109.19999694824219,28.0,0,0,0,0
28-03 19:00,130.6,0.0,0.0,119.4000015258789,11.199999809265137,0,0,0,0
28-03 20:00,117.2,0.0,0.0,113.5,3.700000047683716,0,0,0,0
28-03 21:00,111.0,0.0,0.0,111.0,0.0,0,0,0,0
28-03 22:00,110.0,0.0,0.0,110.0,0.0,0,0,0,0
28-03 23:00,96.2,0.0,0.0,96.19999694824219,0.0,0,0,0,0
29-03 00:00,91.1,0.0,0.0,91.0999984741211,0.0,0,0,0,0
29-03 01:00,89.2,0.0,0.0,89.19999694824219,0.0,0,0,0,0
29-03 02:00,93.3,0.0,0.0,93.30000305175781,0.0,0,0,0,0
29-03 03:00,102.4,0.0,0.0,102.4000015258789,0.0,0,0,0,0
29-03 04:00,104.4,0.0,0.0,104.4000015258789,0.0,0,0,0,0
29-03 05:00,135.9,0.0,0.0,135.89999389648438,0.0,0,0,0,0
29-03 06:00,143.3,0.0,0.0,143.3000030517578,0.0,0,0,0,0
29-03 07:00,167.9,0.0,0.0,167.89999389648438,0.0,0,0,0,0
29-03 08:00,180.1,0.0,0.0,180.10000610351562,0.0,0,0,0,0
29-03 09:00,143.6,0.0,0.0,141.3000030517578,2.299999952316284,0,0,0,0
29-03 10:00,131.5,0.0,0.0,120.5999984741211,10.800000190734863,0,0,0,0
29-03 11:00,201.3,0.0,0.0,118.9000015258789,82.4000015258789,0,0,0,0
29-03 12:00,234.4,0.0,0.0,110.19999694824219,124.19999694824219,0,0,0,0
29-03 13:00,215.8,0.0,0.0,112.9000015258789,102.9000015258789,0,0,0,0
29-03 14:00,128.9,0.0,0.0,104.5,24.399999618530273,0,0,0,0
29-03 15:00,124.1,0.0,0.0,102.19999694824219,21.899999618530273,0,0,0,0
29-03 16:00,114.7,0.0,0.0,89.4000015258789,25.299999237060547,0,0,0,0
29-03 17:00,118.6,0.0,0.0,84.4000015258789,34.20000076293945,0,0,0,0
29-03 18:00,112.3,0.0,0.0,81.69999694824219,30.600000381469727,0,0,0,0
29-03 19:00,90.1,0.0,0.0,78.5999984741211,11.5,0,0,0,0
29-03 20:00,82.9,0.0,0.0,78.9000015258789,4.0,0,0,0,0
29-03 21:00,76.0,0.0,0.0,76.0,0.0,0,0,0,0
29-03 22:00,67.1,0.0,0.0,67.0999984741211,0.0,0,0,0,0
29-03 23:00,61.9,0.0,0.0,61.900001525878906,0.0,0,0,0,0
30-03 00:00,80.5,0.0,0.0,80.5,0.0,0,0,0,0
30-03 01:00,93.8,0.0,0.0,93.80000305175781,0.0,0,0,0,0
30-03 02:00,96.6,0.0,0.0,96.5999984741211,0.0,0,0,0,0
30-03 03:00,90.9,0.0,0.0,90.9000015258789,0.0,0,0,0,0
30-03 04:00,106.6,0.0,0.0,106.5999984741211,0.0,0,0,0,0
30-03 05:00,108.3,0.0,0.0,108.4000015258789,0.0,0,0,0,0
30-03 06:00,104.9,0.0,0.0,104.9000015258789,0.0,0,0,0,0
30-03 07:00,127.5,0.0,0.0,127.5,0.0,0,0,0,0
30-03 08:00,138.0,0.0,0.0,138.0,0.0,0,0,0,0
30-03 09:00,121.5,0.0,0.0,121.5,0.0,0,0,0,0
30-03 10:00,99.4,0.0,0.0,98.19999694824219,1.2000000476837158,0,0,0,0
30-03 11:00,104.4,0.0,0.0,97.9000015258789,6.5,0,0,0,0
30-03 12:00,108.8,0.0,0.0,100.19999694824219,8.600000381469727,0,0,0,0
30-03 13:00,103.8,0.0,0.0,96.0,7.800000190734863,0,0,0,0
30-03 14:00,104.3,0.0,0.0,103.0999984741211,1.2000000476837158,0,0,0,0
30-03 15:00,98.6,0.0,0.0,97.4000015258789,1.2000000476837158,0,0,0,0
30-03 16:00,89.8,0.0,0.0,88.5999984741211,1.2000000476837158,0,0,0,0
30-03 17:00,109.3,0.0,0.0,106.80000305175781,2.5,0,0,0,0
30-03 18:00,107.4,0.0,0.0,104.9000015258789,2.5,0,0,0,0
30-03 19:00,102.0,0.0,0.0,100.80000305175781,1.2000000476837158,0,0,0,0
30-03 20:00,101.8,0.0,0.0,101.80000305175781,0.0,0,0,0,0
30-03 21:00,97.8,0.0,0.0,97.80000305175781,0.0,0,0,0,0
30-03 22:00,114.3,0.0,0.0,114.30000305175781,0.0,0,0,0,0
30-03 23:00,105.3,0.0,0.0,105.4000015258789,0.0,0,0,0,0
31-03 00:00,128.5,0.0,0.0,128.5,0.0,0,0,0,0
31-03 01:00,132.5,0.0,0.0,132.5,0.0,0,0,0,0
31-03 02:00,137.8,0.0,0.0,137.8000030517578,0.0,0,0,0,0
31-03 03:00,129.2,0.0,0.0,129.1999969482422,0.0,0,0,0,0
31-03 04:00,133.4,0.0,0.0,133.39999389648438,0.0,0,0,0,0
31-03 05:00,164.5,0.0,0.0,164.5,0.0,0,0,0,0
31-03 06:00,175.5,0.0,0.0,175.5,0.0,0,0,0,0
31-03 07:00,182.7,0.0,0.0,182.6999969482422,0.0,0,0,0,0
31-03 08:00,200.8,0.0,0.0,200.8000030517578,0.0,0,0,0,0
31-03 09:00,157.5,0.0,0.0,157.5,0.0,0,0,0,0
31-03 10:00,118.5,0.0,0.0,117.19999694824219,1.2999999523162842,0,0,0,0
31-03 11:00,115.8,0.0,0.0,105.69999694824219,10.100000381469727,0,0,0,0
31-03 12:00,94.3,0.0,0.0,80.5999984741211,13.699999809265137,0,0,0,0
31-03 13:00,106.9,0.0,0.0,94.4000015258789,12.5,0,0,0,0
31-03 14:00,81.5,0.0,0.0,79.19999694824219,2.4000000953674316,0,0,0,0
31-03 15:00,89.0,0.0,0.0,86.5999984741211,2.4000000953674316,0,0,0,0
31-03 16:00,104.1,0.0,0.0,101.5,2.5999999046325684,0,0,0,0
31-03 17:00,91.4,0.0,0.0,88.0,3.4000000953674316,0,0,0,0
31-03 18:00,88.9,0.0,0.0,85.5999984741211,3.299999952316284,0,0,0,0
31-03 19:00,94.3,0.0,0.0,93.19999694824219,1.2000000476837158,0,0,0,0
31-03 20:00,105.2,0.0,0.0,105.19999694824219,0.0,0,0,0,0
31-03 21:00,108.1,0.0,0.0,108.0999984741211,0.0,0,0,0,0
31-03 22:00,122.9,0.0,0.0,122.9000015258789,0.0,0,0,0,0
31-03 23:00,119.2,0.0,0.0,119.19999694824219,0.0,0,0,0,0
01-04 00:00,132.9,0.0,0.0,132.89999389648438,0.0,0,0,0,0
01-04 01:00,127.9,0.0,0.0,127.9000015258789,0.0,0,0,0,0
01-04 02:00,126.6,0.0,0.0,126.5999984741211,0.0,0,0,0,0
01-04 03:00,130.8,0.0,0.0,130.8000030517578,0.0,0,0,0,0
01-04 04:00,131.5,0.0,0.0,131.5,0.0,0,0,0,0
01-04 05:00,139.8,0.0,0.0,139.8000030517578,0.0,0,0,0,0
01-04 06:00,142.8,0.0,0.0,142.8000030517578,0.0,0,0,0,0
01-04 07:00,143.7,0.0,0.0,143.6999969482422,0.0,0,0,0,0
01-04 08:00,147.4,0.0,0.0,147.39999389648438,0.0,0,0,0,0
01-04 09:00,132.9,0.0,0.0,132.89999389648438,0.0,0,0,0,0
01-04 10:00,122.8,0.0,0.0,121.5999984741211,1.2000000476837158,0,0,0,0
01-04 11:00,121.0,0.0,0.0,115.0,6.0,0,0,0,0
01-04 12:00,126.0,0.0,0.0,117.9000015258789,8.100000381469727,0,0,0,0
01-04 13:00,124.0,0.0,0.0,117.0,7.0,0,0,0,0
01-04 14:00,113.7,0.0,0.0,112.4000015258789,1.2999999523162842,0,0,0,0
01-04 15:00,105.1,0.0,0.0,103.9000015258789,1.2000000476837158,0,0,0,0
01-04 16:00,99.0,0.0,0.0,97.80000305175781,1.2000000476837158,0,0,0,0
01-04 17:00,95.5,0.0,0.0,93.30000305175781,2.200000047683716,0,0,0,0
01-04 18:00,118.5,0.0,0.0,115.9000015258789,2.5999999046325684,0,0,0,0
01-04 19:00,133.1,0.0,0.0,131.8000030517578,1.2999999523162842,0,0,0,0
01-04 20:00,139.0,0.0,0.0,139.0,0.0,0,0,0,0
01-04 21:00,128.4,0.0,0.0,128.39999389648438,0.0,0,0,0,0
01-04 22:00,144.6,0.0,0.0,144.60000610351562,0.0,0,0,0,0
01-04 23:00,156.9,0.0,0.0,156.89999389648438,0.0,0,0,0,0
02-04 00:00,157.1,0.0,0.0,157.10000610351562,0.0,0,0,0,0
02-04 01:00,146.1,0.0,0.0,146.10000610351562,0.0,0,0,0,0
02-04 02:00,141.6,0.0,0.0,141.60000610351562,0.0,0,0,0,0
02-04 03:00,157.1,0.0,0.0,157.10000610351562,0.0,0,0,0,0
02-04 04:00,154.9,0.0,0.0,154.89999389648438,0.0,0,0,0,0
02-04 05:00,159.9,0.0,0.0,159.89999389648438,0.0,0,0,0,0
02-04 06:00,183.2,0.0,0.0,183.1999969482422,0.0,0,0,0,0
02-04 07:00,143.6,0.0,0.0,143.60000610351562,0.0,0,0,0,0
02-04 08:00,165.4,0.0,0.0,165.39999389648438,0.0,0,0,0,0
02-04 09:00,152.7,0.0,0.0,152.6999969482422,0.0,0,0,0,0
02-04 10:00,130.5,0.0,0.0,129.39999389648438,1.100000023841858,0,0,0,0
02-04 11:00,121.6,0.0,0.0,115.80000305175781,5.800000190734863,0,0,0,0
02-04 12:00,128.6,0.0,0.0,119.69999694824219,8.899999618530273,0,0,0,0
02-04 13:00,117.5,0.0,0.0,110.30000305175781,7.199999809265137,0,0,0,0
02-04 14:00,121.8,0.0,0.0,120.5999984741211,1.2000000476837158,0,0,0,0
02-04 15:00,137.0,0.0,0.0,136.0,1.2000000476837158,0,0,0,0
02-04 16:00,124.7,0.0,0.0,123.5,1.2000000476837158,0,0,0,0
02-04 17:00,119.6,0.0,0.0,117.30000305175781,2.299999952316284,0,0,0,0
02-04 18:00,141.6,0.0,0.0,139.1999969482422,2.4000000953674316,0,0,0,0
02-04 19:00,133.0,0.0,0.0,131.89999389648438,1.100000023841858,0,0,0,0
02-04 20:00,133.4,0.0,0.0,133.39999389648438,0.0,0,0,0,0
02-04 21:00,130.1,0.0,0.0,130.10000610351562,0.0,0,0,0,0
02-04 22:00,131.5,0.0,0.0,131.5,0.0,0,0,0,0
02-04 23:00,138.1,0.0,0.0,138.10000610351562,0.0,0,0,0,0
03-04 00:00,151.1,0.0,0.0,151.10000610351562,0.0,0,0,0,0
03-04 01:00,135.3,0.0,0.0,135.3000030517578,0.0,0,0,0,0
03-04 02:00,144.8,0.0,0.0,144.8000030517578,0.0,0,0,0,0
03-04 03:00,160.3,0.0,0.0,160.3000030517578,0.0,0,0,0,0
03-04 04:00,181.3,0.0,0.0,181.3000030517578,0.0,0,0,0,0
03-04 05:00,225.4,0.0,0.0,225.39999389648438,0.0,0,0,0,0
03-04 06:00,257.2,0.0,0.0,257.20001220703125,0.0,0,0,0,0
03-04 07:00,296.6,0.0,0.0,296.6000061035156,0.0,0,0,0,0
03-04 08:00,331.7,0.0,0.0,331.70001220703125,0.0,0,0,0,0
03-04 09:00,321.6,0.0,0.0,318.8999938964844,2.700000047683716,0,0,0,0
03-04 10:00,284.5,0.0,0.0,273.0,11.5,0,0,0,0
03-04 11:00,333.4,0.0,0.0,250.10000610351562,83.30000305175781,0,0,0,0
03-04 12:00,337.9,0.0,0.0,219.60000610351562,118.30000305175781,0,0,0,0
03-04 13:00,322.5,0.0,0.0,217.39999389648438,105.0999984741211,0,0,0,0
03-04 14:00,220.8,0.0,0.0,194.6999969482422,26.100000381469727,0,0,0,0
03-04 15:00,185.4,0.0,0.0,163.39999389648438,22.0,0,0,0,0
03-04 16:00,164.8,0.0,0.0,141.60000610351562,23.200000762939453,0,0,0,0
03-04 17:00,176.6,0.0,0.0,140.0,36.599998474121094,0,0,0,0
03-04 18:00,153.4,0.0,0.0,124.80000305175781,28.600000381469727,0,0,0,0
03-04 19:00,152.2,0.0,0.0,141.0,11.199999809265137,0,0,0,0
03-04 20:00,150.0,0.0,0.0,146.39999389648438,3.5999999046325684,0,0,0,0
03-04 21:00,155.4,0.0,0.0,155.39999389648438,0.0,0,0,0,0
03-04 22:00,155.4,0.0,0.0,155.39999389648438,0.0,0,0,0,0
03-04 23:00,167.1,0.0,0.0,167.10000610351562,0.0,0,0,0,0
04-04 00:00,169.1,0.0,0.0,169.10000610351562,0.0,0,0,0,0
04-04 01:00,174.2,0.0,0.0,174.1999969482422,0.0,0,0,0,0
04-04 02:00,168.6,0.0,0.0,168.60000610351562,0.0,0,0,0,0
04-04 03:00,199.4,0.0,0.0,199.39999389648438,0.0,0,0,0,0
04-04 04:00,227.0,0.0,0.0,227.0,0.0,0,0,0,0
04-04 05:00,295.5,0.0,0.0,295.5,0.0,0,0,0,0
04-04 06:00,296.2,0.0,0.0,296.20001220703125,0.0,0,0,0,0
04-04 07:00,323.8,0.0,0.0,323.79998779296875,0.0,0,0,0,0
04-04 08:00,340.0,0.0,0.0,340.0,0.0,0,0,0,0
04-04 09:00,269.5,0.0,0.0,267.3999938964844,2.0999999046325684,0,0,0,0
04-04 10:00,276.2,0.0,0.0,264.8999938964844,11.300000190734863,0,0,0,0
04-04 11:00,334.3,0.0,0.0,252.0,82.30000305175781,0,0,0,0
04-04 12:00,336.7,0.0,0.0,217.39999389648438,119.30000305175781,0,0,0,0
04-04 13:00,346.1,0.0,0.0,237.1999969482422,108.9000015258789,0,0,0,0
04-04 14:00,213.8,0.0,0.0,189.6999969482422,24.100000381469727,0,0,0,0
04-04 15:00,203.6,0.0,0.0,181.5,22.100000381469727,0,0,0,0
04-04 16:00,180.1,0.0,0.0,156.6999969482422,23.399999618530273,0,0,0,0
04-04 17:00,161.7,0.0,0.0,127.5,34.20000076293945,0,0,0,0
04-04 18:00,141.7,0.0,0.0,114.5,27.200000762939453,0,0,0,0
04-04 19:00,138.4,0.0,0.0,127.30000305175781,11.100000381469727,0,0,0,0
04-04 20:00,142.0,0.0,0.0,138.10000610351562,3.9000000953674316,0,0,0,0
04-04 21:00,143.8,0.0,0.0,143.8000030517578,0.0,0,0,0,0
04-04 22:00,160.5,0.0,0.0,160.5,0.0,0,0,0,0
04-04 23:00,154.2,0.0,0.0,154.1999969482422,0.0,0,0,0,0
05-04 00:00,147.0,0.0,0.0,147.0,0.0,0,0,0,0
05-04 01:00,194.8,0.0,0.0,194.8000030517578,0.0,0,0,0,0
05-04 02:00,159.9,0.0,0.0,159.89999389648438,0.0,0,0,0,0
05-04 03:00,187.4,0.0,0.0,187.39999389648438,0.0,0,0,0,0
05-04 04:00,223.3,0.0,0.0,223.3000030517578,0.0,0,0,0,0
05-04 05:00,287.3,0.0,0.0,287.29998779296875,0.0,0,0,0,0
05-04 06:00,301.1,0.0,0.0,301.1000061035156,0.0,0,0,0,0
05-04 07:00,296.0,0.0,0.0,296.0,0.0,0,0,0,0
05-04 08:00,330.7,0.0,0.0,330.70001220703125,0.0,0,0,0,0
05-04 09:00,271.6,0.0,0.0,269.29998779296875,2.299999952316284,0,0,0,0
05-04 10:00,256.9,0.0,0.0,245.8000030517578,11.0,0,0,0,0
05-04 11:00,306.7,0.0,0.0,226.10000610351562,80.5999984741211,0,0,0,0
05-04 12:00,345.0,0.0,0.0,218.5,126.5,0,0,0,0
05-04 13:00,285.2,0.0,0.0,184.5,100.69999694824219,0,0,0,0
05-04 14:00,187.9,0.0,0.0,163.8000030517578,24.100000381469727,0,0,0,0
05-04 15:00,176.9,0.0,0.0,155.0,21.899999618530273,0,0,0,0
05-04 16:00,162.0,0.0,0.0,137.0,25.0,0,0,0,0
05-04 17:00,142.7,0.0,0.0,109.9000015258789,32.79999923706055,0,0,0,0
05-04 18:00,146.4,0.0,0.0,115.9000015258789,30.5,0,0,0,0
05-04 19:00,132.7,0.0,0.0,121.0999984741211,11.600000381469727,0,0,0,0
05-04 20:00,115.1,0.0,0.0,111.5999984741211,3.5,0,0,0,0
05-04 21:00,112.8,0.0,0.0,112.80000305175781,0.0,0,0,0,0
05-04 22:00,144.2,0.0,0.0,144.1999969482422,0.0,0,0,0,0
05-04 23:00,140.2,0.0,0.0,140.1999969482422,0.0,0,0,0,0
06-04 00:00,161.1,0.0,0.0,161.10000610351562,0.0,0,0,0,0
06-04 01:00,164.3,0.0,0.0,164.3000030517578,0.0,0,0,0,0
06-04 02:00,145.4,0.0,0.0,145.39999389648438,0.0,0,0,0,0
06-04 03:00,147.4,0.0,0.0,147.39999389648438,0.0,0,0,0,0
06-04 04:00,148.2,0.0,0.0,148.1999969482422,0.0,0,0,0,0
06-04 05:00,213.3,0.0,0.0,213.3000030517578,0.0,0,0,0,0
06-04 06:00,235.6,0.0,0.0,235.60000610351562,0.0,0,0,0,0
06-04 07:00,271.0,0.0,0.0,271.0,0.0,0,0,0,0
06-04 08:00,267.0,0.0,0.0,267.0,0.0,0,0,0,0
06-04 09:00,265.4,0.0,0.0,263.0,2.4000000953674316,0,0,0,0
06-04 10:00,243.9,0.0,0.0,232.8000030517578,11.100000381469727,0,0,0,0
06-04 11:00,314.6,0.0,0.0,232.5,82.0999984741211,0,0,0,0
06-04 12:00,346.1,0.0,0.0,217.39999389648438,128.6999969482422,0,0,0,0
06-04 13:00,265.8,0.0,0.0,173.3000030517578,92.5,0,0,0,0
06-04 14:00,218.6,0.0,0.0,192.39999389648438,26.200000762939453,0,0,0,0
06-04 15:00,186.7,0.0,0.0,164.39999389648438,22.299999237060547,0,0,0,0
06-04 16:00,153.1,0.0,0.0,129.60000610351562,23.5,0,0,0,0
06-04 17:00,151.2,0.0,0.0,117.0999984741211,34.099998474121094,0,0,0,0
06-04 18:00,142.0,0.0,0.0,113.19999694824219,28.799999237060547,0,0,0,0
06-04 19:00,118.4,0.0,0.0,107.69999694824219,10.699999809265137,0,0,0,0
06-04 20:00,117.2,0.0,0.0,113.5999984741211,3.5999999046325684,0,0,0,0
06-04 21:00,125.2,0.0,0.0,125.19999694824219,0.0,0,0,0,0
06-04 22:00,129.5,0.0,0.0,129.5,0.0,0,0,0,0
06-04 23:00,138.6,0.0,0.0,138.60000610351562,0.0,0,0,0,0
07-04 00:00,135.0,0.0,0.0,135.0,0.0,0,0,0,0
07-04 01:00,153.1,0.0,0.0,153.10000610351562,0.0,0,0,0,0
07-04 02:00,155.4,0.0,0.0,155.39999389648438,0.0,0,0,0,0
07-04 03:00,167.1,0.0,0.0,167.10000610351562,0.0,0,0,0,0
07-04 04:00,172.2,0.0,0.0,172.1999969482422,0.0,0,0,0,0
07-04 05:00,207.4,0.0,0.0,207.39999389648438,0.0,0,0,0,0
07-04 06:00,178.1,0.0,0.0,178.10000610351562,0.0,0,0,0,0
07-04 07:00,180.4,0.0,0.0,180.39999389648438,0.0,0,0,0,0
07-04 08:00,166.2,0.0,0.0,166.1999969482422,0.0,0,0,0,0
07-04 09:00,141.4,0.0,0.0,141.39999389648438,0.0,0,0,0,0
07-04 10:00,101.7,0.0,0.0,100.5,1.2000000476837158,0,0,0,0
07-04 11:00,100.3,0.0,0.0,90.5999984741211,9.699999809265137,0,0,0,0
07-04 12:00,100.2,0.0,0.0,85.19999694824219,15.0,0,0,0,0
07-04 13:00,89.1,0.0,0.0,76.4000015258789,12.699999809265137,0,0,0,0
07-04 14:00,74.7,0.0,0.0,72.19999694824219,2.5,0,0,0,0
07-04 15:00,70.6,0.0,0.0,68.19999694824219,2.4000000953674316,0,0,0,0
07-04 16:00,73.5,0.0,0.0,71.0,2.5,0,0,0,0
07-04 17:00,73.5,0.0,0.0,69.69999694824219,3.799999952316284,0,0,0,0
07-04 18:00,76.3,0.0,0.0,72.5,3.799999952316284,0,0,0,0
07-04 19:00,79.7,0.0,0.0,78.5,1.2000000476837158,0,0,0,0
07-04 20:00,81.3,0.0,0.0,81.30000305175781,0.0,0,0,0,0
07-04 21:00,80.5,0.0,0.0,80.5,0.0,0,0,0,0
07-04 22:00,77.3,0.0,0.0,77.30000305175781,0.0,0,0,0,0
07-04 23:00,84.2,0.0,0.0,84.19999694824219,0.0,0,0,0,0
08-04 00:00,72.7,0.0,0.0,72.69999694824219,0.0,0,0,0,0
08-04 01:00,79.0,0.0,0.0,79.0,0.0,0,0,0,0
08-04 02:00,91.3,0.0,0.0,91.30000305175781,0.0,0,0,0,0
08-04 03:00,85.9,0.0,0.0,85.9000015258789,0.0,0,0,0,0
08-04 04:00,99.2,0.0,0.0,99.19999694824219,0.0,0,0,0,0
08-04 05:00,98.7,0.0,0.0,98.69999694824219,0.0,0,0,0,0
08-04 06:00,96.8,0.0,0.0,96.80000305175781,0.0,0,0,0,0
08-04 07:00,96.4,0.0,0.0,96.4000015258789,0.0,0,0,0,0
08-04 08:00,105.9,0.0,0.0,105.9000015258789,0.0,0,0,0,0
08-04 09:00,94.5,0.0,0.0,94.5,0.0,0,0,0,0
08-04 10:00,96.1,0.0,0.0,94.9000015258789,1.2000000476837158,0,0,0,0
08-04 11:00,97.1,0.0,0.0,91.19999694824219,5.900000095367432,0,0,0,0
08-04 12:00,92.5,0.0,0.0,84.19999694824219,8.300000190734863,0,0,0,0
08-04 13:00,83.7,0.0,0.0,76.4000015258789,7.300000190734863,0,0,0,0
08-04 14:00,74.6,0.0,0.0,73.4000015258789,1.2000000476837158,0,0,0,0
08-04 15:00,69.6,0.0,0.0,68.4000015258789,1.2000000476837158,0,0,0,0
08-04 16:00,66.1,0.0,0.0,64.9000015258789,1.2000000476837158,0,0,0,0
08-04 17:00,65.1,0.0,0.0,62.79999923706055,2.299999952316284,0,0,0,0
08-04 18:00,69.7,0.0,0.0,67.19999694824219,2.5999999046325684,0,0,0,0
08-04 19:00,66.6,0.0,0.0,65.5,1.100000023841858,0,0,0,0
08-04 20:00,70.5,0.0,0.0,70.5,0.0,0,0,0,0
08-04 21:00,73.6,0.0,0.0,73.5999984741211,0.0,0,0,0,0
08-04 22:00,86.2,0.0,0.0,86.19999694824219,0.0,0,0,0,0
08-04 23:00,95.6,0.0,0.0,95.5999984741211,0.0,0,0,0,0
09-04 00:00,92.0,0.0,0.0,92.0,0.0,0,0,0,0
09-04 01:00,100.9,0.0,0.0,100.9000015258789,0.0,0,0,0,0
09-04 02:00,114.5,0.0,0.0,114.5,0.0,0,0,0,0
09-04 03:00,120.6,0.0,0.0,120.5999984741211,0.0,0,0,0,0
09-04 04:00,144.5,0.0,0.0,144.5,0.0,0,0,0,0
09-04 05:00,183.8,0.0,0.0,183.8000030517578,0.0,0,0,0,0
09-04 06:00,179.9,0.0,0.0,179.89999389648438,0.0,0,0,0,0
09-04 07:00,186.5,0.0,0.0,186.5,0.0,0,0,0,0
09-04 08:00,183.7,0.0,0.0,183.6999969482422,0.0,0,0,0,0
09-04 09:00,156.6,0.0,0.0,154.10000610351562,2.5,0,0,0,0
09-04 10:00,143.9,0.0,0.0,132.5,11.399999618530273,0,0,0,0
09-04 11:00,177.9,0.0,0.0,104.19999694824219,73.69999694824219,0,0,0,0
09-04 12:00,219.9,0.0,0.0,98.0,121.9000015258789,0,0,0,0
09-04 13:00,182.0,0.0,0.0,83.0,99.0,0,0,0,0
09-04 14:00,91.5,0.0,0.0,68.0999984741211,23.399999618530273,0,0,0,0
09-04 15:00,77.3,0.0,0.0,56.900001525878906,20.399999618530273,0,0,0,0
09-04 16:00,72.5,0.0,0.0,47.099998474121094,25.399999618530273,0,0,0,0
09-04 17:00,65.9,0.0,0.0,33.0,32.900001525878906,0,0,0,0
09-04 18:00,52.2,0.0,0.0,25.600000381469727,26.600000381469727,0,0,0,0
09-04 19:00,53.4,0.0,0.0,42.5,10.899999618530273,0,0,0,0
09-04 20:00,59.0,0.0,0.0,55.400001525878906,3.5999999046325684,0,0,0,0
09-04 21:00,63.9,0.0,0.0,63.900001525878906,0.0,0,0,0,0
09-04 22:00,72.5,0.0,0.0,72.5,0.0,0,0,0,0
09-04 23:00,87.0,0.0,0.0,87.0,0.0,0,0,0,0
10-04 00:00,84.8,0.0,0.0,84.80000305175781,0.0,0,0,0,0
10-04 01:00,94.4,0.0,0.0,94.4000015258789,0.0,0,0,0,0
10-04 02:00,108.5,0.0,0.0,108.5,0.0,0,0,0,0
10-04 03:00,119.5,0.0,0.0,119.5,0.0,0,0,0,0
10-04 04:00,132.8,0.0,0.0,132.8000030517578,0.0,0,0,0,0
10-04 05:00,150.0,0.0,0.0,150.0,0.0,0,0,0,0
10-04 06:00,153.2,0.0,0.0,153.1999969482422,0.0,0,0,0,0
10-04 07:00,166.1,0.0,0.0,166.10000610351562,0.0,0,0,0,0
10-04 08:00,142.1,0.0,0.0,142.10000610351562,0.0,0,0,0,0
10-04 09:00,105.3,0.0,0.0,102.9000015258789,2.4000000953674316,0,0,0,0
10-04 10:00,82.0,0.0,0.0,71.5,10.5,0,0,0,0
10-04 11:00,146.4,0.0,0.0,68.0999984741211,78.30000305175781,0,0,0,0
10-04 12:00,176.4,0.0,0.0,60.79999923706055,115.5999984741211,0,0,0,0
10-04 13:00,159.0,0.0,0.0,59.20000076293945,99.80000305175781,0,0,0,0
10-04 14:00,82.2,0.0,0.0,57.099998474121094,25.100000381469727,0,0,0,0
10-04 15:00,69.7,0.0,0.0,47.79999923706055,21.899999618530273,0,0,0,0
10-04 16:00,62.1,0.0,0.0,36.79999923706055,25.299999237060547,0,0,0,0
10-04 17:00,56.9,0.0,0.0,25.0,31.899999618530273,0,0,0,0
10-04 18:00,47.6,0.0,0.0,20.399999618530273,27.200000762939453,0,0,0,0
10-04 19:00,31.3,0.0,0.0,20.600000381469727,10.699999809265137,0,0,0,0
10-04 20:00,22.5,0.0,0.0,18.899999618530273,3.5999999046325684,0,0,0,0
10-04 21:00,32.7,0.0,0.0,32.70000076293945,0.0,0,0,0,0
10-04 22:00,50.6,0.0,0.0,50.599998474121094,0.0,0,0,0,0
10-04 23:00,66.6,0.0,0.0,66.5999984741211,0.0,0,0,0,0
11-04 00:00,57.2,0.0,0.0,57.20000076293945,0.0,0,0,0,0
11-04 01:00,69.7,0.0,0.0,69.69999694824219,0.0,0,0,0,0
11-04 02:00,72.1,0.0,0.0,72.0999984741211,0.0,0,0,0,0
11-04 03:00,79.7,0.0,0.0,79.69999694824219,0.0,0,0,0,0
11-04 04:00,81.3,0.0,0.0,81.30000305175781,0.0,0,0,0,0
11-04 05:00,91.4,0.0,0.0,91.4000015258789,0.0,0,0,0,0
11-04 06:00,99.9,0.0,0.0,99.9000015258789,0.0,0,0,0,0
11-04 07:00,86.7,0.0,0.0,86.5999984741211,0.0,0,0,0,0
11-04 08:00,73.9,0.0,0.0,73.9000015258789,0.0,0,0,0,0
11-04 09:00,52.2,0.0,0.0,49.900001525878906,2.299999952316284,0,0,0,0
11-04 10:00,54.9,0.0,0.0,44.099998474121094,10.800000190734863,0,0,0,0
11-04 11:00,121.3,0.0,0.0,41.5,79.80000305175781,0,0,0,0
11-04 12:00,151.8,0.0,0.0,36.400001525878906,115.4000015258789,0,0,0,0
11-04 13:00,139.1,0.0,0.0,36.5,102.5999984741211,0,0,0,0
11-04 14:00,55.7,0.0,0.0,32.099998474121094,23.600000381469727,0,0,0,0
11-04 15:00,49.4,0.0,0.0,28.0,21.399999618530273,0,0,0,0
11-04 16:00,45.9,0.0,0.0,21.399999618530273,24.600000381469727,0,0,0,0
11-04 17:00,49.2,0.0,0.0,15.699999809265137,33.5,0,0,0,0
11-04 18:00,40.9,0.0,0.0,12.699999809265137,28.200000762939453,0,0,0,0
11-04 19:00,23.5,0.0,0.0,12.600000381469727,10.899999618530273,0,0,0,0
11-04 20:00,13.7,0.0,0.0,10.399999618530273,3.299999952316284,0,0,0,0
11-04 21:00,11.1,0.0,0.0,11.100000381469727,0.0,0,0,0,0
11-04 22:00,26.6,0.0,0.0,26.600000381469727,0.0,0,0,0,0
11-04 23:00,25.8,0.0,0.0,25.799999237060547,0.0,0,0,0,0
12-04 00:00,52.1,0.0,0.0,52.099998474121094,0.0,0,0,0,0
12-04 01:00,74.9,0.0,0.0,74.9000015258789,0.0,0,0,0,0
12-04 02:00,78.0,0.0,0.0,78.0,0.0,0,0,0,0
12-04 03:00,95.5,0.0,0.0,95.5,0.0,0,0,0,0
12-04 04:00,105.7,0.0,0.0,105.69999694824219,0.0,0,0,0,0
12-04 05:00,142.5,0.0,0.0,142.5,0.0,0,0,0,0
12-04 06:00,155.9,0.0,0.0,155.89999389648438,0.0,0,0,0,0
12-04 07:00,174.0,0.0,0.0,174.0,0.0,0,0,0,0
12-04 08:00,164.4,0.0,0.0,164.39999389648438,0.0,0,0,0,0
12-04 09:00,164.2,0.0,0.0,161.6999969482422,2.5999999046325684,0,0,0,0
12-04 10:00,130.1,0.0,0.0,119.4000015258789,10.699999809265137,0,0,0,0
12-04 11:00,195.1,0.0,0.0,112.30000305175781,82.80000305175781,0,0,0,0
12-04 12:00,199.5,0.0,0.0,86.5999984741211,112.80000305175781,0,0,0,0
12-04 13:00,181.3,0.0,0.0,84.80000305175781,96.5,0,0,0,0
12-04 14:00,91.1,0.0,0.0,66.80000305175781,24.299999237060547,0,0,0,0
12-04 15:00,79.4,0.0,0.0,57.599998474121094,21.799999237060547,0,0,0,0
12-04 16:00,73.4,0.0,0.0,49.599998474121094,23.799999237060547,0,0,0,0
12-04 17:00,79.0,0.0,0.0,46.599998474121094,32.400001525878906,0,0,0,0
12-04 18:00,83.4,0.0,0.0,53.29999923706055,30.100000381469727,0,0,0,0
12-04 19:00,74.0,0.0,0.0,63.400001525878906,10.600000381469727,0,0,0,0
12-04 20:00,77.0,0.0,0.0,73.19999694824219,3.799999952316284,0,0,0,0
12-04 21:00,79.9,0.0,0.0,79.9000015258789,0.0,0,0,0,0
12-04 22:00,92.3,0.0,0.0,92.4000015258789,0.0,0,0,0,0
12-04 23:00,70.7,0.0,0.0,70.69999694824219,0.0,0,0,0,0
13-04 00:00,79.2,0.0,0.0,79.19999694824219,0.0,0,0,0,0
13-04 01:00,57.2,0.0,0.0,57.20000076293945,0.0,0,0,0,0
13-04 02:00,60.2,0.0,0.0,60.20000076293945,0.0,0,0,0,0
13-04 03:00,57.2,0.0,0.0,57.20000076293945,0.0,0,0,0,0
13-04 04:00,61.2,0.0,0.0,61.20000076293945,0.0,0,0,0,0
13-04 05:00,130.8,0.0,0.0,130.8000030517578,0.0,0,0,0,0
13-04 06:00,140.3,0.0,0.0,140.3000030517578,0.0,0,0,0,0
13-04 07:00,144.6,0.0,0.0,144.60000610351562,0.0,0,0,0,0
13-04 08:00,176.6,0.0,0.0,176.60000610351562,0.0,0,0,0,0
13-04 09:00,159.8,0.0,0.0,157.39999389648438,2.4000000953674316,0,0,0,0
13-04 10:00,154.4,0.0,0.0,143.5,10.899999618530273,0,0,0,0
13-04 11:00,204.7,0.0,0.0,126.80000305175781,77.9000015258789,0,0,0,0
13-04 12:00,237.4,0.0,0.0,115.0999984741211,122.30000305175781,0,0,0,0
13-04 13:00,196.8,0.0,0.0,102.5,94.30000305175781,0,0,0,0
13-04 14:00,120.8,0.0,0.0,97.80000305175781,23.0,0,0,0,0
13-04 15:00,118.5,0.0,0.0,96.0,22.399999618530273,0,0,0,0
13-04 16:00,111.6,0.0,0.0,85.0,26.600000381469727,0,0,0,0
13-04 17:00,96.8,0.0,0.0,64.4000015258789,32.400001525878906,0,0,0,0
13-04 18:00,96.7,0.0,0.0,68.30000305175781,28.399999618530273,0,0,0,0
13-04 19:00,79.8,0.0,0.0,69.69999694824219,10.100000381469727,0,0,0,0
13-04 20:00,71.6,0.0,0.0,68.19999694824219,3.4000000953674316,0,0,0,0
13-04 21:00,87.7,0.0,0.0,87.69999694824219,0.0,0,0,0,0
13-04 22:00,95.6,0.0,0.0,95.5999984741211,0.0,0,0,0,0
13-04 23:00,103.2,0.0,0.0,103.19999694824219,0.0,0,0,0,0
14-04 00:00,103.6,0.0,0.0,103.5999984741211,0.0,0,0,0,0
14-04 01:00,111.6,0.0,0.0,111.5999984741211,0.0,0,0,0,0
14-04 02:00,130.2,0.0,0.0,130.1999969482422,0.0,0,0,0,0
14-04 03:00,140.6,0.0,0.0,140.60000610351562,0.0,0,0,0,0
14-04 04:00,141.8,0.0,0.0,141.8000030517578,0.0,0,0,0,0
14-04 05:00,155.8,0.0,0.0,155.8000030517578,0.0,0,0,0,0
14-04 06:00,141.7,0.0,0.0,141.6999969482422,0.0,0,0,0,0
14-04 07:00,150.0,0.0,0.0,150.0,0.0,0,0,0,0
14-04 08:00,113.9,0.0,0.0,114.0,0.0,0,0,0,0
14-04 09:00,96.2,0.0,0.0,96.19999694824219,0.0,0,0,0,0
14-04 10:00,72.5,0.0,0.0,71.4000015258789,1.2000000476837158,0,0,0,0
14-04 11:00,70.3,0.0,0.0,60.5,9.800000190734863,0,0,0,0
14-04 12:00,53.9,0.0,0.0,38.400001525878906,15.5,0,0,0,0
14-04 13:00,51.3,0.0,0.0,39.900001525878906,11.399999618530273,0,0,0,0
14-04 14:00,44.4,0.0,0.0,41.900001525878906,2.5,0,0,0,0
14-04 15:00,51.2,0.0,0.0,48.70000076293945,2.5,0,0,0,0
14-04 16:00,37.7,0.0,0.0,35.20000076293945,2.5,0,0,0,0
14-04 17:00,36.4,0.0,0.0,32.79999923706055,3.5999999046325684,0,0,0,0
14-04 18:00,31.6,0.0,0.0,28.100000381469727,3.5999999046325684,0,0,0,0
14-04 19:00,36.8,0.0,0.0,35.599998474121094,1.2000000476837158,0,0,0,0
14-04 20:00,36.9,0.0,0.0,36.900001525878906,0.0,0,0,0,0
14-04 21:00,40.0,0.0,0.0,40.0,0.0,0,0,0,0
14-04 22:00,44.7,0.0,0.0,44.70000076293945,0.0,0,0,0,0
14-04 23:00,48.9,0.0,0.0,48.900001525878906,0.0,0,0,0,0
15-04 00:00,30.1,0.0,0.0,30.100000381469727,0.0,0,0,0,0
15-04 01:00,37.4,0.0,0.0,37.400001525878906,0.0,0,0,0,0
15-04 02:00,30.4,0.0,0.0,30.399999618530273,0.0,0,0,0,0
15-04 03:00,30.1,0.0,0.0,30.100000381469727,0.0,0,0,0,0
15-04 04:00,38.1,0.0,0.0,38.099998474121094,0.0,0,0,0,0
15-04 05:00,45.9,0.0,0.0,45.900001525878906,0.0,0,0,0,0
15-04 06:00,45.4,0.0,0.0,45.400001525878906,0.0,0,0,0,0
15-04 07:00,48.1,0.0,0.0,48.099998474121094,0.0,0,0,0,0
15-04 08:00,44.6,0.0,0.0,44.599998474121094,0.0,0,0,0,0
15-04 09:00,23.6,0.0,0.0,23.600000381469727,0.0,0,0,0,0
15-04 10:00,7.8,0.0,0.0,6.599999904632568,1.2000000476837158,0,0,0,0
15-04 11:00,12.3,0.0,0.0,6.5,5.800000190734863,0,0,0,0
15-04 12:00,15.0,0.0,0.0,6.699999809265137,8.300000190734863,0,0,0,0
15-04 13:00,13.6,0.0,0.0,6.400000095367432,7.199999809265137,0,0,0,0
15-04 14:00,8.0,0.0,0.0,6.699999809265137,1.2999999523162842,0,0,0,0
15-04 15:00,7.8,0.0,0.0,6.599999904632568,1.2000000476837158,0,0,0,0
15-04 16:00,7.2,0.0,0.0,6.0,1.2000000476837158,0,0,0,0
15-04 17:00,7.9,0.0,0.0,5.599999904632568,2.4000000953674316,0,0,0,0
15-04 18:00,8.2,0.0,0.0,5.699999809265137,2.5,0,0,0,0
15-04 19:00,6.7,0.0,0.0,5.5,1.2000000476837158,0,0,0,0
15-04 20:00,5.3,0.0,0.0,5.300000190734863,0.0,0,0,0,0
15-04 21:00,5.5,0.0,0.0,5.5,0.0,0,0,0,0
15-04 22:00,5.6,0.0,0.0,5.599999904632568,0.0,0,0,0,0
15-04 23:00,5.7,0.0,0.0,5.699999809265137,0.0,0,0,0,0
16-04 00:00,32.3,0.0,0.0,32.29999923706055,0.0,0,0,0,0
16-04 01:00,48.2,0.0,0.0,48.20000076293945,0.0,0,0,0,0
16-04 02:00,55.5,0.0,0.0,55.5,0.0,0,0,0,0
16-04 03:00,62.1,0.0,0.0,62.099998474121094,0.0,0,0,0,0
16-04 04:00,76.1,0.0,0.0,76.0999984741211,0.0,0,0,0,0
16-04 05:00,98.3,0.0,0.0,98.4000015258789,0.0,0,0,0,0
16-04 06:00,112.4,0.0,0.0,112.4000015258789,0.0,0,0,0,0
16-04 07:00,122.9,0.0,0.0,122.9000015258789,0.0,0,0,0,0
16-04 08:00,143.9,0.0,0.0,143.89999389648438,0.0,0,0,0,0
16-04 09:00,123.2,0.0,0.0,120.9000015258789,2.299999952316284,0,0,0,0
16-04 10:00,102.3,0.0,0.0,91.9000015258789,10.399999618530273,0,0,0,0
16-04 11:00,175.2,0.0,0.0,93.80000305175781,81.4000015258789,0,0,0,0
16-04 12:00,202.1,0.0,0.0,79.19999694824219,122.9000015258789,0,0,0,0
16-04 13:00,152.4,0.0,0.0,60.5,91.9000015258789,0,0,0,0
16-04 14:00,94.3,0.0,0.0,70.0,24.299999237060547,0,0,0,0
16-04 15:00,77.2,0.0,0.0,55.099998474121094,22.100000381469727,0,0,0,0
16-04 16:00,78.5,0.0,0.0,53.0,25.5,0,0,0,0
16-04 17:00,71.9,0.0,0.0,40.0,31.899999618530273,0,0,0,0
16-04 18:00,80.0,0.0,0.0,52.29999923706055,27.700000762939453,0,0,0,0
16-04 19:00,71.8,0.0,0.0,60.900001525878906,11.0,0,0,0,0
16-04 20:00,61.5,0.0,0.0,57.900001525878906,3.5999999046325684,0,0,0,0
16-04 21:00,76.0,0.0,0.0,76.0,0.0,0,0,0,0
16-04 22:00,85.8,0.0,0.0,85.80000305175781,0.0,0,0,0,0
16-04 23:00,81.4,0.0,0.0,81.4000015258789,0.0,0,0,0,0
17-04 00:00,102.9,0.0,0.0,102.9000015258789,0.0,0,0,0,0
17-04 01:00,125.9,0.0,0.0,125.9000015258789,0.0,0,0,0,0
17-04 02:00,142.4,0.0,0.0,142.39999389648438,0.0,0,0,0,0
17-04 03:00,132.9,0.0,0.0,132.89999389648438,0.0,0,0,0,0
17-04 04:00,161.9,0.0,0.0,161.89999389648438,0.0,0,0,0,0
17-04 05:00,207.7,0.0,0.0,207.6999969482422,0.0,0,0,0,0
17-04 06:00,216.4,0.0,0.0,216.39999389648438,0.0,0,0,0,0
17-04 07:00,223.0,0.0,0.0,223.0,0.0,0,0,0,0
17-04 08:00,261.9,0.0,0.0,261.8999938964844,0.0,0,0,0,0
17-04 09:00,218.4,0.0,0.0,216.0,2.299999952316284,0,0,0,0
17-04 10:00,199.3,0.0,0.0,188.6999969482422,10.600000381469727,0,0,0,0
17-04 11:00,257.6,0.0,0.0,180.1999969482422,77.4000015258789,0,0,0,0
17-04 12:00,291.3,0.0,0.0,168.60000610351562,122.69999694824219,0,0,0,0
17-04 13:00,252.1,0.0,0.0,151.5,100.5999984741211,0,0,0,0
17-04 14:00,167.2,0.0,0.0,143.0,24.299999237060547,0,0,0,0
17-04 15:00,142.6,0.0,0.0,120.69999694824219,21.899999618530273,0,0,0,0
17-04 16:00,120.8,0.0,0.0,96.80000305175781,24.0,0,0,0,0
17-04 17:00,109.5,0.0,0.0,77.69999694824219,31.799999237060547,0,0,0,0
17-04 18:00,101.2,0.0,0.0,72.5999984741211,28.5,0,0,0,0
17-04 19:00,100.1,0.0,0.0,89.80000305175781,10.300000190734863,0,0,0,0
17-04 20:00,99.6,0.0,0.0,96.0999984741211,3.5,0,0,0,0
17-04 21:00,95.1,0.0,0.0,95.0999984741211,0.0,0,0,0,0
17-04 22:00,99.1,0.0,0.0,99.0999984741211,0.0,0,0,0,0
17-04 23:00,103.6,0.0,0.0,103.5999984741211,0.0,0,0,0,0
18-04 00:00,113.1,0.0,0.0,113.0999984741211,0.0,0,0,0,0
18-04 01:00,126.1,0.0,0.0,126.0999984741211,0.0,0,0,0,0
18-04 02:00,136.5,0.0,0.0,136.5,0.0,0,0,0,0
18-04 03:00,133.3,0.0,0.0,133.3000030517578,0.0,0,0,0,0
18-04 04:00,165.6,0.0,0.0,165.60000610351562,0.0,0,0,0,0
18-04 05:00,211.3,0.0,0.0,211.3000030517578,0.0,0,0,0,0
18-04 06:00,225.2,0.0,0.0,225.1999969482422,0.0,0,0,0,0
18-04 07:00,233.0,0.0,0.0,233.0,0.0,0,0,0,0
18-04 08:00,250.8,0.0,0.0,250.8000030517578,0.0,0,0,0,0
18-04 09:00,225.2,0.0,0.0,222.8000030517578,2.4000000953674316,0,0,0,0
18-04 10:00,204.1,0.0,0.0,193.5,10.600000381469727,0,0,0,0
18-04 11:00,256.6,0.0,0.0,181.0,75.69999694824219,0,0,0,0
18-04 12:00,278.0,0.0,0.0,162.6999969482422,115.30000305175781,0,0,0,0
18-04 13:00,235.6,0.0,0.0,146.0,89.5999984741211,0,0,0,0
18-04 14:00,186.0,0.0,0.0,160.8000030517578,25.200000762939453,0,0,0,0
18-04 15:00,153.8,0.0,0.0,132.0,21.799999237060547,0,0,0,0
18-04 16:00,119.4,0.0,0.0,96.0999984741211,23.299999237060547,0,0,0,0
18-04 17:00,112.3,0.0,0.0,80.19999694824219,32.099998474121094,0,0,0,0
18-04 18:00,103.5,0.0,0.0,74.80000305175781,28.700000762939453,0,0,0,0
18-04 19:00,98.7,0.0,0.0,87.9000015258789,10.800000190734863,0,0,0,0
18-04 20:00,94.0,0.0,0.0,90.5,3.5,0,0,0,0
18-04 21:00,109.4,0.0,0.0,109.4000015258789,0.0,0,0,0,0
18-04 22:00,124.4,0.0,0.0,124.4000015258789,0.0,0,0,0,0
18-04 23:00,126.2,0.0,0.0,126.19999694824219,0.0,0,0,0,0
19-04 00:00,134.5,0.0,0.0,134.5,0.0,0,0,0,0
19-04 01:00,140.1,0.0,0.0,140.10000610351562,0.0,0,0,0,0
19-04 02:00,148.3,0.0,0.0,148.3000030517578,0.0,0,0,0,0
19-04 03:00,156.3,0.0,0.0,156.3000030517578,0.0,0,0,0,0
19-04 04:00,170.0,0.0,0.0,170.0,0.0,0,0,0,0
19-04 05:00,209.8,0.0,0.0,209.8000030517578,0.0,0,0,0,0
19-04 06:00,217.2,0.0,0.0,217.1999969482422,0.0,0,0,0,0
19-04 07:00,201.9,0.0,0.0,201.8000030517578,0.0,0,0,0,0
19-04 08:00,190.0,0.0,0.0,190.0,0.0,0,0,0,0
19-04 09:00,172.5,0.0,0.0,170.0,2.4000000953674316,0,0,0,0
19-04 10:00,144.4,0.0,0.0,134.0,10.399999618530273,0,0,0,0
19-04 11:00,212.7,0.0,0.0,130.10000610351562,82.5999984741211,0,0,0,0
19-04 12:00,224.9,0.0,0.0,106.19999694824219,118.5999984741211,0,0,0,0
19-04 13:00,194.2,0.0,0.0,97.9000015258789,96.30000305175781,0,0,0,0
19-04 14:00,121.5,0.0,0.0,96.80000305175781,24.700000762939453,0,0,0,0
19-04 15:00,102.4,0.0,0.0,79.30000305175781,23.100000381469727,0,0,0,0
19-04 16:00,85.9,0.0,0.0,62.20000076293945,23.700000762939453,0,0,0,0
19-04 17:00,79.5,0.0,0.0,47.5,32.0,0,0,0,0
19-04 18:00,70.2,0.0,0.0,41.79999923706055,28.399999618530273,0,0,0,0
19-04 19:00,75.4,0.0,0.0,64.5999984741211,10.800000190734863,0,0,0,0
19-04 20:00,73.3,0.0,0.0,69.69999694824219,3.5999999046325684,0,0,0,0
19-04 21:00,77.7,0.0,0.0,77.69999694824219,0.0,0,0,0,0
19-04 22:00,91.7,0.0,0.0,91.69999694824219,0.0,0,0,0,0
19-04 23:00,95.3,0.0,0.0,95.30000305175781,0.0,0,0,0,0
20-04 00:00,96.9,0.0,0.0,96.9000015258789,0.0,0,0,0,0
20-04 01:00,120.0,0.0,0.0,120.0,0.0,0,0,0,0
20-04 02:00,115.4,0.0,0.0,115.4000015258789,0.0,0,0,0,0
20-04 03:00,134.2,0.0,0.0,134.1999969482422,0.0,0,0,0,0
20-04 04:00,158.5,0.0,0.0,158.5,0.0,0,0,0,0
20-04 05:00,158.0,0.0,0.0,158.0,0.0,0,0,0,0
20-04 06:00,149.9,0.0,0.0,149.89999389648438,0.0,0,0,0,0
20-04 07:00,149.6,0.0,0.0,149.60000610351562,0.0,0,0,0,0
20-04 08:00,167.2,0.0,0.0,167.1999969482422,0.0,0,0,0,0
20-04 09:00,142.5,0.0,0.0,139.89999389648438,2.5999999046325684,0,0,0,0
20-04 10:00,100.8,0.0,0.0,90.5999984741211,10.100000381469727,0,0,0,0
20-04 11:00,156.2,0.0,0.0,80.0,76.19999694824219,0,0,0,0
20-04 12:00,197.5,0.0,0.0,76.69999694824219,120.80000305175781,0,0,0,0
20-04 13:00,165.1,0.0,0.0,68.9000015258789,96.19999694824219,0,0,0,0
20-04 14:00,88.8,0.0,0.0,65.0999984741211,23.700000762939453,0,0,0,0
20-04 15:00,81.4,0.0,0.0,59.0,22.399999618530273,0,0,0,0
20-04 16:00,61.9,0.0,0.0,39.400001525878906,22.5,0,0,0,0
20-04 17:00,62.9,0.0,0.0,30.600000381469727,32.29999923706055,0,0,0,0
20-04 18:00,61.1,0.0,0.0,33.29999923706055,27.799999237060547,0,0,0,0
20-04 19:00,55.5,0.0,0.0,45.599998474121094,10.0,0,0,0,0
20-04 20:00,58.3,0.0,0.0,54.70000076293945,3.5999999046325684,0,0,0,0
20-04 21:00,71.4,0.0,0.0,71.4000015258789,0.0,0,0,0,0
20-04 22:00,74.8,0.0,0.0,74.80000305175781,0.0,0,0,0,0
20-04 23:00,93.4,0.0,0.0,93.4000015258789,0.0,0,0,0,0
21-04 00:00,104.2,0.0,0.0,104.19999694824219,0.0,0,0,0,0
21-04 01:00,104.2,0.0,0.0,104.19999694824219,0.0,0,0,0,0
21-04 02:00,113.0,0.0,0.0,113.0,0.0,0,0,0,0
21-04 03:00,123.6,0.0,0.0,123.5999984741211,0.0,0,0,0,0
21-04 04:00,123.1,0.0,0.0,123.0999984741211,0.0,0,0,0,0
21-04 05:00,117.1,0.0,0.0,117.0999984741211,0.0,0,0,0,0
21-04 06:00,94.7,0.0,0.0,94.69999694824219,0.0,0,0,0,0
21-04 07:00,66.6,0.0,0.0,66.5999984741211,0.0,0,0,0,0
21-04 08:00,43.1,0.0,0.0,43.099998474121094,0.0,0,0,0,0
21-04 09:00,27.6,0.0,0.0,27.600000381469727,0.0,0,0,0,0
21-04 10:00,24.9,0.0,0.0,23.799999237060547,1.100000023841858,0,0,0,0
21-04 11:00,36.2,0.0,0.0,26.100000381469727,10.100000381469727,0,0,0,0
21-04 12:00,41.7,0.0,0.0,26.399999618530273,15.300000190734863,0,0,0,0
21-04 13:00,34.2,0.0,0.0,22.700000762939453,11.5,0,0,0,0
21-04 14:00,22.7,0.0,0.0,20.5,2.200000047683716,0,0,0,0
21-04 15:00,24.4,0.0,0.0,22.0,2.4000000953674316,0,0,0,0
21-04 16:00,21.6,0.0,0.0,19.100000381469727,2.5,0,0,0,0
21-04 17:00,20.6,0.0,0.0,17.0,3.5999999046325684,0,0,0,0
21-04 18:00,17.8,0.0,0.0,14.199999809265137,3.5999999046325684,0,0,0,0
21-04 19:00,15.6,0.0,0.0,14.399999618530273,1.2000000476837158,0,0,0,0
21-04 20:00,22.2,0.0,0.0,22.200000762939453,0.0,0,0,0,0
21-04 21:00,39.6,0.0,0.0,39.599998474121094,0.0,0,0,0,0
21-04 22:00,49.6,0.0,0.0,49.599998474121094,0.0,0,0,0,0
21-04 23:00,53.9,0.0,0.0,53.900001525878906,0.0,0,0,0,0
22-04 00:00,71.7,0.0,0.0,71.69999694824219,0.0,0,0,0,0
22-04 01:00,82.9,0.0,0.0,82.9000015258789,0.0,0,0,0,0
22-04 02:00,93.4,0.0,0.0,93.4000015258789,0.0,0,0,0,0
22-04 03:00,94.3,0.0,0.0,94.30000305175781,0.0,0,0,0,0
22-04 04:00,94.7,0.0,0.0,94.69999694824219,0.0,0,0,0,0
22-04 05:00,104.1,0.0,0.0,104.0999984741211,0.0,0,0,0,0
22-04 06:00,93.8,0.0,0.0,93.80000305175781,0.0,0,0,0,0
22-04 07:00,89.7,0.0,0.0,89.69999694824219,0.0,0,0,0,0
22-04 08:00,87.4,0.0,0.0,87.4000015258789,0.0,0,0,0,0
22-04 09:00,74.0,0.0,0.0,74.0,0.0,0,0,0,0
22-04 10:00,67.4,0.0,0.0,66.19999694824219,1.2000000476837158,0,0,0,0
22-04 11:00,77.1,0.0,0.0,70.80000305175781,6.300000190734863,0,0,0,0
22-04 12:00,57.9,0.0,0.0,49.70000076293945,8.199999809265137,0,0,0,0
22-04 13:00,56.6,0.0,0.0,49.400001525878906,7.199999809265137,0,0,0,0
22-04 14:00,47.5,0.0,0.0,46.400001525878906,1.100000023841858,0,0,0,0
22-04 15:00,35.7,0.0,0.0,34.5,1.2000000476837158,0,0,0,0
22-04 16:00,42.3,0.0,0.0,41.099998474121094,1.2000000476837158,0,0,0,0
22-04 17:00,50.1,0.0,0.0,47.599998474121094,2.4000000953674316,0,0,0,0
22-04 18:00,47.8,0.0,0.0,45.400001525878906,2.4000000953674316,0,0,0,0
22-04 19:00,58.5,0.0,0.0,57.20000076293945,1.2999999523162842,0,0,0,0
22-04 20:00,78.5,0.0,0.0,78.5,0.0,0,0,0,0
22-04 21:00,84.2,0.0,0.0,84.19999694824219,0.0,0,0,0,0
22-04 22:00,110.1,0.0,0.0,110.0999984741211,0.0,0,0,0,0
22-04 23:00,111.4,0.0,0.0,111.4000015258789,0.0,0,0,0,0
23-04 00:00,103.1,0.0,0.0,103.0999984741211,0.0,0,0,0,0
23-04 01:00,103.1,0.0,0.0,103.0999984741211,0.0,0,0,0,0
23-04 02:00,118.9,0.0,0.0,118.9000015258789,0.0,0,0,0,0
23-04 03:00,129.0,0.0,0.0,129.0,0.0,0,0,0,0
23-04 04:00,150.5,0.0,0.0,150.5,0.0,0,0,0,0
23-04 05:00,172.9,0.0,0.0,172.89999389648438,0.0,0,0,0,0
23-04 06:00,168.0,0.0,0.0,168.0,0.0,0,0,0,0
23-04 07:00,149.3,0.0,0.0,149.3000030517578,0.0,0,0,0,0
23-04 08:00,137.8,0.0,0.0,137.8000030517578,0.0,0,0,0,0
23-04 09:00,118.1,0.0,0.0,115.69999694824219,2.4000000953674316,0,0,0,0
23-04 10:00,107.3,0.0,0.0,96.0999984741211,11.199999809265137,0,0,0,0
23-04 11:00,142.1,0.0,0.0,71.0,71.19999694824219,0,0,0,0
23-04 12:00,179.4,0.0,0.0,67.5,111.9000015258789,0,0,0,0
23-04 13:00,159.1,0.0,0.0,64.4000015258789,94.69999694824219,0,0,0,0
23-04 14:00,81.6,0.0,0.0,59.0,22.600000381469727,0,0,0,0
23-04 15:00,75.7,0.0,0.0,54.099998474121094,21.600000381469727,0,0,0,0
23-04 16:00,64.0,0.0,0.0,40.0,24.0,0,0,0,0
23-04 17:00,61.7,0.0,0.0,29.200000762939453,32.5,0,0,0,0
23-04 18:00,47.4,0.0,0.0,21.899999618530273,25.5,0,0,0,0
23-04 19:00,41.0,0.0,0.0,30.600000381469727,10.399999618530273,0,0,0,0
23-04 20:00,48.0,0.0,0.0,44.599998474121094,3.5,0,0,0,0
23-04 21:00,55.6,0.0,0.0,55.599998474121094,0.0,0,0,0,0
23-04 22:00,66.0,0.0,0.0,66.0,0.0,0,0,0,0
23-04 23:00,70.1,0.0,0.0,70.0999984741211,0.0,0,0,0,0
24-04 00:00,82.4,0.0,0.0,82.4000015258789,0.0,0,0,0,0
24-04 01:00,91.8,0.0,0.0,91.80000305175781,0.0,0,0,0,0
24-04 02:00,87.4,0.0,0.0,87.4000015258789,0.0,0,0,0,0
24-04 03:00,96.8,0.0,0.0,96.80000305175781,0.0,0,0,0,0
24-04 04:00,110.9,0.0,0.0,110.9000015258789,0.0,0,0,0,0
24-04 05:00,129.3,0.0,0.0,129.3000030517578,0.0,0,0,0,0
24-04 06:00,119.3,0.0,0.0,119.4000015258789,0.0,0,0,0,0
24-04 07:00,126.0,0.0,0.0,126.0,0.0,0,0,0,0
24-04 08:00,96.0,0.0,0.0,96.0,0.0,0,0,0,0
24-04 09:00,84.3,0.0,0.0,81.9000015258789,2.4000000953674316,0,0,0,0
24-04 10:00,74.1,0.0,0.0,63.29999923706055,10.800000190734863,0,0,0,0
24-04 11:00,131.0,0.0,0.0,56.099998474121094,74.9000015258789,0,0,0,0
24-04 12:00,155.3,0.0,0.0,48.400001525878906,106.9000015258789,0,0,0,0
24-04 13:00,138.4,0.0,0.0,46.79999923706055,91.5999984741211,0,0,0,0
24-04 14:00,71.7,0.0,0.0,47.5,24.200000762939453,0,0,0,0
24-04 15:00,59.8,0.0,0.0,39.0,20.799999237060547,0,0,0,0
24-04 16:00,55.1,0.0,0.0,30.600000381469727,24.5,0,0,0,0
24-04 17:00,54.8,0.0,0.0,22.100000381469727,32.70000076293945,0,0,0,0
24-04 18:00,42.8,0.0,0.0,16.799999237060547,26.0,0,0,0,0
24-04 19:00,28.4,0.0,0.0,17.700000762939453,10.699999809265137,0,0,0,0
24-04 20:00,28.5,0.0,0.0,24.799999237060547,3.700000047683716,0,0,0,0
24-04 21:00,38.5,0.0,0.0,38.5,0.0,0,0,0,0
24-04 22:00,51.0,0.0,0.0,51.0,0.0,0,0,0,0
24-04 23:00,55.1,0.0,0.0,55.099998474121094,0.0,0,0,0,0
25-04 00:00,45.2,0.0,0.0,45.20000076293945,0.0,0,0,0,0
25-04 01:00,46.1,0.0,0.0,46.099998474121094,0.0,0,0,0,0
25-04 02:00,56.0,0.0,0.0,56.0,0.0,0,0,0,0
25-04 03:00,57.7,0.0,0.0,57.70000076293945,0.0,0,0,0,0
25-04 04:00,74.5,0.0,0.0,74.5,0.0,0,0,0,0
25-04 05:00,87.0,0.0,0.0,87.0,0.0,0,0,0,0
25-04 06:00,70.9,0.0,0.0,70.9000015258789,0.0,0,0,0,0
25-04 07:00,51.2,0.0,0.0,51.20000076293945,0.0,0,0,0,0
25-04 08:00,41.5,0.0,0.0,41.5,0.0,0,0,0,0
25-04 09:00,42.2,0.0,0.0,39.70000076293945,2.5,0,0,0,0
25-04 10:00,42.3,0.0,0.0,31.700000762939453,10.600000381469727,0,0,0,0
25-04 11:00,101.3,0.0,0.0,28.100000381469727,73.19999694824219,0,0,0,0
25-04 12:00,152.0,0.0,0.0,28.600000381469727,123.4000015258789,0,0,0,0
25-04 13:00,127.7,0.0,0.0,26.5,101.19999694824219,0,0,0,0
25-04 14:00,48.0,0.0,0.0,24.0,24.0,0,0,0,0
25-04 15:00,42.3,0.0,0.0,20.700000762939453,21.600000381469727,0,0,0,0
25-04 16:00,38.1,0.0,0.0,14.899999618530273,23.200000762939453,0,0,0,0
25-04 17:00,44.0,0.0,0.0,11.300000190734863,32.70000076293945,0,0,0,0
25-04 18:00,38.1,0.0,0.0,9.5,28.600000381469727,0,0,0,0
25-04 19:00,20.3,0.0,0.0,9.300000190734863,11.0,0,0,0,0
25-04 20:00,12.3,0.0,0.0,8.600000381469727,3.700000047683716,0,0,0,0
25-04 21:00,15.9,0.0,0.0,15.899999618530273,0.0,0,0,0,0
25-04 22:00,8.1,0.0,0.0,8.100000381469727,0.0,0,0,0,0
25-04 23:00,14.8,0.0,0.0,14.800000190734863,0.0,0,0,0,0
26-04 00:00,24.1,0.0,0.0,24.100000381469727,0.0,0,0,0,0
26-04 01:00,23.4,0.0,0.0,23.399999618530273,0.0,0,0,0,0
26-04 02:00,41.6,0.0,0.0,41.599998474121094,0.0,0,0,0,0
26-04 03:00,42.1,0.0,0.0,42.099998474121094,0.0,0,0,0,0
26-04 04:00,55.5,0.0,0.0,55.5,0.0,0,0,0,0
26-04 05:00,56.4,0.0,0.0,56.400001525878906,0.0,0,0,0,0
26-04 06:00,54.5,0.0,0.0,54.5,0.0,0,0,0,0
26-04 07:00,58.7,0.0,0.0,58.70000076293945,0.0,0,0,0,0
26-04 08:00,51.5,0.0,0.0,51.5,0.0,0,0,0,0
26-04 09:00,41.4,0.0,0.0,39.0,2.4000000953674316,0,0,0,0
26-04 10:00,40.3,0.0,0.0,30.399999618530273,9.899999618530273,0,0,0,0
26-04 11:00,108.2,0.0,0.0,30.5,77.69999694824219,0,0,0,0
26-04 12:00,142.2,0.0,0.0,27.299999237060547,114.9000015258789,0,0,0,0
26-04 13:00,120.7,0.0,0.0,25.5,95.19999694824219,0,0,0,0
26-04 14:00,47.6,0.0,0.0,24.100000381469727,23.399999618530273,0,0,0,0
26-04 15:00,43.1,0.0,0.0,21.399999618530273,21.700000762939453,0,0,0,0
26-04 16:00,42.4,0.0,0.0,16.799999237060547,25.600000381469727,0,0,0,0
26-04 17:00,41.6,0.0,0.0,10.899999618530273,30.700000762939453,0,0,0,0
26-04 18:00,43.1,0.0,0.0,16.700000762939453,26.399999618530273,0,0,0,0
26-04 19:00,36.7,0.0,0.0,25.799999237060547,10.899999618530273,0,0,0,0
26-04 20:00,37.1,0.0,0.0,33.400001525878906,3.700000047683716,0,0,0,0
26-04 21:00,46.0,0.0,0.0,46.0,0.0,0,0,0,0
26-04 22:00,42.9,0.0,0.0,42.900001525878906,0.0,0,0,0,0
26-04 23:00,38.0,0.0,0.0,38.0,0.0,0,0,0,0
27-04 00:00,53.2,0.0,0.0,53.20000076293945,0.0,0,0,0,0
27-04 01:00,65.9,0.0,0.0,65.9000015258789,0.0,0,0,0,0
27-04 02:00,64.9,0.0,0.0,64.9000015258789,0.0,0,0,0,0
27-04 03:00,78.2,0.0,0.0,78.19999694824219,0.0,0,0,0,0
27-04 04:00,78.2,0.0,0.0,78.19999694824219,0.0,0,0,0,0
27-04 05:00,90.6,0.0,0.0,90.5999984741211,0.0,0,0,0,0
27-04 06:00,109.9,0.0,0.0,109.9000015258789,0.0,0,0,0,0
27-04 07:00,114.7,0.0,0.0,114.69999694824219,0.0,0,0,0,0
27-04 08:00,129.5,0.0,0.0,129.5,0.0,0,0,0,0
27-04 09:00,99.3,0.0,0.0,97.0999984741211,2.200000047683716,0,0,0,0
27-04 10:00,89.9,0.0,0.0,79.5,10.399999618530273,0,0,0,0
27-04 11:00,144.3,0.0,0.0,67.5,76.80000305175781,0,0,0,0
27-04 12:00,173.8,0.0,0.0,60.29999923706055,113.5,0,0,0,0
27-04 13:00,169.6,0.0,0.0,68.80000305175781,100.80000305175781,0,0,0,0
27-04 14:00,104.1,0.0,0.0,80.0,24.100000381469727,0,0,0,0
27-04 15:00,100.2,0.0,0.0,78.9000015258789,21.299999237060547,0,0,0,0
27-04 16:00,90.3,0.0,0.0,66.69999694824219,23.600000381469727,0,0,0,0
27-04 17:00,84.8,0.0,0.0,54.5,30.299999237060547,0,0,0,0
27-04 18:00,83.4,0.0,0.0,57.599998474121094,25.799999237060547,0,0,0,0
27-04 19:00,77.7,0.0,0.0,67.30000305175781,10.399999618530273,0,0,0,0
27-04 20:00,82.3,0.0,0.0,78.5999984741211,3.700000047683716,0,0,0,0
27-04 21:00,79.3,0.0,0.0,79.30000305175781,0.0,0,0,0,0
27-04 22:00,80.1,0.0,0.0,80.0999984741211,0.0,0,0,0,0
27-04 23:00,71.5,0.0,0.0,71.5,0.0,0,0,0,0
28-04 00:00,83.5,0.0,0.0,83.5,0.0,0,0,0,0
28-04 01:00,84.3,0.0,0.0,84.30000305175781,0.0,0,0,0,0
28-04 02:00,83.5,0.0,0.0,83.5,0.0,0,0,0,0
28-04 03:00,86.0,0.0,0.0,86.0,0.0,0,0,0,0
28-04 04:00,97.3,0.0,0.0,97.30000305175781,0.0,0,0,0,0
28-04 05:00,106.2,0.0,0.0,106.19999694824219,0.0,0,0,0,0
28-04 06:00,99.5,0.0,0.0,99.5,0.0,0,0,0,0
28-04 07:00,109.7,0.0,0.0,109.69999694824219,0.0,0,0,0,0
28-04 08:00,129.2,0.0,0.0,129.1999969482422,0.0,0,0,0,0
28-04 09:00,100.0,0.0,0.0,100.0,0.0,0,0,0,0
28-04 10:00,112.3,0.0,0.0,111.0999984741211,1.2000000476837158,0,0,0,0
28-04 11:00,114.3,0.0,0.0,105.0999984741211,9.199999809265137,0,0,0,0
28-04 12:00,132.3,0.0,0.0,116.9000015258789,15.399999618530273,0,0,0,0
28-04 13:00,120.9,0.0,0.0,108.80000305175781,12.199999809265137,0,0,0,0
28-04 14:00,111.6,0.0,0.0,109.0999984741211,2.5,0,0,0,0
28-04 15:00,94.7,0.0,0.0,92.4000015258789,2.299999952316284,0,0,0,0
28-04 16:00,84.4,0.0,0.0,82.0,2.4000000953674316,0,0,0,0
28-04 17:00,71.2,0.0,0.0,67.80000305175781,3.4000000953674316,0,0,0,0
28-04 18:00,71.3,0.0,0.0,67.5999984741211,3.700000047683716,0,0,0,0
28-04 19:00,81.4,0.0,0.0,80.19999694824219,1.2000000476837158,0,0,0,0
28-04 20:00,89.7,0.0,0.0,89.69999694824219,0.0,0,0,0,0
28-04 21:00,94.7,0.0,0.0,94.69999694824219,0.0,0,0,0,0
28-04 22:00,101.6,0.0,0.0,101.5999984741211,0.0,0,0,0,0
28-04 23:00,100.3,0.0,0.0,100.30000305175781,0.0,0,0,0,0
29-04 00:00,111.3,0.0,0.0,111.30000305175781,0.0,0,0,0,0
29-04 01:00,122.0,0.0,0.0,122.0,0.0,0,0,0,0
29-04 02:00,127.4,0.0,0.0,127.4000015258789,0.0,0,0,0,0
29-04 03:00,135.2,0.0,0.0,135.1999969482422,0.0,0,0,0,0
29-04 04:00,143.1,0.0,0.0,143.10000610351562,0.0,0,0,0,0
29-04 05:00,142.6,0.0,0.0,142.60000610351562,0.0,0,0,0,0
29-04 06:00,127.8,0.0,0.0,127.80000305175781,0.0,0,0,0,0
29-04 07:00,108.7,0.0,0.0,108.69999694824219,0.0,0,0,0,0
29-04 08:00,93.5,0.0,0.0,93.5,0.0,0,0,0,0
29-04 09:00,66.2,0.0,0.0,66.19999694824219,0.0,0,0,0,0
29-04 10:00,75.2,0.0,0.0,74.0,1.2000000476837158,0,0,0,0
29-04 11:00,62.1,0.0,0.0,56.79999923706055,5.300000190734863,0,0,0,0
29-04 12:00,64.3,0.0,0.0,56.79999923706055,7.5,0,0,0,0
29-04 13:00,61.2,0.0,0.0,54.0,7.199999809265137,0,0,0,0
29-04 14:00,47.9,0.0,0.0,46.70000076293945,1.2000000476837158,0,0,0,0
29-04 15:00,44.2,0.0,0.0,43.099998474121094,1.100000023841858,0,0,0,0
29-04 16:00,38.7,0.0,0.0,37.5,1.2000000476837158,0,0,0,0
29-04 17:00,44.2,0.0,0.0,41.900001525878906,2.299999952316284,0,0,0,0
29-04 18:00,55.2,0.0,0.0,52.70000076293945,2.5999999046325684,0,0,0,0
29-04 19:00,67.5,0.0,0.0,66.30000305175781,1.2000000476837158,0,0,0,0
29-04 20:00,73.8,0.0,0.0,73.80000305175781,0.0,0,0,0,0
29-04 21:00,79.6,0.0,0.0,79.5999984741211,0.0,0,0,0,0
29-04 22:00,86.0,0.0,0.0,86.0,0.0,0,0,0,0
29-04 23:00,83.7,0.0,0.0,83.5999984741211,0.0,0,0,0,0
30-04 00:00,85.7,0.0,0.0,85.69999694824219,0.0,0,0,0,0
30-04 01:00,92.3,0.0,0.0,92.30000305175781,0.0,0,0,0,0
30-04 02:00,94.3,0.0,0.0,94.30000305175781,0.0,0,0,0,0
30-04 03:00,87.2,0.0,0.0,87.19999694824219,0.0,0,0,0,0
30-04 04:00,116.4,0.0,0.0,116.4000015258789,0.0,0,0,0,0
30-04 05:00,144.1,0.0,0.0,144.10000610351562,0.0,0,0,0,0
30-04 06:00,136.3,0.0,0.0,136.3000030517578,0.0,0,0,0,0
30-04 07:00,140.5,0.0,0.0,140.5,0.0,0,0,0,0
30-04 08:00,135.1,0.0,0.0,135.1999969482422,0.0,0,0,0,0
30-04 09:00,113.2,0.0,0.0,110.9000015258789,2.4000000953674316,0,0,0,0
30-04 10:00,98.1,0.0,0.0,87.5999984741211,10.5,0,0,0,0
30-04 11:00,149.2,0.0,0.0,73.5,75.69999694824219,0,0,0,0
30-04 12:00,190.5,0.0,0.0,70.5,120.0,0,0,0,0
30-04 13:00,158.8,0.0,0.0,63.29999923706055,95.5,0,0,0,0
30-04 14:00,111.9,0.0,0.0,89.0999984741211,22.799999237060547,0,0,0,0
30-04 15:00,74.9,0.0,0.0,53.099998474121094,21.799999237060547,0,0,0,0
30-04 16:00,62.3,0.0,0.0,38.5,23.799999237060547,0,0,0,0
30-04 17:00,62.0,0.0,0.0,29.0,33.0,0,0,0,0
30-04 18:00,82.3,0.0,0.0,57.900001525878906,24.399999618530273,0,0,0,0
30-04 19:00,87.0,0.0,0.0,76.19999694824219,10.800000190734863,0,0,0,0
30-04 20:00,73.1,0.0,0.0,69.80000305175781,3.299999952316284,0,0,0,0
30-04 21:00,69.4,0.0,0.0,69.4000015258789,0.0,0,0,0,0
30-04 22:00,68.6,0.0,0.0,68.5999984741211,0.0,0,0,0,0
30-04 23:00,62.0,0.0,0.0,62.0,0.0,0,0,0,0
01-05 00:00,46.3,0.0,0.0,46.29999923706055,0.0,0,0,0,0
01-05 01:00,46.5,0.0,0.0,46.5,0.0,0,0,0,0
01-05 02:00,56.2,0.0,0.0,56.20000076293945,0.0,0,0,0,0
01-05 03:00,49.2,0.0,0.0,49.20000076293945,0.0,0,0,0,0
01-05 04:00,50.7,0.0,0.0,50.70000076293945,0.0,0,0,0,0
01-05 05:00,39.7,0.0,0.0,39.70000076293945,0.0,0,0,0,0
01-05 06:00,49.9,0.0,0.0,49.900001525878906,0.0,0,0,0,0
01-05 07:00,42.6,0.0,0.0,42.599998474121094,0.0,0,0,0,0
01-05 08:00,19.4,0.0,0.0,19.399999618530273,0.0,0,0,0,0
01-05 09:00,8.8,0.0,0.0,8.800000190734863,0.0,0,0,0,0
01-05 10:00,9.8,0.0,0.0,8.699999809265137,1.100000023841858,0,0,0,0
01-05 11:00,13.7,0.0,0.0,8.300000190734863,5.400000095367432,0,0,0,0
01-05 12:00,17.6,0.0,0.0,9.199999809265137,8.399999618530273,0,0,0,0
01-05 13:00,14.5,0.0,0.0,7.900000095367432,6.599999904632568,0,0,0,0
01-05 14:00,9.7,0.0,0.0,8.5,1.2000000476837158,0,0,0,0
01-05 15:00,9.2,0.0,0.0,8.100000381469727,1.100000023841858,0,0,0,0
01-05 16:00,8.5,0.0,0.0,7.400000095367432,1.100000023841858,0,0,0,0
01-05 17:00,10.4,0.0,0.0,7.900000095367432,2.4000000953674316,0,0,0,0
01-05 18:00,9.3,0.0,0.0,7.0,2.299999952316284,0,0,0,0
01-05 19:00,8.7,0.0,0.0,7.5,1.2000000476837158,0,0,0,0
01-05 20:00,7.5,0.0,0.0,7.5,0.0,0,0,0,0
01-05 21:00,15.1,0.0,0.0,15.100000381469727,0.0,0,0,0,0
01-05 22:00,32.7,0.0,0.0,32.70000076293945,0.0,0,0,0,0
01-05 23:00,38.4,0.0,0.0,38.400001525878906,0.0,0,0,0,0
02-05 00:00,48.5,0.0,0.0,48.5,0.0,0,0,0,0
02-05 01:00,59.7,0.0,0.0,59.70000076293945,0.0,0,0,0,0
02-05 02:00,74.4,0.0,0.0,74.4000015258789,0.0,0,0,0,0
02-05 03:00,80.5,0.0,0.0,80.5,0.0,0,0,0,0
02-05 04:00,99.4,0.0,0.0,99.4000015258789,0.0,0,0,0,0
02-05 05:00,114.3,0.0,0.0,114.30000305175781,0.0,0,0,0,0
02-05 06:00,97.2,0.0,0.0,97.19999694824219,0.0,0,0,0,0
02-05 07:00,89.1,0.0,0.0,89.0999984741211,0.0,0,0,0,0
02-05 08:00,69.1,0.0,0.0,69.0999984741211,0.0,0,0,0,0
02-05 09:00,60.2,0.0,0.0,57.79999923706055,2.4000000953674316,0,0,0,0
02-05 10:00,61.5,0.0,0.0,50.400001525878906,11.100000381469727,0,0,0,0
02-05 11:00,122.9,0.0,0.0,45.20000076293945,77.69999694824219,0,0,0,0
02-05 12:00,169.6,0.0,0.0,44.20000076293945,125.4000015258789,0,0,0,0
02-05 13:00,135.7,0.0,0.0,38.599998474121094,97.0999984741211,0,0,0,0
02-05 14:00,53.8,0.0,0.0,32.5,21.299999237060547,0,0,0,0
02-05 15:00,53.4,0.0,0.0,31.700000762939453,21.700000762939453,0,0,0,0
02-05 16:00,45.8,0.0,0.0,22.600000381469727,23.200000762939453,0,0,0,0
02-05 17:00,48.8,0.0,0.0,16.799999237060547,32.0,0,0,0,0
02-05 18:00,37.7,0.0,0.0,12.600000381469727,25.100000381469727,0,0,0,0
02-05 19:00,22.9,0.0,0.0,12.899999618530273,10.0,0,0,0,0
02-05 20:00,15.7,0.0,0.0,12.199999809265137,3.5,0,0,0,0
02-05 21:00,20.5,0.0,0.0,20.5,0.0,0,0,0,0
02-05 22:00,36.7,0.0,0.0,36.70000076293945,0.0,0,0,0,0
02-05 23:00,51.1,0.0,0.0,51.099998474121094,0.0,0,0,0,0
03-05 00:00,63.4,0.0,0.0,63.400001525878906,0.0,0,0,0,0
03-05 01:00,66.3,0.0,0.0,66.30000305175781,0.0,0,0,0,0
03-05 02:00,67.5,0.0,0.0,67.5,0.0,0,0,0,0
03-05 03:00,78.0,0.0,0.0,78.0,0.0,0,0,0,0
03-05 04:00,84.3,0.0,0.0,84.30000305175781,0.0,0,0,0,0
03-05 05:00,98.4,0.0,0.0,98.4000015258789,0.0,0,0,0,0
03-05 06:00,84.8,0.0,0.0,84.80000305175781,0.0,0,0,0,0
03-05 07:00,73.7,0.0,0.0,73.69999694824219,0.0,0,0,0,0
03-05 08:00,56.2,0.0,0.0,56.20000076293945,0.0,0,0,0,0
03-05 09:00,53.5,0.0,0.0,51.20000076293945,2.299999952316284,0,0,0,0
03-05 10:00,52.7,0.0,0.0,42.599998474121094,10.199999809265137,0,0,0,0
03-05 11:00,117.7,0.0,0.0,40.900001525878906,76.80000305175781,0,0,0,0
03-05 12:00,159.4,0.0,0.0,38.79999923706055,120.5999984741211,0,0,0,0
03-05 13:00,133.5,0.0,0.0,35.599998474121094,97.9000015258789,0,0,0,0
03-05 14:00,57.7,0.0,0.0,33.599998474121094,24.100000381469727,0,0,0,0
03-05 15:00,48.7,0.0,0.0,27.799999237060547,20.899999618530273,0,0,0,0
03-05 16:00,44.2,0.0,0.0,20.799999237060547,23.399999618530273,0,0,0,0
03-05 17:00,49.1,0.0,0.0,15.899999618530273,33.20000076293945,0,0,0,0
03-05 18:00,40.9,0.0,0.0,12.899999618530273,28.0,0,0,0,0
03-05 19:00,22.0,0.0,0.0,11.899999618530273,10.100000381469727,0,0,0,0
03-05 20:00,14.9,0.0,0.0,11.399999618530273,3.5999999046325684,0,0,0,0
03-05 21:00,27.3,0.0,0.0,27.299999237060547,0.0,0,0,0,0
03-05 22:00,38.1,0.0,0.0,38.099998474121094,0.0,0,0,0,0
03-05 23:00,34.2,0.0,0.0,34.20000076293945,0.0,0,0,0,0
04-05 00:00,51.2,0.0,0.0,51.20000076293945,0.0,0,0,0,0
04-05 01:00,48.7,0.0,0.0,48.70000076293945,0.0,0,0,0,0
04-05 02:00,55.3,0.0,0.0,55.29999923706055,0.0,0,0,0,0
04-05 03:00,70.3,0.0,0.0,70.30000305175781,0.0,0,0,0,0
04-05 04:00,81.3,0.0,0.0,81.4000015258789,0.0,0,0,0,0
04-05 05:00,111.9,0.0,0.0,111.9000015258789,0.0,0,0,0,0
04-05 06:00,123.4,0.0,0.0,123.4000015258789,0.0,0,0,0,0
04-05 07:00,129.1,0.0,0.0,129.10000610351562,0.0,0,0,0,0
04-05 08:00,142.3,0.0,0.0,142.3000030517578,0.0,0,0,0,0
04-05 09:00,144.7,0.0,0.0,142.1999969482422,2.5,0,0,0,0
04-05 10:00,124.1,0.0,0.0,114.0,10.100000381469727,0,0,0,0
04-05 11:00,187.9,0.0,0.0,108.9000015258789,79.0,0,0,0,0
04-05 12:00,202.2,0.0,0.0,88.9000015258789,113.30000305175781,0,0,0,0
04-05 13:00,170.9,0.0,0.0,77.0,93.9000015258789,0,0,0,0
04-05 14:00,88.9,0.0,0.0,65.80000305175781,23.100000381469727,0,0,0,0
04-05 15:00,77.1,0.0,0.0,56.70000076293945,20.399999618530273,0,0,0,0
04-05 16:00,96.4,0.0,0.0,72.0999984741211,24.299999237060547,0,0,0,0
04-05 17:00,86.9,0.0,0.0,53.79999923706055,33.099998474121094,0,0,0,0
04-05 18:00,70.9,0.0,0.0,44.79999923706055,26.100000381469727,0,0,0,0
04-05 19:00,65.4,0.0,0.0,54.79999923706055,10.600000381469727,0,0,0,0
04-05 20:00,71.7,0.0,0.0,68.19999694824219,3.5,0,0,0,0
04-05 21:00,80.9,0.0,0.0,80.9000015258789,0.0,0,0,0,0
04-05 22:00,84.3,0.0,0.0,84.30000305175781,0.0,0,0,0,0
04-05 23:00,89.3,0.0,0.0,89.4000015258789,0.0,0,0,0,0
05-05 00:00,104.2,0.0,0.0,104.19999694824219,0.0,0,0,0,0
05-05 01:00,104.2,0.0,0.0,104.19999694824219,0.0,0,0,0,0
05-05 02:00,109.9,0.0,0.0,109.9000015258789,0.0,0,0,0,0
05-05 03:00,122.8,0.0,0.0,122.80000305175781,0.0,0,0,0,0
05-05 04:00,129.5,0.0,0.0,129.5,0.0,0,0,0,0
05-05 05:00,122.8,0.0,0.0,122.80000305175781,0.0,0,0,0,0
05-05 06:00,111.3,0.0,0.0,111.30000305175781,0.0,0,0,0,0
05-05 07:00,107.8,0.0,0.0,107.80000305175781,0.0,0,0,0,0
05-05 08:00,112.0,0.0,0.0,112.0,0.0,0,0,0,0
05-05 09:00,81.7,0.0,0.0,81.69999694824219,0.0,0,0,0,0
05-05 10:00,84.5,0.0,0.0,83.30000305175781,1.2000000476837158,0,0,0,0
05-05 11:00,78.3,0.0,0.0,69.19999694824219,9.100000381469727,0,0,0,0
05-05 12:00,82.9,0.0,0.0,69.19999694824219,13.699999809265137,0,0,0,0
05-05 13:00,90.5,0.0,0.0,78.5999984741211,11.899999618530273,0,0,0,0
05-05 14:00,77.2,0.0,0.0,74.9000015258789,2.299999952316284,0,0,0,0
05-05 15:00,66.4,0.0,0.0,64.0999984741211,2.299999952316284,0,0,0,0
05-05 16:00,63.1,0.0,0.0,60.79999923706055,2.4000000953674316,0,0,0,0
05-05 17:00,61.6,0.0,0.0,58.099998474121094,3.5,0,0,0,0
05-05 18:00,59.5,0.0,0.0,55.900001525878906,3.5999999046325684,0,0,0,0
05-05 19:00,53.2,0.0,0.0,52.099998474121094,1.100000023841858,0,0,0,0
05-05 20:00,62.5,0.0,0.0,62.5,0.0,0,0,0,0
05-05 21:00,66.3,0.0,0.0,66.30000305175781,0.0,0,0,0,0
05-05 22:00,61.8,0.0,0.0,61.79999923706055,0.0,0,0,0,0
05-05 23:00,62.0,0.0,0.0,62.0,0.0,0,0,0,0
06-05 00:00,56.1,0.0,0.0,56.099998474121094,0.0,0,0,0,0
06-05 01:00,54.5,0.0,0.0,54.5,0.0,0,0,0,0
06-05 02:00,63.8,0.0,0.0,63.79999923706055,0.0,0,0,0,0
06-05 03:00,50.7,0.0,0.0,50.70000076293945,0.0,0,0,0,0
06-05 04:00,53.1,0.0,0.0,53.099998474121094,0.0,0,0,0,0
06-05 05:00,55.9,0.0,0.0,55.900001525878906,0.0,0,0,0,0
06-05 06:00,48.9,0.0,0.0,48.900001525878906,0.0,0,0,0,0
06-05 07:00,49.7,0.0,0.0,49.70000076293945,0.0,0,0,0,0
06-05 08:00,44.1,0.0,0.0,44.099998474121094,0.0,0,0,0,0
06-05 09:00,42.0,0.0,0.0,42.0,0.0,0,0,0,0
06-05 10:00,44.0,0.0,0.0,42.79999923706055,1.2000000476837158,0,0,0,0
06-05 11:00,46.2,0.0,0.0,40.400001525878906,5.800000190734863,0,0,0,0
06-05 12:00,41.3,0.0,0.0,33.0,8.300000190734863,0,0,0,0
06-05 13:00,46.5,0.0,0.0,39.599998474121094,7.0,0,0,0,0
06-05 14:00,26.2,0.0,0.0,25.0,1.2000000476837158,0,0,0,0
06-05 15:00,25.5,0.0,0.0,24.299999237060547,1.2000000476837158,0,0,0,0
06-05 16:00,15.4,0.0,0.0,14.300000190734863,1.100000023841858,0,0,0,0
06-05 17:00,25.2,0.0,0.0,22.799999237060547,2.4000000953674316,0,0,0,0
06-05 18:00,31.1,0.0,0.0,28.799999237060547,2.299999952316284,0,0,0,0
06-05 19:00,37.5,0.0,0.0,36.400001525878906,1.100000023841858,0,0,0,0
06-05 20:00,52.6,0.0,0.0,52.599998474121094,0.0,0,0,0,0
06-05 21:00,63.6,0.0,0.0,63.599998474121094,0.0,0,0,0,0
06-05 22:00,71.9,0.0,0.0,71.9000015258789,0.0,0,0,0,0
06-05 23:00,95.9,0.0,0.0,95.9000015258789,0.0,0,0,0,0
07-05 00:00,89.9,0.0,0.0,89.9000015258789,0.0,0,0,0,0
07-05 01:00,94.6,0.0,0.0,94.5999984741211,0.0,0,0,0,0
07-05 02:00,90.6,0.0,0.0,90.5999984741211,0.0,0,0,0,0
07-05 03:00,96.6,0.0,0.0,96.5999984741211,0.0,0,0,0,0
07-05 04:00,98.9,0.0,0.0,98.9000015258789,0.0,0,0,0,0
07-05 05:00,117.0,0.0,0.0,117.0,0.0,0,0,0,0
07-05 06:00,120.9,0.0,0.0,120.9000015258789,0.0,0,0,0,0
07-05 07:00,116.0,0.0,0.0,116.0,0.0,0,0,0,0
07-05 08:00,107.0,0.0,0.0,107.0,0.0,0,0,0,0
07-05 09:00,77.0,0.0,0.0,74.5999984741211,2.4000000953674316,0,0,0,0
07-05 10:00,73.9,0.0,0.0,63.20000076293945,10.699999809265137,0,0,0,0
07-05 11:00,132.8,0.0,0.0,57.20000076293945,75.5999984741211,0,0,0,0
07-05 12:00,169.5,0.0,0.0,53.20000076293945,116.30000305175781,0,0,0,0
07-05 13:00,140.3,0.0,0.0,47.79999923706055,92.5,0,0,0,0
07-05 14:00,68.6,0.0,0.0,45.599998474121094,23.0,0,0,0,0
07-05 15:00,57.6,0.0,0.0,37.70000076293945,19.899999618530273,0,0,0,0
07-05 16:00,51.6,0.0,0.0,28.799999237060547,22.799999237060547,0,0,0,0
07-05 17:00,55.0,0.0,0.0,22.299999237060547,32.599998474121094,0,0,0,0
07-05 18:00,42.0,0.0,0.0,16.600000381469727,25.399999618530273,0,0,0,0
07-05 19:00,28.5,0.0,0.0,17.799999237060547,10.699999809265137,0,0,0,0
07-05 20:00,21.1,0.0,0.0,17.299999237060547,3.799999952316284,0,0,0,0
07-05 21:00,40.7,0.0,0.0,40.70000076293945,0.0,0,0,0,0
07-05 22:00,48.4,0.0,0.0,48.400001525878906,0.0,0,0,0,0
07-05 23:00,52.7,0.0,0.0,52.70000076293945,0.0,0,0,0,0
08-05 00:00,57.2,0.0,0.0,57.20000076293945,0.0,0,0,0,0
08-05 01:00,61.0,0.0,0.0,61.0,0.0,0,0,0,0
08-05 02:00,67.2,0.0,0.0,67.19999694824219,0.0,0,0,0,0
08-05 03:00,69.0,0.0,0.0,69.0,0.0,0,0,0,0
08-05 04:00,71.9,0.0,0.0,71.9000015258789,0.0,0,0,0,0
08-05 05:00,72.0,0.0,0.0,72.0,0.0,0,0,0,0
08-05 06:00,63.9,0.0,0.0,63.900001525878906,0.0,0,0,0,0
08-05 07:00,35.8,0.0,0.0,35.79999923706055,0.0,0,0,0,0
08-05 08:00,44.6,0.0,0.0,44.599998474121094,0.0,0,0,0,0
08-05 09:00,42.9,0.0,0.0,40.599998474121094,2.4000000953674316,0,0,0,0
08-05 10:00,45.5,0.0,0.0,34.79999923706055,10.699999809265137,0,0,0,0
08-05 11:00,103.7,0.0,0.0,30.600000381469727,73.19999694824219,0,0,0,0
08-05 12:00,136.6,0.0,0.0,27.600000381469727,109.0999984741211,0,0,0,0
08-05 13:00,126.0,0.0,0.0,27.899999618530273,98.0999984741211,0,0,0,0
08-05 14:00,50.0,0.0,0.0,26.100000381469727,23.899999618530273,0,0,0,0
08-05 15:00,44.0,0.0,0.0,22.5,21.5,0,0,0,0
08-05 16:00,39.0,0.0,0.0,16.0,23.0,0,0,0,0
08-05 17:00,42.7,0.0,0.0,11.699999809265137,31.0,0,0,0,0
08-05 18:00,35.9,0.0,0.0,9.5,26.399999618530273,0,0,0,0
08-05 19:00,20.0,0.0,0.0,9.600000381469727,10.399999618530273,0,0,0,0
08-05 20:00,12.0,0.0,0.0,8.600000381469727,3.4000000953674316,0,0,0,0
08-05 21:00,17.4,0.0,0.0,17.399999618530273,0.0,0,0,0,0
08-05 22:00,25.8,0.0,0.0,25.799999237060547,0.0,0,0,0,0
08-05 23:00,22.5,0.0,0.0,22.5,0.0,0,0,0,0
09-05 00:00,54.1,0.0,0.0,54.099998474121094,0.0,0,0,0,0
09-05 01:00,72.0,0.0,0.0,72.0,0.0,0,0,0,0
09-05 02:00,76.9,0.0,0.0,76.9000015258789,0.0,0,0,0,0
09-05 03:00,85.9,0.0,0.0,85.9000015258789,0.0,0,0,0,0
09-05 04:00,97.9,0.0,0.0,98.0,0.0,0,0,0,0
09-05 05:00,108.4,0.0,0.0,108.4000015258789,0.0,0,0,0,0
09-05 06:00,95.4,0.0,0.0,95.4000015258789,0.0,0,0,0,0
09-05 07:00,88.6,0.0,0.0,88.5999984741211,0.0,0,0,0,0
09-05 08:00,78.8,0.0,0.0,78.80000305175781,0.0,0,0,0,0
09-05 09:00,63.3,0.0,0.0,61.0,2.299999952316284,0,0,0,0
09-05 10:00,60.9,0.0,0.0,49.599998474121094,11.300000190734863,0,0,0,0
09-05 11:00,120.1,0.0,0.0,43.29999923706055,76.80000305175781,0,0,0,0
09-05 12:00,146.1,0.0,0.0,37.099998474121094,109.0,0,0,0,0
09-05 13:00,139.5,0.0,0.0,38.70000076293945,100.80000305175781,0,0,0,0
09-05 14:00,55.7,0.0,0.0,33.20000076293945,22.5,0,0,0,0
09-05 15:00,48.3,0.0,0.0,28.299999237060547,20.0,0,0,0,0
09-05 16:00,44.6,0.0,0.0,21.600000381469727,23.0,0,0,0,0
09-05 17:00,45.3,0.0,0.0,15.300000190734863,30.0,0,0,0,0
09-05 18:00,39.7,0.0,0.0,13.0,26.700000762939453,0,0,0,0
09-05 19:00,23.1,0.0,0.0,12.800000190734863,10.300000190734863,0,0,0,0
09-05 20:00,15.1,0.0,0.0,11.699999809265137,3.4000000953674316,0,0,0,0
09-05 21:00,20.0,0.0,0.0,20.0,0.0,0,0,0,0
09-05 22:00,19.4,0.0,0.0,19.399999618530273,0.0,0,0,0,0
09-05 23:00,19.9,0.0,0.0,19.899999618530273,0.0,0,0,0,0
10-05 00:00,27.9,0.0,0.0,27.899999618530273,0.0,0,0,0,0
10-05 01:00,35.8,0.0,0.0,35.79999923706055,0.0,0,0,0,0
10-05 02:00,29.0,0.0,0.0,29.0,0.0,0,0,0,0
10-05 03:00,32.3,0.0,0.0,32.29999923706055,0.0,0,0,0,0
10-05 04:00,28.5,0.0,0.0,28.399999618530273,0.0,0,0,0,0
10-05 05:00,30.0,0.0,0.0,30.0,0.0,0,0,0,0
10-05 06:00,28.8,0.0,0.0,28.799999237060547,0.0,0,0,0,0
10-05 07:00,23.7,0.0,0.0,23.700000762939453,0.0,0,0,0,0
10-05 08:00,24.2,0.0,0.0,24.200000762939453,0.0,0,0,0,0
10-05 09:00,13.4,0.0,0.0,13.399999618530273,0.0,0,0,0,0
10-05 10:00,7.7,0.0,0.0,6.5,1.2000000476837158,0,0,0,0
10-05 11:00,12.1,0.0,0.0,6.300000190734863,5.800000190734863,0,0,0,0
10-05 12:00,14.5,0.0,0.0,6.400000095367432,8.199999809265137,0,0,0,0
10-05 13:00,13.2,0.0,0.0,6.099999904632568,7.099999904632568,0,0,0,0
10-05 14:00,6.9,0.0,0.0,5.800000190734863,1.100000023841858,0,0,0,0
10-05 15:00,7.3,0.0,0.0,6.099999904632568,1.2000000476837158,0,0,0,0
10-05 16:00,6.7,0.0,0.0,5.599999904632568,1.2000000476837158,0,0,0,0
10-05 17:00,7.0,0.0,0.0,4.900000095367432,2.0999999046325684,0,0,0,0
10-05 18:00,7.0,0.0,0.0,4.800000190734863,2.200000047683716,0,0,0,0
10-05 19:00,6.0,0.0,0.0,4.900000095367432,1.100000023841858,0,0,0,0
10-05 20:00,4.8,0.0,0.0,4.800000190734863,0.0,0,0,0,0
10-05 21:00,19.7,0.0,0.0,19.700000762939453,0.0,0,0,0,0
10-05 22:00,29.9,0.0,0.0,29.899999618530273,0.0,0,0,0,0
10-05 23:00,28.1,0.0,0.0,28.200000762939453,0.0,0,0,0,0
11-05 00:00,42.8,0.0,0.0,42.79999923706055,0.0,0,0,0,0
11-05 01:00,43.2,0.0,0.0,43.20000076293945,0.0,0,0,0,0
11-05 02:00,43.8,0.0,0.0,43.79999923706055,0.0,0,0,0,0
11-05 03:00,53.4,0.0,0.0,53.400001525878906,0.0,0,0,0,0
11-05 04:00,65.5,0.0,0.0,65.5,0.0,0,0,0,0
11-05 05:00,73.8,0.0,0.0,73.80000305175781,0.0,0,0,0,0
11-05 06:00,76.8,0.0,0.0,76.80000305175781,0.0,0,0,0,0
11-05 07:00,80.7,0.0,0.0,80.69999694824219,0.0,0,0,0,0
11-05 08:00,79.8,0.0,0.0,79.80000305175781,0.0,0,0,0,0
11-05 09:00,65.5,0.0,0.0,63.20000076293945,2.299999952316284,0,0,0,0
11-05 10:00,63.8,0.0,0.0,53.70000076293945,10.100000381469727,0,0,0,0
11-05 11:00,121.2,0.0,0.0,44.599998474121094,76.5999984741211,0,0,0,0
11-05 12:00,164.3,0.0,0.0,48.70000076293945,115.5999984741211,0,0,0,0
11-05 13:00,133.4,0.0,0.0,43.400001525878906,90.0,0,0,0,0
11-05 14:00,67.7,0.0,0.0,44.099998474121094,23.600000381469727,0,0,0,0
11-05 15:00,61.5,0.0,0.0,39.900001525878906,21.600000381469727,0,0,0,0
11-05 16:00,54.7,0.0,0.0,31.100000381469727,23.600000381469727,0,0,0,0
11-05 17:00,53.4,0.0,0.0,23.399999618530273,30.0,0,0,0,0
11-05 18:00,63.3,0.0,0.0,37.0,26.299999237060547,0,0,0,0
11-05 19:00,44.9,0.0,0.0,35.099998474121094,9.800000190734863,0,0,0,0
11-05 20:00,40.9,0.0,0.0,37.29999923706055,3.5999999046325684,0,0,0,0
11-05 21:00,40.7,0.0,0.0,40.599998474121094,0.0,0,0,0,0
11-05 22:00,52.2,0.0,0.0,52.20000076293945,0.0,0,0,0,0
11-05 23:00,57.8,0.0,0.0,57.79999923706055,0.0,0,0,0,0
12-05 00:00,64.6,0.0,0.0,64.5999984741211,0.0,0,0,0,0
12-05 01:00,74.3,0.0,0.0,74.30000305175781,0.0,0,0,0,0
12-05 02:00,82.7,0.0,0.0,82.69999694824219,0.0,0,0,0,0
12-05 03:00,82.8,0.0,0.0,82.80000305175781,0.0,0,0,0,0
12-05 04:00,91.1,0.0,0.0,91.0999984741211,0.0,0,0,0,0
12-05 05:00,93.6,0.0,0.0,93.5999984741211,0.0,0,0,0,0
12-05 06:00,73.8,0.0,0.0,73.80000305175781,0.0,0,0,0,0
12-05 07:00,65.5,0.0,0.0,65.5,0.0,0,0,0,0
12-05 08:00,56.0,0.0,0.0,56.0,0.0,0,0,0,0
12-05 09:00,40.6,0.0,0.0,40.599998474121094,0.0,0,0,0,0
12-05 10:00,35.0,0.0,0.0,33.79999923706055,1.2000000476837158,0,0,0,0
12-05 11:00,38.8,0.0,0.0,29.799999237060547,9.0,0,0,0,0
12-05 12:00,45.1,0.0,0.0,31.0,14.100000381469727,0,0,0,0
12-05 13:00,33.1,0.0,0.0,21.600000381469727,11.5,0,0,0,0
12-05 14:00,21.7,0.0,0.0,19.5,2.200000047683716,0,0,0,0
12-05 15:00,20.8,0.0,0.0,18.600000381469727,2.200000047683716,0,0,0,0
12-05 16:00,19.6,0.0,0.0,17.200000762939453,2.4000000953674316,0,0,0,0
12-05 17:00,20.2,0.0,0.0,16.5,3.700000047683716,0,0,0,0
12-05 18:00,24.1,0.0,0.0,20.700000762939453,3.4000000953674316,0,0,0,0
12-05 19:00,29.8,0.0,0.0,28.700000762939453,1.100000023841858,0,0,0,0
12-05 20:00,47.7,0.0,0.0,47.70000076293945,0.0,0,0,0,0
12-05 21:00,52.2,0.0,0.0,52.20000076293945,0.0,0,0,0,0
12-05 22:00,59.4,0.0,0.0,59.400001525878906,0.0,0,0,0,0
12-05 23:00,73.6,0.0,0.0,73.5999984741211,0.0,0,0,0,0
13-05 00:00,81.4,0.0,0.0,81.4000015258789,0.0,0,0,0,0
13-05 01:00,88.1,0.0,0.0,88.0999984741211,0.0,0,0,0,0
13-05 02:00,84.7,0.0,0.0,84.69999694824219,0.0,0,0,0,0
13-05 03:00,93.6,0.0,0.0,93.5999984741211,0.0,0,0,0,0
13-05 04:00,103.4,0.0,0.0,103.4000015258789,0.0,0,0,0,0
13-05 05:00,92.3,0.0,0.0,92.30000305175781,0.0,0,0,0,0
13-05 06:00,73.3,0.0,0.0,73.4000015258789,0.0,0,0,0,0
13-05 07:00,58.9,0.0,0.0,58.900001525878906,0.0,0,0,0,0
13-05 08:00,34.3,0.0,0.0,34.29999923706055,0.0,0,0,0,0
13-05 09:00,23.9,0.0,0.0,23.899999618530273,0.0,0,0,0,0
13-05 10:00,17.8,0.0,0.0,16.600000381469727,1.2000000476837158,0,0,0,0
13-05 11:00,21.0,0.0,0.0,15.399999618530273,5.599999904632568,0,0,0,0
13-05 12:00,24.3,0.0,0.0,16.200000762939453,8.199999809265137,0,0,0,0
13-05 13:00,22.3,0.0,0.0,15.300000190734863,7.0,0,0,0,0
13-05 14:00,15.7,0.0,0.0,14.600000381469727,1.100000023841858,0,0,0,0
13-05 15:00,16.5,0.0,0.0,15.300000190734863,1.2000000476837158,0,0,0,0
13-05 16:00,16.0,0.0,0.0,14.800000190734863,1.2000000476837158,0,0,0,0
13-05 17:00,15.0,0.0,0.0,12.800000190734863,2.200000047683716,0,0,0,0
13-05 18:00,15.8,0.0,0.0,13.399999618530273,2.4000000953674316,0,0,0,0
13-05 19:00,14.1,0.0,0.0,12.899999618530273,1.2000000476837158,0,0,0,0
13-05 20:00,38.2,0.0,0.0,38.20000076293945,0.0,0,0,0,0
13-05 21:00,46.0,0.0,0.0,46.0,0.0,0,0,0,0
13-05 22:00,52.2,0.0,0.0,52.20000076293945,0.0,0,0,0,0
13-05 23:00,62.8,0.0,0.0,62.79999923706055,0.0,0,0,0,0
14-05 00:00,62.6,0.0,0.0,62.599998474121094,0.0,0,0,0,0
14-05 01:00,67.5,0.0,0.0,67.5,0.0,0,0,0,0
14-05 02:00,76.9,0.0,0.0,76.9000015258789,0.0,0,0,0,0
14-05 03:00,86.1,0.0,0.0,86.0,0.0,0,0,0,0
14-05 04:00,85.9,0.0,0.0,85.9000015258789,0.0,0,0,0,0
14-05 05:00,106.6,0.0,0.0,106.5999984741211,0.0,0,0,0,0
14-05 06:00,110.3,0.0,0.0,110.30000305175781,0.0,0,0,0,0
14-05 07:00,98.1,0.0,0.0,98.0999984741211,0.0,0,0,0,0
14-05 08:00,108.6,0.0,0.0,108.5999984741211,0.0,0,0,0,0
14-05 09:00,84.8,0.0,0.0,82.5,2.299999952316284,0,0,0,0
14-05 10:00,75.6,0.0,0.0,65.0,10.600000381469727,0,0,0,0
14-05 11:00,130.0,0.0,0.0,53.0,77.0,0,0,0,0
14-05 12:00,145.0,0.0,0.0,42.599998474121094,102.4000015258789,0,0,0,0
14-05 13:00,133.1,0.0,0.0,42.5,90.5999984741211,0,0,0,0
14-05 14:00,65.0,0.0,0.0,41.79999923706055,23.200000762939453,0,0,0,0
14-05 15:00,57.0,0.0,0.0,36.099998474121094,20.899999618530273,0,0,0,0
14-05 16:00,47.5,0.0,0.0,25.399999618530273,22.100000381469727,0,0,0,0
14-05 17:00,49.3,0.0,0.0,18.899999618530273,30.399999618530273,0,0,0,0
14-05 18:00,42.6,0.0,0.0,15.899999618530273,26.700000762939453,0,0,0,0
14-05 19:00,35.8,0.0,0.0,24.899999618530273,10.899999618530273,0,0,0,0
14-05 20:00,34.1,0.0,0.0,30.600000381469727,3.5,0,0,0,0
14-05 21:00,37.5,0.0,0.0,37.599998474121094,0.0,0,0,0,0
14-05 22:00,45.9,0.0,0.0,45.900001525878906,0.0,0,0,0,0
14-05 23:00,52.4,0.0,0.0,52.400001525878906,0.0,0,0,0,0
15-05 00:00,60.2,0.0,0.0,60.20000076293945,0.0,0,0,0,0
15-05 01:00,66.8,0.0,0.0,66.80000305175781,0.0,0,0,0,0
15-05 02:00,66.1,0.0,0.0,66.0,0.0,0,0,0,0
15-05 03:00,69.3,0.0,0.0,69.4000015258789,0.0,0,0,0,0
15-05 04:00,80.8,0.0,0.0,80.80000305175781,0.0,0,0,0,0
15-05 05:00,84.0,0.0,0.0,84.0,0.0,0,0,0,0
15-05 06:00,79.3,0.0,0.0,79.4000015258789,0.0,0,0,0,0
15-05 07:00,74.0,0.0,0.0,74.0,0.0,0,0,0,0
15-05 08:00,54.5,0.0,0.0,54.5,0.0,0,0,0,0
15-05 09:00,46.6,0.0,0.0,44.400001525878906,2.299999952316284,0,0,0,0
15-05 10:00,47.9,0.0,0.0,37.599998474121094,10.300000190734863,0,0,0,0
15-05 11:00,106.1,0.0,0.0,33.70000076293945,72.4000015258789,0,0,0,0
15-05 12:00,153.0,0.0,0.0,33.599998474121094,119.4000015258789,0,0,0,0
15-05 13:00,132.8,0.0,0.0,32.0,100.80000305175781,0,0,0,0
15-05 14:00,53.5,0.0,0.0,29.399999618530273,24.100000381469727,0,0,0,0
15-05 15:00,45.2,0.0,0.0,24.299999237060547,20.899999618530273,0,0,0,0
15-05 16:00,40.8,0.0,0.0,17.799999237060547,23.0,0,0,0,0
15-05 17:00,46.7,0.0,0.0,13.800000190734863,32.900001525878906,0,0,0,0
15-05 18:00,35.9,0.0,0.0,10.300000190734863,25.600000381469727,0,0,0,0
15-05 19:00,19.3,0.0,0.0,9.800000190734863,9.5,0,0,0,0
15-05 20:00,13.4,0.0,0.0,9.899999618530273,3.5999999046325684,0,0,0,0
15-05 21:00,9.6,0.0,0.0,9.600000381469727,0.0,0,0,0,0
15-05 22:00,9.4,0.0,0.0,9.399999618530273,0.0,0,0,0,0
15-05 23:00,16.5,0.0,0.0,16.5,0.0,0,0,0,0
16-05 00:00,24.1,0.0,0.0,24.200000762939453,0.0,0,0,0,0
16-05 01:00,23.9,0.0,0.0,23.899999618530273,0.0,0,0,0,0
16-05 02:00,44.8,0.0,0.0,44.79999923706055,0.0,0,0,0,0
16-05 03:00,43.5,0.0,0.0,43.5,0.0,0,0,0,0
16-05 04:00,57.0,0.0,0.0,57.0,0.0,0,0,0,0
16-05 05:00,69.0,0.0,0.0,69.0,0.0,0,0,0,0
16-05 06:00,71.1,0.0,0.0,71.0999984741211,0.0,0,0,0,0
16-05 07:00,82.1,0.0,0.0,82.0,0.0,0,0,0,0
16-05 08:00,74.0,0.0,0.0,74.0,0.0,0,0,0,0
16-05 09:00,67.6,0.0,0.0,65.4000015258789,2.200000047683716,0,0,0,0
16-05 10:00,63.8,0.0,0.0,53.29999923706055,10.5,0,0,0,0
16-05 11:00,113.7,0.0,0.0,40.599998474121094,73.0,0,0,0,0
16-05 12:00,153.1,0.0,0.0,32.599998474121094,120.4000015258789,0,0,0,0
16-05 13:00,128.9,0.0,0.0,30.200000762939453,98.69999694824219,0,0,0,0
16-05 14:00,50.9,0.0,0.0,27.5,23.399999618530273,0,0,0,0
16-05 15:00,43.4,0.0,0.0,23.0,20.399999618530273,0,0,0,0
16-05 16:00,41.3,0.0,0.0,17.700000762939453,23.600000381469727,0,0,0,0
16-05 17:00,41.7,0.0,0.0,12.0,29.700000762939453,0,0,0,0
16-05 18:00,36.6,0.0,0.0,10.199999809265137,26.399999618530273,0,0,0,0
16-05 19:00,20.7,0.0,0.0,10.300000190734863,10.399999618530273,0,0,0,0
16-05 20:00,13.7,0.0,0.0,10.0,3.700000047683716,0,0,0,0
16-05 21:00,25.8,0.0,0.0,25.799999237060547,0.0,0,0,0,0
16-05 22:00,42.2,0.0,0.0,42.20000076293945,0.0,0,0,0,0
16-05 23:00,47.9,0.0,0.0,47.900001525878906,0.0,0,0,0,0
17-05 00:00,53.0,0.0,0.0,53.0,0.0,0,0,0,0
17-05 01:00,57.3,0.0,0.0,57.29999923706055,0.0,0,0,0,0
17-05 02:00,56.1,0.0,0.0,56.099998474121094,0.0,0,0,0,0
17-05 03:00,56.5,0.0,0.0,56.5,0.0,0,0,0,0
17-05 04:00,71.5,0.0,0.0,71.5,0.0,0,0,0,0
17-05 05:00,71.0,0.0,0.0,71.0,0.0,0,0,0,0
17-05 06:00,57.7,0.0,0.0,57.70000076293945,0.0,0,0,0,0
17-05 07:00,50.4,0.0,0.0,50.400001525878906,0.0,0,0,0,0
17-05 08:00,35.7,0.0,0.0,35.70000076293945,0.0,0,0,0,0
17-05 09:00,36.4,0.0,0.0,34.20000076293945,2.200000047683716,0,0,0,0
17-05 10:00,40.2,0.0,0.0,29.899999618530273,10.300000190734863,0,0,0,0
17-05 11:00,108.2,0.0,0.0,29.299999237060547,78.9000015258789,0,0,0,0
17-05 12:00,136.1,0.0,0.0,25.0,111.0999984741211,0,0,0,0
17-05 13:00,122.5,0.0,0.0,24.799999237060547,97.69999694824219,0,0,0,0
17-05 14:00,48.3,0.0,0.0,23.799999237060547,24.5,0,0,0,0
17-05 15:00,38.6,0.0,0.0,18.600000381469727,20.0,0,0,0,0
17-05 16:00,36.3,0.0,0.0,13.899999618530273,22.399999618530273,0,0,0,0
17-05 17:00,39.3,0.0,0.0,9.800000190734863,29.399999618530273,0,0,0,0
17-05 18:00,36.2,0.0,0.0,8.800000190734863,27.399999618530273,0,0,0,0
17-05 19:00,19.7,0.0,0.0,8.899999618530273,10.800000190734863,0,0,0,0
17-05 20:00,11.0,0.0,0.0,7.599999904632568,3.4000000953674316,0,0,0,0
17-05 21:00,7.9,0.0,0.0,7.900000095367432,0.0,0,0,0,0
17-05 22:00,7.4,0.0,0.0,7.400000095367432,0.0,0,0,0,0
17-05 23:00,6.9,0.0,0.0,6.900000095367432,0.0,0,0,0,0
18-05 00:00,0.5,0.0,0.0,0.5,0.0,0,0,0,0
18-05 01:00,0.5,0.0,0.0,0.5,0.0,0,0,0,0
18-05 02:00,0.5,0.0,0.0,0.5,0.0,0,0,0,0
18-05 03:00,0.6,0.0,0.0,0.6000000238418579,0.0,0,0,0,0
18-05 04:00,0.8,0.0,0.0,0.800000011920929,0.0,0,0,0,0
18-05 05:00,1.5,0.0,0.0,1.600000023841858,0.0,0,0,0,0
18-05 06:00,1.7,0.0,0.0,1.7000000476837158,0.0,0,0,0,0
18-05 07:00,2.3,0.0,0.0,2.299999952316284,0.0,0,0,0,0
18-05 08:00,2.8,0.0,0.0,2.799999952316284,0.0,0,0,0,0
18-05 09:00,4.8,0.0,0.0,2.5,2.299999952316284,0,0,0,0
18-05 10:00,12.0,0.0,0.0,2.0,10.0,0,0,0,0
18-05 11:00,80.0,0.0,0.0,2.0,78.0,0,0,0,0
18-05 12:00,115.0,0.0,0.0,1.7999999523162842,113.19999694824219,0,0,0,0
18-05 13:00,95.5,0.0,0.0,1.7000000476837158,93.80000305175781,0,0,0,0
18-05 14:00,23.9,0.0,0.0,1.5,22.399999618530273,0,0,0,0
18-05 15:00,22.8,0.0,0.0,1.399999976158142,21.399999618530273,0,0,0,0
18-05 16:00,23.4,0.0,0.0,1.0,22.399999618530273,0,0,0,0
18-05 17:00,30.0,0.0,0.0,0.699999988079071,29.299999237060547,0,0,0,0
18-05 18:00,26.1,0.0,0.0,0.6000000238418579,25.5,0,0,0,0
18-05 19:00,10.7,0.0,0.0,0.6000000238418579,10.100000381469727,0,0,0,0
18-05 20:00,4.2,0.0,0.0,0.6000000238418579,3.5999999046325684,0,0,0,0
18-05 21:00,0.6,0.0,0.0,0.6000000238418579,0.0,0,0,0,0
18-05 22:00,8.6,0.0,0.0,8.600000381469727,0.0,0,0,0,0
18-05 23:00,16.3,0.0,0.0,16.299999237060547,0.0,0,0,0,0
19-05 00:00,27.7,0.0,0.0,27.700000762939453,0.0,0,0,0,0
19-05 01:00,28.5,0.0,0.0,28.5,0.0,0,0,0,0
19-05 02:00,27.4,0.0,0.0,27.399999618530273,0.0,0,0,0,0
19-05 03:00,28.4,0.0,0.0,28.399999618530273,0.0,0,0,0,0
19-05 04:00,36.0,0.0,0.0,36.0,0.0,0,0,0,0
19-05 05:00,28.9,0.0,0.0,28.899999618530273,0.0,0,0,0,0
19-05 06:00,14.3,0.0,0.0,14.300000190734863,0.0,0,0,0,0
19-05 07:00,6.3,0.0,0.0,6.300000190734863,0.0,0,0,0,0
19-05 08:00,7.1,0.0,0.0,7.099999904632568,0.0,0,0,0,0
19-05 09:00,6.4,0.0,0.0,6.400000095367432,0.0,0,0,0,0
19-05 10:00,6.4,0.0,0.0,5.300000190734863,1.100000023841858,0,0,0,0
19-05 11:00,13.6,0.0,0.0,4.900000095367432,8.699999809265137,0,0,0,0
19-05 12:00,18.8,0.0,0.0,5.099999904632568,13.699999809265137,0,0,0,0
19-05 13:00,15.9,0.0,0.0,4.800000190734863,11.100000381469727,0,0,0,0
19-05 14:00,6.5,0.0,0.0,4.400000095367432,2.0999999046325684,0,0,0,0
19-05 15:00,6.6,0.0,0.0,4.400000095367432,2.200000047683716,0,0,0,0
19-05 16:00,6.1,0.0,0.0,3.799999952316284,2.299999952316284,0,0,0,0
19-05 17:00,7.4,0.0,0.0,3.799999952316284,3.5999999046325684,0,0,0,0
19-05 18:00,6.3,0.0,0.0,2.9000000953674316,3.4000000953674316,0,0,0,0
19-05 19:00,4.0,0.0,0.0,2.9000000953674316,1.100000023841858,0,0,0,0
19-05 20:00,3.2,0.0,0.0,3.200000047683716,0.0,0,0,0,0
19-05 21:00,3.0,0.0,0.0,3.0,0.0,0,0,0,0
19-05 22:00,3.2,0.0,0.0,3.200000047683716,0.0,0,0,0,0
19-05 23:00,11.1,0.0,0.0,11.100000381469727,0.0,0,0,0,0
20-05 00:00,19.2,0.0,0.0,19.200000762939453,0.0,0,0,0,0
20-05 01:00,26.8,0.0,0.0,26.799999237060547,0.0,0,0,0,0
20-05 02:00,27.1,0.0,0.0,27.100000381469727,0.0,0,0,0,0
20-05 03:00,36.1,0.0,0.0,36.099998474121094,0.0,0,0,0,0
20-05 04:00,33.8,0.0,0.0,33.79999923706055,0.0,0,0,0,0
20-05 05:00,28.4,0.0,0.0,28.399999618530273,0.0,0,0,0,0
20-05 06:00,11.7,0.0,0.0,11.699999809265137,0.0,0,0,0,0
20-05 07:00,3.6,0.0,0.0,3.5999999046325684,0.0,0,0,0,0
20-05 08:00,3.9,0.0,0.0,3.9000000953674316,0.0,0,0,0,0
20-05 09:00,3.8,0.0,0.0,3.799999952316284,0.0,0,0,0,0
20-05 10:00,4.6,0.0,0.0,3.5,1.100000023841858,0,0,0,0
20-05 11:00,9.3,0.0,0.0,3.5999999046325684,5.699999809265137,0,0,0,0
20-05 12:00,11.6,0.0,0.0,3.5999999046325684,8.0,0,0,0,0
20-05 13:00,11.4,0.0,0.0,3.799999952316284,7.599999904632568,0,0,0,0
20-05 14:00,4.9,0.0,0.0,3.700000047683716,1.2000000476837158,0,0,0,0
20-05 15:00,4.4,0.0,0.0,3.299999952316284,1.100000023841858,0,0,0,0
20-05 16:00,4.2,0.0,0.0,3.0999999046325684,1.100000023841858,0,0,0,0
20-05 17:00,5.3,0.0,0.0,3.0,2.299999952316284,0,0,0,0
20-05 18:00,4.6,0.0,0.0,2.5999999046325684,2.0,0,0,0,0
20-05 19:00,3.9,0.0,0.0,2.799999952316284,1.100000023841858,0,0,0,0
20-05 20:00,2.8,0.0,0.0,2.799999952316284,0.0,0,0,0,0
20-05 21:00,2.7,0.0,0.0,2.5999999046325684,0.0,0,0,0,0
20-05 22:00,3.0,0.0,0.0,3.0,0.0,0,0,0,0
20-05 23:00,2.7,0.0,0.0,2.700000047683716,0.0,0,0,0,0
21-05 00:00,1.0,0.0,0.0,1.0,0.0,0,0,0,0
21-05 01:00,1.0,0.0,0.0,1.0,0.0,0,0,0,0
21-05 02:00,8.8,0.0,0.0,8.800000190734863,0.0,0,0,0,0
21-05 03:00,17.2,0.0,0.0,17.200000762939453,0.0,0,0,0,0
21-05 04:00,17.0,0.0,0.0,17.0,0.0,0,0,0,0
21-05 05:00,16.8,0.0,0.0,16.799999237060547,0.0,0,0,0,0
21-05 06:00,1.2,0.0,0.0,1.2000000476837158,0.0,0,0,0,0
21-05 07:00,1.3,0.0,0.0,1.2999999523162842,0.0,0,0,0,0
21-05 08:00,1.5,0.0,0.0,1.5,0.0,0,0,0,0
21-05 09:00,1.3,0.0,0.0,1.2999999523162842,0.0,0,0,0,0
21-05 10:00,2.5,0.0,0.0,1.2999999523162842,1.2000000476837158,0,0,0,0
21-05 11:00,7.4,0.0,0.0,1.2999999523162842,6.099999904632568,0,0,0,0
21-05 12:00,8.9,0.0,0.0,1.2000000476837158,7.699999809265137,0,0,0,0
21-05 13:00,7.7,0.0,0.0,1.2000000476837158,6.599999904632568,0,0,0,0
21-05 14:00,2.3,0.0,0.0,1.2000000476837158,1.100000023841858,0,0,0,0
21-05 15:00,2.2,0.0,0.0,1.2000000476837158,1.100000023841858,0,0,0,0
21-05 16:00,2.4,0.0,0.0,1.2000000476837158,1.2000000476837158,0,0,0,0
21-05 17:00,3.4,0.0,0.0,1.100000023841858,2.299999952316284,0,0,0,0
21-05 18:00,3.0,0.0,0.0,0.8999999761581421,2.0999999046325684,0,0,0,0
21-05 19:00,2.1,0.0,0.0,1.0,1.100000023841858,0,0,0,0
21-05 20:00,0.9,0.0,0.0,0.8999999761581421,0.0,0,0,0,0
21-05 21:00,1.0,0.0,0.0,1.0,0.0,0,0,0,0
21-05 22:00,1.0,0.0,0.0,1.0,0.0,0,0,0,0
21-05 23:00,1.1,0.0,0.0,1.100000023841858,0.0,0,0,0,0
22-05 00:00,4.4,0.0,0.0,4.400000095367432,0.0,0,0,0,0
22-05 01:00,4.7,0.0,0.0,4.699999809265137,0.0,0,0,0,0
22-05 02:00,11.9,0.0,0.0,11.899999618530273,0.0,0,0,0,0
22-05 03:00,21.3,0.0,0.0,21.299999237060547,0.0,0,0,0,0
22-05 04:00,33.9,0.0,0.0,33.900001525878906,0.0,0,0,0,0
22-05 05:00,39.4,0.0,0.0,39.400001525878906,0.0,0,0,0,0
22-05 06:00,33.5,0.0,0.0,33.5,0.0,0,0,0,0
22-05 07:00,38.9,0.0,0.0,38.900001525878906,0.0,0,0,0,0
22-05 08:00,41.9,0.0,0.0,41.900001525878906,0.0,0,0,0,0
22-05 09:00,34.5,0.0,0.0,32.20000076293945,2.299999952316284,0,0,0,0
22-05 10:00,39.2,0.0,0.0,28.799999237060547,10.399999618530273,0,0,0,0
22-05 11:00,99.9,0.0,0.0,20.100000381469727,79.80000305175781,0,0,0,0
22-05 12:00,129.8,0.0,0.0,17.200000762939453,112.5999984741211,0,0,0,0
22-05 13:00,117.0,0.0,0.0,17.200000762939453,99.80000305175781,0,0,0,0
22-05 14:00,37.0,0.0,0.0,14.699999809265137,22.299999237060547,0,0,0,0
22-05 15:00,34.4,0.0,0.0,13.300000190734863,21.100000381469727,0,0,0,0
22-05 16:00,29.7,0.0,0.0,8.800000190734863,20.899999618530273,0,0,0,0
22-05 17:00,37.3,0.0,0.0,6.900000095367432,30.399999618530273,0,0,0,0
22-05 18:00,30.9,0.0,0.0,5.5,25.399999618530273,0,0,0,0
22-05 19:00,24.8,0.0,0.0,14.199999809265137,10.600000381469727,0,0,0,0
22-05 20:00,16.5,0.0,0.0,13.100000381469727,3.4000000953674316,0,0,0,0
22-05 21:00,22.5,0.0,0.0,22.5,0.0,0,0,0,0
22-05 22:00,28.0,0.0,0.0,28.0,0.0,0,0,0,0
22-05 23:00,44.3,0.0,0.0,44.29999923706055,0.0,0,0,0,0
23-05 00:00,50.0,0.0,0.0,50.0,0.0,0,0,0,0
23-05 01:00,49.1,0.0,0.0,49.099998474121094,0.0,0,0,0,0
23-05 02:00,42.8,0.0,0.0,42.79999923706055,0.0,0,0,0,0
23-05 03:00,68.5,0.0,0.0,68.5,0.0,0,0,0,0
23-05 04:00,59.7,0.0,0.0,59.70000076293945,0.0,0,0,0,0
23-05 05:00,62.7,0.0,0.0,62.599998474121094,0.0,0,0,0,0
23-05 06:00,59.5,0.0,0.0,59.5,0.0,0,0,0,0
23-05 07:00,64.8,0.0,0.0,64.80000305175781,0.0,0,0,0,0
23-05 08:00,64.9,0.0,0.0,64.9000015258789,0.0,0,0,0,0
23-05 09:00,51.9,0.0,0.0,49.599998474121094,2.299999952316284,0,0,0,0
23-05 10:00,43.7,0.0,0.0,33.79999923706055,9.899999618530273,0,0,0,0
23-05 11:00,107.1,0.0,0.0,32.5,74.5999984741211,0,0,0,0
23-05 12:00,147.8,0.0,0.0,30.799999237060547,117.0,0,0,0,0
23-05 13:00,119.6,0.0,0.0,27.399999618530273,92.19999694824219,0,0,0,0
23-05 14:00,48.1,0.0,0.0,25.600000381469727,22.5,0,0,0,0
23-05 15:00,41.9,0.0,0.0,21.899999618530273,20.0,0,0,0,0
23-05 16:00,34.9,0.0,0.0,14.699999809265137,20.200000762939453,0,0,0,0
23-05 17:00,40.5,0.0,0.0,11.399999618530273,29.100000381469727,0,0,0,0
23-05 18:00,35.2,0.0,0.0,9.600000381469727,25.600000381469727,0,0,0,0
23-05 19:00,20.0,0.0,0.0,9.800000190734863,10.199999809265137,0,0,0,0
23-05 20:00,12.1,0.0,0.0,8.800000190734863,3.299999952316284,0,0,0,0
23-05 21:00,16.8,0.0,0.0,16.799999237060547,0.0,0,0,0,0
23-05 22:00,31.0,0.0,0.0,31.0,0.0,0,0,0,0
23-05 23:00,32.4,0.0,0.0,32.400001525878906,0.0,0,0,0,0
24-05 00:00,33.4,0.0,0.0,33.400001525878906,0.0,0,0,0,0
24-05 01:00,36.4,0.0,0.0,36.400001525878906,0.0,0,0,0,0
24-05 02:00,38.1,0.0,0.0,38.099998474121094,0.0,0,0,0,0
24-05 03:00,47.5,0.0,0.0,47.5,0.0,0,0,0,0
24-05 04:00,56.0,0.0,0.0,56.0,0.0,0,0,0,0
24-05 05:00,57.8,0.0,0.0,57.79999923706055,0.0,0,0,0,0
24-05 06:00,44.3,0.0,0.0,44.29999923706055,0.0,0,0,0,0
24-05 07:00,24.1,0.0,0.0,24.100000381469727,0.0,0,0,0,0
24-05 08:00,26.8,0.0,0.0,26.799999237060547,0.0,0,0,0,0
24-05 09:00,28.0,0.0,0.0,25.700000762939453,2.299999952316284,0,0,0,0
24-05 10:00,34.0,0.0,0.0,23.100000381469727,10.899999618530273,0,0,0,0
24-05 11:00,93.6,0.0,0.0,19.899999618530273,73.69999694824219,0,0,0,0
24-05 12:00,122.7,0.0,0.0,17.200000762939453,105.5,0,0,0,0
24-05 13:00,113.5,0.0,0.0,17.700000762939453,95.80000305175781,0,0,0,0
24-05 14:00,37.2,0.0,0.0,15.399999618530273,21.799999237060547,0,0,0,0
24-05 15:00,34.9,0.0,0.0,14.100000381469727,20.799999237060547,0,0,0,0
24-05 16:00,33.5,0.0,0.0,10.399999618530273,23.100000381469727,0,0,0,0
24-05 17:00,36.9,0.0,0.0,7.199999809265137,29.700000762939453,0,0,0,0
24-05 18:00,31.2,0.0,0.0,5.900000095367432,25.299999237060547,0,0,0,0
24-05 19:00,16.6,0.0,0.0,6.199999809265137,10.399999618530273,0,0,0,0
24-05 20:00,9.2,0.0,0.0,5.599999904632568,3.5,0,0,0,0
24-05 21:00,5.4,0.0,0.0,5.400000095367432,0.0,0,0,0,0
24-05 22:00,5.5,0.0,0.0,5.5,0.0,0,0,0,0
24-05 23:00,5.0,0.0,0.0,5.0,0.0,0,0,0,0
25-05 00:00,2.3,0.0,0.0,2.299999952316284,0.0,0,0,0,0
25-05 01:00,9.9,0.0,0.0,9.899999618530273,0.0,0,0,0,0
25-05 02:00,25.6,0.0,0.0,25.600000381469727,0.0,0,0,0,0
25-05 03:00,28.1,0.0,0.0,28.100000381469727,0.0,0,0,0,0
25-05 04:00,37.6,0.0,0.0,37.599998474121094,0.0,0,0,0,0
25-05 05:00,33.1,0.0,0.0,33.099998474121094,0.0,0,0,0,0
25-05 06:00,17.7,0.0,0.0,17.700000762939453,0.0,0,0,0,0
25-05 07:00,12.6,0.0,0.0,12.600000381469727,0.0,0,0,0,0
25-05 08:00,13.0,0.0,0.0,13.0,0.0,0,0,0,0
25-05 09:00,14.6,0.0,0.0,12.300000190734863,2.299999952316284,0,0,0,0
25-05 10:00,19.2,0.0,0.0,9.699999809265137,9.5,0,0,0,0
25-05 11:00,84.0,0.0,0.0,9.699999809265137,74.4000015258789,0,0,0,0
25-05 12:00,116.1,0.0,0.0,8.5,107.5999984741211,0,0,0,0
25-05 13:00,107.2,0.0,0.0,8.800000190734863,98.4000015258789,0,0,0,0
25-05 14:00,29.5,0.0,0.0,7.5,22.0,0,0,0,0
25-05 15:00,26.6,0.0,0.0,6.599999904632568,20.0,0,0,0,0
25-05 16:00,29.2,0.0,0.0,5.199999809265137,24.0,0,0,0,0
25-05 17:00,35.2,0.0,0.0,3.700000047683716,31.5,0,0,0,0
25-05 18:00,27.3,0.0,0.0,2.799999952316284,24.5,0,0,0,0
25-05 19:00,14.1,0.0,0.0,3.200000047683716,10.899999618530273,0,0,0,0
25-05 20:00,6.1,0.0,0.0,2.5999999046325684,3.4000000953674316,0,0,0,0
25-05 21:00,2.5,0.0,0.0,2.5,0.0,0,0,0,0
25-05 22:00,2.7,0.0,0.0,2.5999999046325684,0.0,0,0,0,0
25-05 23:00,2.3,0.0,0.0,2.299999952316284,0.0,0,0,0,0
26-05 00:00,1.4,0.0,0.0,1.399999976158142,0.0,0,0,0,0
26-05 01:00,9.4,0.0,0.0,9.399999618530273,0.0,0,0,0,0
26-05 02:00,16.4,0.0,0.0,16.399999618530273,0.0,0,0,0,0
26-05 03:00,17.5,0.0,0.0,17.600000381469727,0.0,0,0,0,0
26-05 04:00,17.5,0.0,0.0,17.5,0.0,0,0,0,0
26-05 05:00,10.2,0.0,0.0,10.199999809265137,0.0,0,0,0,0
26-05 06:00,2.1,0.0,0.0,2.0999999046325684,0.0,0,0,0,0
26-05 07:00,2.3,0.0,0.0,2.4000000953674316,0.0,0,0,0,0
26-05 08:00,2.6,0.0,0.0,2.5999999046325684,0.0,0,0,0,0
26-05 09:00,2.2,0.0,0.0,2.200000047683716,0.0,0,0,0,0
26-05 10:00,3.1,0.0,0.0,2.0,1.100000023841858,0,0,0,0
26-05 11:00,11.1,0.0,0.0,2.0,9.100000381469727,0,0,0,0
26-05 12:00,15.8,0.0,0.0,2.0,13.800000190734863,0,0,0,0
26-05 13:00,11.5,0.0,0.0,1.600000023841858,9.899999618530273,0,0,0,0
26-05 14:00,4.2,0.0,0.0,1.899999976158142,2.4000000953674316,0,0,0,0
26-05 15:00,3.9,0.0,0.0,1.7000000476837158,2.200000047683716,0,0,0,0
26-05 16:00,3.6,0.0,0.0,1.399999976158142,2.200000047683716,0,0,0,0
26-05 17:00,4.6,0.0,0.0,1.2999999523162842,3.299999952316284,0,0,0,0
26-05 18:00,4.3,0.0,0.0,1.100000023841858,3.200000047683716,0,0,0,0
26-05 19:00,2.4,0.0,0.0,1.2000000476837158,1.2000000476837158,0,0,0,0
26-05 20:00,1.2,0.0,0.0,1.2000000476837158,0.0,0,0,0,0
26-05 21:00,1.1,0.0,0.0,1.100000023841858,0.0,0,0,0,0
26-05 22:00,1.2,0.0,0.0,1.2000000476837158,0.0,0,0,0,0
26-05 23:00,1.3,0.0,0.0,1.2999999523162842,0.0,0,0,0,0
27-05 00:00,12.4,0.0,0.0,12.399999618530273,0.0,0,0,0,0
27-05 01:00,21.4,0.0,0.0,21.399999618530273,0.0,0,0,0,0
27-05 02:00,21.6,0.0,0.0,21.600000381469727,0.0,0,0,0,0
27-05 03:00,19.9,0.0,0.0,19.899999618530273,0.0,0,0,0,0
27-05 04:00,21.0,0.0,0.0,21.0,0.0,0,0,0,0
27-05 05:00,27.6,0.0,0.0,27.600000381469727,0.0,0,0,0,0
27-05 06:00,28.5,0.0,0.0,28.5,0.0,0,0,0,0
27-05 07:00,29.9,0.0,0.0,29.899999618530273,0.0,0,0,0,0
27-05 08:00,22.9,0.0,0.0,22.899999618530273,0.0,0,0,0,0
27-05 09:00,13.8,0.0,0.0,13.800000190734863,0.0,0,0,0,0
27-05 10:00,14.6,0.0,0.0,13.5,1.100000023841858,0,0,0,0
27-05 11:00,10.9,0.0,0.0,5.300000190734863,5.599999904632568,0,0,0,0
27-05 12:00,13.1,0.0,0.0,5.300000190734863,7.800000190734863,0,0,0,0
27-05 13:00,11.7,0.0,0.0,5.0,6.699999809265137,0,0,0,0
27-05 14:00,6.0,0.0,0.0,4.900000095367432,1.100000023841858,0,0,0,0
27-05 15:00,6.1,0.0,0.0,5.0,1.100000023841858,0,0,0,0
27-05 16:00,5.9,0.0,0.0,4.800000190734863,1.100000023841858,0,0,0,0
27-05 17:00,6.1,0.0,0.0,4.099999904632568,2.0,0,0,0,0
27-05 18:00,6.5,0.0,0.0,4.300000190734863,2.200000047683716,0,0,0,0
27-05 19:00,5.4,0.0,0.0,4.300000190734863,1.100000023841858,0,0,0,0
27-05 20:00,11.9,0.0,0.0,11.899999618530273,0.0,0,0,0,0
27-05 21:00,20.1,0.0,0.0,20.100000381469727,0.0,0,0,0,0
27-05 22:00,21.3,0.0,0.0,21.299999237060547,0.0,0,0,0,0
27-05 23:00,26.9,0.0,0.0,26.799999237060547,0.0,0,0,0,0
28-05 00:00,24.5,0.0,0.0,24.5,0.0,0,0,0,0
28-05 01:00,22.0,0.0,0.0,22.0,0.0,0,0,0,0
28-05 02:00,21.9,0.0,0.0,21.899999618530273,0.0,0,0,0,0
28-05 03:00,32.7,0.0,0.0,32.70000076293945,0.0,0,0,0,0
28-05 04:00,35.4,0.0,0.0,35.400001525878906,0.0,0,0,0,0
28-05 05:00,44.8,0.0,0.0,44.79999923706055,0.0,0,0,0,0
28-05 06:00,48.7,0.0,0.0,48.70000076293945,0.0,0,0,0,0
28-05 07:00,48.8,0.0,0.0,48.79999923706055,0.0,0,0,0,0
28-05 08:00,68.6,0.0,0.0,68.5999984741211,0.0,0,0,0,0
28-05 09:00,63.0,0.0,0.0,60.599998474121094,2.4000000953674316,0,0,0,0
28-05 10:00,52.6,0.0,0.0,42.79999923706055,9.800000190734863,0,0,0,0
28-05 11:00,103.4,0.0,0.0,33.0,70.4000015258789,0,0,0,0
28-05 12:00,127.7,0.0,0.0,22.799999237060547,104.9000015258789,0,0,0,0
28-05 13:00,118.7,0.0,0.0,23.399999618530273,95.30000305175781,0,0,0,0
28-05 14:00,43.8,0.0,0.0,21.200000762939453,22.600000381469727,0,0,0,0
28-05 15:00,39.0,0.0,0.0,18.5,20.5,0,0,0,0
28-05 16:00,35.7,0.0,0.0,13.399999618530273,22.299999237060547,0,0,0,0
28-05 17:00,40.0,0.0,0.0,9.800000190734863,30.200000762939453,0,0,0,0
28-05 18:00,34.3,0.0,0.0,8.100000381469727,26.200000762939453,0,0,0,0
28-05 19:00,17.3,0.0,0.0,7.599999904632568,9.600000381469727,0,0,0,0
28-05 20:00,26.2,0.0,0.0,22.899999618530273,3.299999952316284,0,0,0,0
28-05 21:00,23.3,0.0,0.0,23.299999237060547,0.0,0,0,0,0
28-05 22:00,28.2,0.0,0.0,28.200000762939453,0.0,0,0,0,0
28-05 23:00,37.5,0.0,0.0,37.5,0.0,0,0,0,0
29-05 00:00,49.0,0.0,0.0,49.0,0.0,0,0,0,0
29-05 01:00,58.6,0.0,0.0,58.599998474121094,0.0,0,0,0,0
29-05 02:00,58.6,0.0,0.0,58.599998474121094,0.0,0,0,0,0
29-05 03:00,59.0,0.0,0.0,59.0,0.0,0,0,0,0
29-05 04:00,71.6,0.0,0.0,71.5999984741211,0.0,0,0,0,0
29-05 05:00,75.4,0.0,0.0,75.4000015258789,0.0,0,0,0,0
29-05 06:00,78.0,0.0,0.0,78.0,0.0,0,0,0,0
29-05 07:00,81.8,0.0,0.0,81.80000305175781,0.0,0,0,0,0
29-05 08:00,72.8,0.0,0.0,72.80000305175781,0.0,0,0,0,0
29-05 09:00,54.7,0.0,0.0,52.400001525878906,2.299999952316284,0,0,0,0
29-05 10:00,58.8,0.0,0.0,49.099998474121094,9.699999809265137,0,0,0,0
29-05 11:00,112.0,0.0,0.0,39.400001525878906,72.5,0,0,0,0
29-05 12:00,142.2,0.0,0.0,35.20000076293945,107.0,0,0,0,0
29-05 13:00,130.5,0.0,0.0,35.29999923706055,95.19999694824219,0,0,0,0
29-05 14:00,55.2,0.0,0.0,32.400001525878906,22.799999237060547,0,0,0,0
29-05 15:00,48.0,0.0,0.0,27.700000762939453,20.299999237060547,0,0,0,0
29-05 16:00,43.5,0.0,0.0,20.700000762939453,22.799999237060547,0,0,0,0
29-05 17:00,46.7,0.0,0.0,15.399999618530273,31.299999237060547,0,0,0,0
29-05 18:00,37.8,0.0,0.0,12.0,25.700000762939453,0,0,0,0
29-05 19:00,29.4,0.0,0.0,19.600000381469727,9.800000190734863,0,0,0,0
29-05 20:00,30.8,0.0,0.0,27.399999618530273,3.4000000953674316,0,0,0,0
29-05 21:00,35.8,0.0,0.0,35.79999923706055,0.0,0,0,0,0
29-05 22:00,43.1,0.0,0.0,43.099998474121094,0.0,0,0,0,0
29-05 23:00,49.0,0.0,0.0,49.0,0.0,0,0,0,0
30-05 00:00,46.4,0.0,0.0,46.400001525878906,0.0,0,0,0,0
30-05 01:00,43.7,0.0,0.0,43.70000076293945,0.0,0,0,0,0
30-05 02:00,45.9,0.0,0.0,45.900001525878906,0.0,0,0,0,0
30-05 03:00,47.2,0.0,0.0,47.20000076293945,0.0,0,0,0,0
30-05 04:00,43.5,0.0,0.0,43.5,0.0,0,0,0,0
30-05 05:00,52.2,0.0,0.0,52.20000076293945,0.0,0,0,0,0
30-05 06:00,44.5,0.0,0.0,44.5,0.0,0,0,0,0
30-05 07:00,46.3,0.0,0.0,46.29999923706055,0.0,0,0,0,0
30-05 08:00,51.8,0.0,0.0,51.79999923706055,0.0,0,0,0,0
30-05 09:00,40.6,0.0,0.0,38.400001525878906,2.200000047683716,0,0,0,0
30-05 10:00,41.2,0.0,0.0,32.0,9.199999809265137,0,0,0,0
30-05 11:00,99.2,0.0,0.0,25.299999237060547,73.9000015258789,0,0,0,0
30-05 12:00,139.9,0.0,0.0,24.0,115.9000015258789,0,0,0,0
30-05 13:00,113.9,0.0,0.0,21.600000381469727,92.30000305175781,0,0,0,0
30-05 14:00,43.1,0.0,0.0,20.399999618530273,22.700000762939453,0,0,0,0
30-05 15:00,38.8,0.0,0.0,17.899999618530273,20.899999618530273,0,0,0,0
30-05 16:00,35.7,0.0,0.0,13.0,22.700000762939453,0,0,0,0
30-05 17:00,40.6,0.0,0.0,9.600000381469727,31.0,0,0,0,0
30-05 18:00,33.8,0.0,0.0,7.699999809265137,26.100000381469727,0,0,0,0
30-05 19:00,17.2,0.0,0.0,7.400000095367432,9.800000190734863,0,0,0,0
30-05 20:00,10.1,0.0,0.0,6.800000190734863,3.299999952316284,0,0,0,0
30-05 21:00,7.2,0.0,0.0,7.199999809265137,0.0,0,0,0,0
30-05 22:00,16.3,0.0,0.0,16.299999237060547,0.0,0,0,0,0
30-05 23:00,14.3,0.0,0.0,14.300000190734863,0.0,0,0,0,0
31-05 00:00,11.2,0.0,0.0,11.199999809265137,0.0,0,0,0,0
31-05 01:00,11.1,0.0,0.0,11.100000381469727,0.0,0,0,0,0
31-05 02:00,19.4,0.0,0.0,19.399999618530273,0.0,0,0,0,0
31-05 03:00,28.2,0.0,0.0,28.200000762939453,0.0,0,0,0,0
31-05 04:00,35.4,0.0,0.0,35.400001525878906,0.0,0,0,0,0
31-05 05:00,28.2,0.0,0.0,28.200000762939453,0.0,0,0,0,0
31-05 06:00,20.9,0.0,0.0,20.899999618530273,0.0,0,0,0,0
31-05 07:00,10.8,0.0,0.0,10.800000190734863,0.0,0,0,0,0
31-05 08:00,4.3,0.0,0.0,4.300000190734863,0.0,0,0,0,0
31-05 09:00,3.4,0.0,0.0,3.4000000953674316,0.0,0,0,0,0
31-05 10:00,4.5,0.0,0.0,3.4000000953674316,1.2000000476837158,0,0,0,0
31-05 11:00,9.3,0.0,0.0,3.5,5.800000190734863,0,0,0,0
31-05 12:00,10.8,0.0,0.0,3.200000047683716,7.599999904632568,0,0,0,0
31-05 13:00,9.9,0.0,0.0,3.200000047683716,6.699999809265137,0,0,0,0
31-05 14:00,4.1,0.0,0.0,3.0,1.100000023841858,0,0,0,0
31-05 15:00,4.5,0.0,0.0,3.299999952316284,1.2000000476837158,0,0,0,0
31-05 16:00,4.1,0.0,0.0,3.0,1.100000023841858,0,0,0,0
31-05 17:00,5.0,0.0,0.0,2.799999952316284,2.200000047683716,0,0,0,0
31-05 18:00,4.9,0.0,0.0,2.700000047683716,2.200000047683716,0,0,0,0
31-05 19:00,3.8,0.0,0.0,2.700000047683716,1.100000023841858,0,0,0,0
31-05 20:00,4.3,0.0,0.0,4.300000190734863,0.0,0,0,0,0
31-05 21:00,4.3,0.0,0.0,4.300000190734863,0.0,0,0,0,0
31-05 22:00,6.9,0.0,0.0,6.900000095367432,0.0,0,0,0,0
31-05 23:00,8.8,0.0,0.0,8.800000190734863,0.0,0,0,0,0
01-06 00:00,6.9,0.0,0.0,6.900000095367432,0.0,0,0,0,0
01-06 01:00,9.8,0.0,0.0,9.800000190734863,0.0,0,0,0,0
01-06 02:00,9.0,0.0,0.0,9.0,0.0,0,0,0,0
01-06 03:00,7.3,0.0,0.0,7.300000190734863,0.0,0,0,0,0
01-06 04:00,2.8,0.0,0.0,2.799999952316284,0.0,0,0,0,0
01-06 05:00,2.0,0.0,0.0,2.0,0.0,0,0,0,0
01-06 06:00,2.5,0.0,0.0,2.5,0.0,0,0,0,0
01-06 07:00,3.2,0.0,0.0,3.200000047683716,0.0,0,0,0,0
01-06 08:00,3.6,0.0,0.0,3.5999999046325684,0.0,0,0,0,0
01-06 09:00,5.2,0.0,0.0,3.0999999046325684,2.0999999046325684,0,0,0,0
01-06 10:00,13.0,0.0,0.0,2.799999952316284,10.199999809265137,0,0,0,0
01-06 11:00,76.3,0.0,0.0,2.5999999046325684,73.69999694824219,0,0,0,0
01-06 12:00,120.4,0.0,0.0,2.5,117.9000015258789,0,0,0,0
01-06 13:00,88.6,0.0,0.0,2.0999999046325684,86.5,0,0,0,0
01-06 14:00,26.8,0.0,0.0,2.299999952316284,24.5,0,0,0,0
01-06 15:00,22.2,0.0,0.0,1.7999999523162842,20.399999618530273,0,0,0,0
01-06 16:00,25.0,0.0,0.0,1.399999976158142,23.600000381469727,0,0,0,0
01-06 17:00,32.5,0.0,0.0,1.0,31.5,0,0,0,0
01-06 18:00,25.6,0.0,0.0,0.800000011920929,24.799999237060547,0,0,0,0
01-06 19:00,11.1,0.0,0.0,0.800000011920929,10.300000190734863,0,0,0,0
01-06 20:00,4.0,0.0,0.0,0.699999988079071,3.299999952316284,0,0,0,0
01-06 21:00,0.7,0.0,0.0,0.699999988079071,0.0,0,0,0,0
01-06 22:00,0.7,0.0,0.0,0.699999988079071,0.0,0,0,0,0
01-06 23:00,0.6,0.0,0.0,0.6000000238418579,0.0,0,0,0,0
02-06 00:00,0.0,0.0,0.0,0.0,0.0,0,0,0,0
02-06 01:00,0.0,0.0,0.0,0.0,0.0,0,0,0,0
02-06 02:00,0.0,0.0,0.0,0.0,0.0,0,0,0,0
02-06 03:00,0.0,0.0,0.0,0.0,0.0,0,0,0,0
02-06 04:00,0.0,0.0,0.0,0.0,0.0,0,0,0,0
02-06 05:00,0.0,0.0,0.0,0.0,0.0,0,0,0,0
02-06 06:00,0.0,0.0,0.0,0.0,0.0,0,0,0,0
02-06 07:00,0.0,0.0,0.0,0.0,0.0,0,0,0,0
02-06 08:00,0.0,0.0,0.0,0.0,0.0,0,0,0,0
02-06 09:00,0.0,0.0,0.0,0.0,0.0,0,0,0,0
02-06 10:00,1.1,0.0,0.0,0.0,1.100000023841858,0,0,0,0
02-06 11:00,9.2,0.0,0.0,0.0,9.199999809265137,0,0,0,0
02-06 12:00,14.2,0.0,0.0,0.0,14.199999809265137,0,0,0,0
02-06 13:00,11.0,0.0,0.0,0.0,11.0,0,0,0,0
02-06 14:00,2.3,0.0,0.0,0.0,2.299999952316284,0,0,0,0
02-06 15:00,2.2,0.0,0.0,0.0,2.200000047683716,0,0,0,0
02-06 16:00,2.4,0.0,0.0,0.0,2.4000000953674316,0,0,0,0
02-06 17:00,3.4,0.0,0.0,0.0,3.4000000953674316,0,0,0,0
02-06 18:00,3.7,0.0,0.0,0.0,3.700000047683716,0,0,0,0
02-06 19:00,1.2,0.0,0.0,0.0,1.2000000476837158,0,0,0,0
02-06 20:00,0.0,0.0,0.0,0.0,0.0,0,0,0,0
02-06 21:00,0.0,0.0,0.0,0.0,0.0,0,0,0,0
02-06 22:00,0.0,0.0,0.0,0.0,0.0,0,0,0,0
02-06 23:00,0.0,0.0,0.0,0.0,0.0,0,0,0,0
03-06 00:00,0.2,0.0,0.0,0.20000000298023224,0.0,0,0,0,0
03-06 01:00,0.2,0.0,0.0,0.20000000298023224,0.0,0,0,0,0
03-06 02:00,0.2,0.0,0.0,0.20000000298023224,0.0,0,0,0,0
03-06 03:00,7.8,0.0,0.0,7.800000190734863,0.0,0,0,0,0
03-06 04:00,0.2,0.0,0.0,0.20000000298023224,0.0,0,0,0,0
03-06 05:00,0.2,0.0,0.0,0.20000000298023224,0.0,0,0,0,0
03-06 06:00,0.2,0.0,0.0,0.20000000298023224,0.0,0,0,0,0
03-06 07:00,0.2,0.0,0.0,0.20000000298023224,0.0,0,0,0,0
03-06 08:00,0.2,0.0,0.0,0.20000000298023224,0.0,0,0,0,0
03-06 09:00,0.2,0.0,0.0,0.20000000298023224,0.0,0,0,0,0
03-06 10:00,1.4,0.0,0.0,0.20000000298023224,1.2000000476837158,0,0,0,0
03-06 11:00,5.9,0.0,0.0,0.20000000298023224,5.699999809265137,0,0,0,0
03-06 12:00,7.6,0.0,0.0,0.20000000298023224,7.400000095367432,0,0,0,0
03-06 13:00,7.4,0.0,0.0,0.20000000298023224,7.199999809265137,0,0,0,0
03-06 14:00,1.2,0.0,0.0,0.20000000298023224,1.0,0,0,0,0
03-06 15:00,1.3,0.0,0.0,0.20000000298023224,1.100000023841858,0,0,0,0
03-06 16:00,1.3,0.0,0.0,0.20000000298023224,1.100000023841858,0,0,0,0
03-06 17:00,2.2,0.0,0.0,0.10000000149011612,2.0999999046325684,0,0,0,0
03-06 18:00,2.3,0.0,0.0,0.10000000149011612,2.200000047683716,0,0,0,0
03-06 19:00,1.2,0.0,0.0,0.10000000149011612,1.100000023841858,0,0,0,0
03-06 20:00,0.1,0.0,0.0,0.10000000149011612,0.0,0,0,0,0
03-06 21:00,0.1,0.0,0.0,0.10000000149011612,0.0,0,0,0,0
03-06 22:00,0.1,0.0,0.0,0.10000000149011612,0.0,0,0,0,0
03-06 23:00,0.2,0.0,0.0,0.20000000298023224,0.0,0,0,0,0
04-06 00:00,0.0,0.0,0.0,0.0,0.0,0,0,0,0
04-06 01:00,0.0,0.0,0.0,0.0,0.0,0,0,0,0
04-06 02:00,0.0,0.0,0.0,0.0,0.0,0,0,0,0
04-06 03:00,0.0,0.0,0.0,0.0,0.0,0,0,0,0
04-06 04:00,0.0,0.0,0.0,0.0,0.0,0,0,0,0
04-06 05:00,0.0,0.0,0.0,0.0,0.0,0,0,0,0
04-06 06:00,0.0,0.0,0.0,0.0,0.0,0,0,0,0
04-06 07:00,0.0,0.0,0.0,0.0,0.0,0,0,0,0
04-06 08:00,0.0,0.0,0.0,0.0,0.0,0,0,0,0
04-06 09:00,2.2,0.0,0.0,0.0,2.200000047683716,0,0,0,0
04-06 10:00,10.7,0.0,0.0,0.0,10.699999809265137,0,0,0,0
04-06 11:00,82.2,0.0,0.0,0.0,82.19999694824219,0,0,0,0
04-06 12:00,111.9,0.0,0.0,0.0,111.9000015258789,0,0,0,0
04-06 13:00,93.6,0.0,0.0,0.0,93.5999984741211,0,0,0,0
04-06 14:00,22.6,0.0,0.0,0.0,22.600000381469727,0,0,0,0
04-06 15:00,19.1,0.0,0.0,0.0,19.100000381469727,0,0,0,0
04-06 16:00,21.9,0.0,0.0,0.0,21.899999618530273,0,0,0,0
04-06 17:00,29.3,0.0,0.0,0.0,29.299999237060547,0,0,0,0
04-06 18:00,26.5,0.0,0.0,0.0,26.5,0,0,0,0
04-06 19:00,10.1,0.0,0.0,0.0,10.100000381469727,0,0,0,0
04-06 20:00,3.1,0.0,0.0,0.0,3.0999999046325684,0,0,0,0
04-06 21:00,0.0,0.0,0.0,0.0,0.0,0,0,0,0
04-06 22:00,0.0,0.0,0.0,0.0,0.0,0,0,0,0
04-06 23:00,0.0,0.0,0.0,0.0,0.0,0,0,0,0
05-06 00:00,0.2,0.0,0.0,0.20000000298023224,0.0,0,0,0,0
05-06 01:00,0.2,0.0,0.0,0.20000000298023224,0.0,0,0,0,0
05-06 02:00,0.2,0.0,0.0,0.20000000298023224,0.0,0,0,0,0
05-06 03:00,0.2,0.0,0.0,0.20000000298023224,0.0,0,0,0,0
05-06 04:00,7.8,0.0,0.0,7.800000190734863,0.0,0,0,0,0
05-06 05:00,0.5,0.0,0.0,0.5,0.0,0,0,0,0
05-06 06:00,0.7,0.0,0.0,0.699999988079071,0.0,0,0,0,0
05-06 07:00,0.8,0.0,0.0,0.800000011920929,0.0,0,0,0,0
05-06 08:00,0.9,0.0,0.0,0.8999999761581421,0.0,0,0,0,0
05-06 09:00,3.0,0.0,0.0,0.800000011920929,2.200000047683716,0,0,0,0
05-06 10:00,10.3,0.0,0.0,0.699999988079071,9.600000381469727,0,0,0,0
05-06 11:00,72.5,0.0,0.0,0.6000000238418579,71.9000015258789,0,0,0,0
05-06 12:00,115.7,0.0,0.0,0.6000000238418579,115.0999984741211,0,0,0,0
05-06 13:00,90.3,0.0,0.0,0.5,89.80000305175781,0,0,0,0
05-06 14:00,22.2,0.0,0.0,0.5,21.700000762939453,0,0,0,0
05-06 15:00,20.1,0.0,0.0,0.4000000059604645,19.700000762939453,0,0,0,0
05-06 16:00,22.2,0.0,0.0,0.30000001192092896,21.899999618530273,0,0,0,0
05-06 17:00,31.3,0.0,0.0,0.20000000298023224,31.100000381469727,0,0,0,0
05-06 18:00,25.1,0.0,0.0,0.20000000298023224,24.899999618530273,0,0,0,0
05-06 19:00,10.5,0.0,0.0,0.20000000298023224,10.300000190734863,0,0,0,0
05-06 20:00,3.3,0.0,0.0,0.20000000298023224,3.0999999046325684,0,0,0,0
05-06 21:00,0.2,0.0,0.0,0.20000000298023224,0.0,0,0,0,0
05-06 22:00,0.2,0.0,0.0,0.20000000298023224,0.0,0,0,0,0
05-06 23:00,0.2,0.0,0.0,0.20000000298023224,0.0,0,0,0,0
06-06 00:00,0.0,0.0,0.0,0.0,0.0,0,0,0,0
06-06 01:00,0.0,0.0,0.0,0.0,0.0,0,0,0,0
06-06 02:00,0.0,0.0,0.0,0.0,0.0,0,0,0,0
06-06 03:00,0.0,0.0,0.0,0.0,0.0,0,0,0,0
06-06 04:00,0.0,0.0,0.0,0.0,0.0,0,0,0,0
06-06 05:00,0.0,0.0,0.0,0.0,0.0,0,0,0,0
06-06 06:00,0.0,0.0,0.0,0.0,0.0,0,0,0,0
06-06 07:00,0.0,0.0,0.0,0.0,0.0,0,0,0,0
06-06 08:00,0.0,0.0,0.0,0.0,0.0,0,0,0,0
06-06 09:00,2.3,0.0,0.0,0.0,2.4000000953674316,0,0,0,0
06-06 10:00,9.6,0.0,0.0,0.0,9.600000381469727,0,0,0,0
06-06 11:00,69.7,0.0,0.0,0.0,69.69999694824219,0,0,0,0
06-06 12:00,106.1,0.0,0.0,0.0,106.0999984741211,0,0,0,0
06-06 13:00,96.2,0.0,0.0,0.0,96.19999694824219,0,0,0,0
06-06 14:00,20.5,0.0,0.0,0.0,20.600000381469727,0,0,0,0
06-06 15:00,20.1,0.0,0.0,0.0,20.100000381469727,0,0,0,0
06-06 16:00,21.2,0.0,0.0,0.0,21.200000762939453,0,0,0,0
06-06 17:00,31.0,0.0,0.0,0.0,31.0,0,0,0,0
06-06 18:00,25.4,0.0,0.0,0.0,25.399999618530273,0,0,0,0
06-06 19:00,9.8,0.0,0.0,0.0,9.800000190734863,0,0,0,0
06-06 20:00,3.4,0.0,0.0,0.0,3.4000000953674316,0,0,0,0
06-06 21:00,0.0,0.0,0.0,0.0,0.0,0,0,0,0
06-06 22:00,0.0,0.0,0.0,0.0,0.0,0,0,0,0
06-06 23:00,0.0,0.0,0.0,0.0,0.0,0,0,0,0
07-06 00:00,0.0,0.0,0.0,0.0,0.0,0,0,0,0
07-06 01:00,0.0,0.0,0.0,0.0,0.0,0,0,0,0
07-06 02:00,0.0,0.0,0.0,0.0,0.0,0,0,0,0
07-06 03:00,0.0,0.0,0.0,0.0,0.0,0,0,0,0
07-06 04:00,0.0,0.0,0.0,0.0,0.0,0,0,0,0
07-06 05:00,0.0,0.0,0.0,0.0,0.0,0,0,0,0
07-06 06:00,0.0,0.0,0.0,0.0,0.0,0,0,0,0
07-06 07:00,0.0,0.0,0.0,0.0,0.0,0,0,0,0
07-06 08:00,0.0,0.0,0.0,0.0,0.0,0,0,0,0
07-06 09:00,2.2,0.0,0.0,0.0,2.200000047683716,0,0,0,0
07-06 10:00,10.0,0.0,0.0,0.0,10.0,0,0,0,0
07-06 11:00,71.1,0.0,0.0,0.0,71.0999984741211,0,0,0,0
07-06 12:00,109.3,0.0,0.0,0.0,109.30000305175781,0,0,0,0
07-06 13:00,95.1,0.0,0.0,0.0,95.0999984741211,0,0,0,0
07-06 14:00,23.9,0.0,0.0,0.0,23.899999618530273,0,0,0,0
07-06 15:00,20.1,0.0,0.0,0.0,20.100000381469727,0,0,0,0
07-06 16:00,21.9,0.0,0.0,0.0,21.899999618530273,0,0,0,0
07-06 17:00,29.2,0.0,0.0,0.0,29.200000762939453,0,0,0,0
07-06 18:00,25.1,0.0,0.0,0.0,25.100000381469727,0,0,0,0
07-06 19:00,10.3,0.0,0.0,0.0,10.300000190734863,0,0,0,0
07-06 20:00,3.3,0.0,0.0,0.0,3.299999952316284,0,0,0,0
07-06 21:00,0.0,0.0,0.0,0.0,0.0,0,0,0,0
07-06 22:00,0.0,0.0,0.0,0.0,0.0,0,0,0,0
07-06 23:00,0.0,0.0,0.0,0.0,0.0,0,0,0,0
08-06 00:00,19.1,0.0,0.0,19.100000381469727,0.0,0,0,0,0
08-06 01:00,19.5,0.0,0.0,19.5,0.0,0,0,0,0
08-06 02:00,27.9,0.0,0.0,27.899999618530273,0.0,0,0,0,0
08-06 03:00,35.8,0.0,0.0,35.79999923706055,0.0,0,0,0,0
08-06 04:00,35.0,0.0,0.0,35.0,0.0,0,0,0,0
08-06 05:00,33.2,0.0,0.0,33.20000076293945,0.0,0,0,0,0
08-06 06:00,19.3,0.0,0.0,19.299999237060547,0.0,0,0,0,0
08-06 07:00,14.0,0.0,0.0,14.0,0.0,0,0,0,0
08-06 08:00,17.6,0.0,0.0,17.600000381469727,0.0,0,0,0,0
08-06 09:00,18.7,0.0,0.0,16.399999618530273,2.299999952316284,0,0,0,0
08-06 10:00,21.6,0.0,0.0,12.300000190734863,9.300000190734863,0,0,0,0
08-06 11:00,82.2,0.0,0.0,11.800000190734863,70.30000305175781,0,0,0,0
08-06 12:00,131.4,0.0,0.0,12.199999809265137,119.19999694824219,0,0,0,0
08-06 13:00,98.8,0.0,0.0,10.199999809265137,88.5999984741211,0,0,0,0
08-06 14:00,32.1,0.0,0.0,9.800000190734863,22.299999237060547,0,0,0,0
08-06 15:00,28.3,0.0,0.0,8.399999618530273,19.899999618530273,0,0,0,0
08-06 16:00,28.3,0.0,0.0,6.199999809265137,22.100000381469727,0,0,0,0
08-06 17:00,33.6,0.0,0.0,4.400000095367432,29.200000762939453,0,0,0,0
08-06 18:00,30.2,0.0,0.0,3.799999952316284,26.399999618530273,0,0,0,0
08-06 19:00,13.3,0.0,0.0,3.5999999046325684,9.699999809265137,0,0,0,0
08-06 20:00,6.5,0.0,0.0,3.299999952316284,3.200000047683716,0,0,0,0
08-06 21:00,3.3,0.0,0.0,3.299999952316284,0.0,0,0,0,0
08-06 22:00,3.4,0.0,0.0,3.4000000953674316,0.0,0,0,0,0
08-06 23:00,3.0,0.0,0.0,3.0,0.0,0,0,0,0
09-06 00:00,19.0,0.0,0.0,19.0,0.0,0,0,0,0
09-06 01:00,18.8,0.0,0.0,18.799999237060547,0.0,0,0,0,0
09-06 02:00,26.1,0.0,0.0,26.100000381469727,0.0,0,0,0,0
09-06 03:00,25.7,0.0,0.0,25.700000762939453,0.0,0,0,0,0
09-06 04:00,25.7,0.0,0.0,25.700000762939453,0.0,0,0,0,0
09-06 05:00,3.2,0.0,0.0,3.200000047683716,0.0,0,0,0,0
09-06 06:00,3.4,0.0,0.0,3.4000000953674316,0.0,0,0,0,0
09-06 07:00,3.7,0.0,0.0,3.700000047683716,0.0,0,0,0,0
09-06 08:00,4.7,0.0,0.0,4.699999809265137,0.0,0,0,0,0
09-06 09:00,3.7,0.0,0.0,3.700000047683716,0.0,0,0,0,0
09-06 10:00,4.3,0.0,0.0,3.200000047683716,1.100000023841858,0,0,0,0
09-06 11:00,11.7,0.0,0.0,3.0999999046325684,8.600000381469727,0,0,0,0
09-06 12:00,16.2,0.0,0.0,3.0999999046325684,13.100000381469727,0,0,0,0
09-06 13:00,14.6,0.0,0.0,3.0999999046325684,11.5,0,0,0,0
09-06 14:00,5.1,0.0,0.0,2.9000000953674316,2.200000047683716,0,0,0,0
09-06 15:00,5.0,0.0,0.0,2.799999952316284,2.200000047683716,0,0,0,0
09-06 16:00,4.3,0.0,0.0,2.200000047683716,2.0999999046325684,0,0,0,0
09-06 17:00,5.7,0.0,0.0,2.299999952316284,3.4000000953674316,0,0,0,0
09-06 18:00,5.1,0.0,0.0,1.7999999523162842,3.299999952316284,0,0,0,0
09-06 19:00,2.9,0.0,0.0,1.7999999523162842,1.100000023841858,0,0,0,0
09-06 20:00,2.0,0.0,0.0,2.0,0.0,0,0,0,0
09-06 21:00,2.1,0.0,0.0,2.0999999046325684,0.0,0,0,0,0
09-06 22:00,1.9,0.0,0.0,1.899999976158142,0.0,0,0,0,0
09-06 23:00,2.2,0.0,0.0,2.200000047683716,0.0,0,0,0,0
10-06 00:00,0.3,0.0,0.0,0.30000001192092896,0.0,0,0,0,0
10-06 01:00,0.3,0.0,0.0,0.30000001192092896,0.0,0,0,0,0
10-06 02:00,0.3,0.0,0.0,0.30000001192092896,0.0,0,0,0,0
10-06 03:00,0.3,0.0,0.0,0.30000001192092896,0.0,0,0,0,0
10-06 04:00,0.3,0.0,0.0,0.30000001192092896,0.0,0,0,0,0
10-06 05:00,0.4,0.0,0.0,0.4000000059604645,0.0,0,0,0,0
10-06 06:00,0.4,0.0,0.0,0.4000000059604645,0.0,0,0,0,0
10-06 07:00,0.4,0.0,0.0,0.4000000059604645,0.0,0,0,0,0
10-06 08:00,0.4,0.0,0.0,0.4000000059604645,0.0,0,0,0,0
10-06 09:00,0.4,0.0,0.0,0.4000000059604645,0.0,0,0,0,0
10-06 10:00,1.5,0.0,0.0,0.4000000059604645,1.100000023841858,0,0,0,0
10-06 11:00,6.0,0.0,0.0,0.4000000059604645,5.599999904632568,0,0,0,0
10-06 12:00,8.5,0.0,0.0,0.4000000059604645,8.0,0,0,0,0
10-06 13:00,6.7,0.0,0.0,0.30000001192092896,6.400000095367432,0,0,0,0
10-06 14:00,1.4,0.0,0.0,0.4000000059604645,1.2000000476837158,0,0,0,0
10-06 15:00,1.4,0.0,0.0,0.30000001192092896,1.100000023841858,0,0,0,0
10-06 16:00,1.5,0.0,0.0,0.30000001192092896,1.2000000476837158,0,0,0,0
10-06 17:00,2.5,0.0,0.0,0.30000001192092896,2.200000047683716,0,0,0,0
10-06 18:00,2.4,0.0,0.0,0.30000001192092896,2.0999999046325684,0,0,0,0
10-06 19:00,1.4,0.0,0.0,0.30000001192092896,1.100000023841858,0,0,0,0
10-06 20:00,0.3,0.0,0.0,0.30000001192092896,0.0,0,0,0,0
10-06 21:00,0.3,0.0,0.0,0.30000001192092896,0.0,0,0,0,0
10-06 22:00,0.3,0.0,0.0,0.30000001192092896,0.0,0,0,0,0
10-06 23:00,16.6,0.0,0.0,16.600000381469727,0.0,0,0,0,0
11-06 00:00,28.1,0.0,0.0,28.100000381469727,0.0,0,0,0,0
11-06 01:00,22.5,0.0,0.0,22.5,0.0,0,0,0,0
11-06 02:00,20.2,0.0,0.0,20.200000762939453,0.0,0,0,0,0
11-06 03:00,29.6,0.0,0.0,29.600000381469727,0.0,0,0,0,0
11-06 04:00,40.4,0.0,0.0,40.400001525878906,0.0,0,0,0,0
11-06 05:00,46.0,0.0,0.0,46.0,0.0,0,0,0,0
11-06 06:00,42.1,0.0,0.0,42.099998474121094,0.0,0,0,0,0
11-06 07:00,45.0,0.0,0.0,45.0,0.0,0,0,0,0
11-06 08:00,32.1,0.0,0.0,32.099998474121094,0.0,0,0,0,0
11-06 09:00,23.9,0.0,0.0,21.700000762939453,2.200000047683716,0,0,0,0
11-06 10:00,28.2,0.0,0.0,18.399999618530273,9.800000190734863,0,0,0,0
11-06 11:00,85.1,0.0,0.0,16.5,68.5999984741211,0,0,0,0
11-06 12:00,122.2,0.0,0.0,15.5,106.69999694824219,0,0,0,0
11-06 13:00,105.0,0.0,0.0,14.800000190734863,90.19999694824219,0,0,0,0
11-06 14:00,37.0,0.0,0.0,14.300000190734863,22.700000762939453,0,0,0,0
11-06 15:00,31.7,0.0,0.0,11.899999618530273,19.799999237060547,0,0,0,0
11-06 16:00,28.7,0.0,0.0,8.199999809265137,20.399999618530273,0,0,0,0
11-06 17:00,36.1,0.0,0.0,6.400000095367432,29.700000762939453,0,0,0,0
11-06 18:00,29.0,0.0,0.0,5.0,24.0,0,0,0,0
11-06 19:00,15.3,0.0,0.0,5.300000190734863,10.0,0,0,0,0
11-06 20:00,8.1,0.0,0.0,4.800000190734863,3.299999952316284,0,0,0,0
11-06 21:00,4.9,0.0,0.0,4.900000095367432,0.0,0,0,0,0
11-06 22:00,5.0,0.0,0.0,5.0,0.0,0,0,0,0
11-06 23:00,21.2,0.0,0.0,21.200000762939453,0.0,0,0,0,0
12-06 00:00,26.6,0.0,0.0,26.600000381469727,0.0,0,0,0,0
12-06 01:00,35.0,0.0,0.0,35.0,0.0,0,0,0,0
12-06 02:00,42.6,0.0,0.0,42.599998474121094,0.0,0,0,0,0
12-06 03:00,38.6,0.0,0.0,38.599998474121094,0.0,0,0,0,0
12-06 04:00,48.1,0.0,0.0,48.099998474121094,0.0,0,0,0,0
12-06 05:00,27.3,0.0,0.0,27.299999237060547,0.0,0,0,0,0
12-06 06:00,15.1,0.0,0.0,15.199999809265137,0.0,0,0,0,0
12-06 07:00,19.2,0.0,0.0,19.200000762939453,0.0,0,0,0,0
12-06 08:00,19.7,0.0,0.0,19.700000762939453,0.0,0,0,0,0
12-06 09:00,22.1,0.0,0.0,19.899999618530273,2.200000047683716,0,0,0,0
12-06 10:00,27.5,0.0,0.0,17.200000762939453,10.300000190734863,0,0,0,0
12-06 11:00,86.7,0.0,0.0,15.300000190734863,71.4000015258789,0,0,0,0
12-06 12:00,131.7,0.0,0.0,15.100000381469727,116.5999984741211,0,0,0,0
12-06 13:00,111.6,0.0,0.0,14.199999809265137,97.4000015258789,0,0,0,0
12-06 14:00,34.3,0.0,0.0,12.300000190734863,22.0,0,0,0,0
12-06 15:00,30.7,0.0,0.0,10.699999809265137,20.0,0,0,0,0
12-06 16:00,30.7,0.0,0.0,8.100000381469727,22.600000381469727,0,0,0,0
12-06 17:00,34.4,0.0,0.0,5.599999904632568,28.799999237060547,0,0,0,0
12-06 18:00,31.1,0.0,0.0,4.800000190734863,26.299999237060547,0,0,0,0
12-06 19:00,15.1,0.0,0.0,4.800000190734863,10.300000190734863,0,0,0,0
12-06 20:00,7.5,0.0,0.0,4.199999809265137,3.299999952316284,0,0,0,0
12-06 21:00,4.1,0.0,0.0,4.099999904632568,0.0,0,0,0,0
12-06 22:00,4.2,0.0,0.0,4.199999809265137,0.0,0,0,0,0
12-06 23:00,11.4,0.0,0.0,11.399999618530273,0.0,0,0,0,0
13-06 00:00,20.0,0.0,0.0,20.0,0.0,0,0,0,0
13-06 01:00,19.0,0.0,0.0,19.0,0.0,0,0,0,0
13-06 02:00,26.3,0.0,0.0,26.299999237060547,0.0,0,0,0,0
13-06 03:00,28.2,0.0,0.0,28.200000762939453,0.0,0,0,0,0
13-06 04:00,36.3,0.0,0.0,36.29999923706055,0.0,0,0,0,0
13-06 05:00,42.1,0.0,0.0,42.099998474121094,0.0,0,0,0,0
13-06 06:00,28.0,0.0,0.0,28.0,0.0,0,0,0,0
13-06 07:00,25.0,0.0,0.0,25.0,0.0,0,0,0,0
13-06 08:00,19.1,0.0,0.0,19.100000381469727,0.0,0,0,0,0
13-06 09:00,19.3,0.0,0.0,17.100000381469727,2.200000047683716,0,0,0,0
13-06 10:00,23.4,0.0,0.0,13.899999618530273,9.5,0,0,0,0
13-06 11:00,86.4,0.0,0.0,13.600000381469727,72.80000305175781,0,0,0,0
13-06 12:00,116.1,0.0,0.0,11.800000190734863,104.30000305175781,0,0,0,0
13-06 13:00,97.4,0.0,0.0,11.0,86.4000015258789,0,0,0,0
13-06 14:00,30.7,0.0,0.0,10.100000381469727,20.600000381469727,0,0,0,0
13-06 15:00,27.6,0.0,0.0,8.800000190734863,18.799999237060547,0,0,0,0
13-06 16:00,30.6,0.0,0.0,7.300000190734863,23.299999237060547,0,0,0,0
13-06 17:00,35.3,0.0,0.0,5.099999904632568,30.200000762939453,0,0,0,0
13-06 18:00,31.4,0.0,0.0,4.400000095367432,27.0,0,0,0,0
13-06 19:00,13.4,0.0,0.0,3.9000000953674316,9.5,0,0,0,0
13-06 20:00,6.8,0.0,0.0,3.5999999046325684,3.200000047683716,0,0,0,0
13-06 21:00,4.1,0.0,0.0,4.0,0.0,0,0,0,0
13-06 22:00,3.8,0.0,0.0,3.799999952316284,0.0,0,0,0,0
13-06 23:00,3.4,0.0,0.0,3.4000000953674316,0.0,0,0,0,0
14-06 00:00,4.3,0.0,0.0,4.300000190734863,0.0,0,0,0,0
14-06 01:00,19.6,0.0,0.0,19.600000381469727,0.0,0,0,0,0
14-06 02:00,20.8,0.0,0.0,20.799999237060547,0.0,0,0,0,0
14-06 03:00,22.6,0.0,0.0,22.600000381469727,0.0,0,0,0,0
14-06 04:00,32.3,0.0,0.0,32.29999923706055,0.0,0,0,0,0
14-06 05:00,37.1,0.0,0.0,37.099998474121094,0.0,0,0,0,0
14-06 06:00,42.7,0.0,0.0,42.70000076293945,0.0,0,0,0,0
14-06 07:00,38.8,0.0,0.0,38.79999923706055,0.0,0,0,0,0
14-06 08:00,42.4,0.0,0.0,42.400001525878906,0.0,0,0,0,0
14-06 09:00,41.2,0.0,0.0,38.900001525878906,2.299999952316284,0,0,0,0
14-06 10:00,35.8,0.0,0.0,25.799999237060547,9.899999618530273,0,0,0,0
14-06 11:00,91.9,0.0,0.0,23.5,68.4000015258789,0,0,0,0
14-06 12:00,142.5,0.0,0.0,25.0,117.5,0,0,0,0
14-06 13:00,105.3,0.0,0.0,14.399999618530273,90.9000015258789,0,0,0,0
14-06 14:00,35.3,0.0,0.0,13.300000190734863,22.0,0,0,0,0
14-06 15:00,29.7,0.0,0.0,10.899999618530273,18.799999237060547,0,0,0,0
14-06 16:00,30.1,0.0,0.0,8.399999618530273,21.700000762939453,0,0,0,0
14-06 17:00,37.2,0.0,0.0,6.400000095367432,30.799999237060547,0,0,0,0
14-06 18:00,32.8,0.0,0.0,5.5,27.299999237060547,0,0,0,0
14-06 19:00,15.0,0.0,0.0,5.0,9.899999618530273,0,0,0,0
14-06 20:00,8.1,0.0,0.0,4.699999809265137,3.4000000953674316,0,0,0,0
14-06 21:00,4.4,0.0,0.0,4.400000095367432,0.0,0,0,0,0
14-06 22:00,12.9,0.0,0.0,12.899999618530273,0.0,0,0,0,0
14-06 23:00,12.1,0.0,0.0,12.100000381469727,0.0,0,0,0,0
15-06 00:00,9.1,0.0,0.0,9.100000381469727,0.0,0,0,0,0
15-06 01:00,9.0,0.0,0.0,9.0,0.0,0,0,0,0
15-06 02:00,9.7,0.0,0.0,9.699999809265137,0.0,0,0,0,0
15-06 03:00,9.8,0.0,0.0,9.800000190734863,0.0,0,0,0,0
15-06 04:00,10.0,0.0,0.0,10.0,0.0,0,0,0,0
15-06 05:00,10.8,0.0,0.0,10.800000190734863,0.0,0,0,0,0
15-06 06:00,12.3,0.0,0.0,12.300000190734863,0.0,0,0,0,0
15-06 07:00,5.3,0.0,0.0,5.300000190734863,0.0,0,0,0,0
15-06 08:00,6.4,0.0,0.0,6.400000095367432,0.0,0,0,0,0
15-06 09:00,8.2,0.0,0.0,5.900000095367432,2.299999952316284,0,0,0,0
15-06 10:00,14.9,0.0,0.0,4.900000095367432,10.0,0,0,0,0
15-06 11:00,80.3,0.0,0.0,4.699999809265137,75.5999984741211,0,0,0,0
15-06 12:00,120.7,0.0,0.0,4.400000095367432,116.30000305175781,0,0,0,0
15-06 13:00,91.9,0.0,0.0,3.799999952316284,88.0999984741211,0,0,0,0
15-06 14:00,26.1,0.0,0.0,3.700000047683716,22.399999618530273,0,0,0,0
15-06 15:00,23.9,0.0,0.0,3.200000047683716,20.700000762939453,0,0,0,0
15-06 16:00,25.7,0.0,0.0,2.4000000953674316,23.299999237060547,0,0,0,0
15-06 17:00,33.2,0.0,0.0,1.7999999523162842,31.399999618530273,0,0,0,0
15-06 18:00,26.6,0.0,0.0,1.399999976158142,25.200000762939453,0,0,0,0
15-06 19:00,11.3,0.0,0.0,1.399999976158142,9.899999618530273,0,0,0,0
15-06 20:00,4.5,0.0,0.0,1.2000000476837158,3.299999952316284,0,0,0,0
15-06 21:00,1.3,0.0,0.0,1.2999999523162842,0.0,0,0,0,0
15-06 22:00,1.2,0.0,0.0,1.2000000476837158,0.0,0,0,0,0
15-06 23:00,1.1,0.0,0.0,1.2000000476837158,0.0,0,0,0,0
16-06 00:00,11.9,0.0,0.0,11.899999618530273,0.0,0,0,0,0
16-06 01:00,10.6,0.0,0.0,10.600000381469727,0.0,0,0,0,0
16-06 02:00,19.0,0.0,0.0,19.0,0.0,0,0,0,0
16-06 03:00,27.5,0.0,0.0,27.5,0.0,0,0,0,0
16-06 04:00,20.0,0.0,0.0,20.0,0.0,0,0,0,0
16-06 05:00,12.4,0.0,0.0,12.399999618530273,0.0,0,0,0,0
16-06 06:00,5.3,0.0,0.0,5.300000190734863,0.0,0,0,0,0
16-06 07:00,5.8,0.0,0.0,5.800000190734863,0.0,0,0,0,0
16-06 08:00,6.5,0.0,0.0,6.5,0.0,0,0,0,0
16-06 09:00,5.8,0.0,0.0,5.800000190734863,0.0,0,0,0,0
16-06 10:00,6.0,0.0,0.0,4.900000095367432,1.100000023841858,0,0,0,0
16-06 11:00,12.9,0.0,0.0,4.400000095367432,8.5,0,0,0,0
16-06 12:00,17.5,0.0,0.0,4.5,13.0,0,0,0,0
16-06 13:00,15.7,0.0,0.0,4.5,11.199999809265137,0,0,0,0
16-06 14:00,6.7,0.0,0.0,4.400000095367432,2.299999952316284,0,0,0,0
16-06 15:00,6.8,0.0,0.0,4.400000095367432,2.4000000953674316,0,0,0,0
16-06 16:00,5.3,0.0,0.0,3.200000047683716,2.0999999046325684,0,0,0,0
16-06 17:00,6.8,0.0,0.0,3.299999952316284,3.4000000953674316,0,0,0,0
16-06 18:00,5.8,0.0,0.0,2.5999999046325684,3.200000047683716,0,0,0,0
16-06 19:00,20.0,0.0,0.0,18.899999618530273,1.100000023841858,0,0,0,0
16-06 20:00,19.1,0.0,0.0,19.100000381469727,0.0,0,0,0,0
16-06 21:00,18.3,0.0,0.0,18.299999237060547,0.0,0,0,0,0
16-06 22:00,10.9,0.0,0.0,10.899999618530273,0.0,0,0,0,0
16-06 23:00,18.9,0.0,0.0,18.899999618530273,0.0,0,0,0,0
17-06 00:00,25.6,0.0,0.0,25.600000381469727,0.0,0,0,0,0
17-06 01:00,37.6,0.0,0.0,37.599998474121094,0.0,0,0,0,0
17-06 02:00,34.8,0.0,0.0,34.79999923706055,0.0,0,0,0,0
17-06 03:00,42.5,0.0,0.0,42.5,0.0,0,0,0,0
17-06 04:00,44.5,0.0,0.0,44.5,0.0,0,0,0,0
17-06 05:00,27.3,0.0,0.0,27.299999237060547,0.0,0,0,0,0
17-06 06:00,13.0,0.0,0.0,13.0,0.0,0,0,0,0
17-06 07:00,4.6,0.0,0.0,4.599999904632568,0.0,0,0,0,0
17-06 08:00,5.3,0.0,0.0,5.300000190734863,0.0,0,0,0,0
17-06 09:00,4.7,0.0,0.0,4.699999809265137,0.0,0,0,0,0
17-06 10:00,5.2,0.0,0.0,4.199999809265137,1.0,0,0,0,0
17-06 11:00,10.1,0.0,0.0,4.5,5.599999904632568,0,0,0,0
17-06 12:00,11.9,0.0,0.0,4.400000095367432,7.5,0,0,0,0
17-06 13:00,11.1,0.0,0.0,4.400000095367432,6.800000190734863,0,0,0,0
17-06 14:00,5.2,0.0,0.0,4.099999904632568,1.100000023841858,0,0,0,0
17-06 15:00,5.7,0.0,0.0,4.5,1.2000000476837158,0,0,0,0
17-06 16:00,5.1,0.0,0.0,4.0,1.100000023841858,0,0,0,0
17-06 17:00,6.1,0.0,0.0,3.9000000953674316,2.200000047683716,0,0,0,0
17-06 18:00,6.1,0.0,0.0,3.799999952316284,2.299999952316284,0,0,0,0
17-06 19:00,5.0,0.0,0.0,3.799999952316284,1.2000000476837158,0,0,0,0
17-06 20:00,3.9,0.0,0.0,3.9000000953674316,0.0,0,0,0,0
17-06 21:00,3.5,0.0,0.0,3.4000000953674316,0.0,0,0,0,0
17-06 22:00,3.5,0.0,0.0,3.5,0.0,0,0,0,0
17-06 23:00,3.8,0.0,0.0,3.799999952316284,0.0,0,0,0,0
18-06 00:00,0.7,0.0,0.0,0.699999988079071,0.0,0,0,0,0
18-06 01:00,0.8,0.0,0.0,0.800000011920929,0.0,0,0,0,0
18-06 02:00,0.7,0.0,0.0,0.699999988079071,0.0,0,0,0,0
18-06 03:00,1.1,0.0,0.0,1.100000023841858,0.0,0,0,0,0
18-06 04:00,1.4,0.0,0.0,1.399999976158142,0.0,0,0,0,0
18-06 05:00,2.6,0.0,0.0,2.5999999046325684,0.0,0,0,0,0
18-06 06:00,3.0,0.0,0.0,3.0,0.0,0,0,0,0
18-06 07:00,3.8,0.0,0.0,3.799999952316284,0.0,0,0,0,0
18-06 08:00,4.3,0.0,0.0,4.300000190734863,0.0,0,0,0,0
18-06 09:00,6.4,0.0,0.0,4.199999809265137,2.200000047683716,0,0,0,0
18-06 10:00,21.1,0.0,0.0,11.300000190734863,9.800000190734863,0,0,0,0
18-06 11:00,78.9,0.0,0.0,10.699999809265137,68.19999694824219,0,0,0,0
18-06 12:00,127.7,0.0,0.0,11.600000381469727,116.0,0,0,0,0
18-06 13:00,87.8,0.0,0.0,2.5999999046325684,85.19999694824219,0,0,0,0
18-06 14:00,25.5,0.0,0.0,2.700000047683716,22.799999237060547,0,0,0,0
18-06 15:00,23.2,0.0,0.0,2.299999952316284,20.899999618530273,0,0,0,0
18-06 16:00,24.7,0.0,0.0,1.7000000476837158,23.0,0,0,0,0
18-06 17:00,31.3,0.0,0.0,1.2000000476837158,30.100000381469727,0,0,0,0
18-06 18:00,28.0,0.0,0.0,1.0,27.0,0,0,0,0
18-06 19:00,11.1,0.0,0.0,1.0,10.0,0,0,0,0
18-06 20:00,4.2,0.0,0.0,0.8999999761581421,3.299999952316284,0,0,0,0
18-06 21:00,0.9,0.0,0.0,0.8999999761581421,0.0,0,0,0,0
18-06 22:00,9.4,0.0,0.0,9.399999618530273,0.0,0,0,0,0
18-06 23:00,9.0,0.0,0.0,9.0,0.0,0,0,0,0
19-06 00:00,19.6,0.0,0.0,19.600000381469727,0.0,0,0,0,0
19-06 01:00,18.6,0.0,0.0,18.600000381469727,0.0,0,0,0,0
19-06 02:00,18.6,0.0,0.0,18.600000381469727,0.0,0,0,0,0
19-06 03:00,19.7,0.0,0.0,19.700000762939453,0.0,0,0,0,0
19-06 04:00,27.6,0.0,0.0,27.600000381469727,0.0,0,0,0,0
19-06 05:00,25.0,0.0,0.0,25.0,0.0,0,0,0,0
19-06 06:00,10.3,0.0,0.0,10.300000190734863,0.0,0,0,0,0
19-06 07:00,12.8,0.0,0.0,12.800000190734863,0.0,0,0,0,0
19-06 08:00,14.0,0.0,0.0,14.0,0.0,0,0,0,0
19-06 09:00,16.0,0.0,0.0,13.699999809265137,2.299999952316284,0,0,0,0
19-06 10:00,20.4,0.0,0.0,10.800000190734863,9.600000381469727,0,0,0,0
19-06 11:00,86.2,0.0,0.0,10.800000190734863,75.4000015258789,0,0,0,0
19-06 12:00,120.0,0.0,0.0,9.600000381469727,110.4000015258789,0,0,0,0
19-06 13:00,101.4,0.0,0.0,9.0,92.4000015258789,0,0,0,0
19-06 14:00,31.3,0.0,0.0,8.5,22.799999237060547,0,0,0,0
19-06 15:00,26.0,0.0,0.0,6.900000095367432,19.100000381469727,0,0,0,0
19-06 16:00,27.9,0.0,0.0,5.400000095367432,22.5,0,0,0,0
19-06 17:00,34.7,0.0,0.0,4.0,30.700000762939453,0,0,0,0
19-06 18:00,28.5,0.0,0.0,3.0999999046325684,25.399999618530273,0,0,0,0
19-06 19:00,12.6,0.0,0.0,3.0,9.600000381469727,0,0,0,0
19-06 20:00,6.1,0.0,0.0,2.799999952316284,3.299999952316284,0,0,0,0
19-06 21:00,2.8,0.0,0.0,2.799999952316284,0.0,0,0,0,0
19-06 22:00,11.7,0.0,0.0,11.699999809265137,0.0,0,0,0,0
19-06 23:00,18.8,0.0,0.0,18.799999237060547,0.0,0,0,0,0
20-06 00:00,20.1,0.0,0.0,20.100000381469727,0.0,0,0,0,0
20-06 01:00,17.2,0.0,0.0,17.200000762939453,0.0,0,0,0,0
20-06 02:00,27.7,0.0,0.0,27.700000762939453,0.0,0,0,0,0
20-06 03:00,26.4,0.0,0.0,26.399999618530273,0.0,0,0,0,0
20-06 04:00,26.5,0.0,0.0,26.399999618530273,0.0,0,0,0,0
20-06 05:00,24.1,0.0,0.0,24.100000381469727,0.0,0,0,0,0
20-06 06:00,9.8,0.0,0.0,9.800000190734863,0.0,0,0,0,0
20-06 07:00,12.7,0.0,0.0,12.699999809265137,0.0,0,0,0,0
20-06 08:00,14.6,0.0,0.0,14.600000381469727,0.0,0,0,0,0
20-06 09:00,15.2,0.0,0.0,13.0,2.200000047683716,0,0,0,0
20-06 10:00,20.6,0.0,0.0,10.899999618530273,9.699999809265137,0,0,0,0
20-06 11:00,82.0,0.0,0.0,10.300000190734863,71.69999694824219,0,0,0,0
20-06 12:00,114.0,0.0,0.0,9.100000381469727,104.9000015258789,0,0,0,0
20-06 13:00,95.4,0.0,0.0,8.5,86.9000015258789,0,0,0,0
20-06 14:00,29.7,0.0,0.0,8.100000381469727,21.600000381469727,0,0,0,0
20-06 15:00,27.9,0.0,0.0,7.400000095367432,20.5,0,0,0,0
20-06 16:00,27.6,0.0,0.0,5.300000190734863,22.299999237060547,0,0,0,0
20-06 17:00,31.3,0.0,0.0,3.5999999046325684,27.700000762939453,0,0,0,0
20-06 18:00,28.0,0.0,0.0,3.0999999046325684,24.899999618530273,0,0,0,0
20-06 19:00,13.2,0.0,0.0,3.200000047683716,10.0,0,0,0,0
20-06 20:00,6.5,0.0,0.0,3.0,3.5,0,0,0,0
20-06 21:00,2.7,0.0,0.0,2.700000047683716,0.0,0,0,0,0
20-06 22:00,2.9,0.0,0.0,2.9000000953674316,0.0,0,0,0,0
20-06 23:00,11.2,0.0,0.0,11.199999809265137,0.0,0,0,0,0
21-06 00:00,21.1,0.0,0.0,21.100000381469727,0.0,0,0,0,0
21-06 01:00,28.1,0.0,0.0,28.100000381469727,0.0,0,0,0,0
21-06 02:00,36.5,0.0,0.0,36.400001525878906,0.0,0,0,0,0
21-06 03:00,53.6,0.0,0.0,53.599998474121094,0.0,0,0,0,0
21-06 04:00,47.3,0.0,0.0,47.29999923706055,0.0,0,0,0,0
21-06 05:00,37.7,0.0,0.0,37.70000076293945,0.0,0,0,0,0
21-06 06:00,14.4,0.0,0.0,14.399999618530273,0.0,0,0,0,0
21-06 07:00,16.6,0.0,0.0,16.600000381469727,0.0,0,0,0,0
21-06 08:00,20.7,0.0,0.0,20.700000762939453,0.0,0,0,0,0
21-06 09:00,20.9,0.0,0.0,18.700000762939453,2.200000047683716,0,0,0,0
21-06 10:00,25.9,0.0,0.0,16.0,9.899999618530273,0,0,0,0
21-06 11:00,86.5,0.0,0.0,14.800000190734863,71.69999694824219,0,0,0,0
21-06 12:00,124.1,0.0,0.0,13.800000190734863,110.30000305175781,0,0,0,0
21-06 13:00,106.3,0.0,0.0,13.100000381469727,93.19999694824219,0,0,0,0
21-06 14:00,34.0,0.0,0.0,11.899999618530273,22.100000381469727,0,0,0,0
21-06 15:00,27.7,0.0,0.0,9.399999618530273,18.299999237060547,0,0,0,0
21-06 16:00,28.5,0.0,0.0,7.300000190734863,21.200000762939453,0,0,0,0
21-06 17:00,36.1,0.0,0.0,5.599999904632568,30.399999618530273,0,0,0,0
21-06 18:00,29.3,0.0,0.0,4.400000095367432,24.899999618530273,0,0,0,0
21-06 19:00,13.7,0.0,0.0,4.300000190734863,9.399999618530273,0,0,0,0
21-06 20:00,7.1,0.0,0.0,3.9000000953674316,3.200000047683716,0,0,0,0
21-06 21:00,4.3,0.0,0.0,4.300000190734863,0.0,0,0,0,0
21-06 22:00,4.2,0.0,0.0,4.199999809265137,0.0,0,0,0,0
21-06 23:00,3.7,0.0,0.0,3.700000047683716,0.0,0,0,0,0
22-06 00:00,0.0,0.0,0.0,0.0,0.0,0,0,0,0
22-06 01:00,0.0,0.0,0.0,0.0,0.0,0,0,0,0
22-06 02:00,0.0,0.0,0.0,0.0,0.0,0,0,0,0
22-06 03:00,0.0,0.0,0.0,0.0,0.0,0,0,0,0
22-06 04:00,0.0,0.0,0.0,0.0,0.0,0,0,0,0
22-06 05:00,0.0,0.0,0.0,0.0,0.0,0,0,0,0
22-06 06:00,0.0,0.0,0.0,0.0,0.0,0,0,0,0
22-06 07:00,0.0,0.0,0.0,0.0,0.0,0,0,0,0
22-06 08:00,0.0,0.0,0.0,0.0,0.0,0,0,0,0
22-06 09:00,2.2,0.0,0.0,0.0,2.200000047683716,0,0,0,0
22-06 10:00,8.6,0.0,0.0,0.0,8.600000381469727,0,0,0,0
22-06 11:00,72.4,0.0,0.0,0.0,72.4000015258789,0,0,0,0
22-06 12:00,95.9,0.0,0.0,0.0,95.9000015258789,0,0,0,0
22-06 13:00,87.7,0.0,0.0,0.0,87.69999694824219,0,0,0,0
22-06 14:00,21.8,0.0,0.0,0.0,21.799999237060547,0,0,0,0
22-06 15:00,19.0,0.0,0.0,0.0,19.0,0,0,0,0
22-06 16:00,23.1,0.0,0.0,0.0,23.200000762939453,0,0,0,0
22-06 17:00,29.8,0.0,0.0,0.0,29.799999237060547,0,0,0,0
22-06 18:00,26.9,0.0,0.0,0.0,26.899999618530273,0,0,0,0
22-06 19:00,10.0,0.0,0.0,0.0,10.0,0,0,0,0
22-06 20:00,3.4,0.0,0.0,0.0,3.4000000953674316,0,0,0,0
22-06 21:00,0.0,0.0,0.0,0.0,0.0,0,0,0,0
22-06 22:00,0.0,0.0,0.0,0.0,0.0,0,0,0,0
22-06 23:00,0.0,0.0,0.0,0.0,0.0,0,0,0,0
23-06 00:00,0.4,0.0,0.0,0.4000000059604645,0.0,0,0,0,0
23-06 01:00,0.5,0.0,0.0,0.5,0.0,0,0,0,0
23-06 02:00,8.1,0.0,0.0,8.100000381469727,0.0,0,0,0,0
23-06 03:00,8.5,0.0,0.0,8.5,0.0,0,0,0,0
23-06 04:00,8.3,0.0,0.0,8.300000190734863,0.0,0,0,0,0
23-06 05:00,0.7,0.0,0.0,0.699999988079071,0.0,0,0,0,0
23-06 06:00,0.8,0.0,0.0,0.800000011920929,0.0,0,0,0,0
23-06 07:00,0.9,0.0,0.0,0.8999999761581421,0.0,0,0,0,0
23-06 08:00,1.1,0.0,0.0,1.100000023841858,0.0,0,0,0,0
23-06 09:00,0.9,0.0,0.0,0.8999999761581421,0.0,0,0,0,0
23-06 10:00,1.9,0.0,0.0,0.800000011920929,1.100000023841858,0,0,0,0
23-06 11:00,10.3,0.0,0.0,0.800000011920929,9.5,0,0,0,0
23-06 12:00,13.6,0.0,0.0,0.699999988079071,13.0,0,0,0,0
23-06 13:00,11.3,0.0,0.0,0.699999988079071,10.600000381469727,0,0,0,0
23-06 14:00,3.0,0.0,0.0,0.699999988079071,2.299999952316284,0,0,0,0
23-06 15:00,2.8,0.0,0.0,0.6000000238418579,2.200000047683716,0,0,0,0
23-06 16:00,2.9,0.0,0.0,0.6000000238418579,2.299999952316284,0,0,0,0
23-06 17:00,3.7,0.0,0.0,0.5,3.200000047683716,0,0,0,0
23-06 18:00,3.8,0.0,0.0,0.4000000059604645,3.4000000953674316,0,0,0,0
23-06 19:00,1.5,0.0,0.0,0.4000000059604645,1.100000023841858,0,0,0,0
23-06 20:00,0.4,0.0,0.0,0.4000000059604645,0.0,0,0,0,0
23-06 21:00,0.4,0.0,0.0,0.4000000059604645,0.0,0,0,0,0
23-06 22:00,0.5,0.0,0.0,0.5,0.0,0,0,0,0
23-06 23:00,0.5,0.0,0.0,0.5,0.0,0,0,0,0
24-06 00:00,0.0,0.0,0.0,0.0,0.0,0,0,0,0
24-06 01:00,0.0,0.0,0.0,0.0,0.0,0,0,0,0
24-06 02:00,0.0,0.0,0.0,0.0,0.0,0,0,0,0
24-06 03:00,0.0,0.0,0.0,0.0,0.0,0,0,0,0
24-06 04:00,0.0,0.0,0.0,0.0,0.0,0,0,0,0
24-06 05:00,0.0,0.0,0.0,0.0,0.0,0,0,0,0
24-06 06:00,0.0,0.0,0.0,0.0,0.0,0,0,0,0
24-06 07:00,0.0,0.0,0.0,0.0,0.0,0,0,0,0
24-06 08:00,0.0,0.0,0.0,0.0,0.0,0,0,0,0
24-06 09:00,0.0,0.0,0.0,0.0,0.0,0,0,0,0
24-06 10:00,1.1,0.0,0.0,0.0,1.100000023841858,0,0,0,0
24-06 11:00,5.5,0.0,0.0,0.0,5.5,0,0,0,0
24-06 12:00,7.7,0.0,0.0,0.0,7.699999809265137,0,0,0,0
24-06 13:00,6.8,0.0,0.0,0.0,6.800000190734863,0,0,0,0
24-06 14:00,1.1,0.0,0.0,0.0,1.100000023841858,0,0,0,0
24-06 15:00,1.1,0.0,0.0,0.0,1.100000023841858,0,0,0,0
24-06 16:00,1.0,0.0,0.0,0.0,1.0,0,0,0,0
24-06 17:00,2.2,0.0,0.0,0.0,2.200000047683716,0,0,0,0
24-06 18:00,2.0,0.0,0.0,0.0,2.0,0,0,0,0
24-06 19:00,1.1,0.0,0.0,0.0,1.100000023841858,0,0,0,0
24-06 20:00,0.0,0.0,0.0,0.0,0.0,0,0,0,0
24-06 21:00,0.0,0.0,0.0,0.0,0.0,0,0,0,0
24-06 22:00,0.0,0.0,0.0,0.0,0.0,0,0,0,0
24-06 23:00,0.0,0.0,0.0,0.0,0.0,0,0,0,0
25-06 00:00,0.0,0.0,0.0,0.0,0.0,0,0,0,0
25-06 01:00,0.0,0.0,0.0,0.0,0.0,0,0,0,0
25-06 02:00,0.0,0.0,0.0,0.0,0.0,0,0,0,0
25-06 03:00,0.0,0.0,0.0,0.0,0.0,0,0,0,0
25-06 04:00,0.0,0.0,0.0,0.0,0.0,0,0,0,0
25-06 05:00,0.0,0.0,0.0,0.0,0.0,0,0,0,0
25-06 06:00,0.0,0.0,0.0,0.0,0.0,0,0,0,0
25-06 07:00,0.0,0.0,0.0,0.0,0.0,0,0,0,0
25-06 08:00,0.0,0.0,0.0,0.0,0.0,0,0,0,0
25-06 09:00,2.1,0.0,0.0,0.0,2.0999999046325684,0,0,0,0
25-06 10:00,9.9,0.0,0.0,0.0,9.899999618530273,0,0,0,0
25-06 11:00,71.6,0.0,0.0,0.0,71.5999984741211,0,0,0,0
25-06 12:00,107.9,0.0,0.0,0.0,107.9000015258789,0,0,0,0
25-06 13:00,91.2,0.0,0.0,0.0,91.19999694824219,0,0,0,0
25-06 14:00,20.7,0.0,0.0,0.0,20.700000762939453,0,0,0,0
25-06 15:00,19.8,0.0,0.0,0.0,19.799999237060547,0,0,0,0
25-06 16:00,21.1,0.0,0.0,0.0,21.100000381469727,0,0,0,0
25-06 17:00,28.5,0.0,0.0,0.0,28.5,0,0,0,0
25-06 18:00,23.5,0.0,0.0,0.0,23.5,0,0,0,0
25-06 19:00,10.0,0.0,0.0,0.0,10.0,0,0,0,0
25-06 20:00,3.5,0.0,0.0,0.0,3.5,0,0,0,0
25-06 21:00,0.0,0.0,0.0,0.0,0.0,0,0,0,0
25-06 22:00,0.0,0.0,0.0,0.0,0.0,0,0,0,0
25-06 23:00,0.0,0.0,0.0,0.0,0.0,0,0,0,0
26-06 00:00,0.0,0.0,0.0,0.0,0.0,0,0,0,0
26-06 01:00,0.0,0.0,0.0,0.0,0.0,0,0,0,0
26-06 02:00,0.0,0.0,0.0,0.0,0.0,0,0,0,0
26-06 03:00,0.0,0.0,0.0,0.0,0.0,0,0,0,0
26-06 04:00,0.0,0.0,0.0,0.0,0.0,0,0,0,0
26-06 05:00,0.0,0.0,0.0,0.0,0.0,0,0,0,0
26-06 06:00,0.0,0.0,0.0,0.0,0.0,0,0,0,0
26-06 07:00,0.0,0.0,0.0,0.0,0.0,0,0,0,0
26-06 08:00,0.0,0.0,0.0,0.0,0.0,0,0,0,0
26-06 09:00,2.1,0.0,0.0,0.0,2.0999999046325684,0,0,0,0
26-06 10:00,10.1,0.0,0.0,0.0,10.100000381469727,0,0,0,0
26-06 11:00,70.1,0.0,0.0,0.0,70.0999984741211,0,0,0,0
26-06 12:00,101.2,0.0,0.0,0.0,101.19999694824219,0,0,0,0
26-06 13:00,86.6,0.0,0.0,0.0,86.5999984741211,0,0,0,0
26-06 14:00,20.0,0.0,0.0,0.0,20.0,0,0,0,0
26-06 15:00,19.4,0.0,0.0,0.0,19.399999618530273,0,0,0,0
26-06 16:00,20.2,0.0,0.0,0.0,20.200000762939453,0,0,0,0
26-06 17:00,29.1,0.0,0.0,0.0,29.100000381469727,0,0,0,0
26-06 18:00,26.8,0.0,0.0,0.0,26.799999237060547,0,0,0,0
26-06 19:00,9.8,0.0,0.0,0.0,9.800000190734863,0,0,0,0
26-06 20:00,3.4,0.0,0.0,0.0,3.4000000953674316,0,0,0,0
26-06 21:00,0.0,0.0,0.0,0.0,0.0,0,0,0,0
26-06 22:00,0.0,0.0,0.0,0.0,0.0,0,0,0,0
26-06 23:00,0.0,0.0,0.0,0.0,0.0,0,0,0,0
27-06 00:00,0.0,0.0,0.0,0.0,0.0,0,0,0,0
27-06 01:00,0.0,0.0,0.0,0.0,0.0,0,0,0,0
27-06 02:00,0.0,0.0,0.0,0.0,0.0,0,0,0,0
27-06 03:00,0.0,0.0,0.0,0.0,0.0,0,0,0,0
27-06 04:00,0.0,0.0,0.0,0.0,0.0,0,0,0,0
27-06 05:00,0.0,0.0,0.0,0.0,0.0,0,0,0,0
27-06 06:00,0.0,0.0,0.0,0.0,0.0,0,0,0,0
27-06 07:00,0.0,0.0,0.0,0.0,0.0,0,0,0,0
27-06 08:00,0.0,0.0,0.0,0.0,0.0,0,0,0,0
27-06 09:00,2.2,0.0,0.0,0.0,2.200000047683716,0,0,0,0
27-06 10:00,9.7,0.0,0.0,0.0,9.699999809265137,0,0,0,0
27-06 11:00,67.9,0.0,0.0,0.0,67.9000015258789,0,0,0,0
27-06 12:00,118.8,0.0,0.0,0.0,118.80000305175781,0,0,0,0
27-06 13:00,93.8,0.0,0.0,0.0,93.80000305175781,0,0,0,0
27-06 14:00,21.3,0.0,0.0,0.0,21.299999237060547,0,0,0,0
27-06 15:00,20.6,0.0,0.0,0.0,20.600000381469727,0,0,0,0
27-06 16:00,22.2,0.0,0.0,0.0,22.200000762939453,0,0,0,0
27-06 17:00,30.0,0.0,0.0,0.0,30.0,0,0,0,0
27-06 18:00,25.5,0.0,0.0,0.0,25.600000381469727,0,0,0,0
27-06 19:00,9.9,0.0,0.0,0.0,9.899999618530273,0,0,0,0
27-06 20:00,3.4,0.0,0.0,0.0,3.4000000953674316,0,0,0,0
27-06 21:00,0.0,0.0,0.0,0.0,0.0,0,0,0,0
27-06 22:00,0.0,0.0,0.0,0.0,0.0,0,0,0,0
27-06 23:00,0.0,0.0,0.0,0.0,0.0,0,0,0,0
28-06 00:00,9.3,0.0,0.0,9.300000190734863,0.0,0,0,0,0
28-06 01:00,16.8,0.0,0.0,16.799999237060547,0.0,0,0,0,0
28-06 02:00,24.1,0.0,0.0,24.100000381469727,0.0,0,0,0,0
28-06 03:00,25.9,0.0,0.0,25.899999618530273,0.0,0,0,0,0
28-06 04:00,18.4,0.0,0.0,18.399999618530273,0.0,0,0,0,0
28-06 05:00,14.2,0.0,0.0,14.199999809265137,0.0,0,0,0,0
28-06 06:00,8.2,0.0,0.0,8.199999809265137,0.0,0,0,0,0
28-06 07:00,8.9,0.0,0.0,8.800000190734863,0.0,0,0,0,0
28-06 08:00,11.1,0.0,0.0,11.100000381469727,0.0,0,0,0,0
28-06 09:00,12.3,0.0,0.0,10.0,2.200000047683716,0,0,0,0
28-06 10:00,17.7,0.0,0.0,8.100000381469727,9.600000381469727,0,0,0,0
28-06 11:00,76.8,0.0,0.0,7.5,69.30000305175781,0,0,0,0
28-06 12:00,111.2,0.0,0.0,6.800000190734863,104.4000015258789,0,0,0,0
28-06 13:00,98.7,0.0,0.0,6.800000190734863,92.0,0,0,0,0
28-06 14:00,25.4,0.0,0.0,5.599999904632568,19.799999237060547,0,0,0,0
28-06 15:00,24.6,0.0,0.0,5.199999809265137,19.399999618530273,0,0,0,0
28-06 16:00,26.4,0.0,0.0,4.0,22.399999618530273,0,0,0,0
28-06 17:00,32.3,0.0,0.0,2.9000000953674316,29.399999618530273,0,0,0,0
28-06 18:00,26.8,0.0,0.0,2.299999952316284,24.5,0,0,0,0
28-06 19:00,12.4,0.0,0.0,2.4000000953674316,10.0,0,0,0,0
28-06 20:00,5.6,0.0,0.0,2.200000047683716,3.4000000953674316,0,0,0,0
28-06 21:00,2.0,0.0,0.0,2.0,0.0,0,0,0,0
28-06 22:00,2.1,0.0,0.0,2.0999999046325684,0.0,0,0,0,0
28-06 23:00,1.9,0.0,0.0,1.899999976158142,0.0,0,0,0,0
29-06 00:00,0.2,0.0,0.0,0.20000000298023224,0.0,0,0,0,0
29-06 01:00,8.6,0.0,0.0,8.600000381469727,0.0,0,0,0,0
29-06 02:00,0.2,0.0,0.0,0.20000000298023224,0.0,0,0,0,0
29-06 03:00,0.2,0.0,0.0,0.20000000298023224,0.0,0,0,0,0
29-06 04:00,0.3,0.0,0.0,0.30000001192092896,0.0,0,0,0,0
29-06 05:00,0.5,0.0,0.0,0.5,0.0,0,0,0,0
29-06 06:00,0.6,0.0,0.0,0.6000000238418579,0.0,0,0,0,0
29-06 07:00,0.8,0.0,0.0,0.800000011920929,0.0,0,0,0,0
29-06 08:00,0.9,0.0,0.0,0.8999999761581421,0.0,0,0,0,0
29-06 09:00,3.0,0.0,0.0,0.800000011920929,2.200000047683716,0,0,0,0
29-06 10:00,10.7,0.0,0.0,0.699999988079071,10.0,0,0,0,0
29-06 11:00,72.8,0.0,0.0,0.6000000238418579,72.19999694824219,0,0,0,0
29-06 12:00,103.9,0.0,0.0,0.6000000238418579,103.30000305175781,0,0,0,0
29-06 13:00,91.6,0.0,0.0,0.6000000238418579,91.0,0,0,0,0
29-06 14:00,23.9,0.0,0.0,0.6000000238418579,23.299999237060547,0,0,0,0
29-06 15:00,20.7,0.0,0.0,0.5,20.200000762939453,0,0,0,0
29-06 16:00,21.8,0.0,0.0,0.30000001192092896,21.5,0,0,0,0
29-06 17:00,29.9,0.0,0.0,0.20000000298023224,29.700000762939453,0,0,0,0
29-06 18:00,25.5,0.0,0.0,0.20000000298023224,25.299999237060547,0,0,0,0
29-06 19:00,9.7,0.0,0.0,0.20000000298023224,9.5,0,0,0,0
29-06 20:00,3.5,0.0,0.0,0.20000000298023224,3.299999952316284,0,0,0,0
29-06 21:00,0.2,0.0,0.0,0.20000000298023224,0.0,0,0,0,0
29-06 22:00,0.2,0.0,0.0,0.20000000298023224,0.0,0,0,0,0
29-06 23:00,0.2,0.0,0.0,0.20000000298023224,0.0,0,0,0,0
30-06 00:00,8.7,0.0,0.0,8.699999809265137,0.0,0,0,0,0
30-06 01:00,16.6,0.0,0.0,16.600000381469727,0.0,0,0,0,0
30-06 02:00,17.5,0.0,0.0,17.5,0.0,0,0,0,0
30-06 03:00,9.0,0.0,0.0,9.0,0.0,0,0,0,0
30-06 04:00,9.5,0.0,0.0,9.5,0.0,0,0,0,0
30-06 05:00,9.7,0.0,0.0,9.699999809265137,0.0,0,0,0,0
30-06 06:00,2.1,0.0,0.0,2.0999999046325684,0.0,0,0,0,0
30-06 07:00,2.3,0.0,0.0,2.299999952316284,0.0,0,0,0,0
30-06 08:00,2.8,0.0,0.0,2.799999952316284,0.0,0,0,0,0
30-06 09:00,2.4,0.0,0.0,2.4000000953674316,0.0,0,0,0,0
30-06 10:00,2.9,0.0,0.0,1.899999976158142,1.0,0,0,0,0
30-06 11:00,11.4,0.0,0.0,2.0999999046325684,9.300000190734863,0,0,0,0
30-06 12:00,15.8,0.0,0.0,2.0,13.800000190734863,0,0,0,0
30-06 13:00,12.3,0.0,0.0,1.7999999523162842,10.5,0,0,0,0
30-06 14:00,4.0,0.0,0.0,1.7999999523162842,2.200000047683716,0,0,0,0
30-06 15:00,3.9,0.0,0.0,1.7000000476837158,2.200000047683716,0,0,0,0
30-06 16:00,3.5,0.0,0.0,1.399999976158142,2.0999999046325684,0,0,0,0
30-06 17:00,4.5,0.0,0.0,1.2999999523162842,3.200000047683716,0,0,0,0
30-06 18:00,4.4,0.0,0.0,1.100000023841858,3.299999952316284,0,0,0,0
30-06 19:00,2.2,0.0,0.0,1.100000023841858,1.100000023841858,0,0,0,0
30-06 20:00,1.2,0.0,0.0,1.2000000476837158,0.0,0,0,0,0
30-06 21:00,1.3,0.0,0.0,1.2999999523162842,0.0,0,0,0,0
30-06 22:00,1.2,0.0,0.0,1.2000000476837158,0.0,0,0,0,0
30-06 23:00,1.3,0.0,0.0,1.2999999523162842,0.0,0,0,0,0
01-07 00:00,4.8,0.0,0.0,4.800000190734863,0.0,0,0,0,0
01-07 01:00,10.4,0.0,0.0,10.399999618530273,0.0,0,0,0,0
01-07 02:00,10.3,0.0,0.0,10.300000190734863,0.0,0,0,0,0
01-07 03:00,4.3,0.0,0.0,4.300000190734863,0.0,0,0,0,0
01-07 04:00,0.5,0.0,0.0,0.5,0.0,0,0,0,0
01-07 05:00,0.6,0.0,0.0,0.6000000238418579,0.0,0,0,0,0
01-07 06:00,0.6,0.0,0.0,0.6000000238418579,0.0,0,0,0,0
01-07 07:00,0.6,0.0,0.0,0.6000000238418579,0.0,0,0,0,0
01-07 08:00,0.7,0.0,0.0,0.699999988079071,0.0,0,0,0,0
01-07 09:00,0.7,0.0,0.0,0.699999988079071,0.0,0,0,0,0
01-07 10:00,1.7,0.0,0.0,0.6000000238418579,1.2000000476837158,0,0,0,0
01-07 11:00,6.4,0.0,0.0,0.6000000238418579,5.800000190734863,0,0,0,0
01-07 12:00,8.2,0.0,0.0,0.6000000238418579,7.599999904632568,0,0,0,0
01-07 13:00,7.3,0.0,0.0,0.6000000238418579,6.699999809265137,0,0,0,0
01-07 14:00,1.5,0.0,0.0,0.5,1.0,0,0,0,0
01-07 15:00,1.6,0.0,0.0,0.6000000238418579,1.0,0,0,0,0
01-07 16:00,1.6,0.0,0.0,0.5,1.100000023841858,0,0,0,0
01-07 17:00,2.6,0.0,0.0,0.5,2.0999999046325684,0,0,0,0
01-07 18:00,2.7,0.0,0.0,0.5,2.200000047683716,0,0,0,0
01-07 19:00,1.6,0.0,0.0,0.5,1.100000023841858,0,0,0,0
01-07 20:00,0.5,0.0,0.0,0.5,0.0,0,0,0,0
01-07 21:00,0.5,0.0,0.0,0.5,0.0,0,0,0,0
01-07 22:00,0.5,0.0,0.0,0.5,0.0,0,0,0,0
01-07 23:00,0.5,0.0,0.0,0.5,0.0,0,0,0,0
02-07 00:00,0.2,0.0,0.0,0.20000000298023224,0.0,0,0,0,0
02-07 01:00,0.2,0.0,0.0,0.20000000298023224,0.0,0,0,0,0
02-07 02:00,8.8,0.0,0.0,8.800000190734863,0.0,0,0,0,0
02-07 03:00,0.2,0.0,0.0,0.20000000298023224,0.0,0,0,0,0
02-07 04:00,0.3,0.0,0.0,0.30000001192092896,0.0,0,0,0,0
02-07 05:00,0.5,0.0,0.0,0.5,0.0,0,0,0,0
02-07 06:00,0.6,0.0,0.0,0.6000000238418579,0.0,0,0,0,0
02-07 07:00,0.8,0.0,0.0,0.800000011920929,0.0,0,0,0,0
02-07 08:00,0.9,0.0,0.0,0.8999999761581421,0.0,0,0,0,0
02-07 09:00,3.2,0.0,0.0,0.8999999761581421,2.299999952316284,0,0,0,0
02-07 10:00,9.9,0.0,0.0,0.6000000238418579,9.300000190734863,0,0,0,0
02-07 11:00,70.5,0.0,0.0,0.6000000238418579,69.9000015258789,0,0,0,0
02-07 12:00,114.8,0.0,0.0,0.6000000238418579,114.19999694824219,0,0,0,0
02-07 13:00,93.3,0.0,0.0,0.6000000238418579,92.69999694824219,0,0,0,0
02-07 14:00,22.2,0.0,0.0,0.5,21.700000762939453,0,0,0,0
02-07 15:00,19.6,0.0,0.0,0.4000000059604645,19.200000762939453,0,0,0,0
02-07 16:00,22.7,0.0,0.0,0.30000001192092896,22.399999618530273,0,0,0,0
02-07 17:00,29.8,0.0,0.0,0.20000000298023224,29.600000381469727,0,0,0,0
02-07 18:00,26.5,0.0,0.0,0.20000000298023224,26.299999237060547,0,0,0,0
02-07 19:00,9.5,0.0,0.0,0.20000000298023224,9.300000190734863,0,0,0,0
02-07 20:00,3.5,0.0,0.0,0.20000000298023224,3.299999952316284,0,0,0,0
02-07 21:00,0.2,0.0,0.0,0.20000000298023224,0.0,0,0,0,0
02-07 22:00,0.2,0.0,0.0,0.20000000298023224,0.0,0,0,0,0
02-07 23:00,0.2,0.0,0.0,0.20000000298023224,0.0,0,0,0,0
03-07 00:00,0.0,0.0,0.0,0.0,0.0,0,0,0,0
03-07 01:00,0.0,0.0,0.0,0.0,0.0,0,0,0,0
03-07 02:00,0.0,0.0,0.0,0.0,0.0,0,0,0,0
03-07 03:00,0.0,0.0,0.0,0.0,0.0,0,0,0,0
03-07 04:00,0.0,0.0,0.0,0.0,0.0,0,0,0,0
03-07 05:00,0.0,0.0,0.0,0.0,0.0,0,0,0,0
03-07 06:00,0.0,0.0,0.0,0.0,0.0,0,0,0,0
03-07 07:00,0.0,0.0,0.0,0.0,0.0,0,0,0,0
03-07 08:00,0.0,0.0,0.0,0.0,0.0,0,0,0,0
03-07 09:00,2.4,0.0,0.0,0.0,2.4000000953674316,0,0,0,0
03-07 10:00,9.9,0.0,0.0,0.0,9.899999618530273,0,0,0,0
03-07 11:00,70.6,0.0,0.0,0.0,70.5999984741211,0,0,0,0
03-07 12:00,110.9,0.0,0.0,0.0,110.9000015258789,0,0,0,0
03-07 13:00,88.2,0.0,0.0,0.0,88.19999694824219,0,0,0,0
03-07 14:00,21.3,0.0,0.0,0.0,21.299999237060547,0,0,0,0
03-07 15:00,20.5,0.0,0.0,0.0,20.600000381469727,0,0,0,0
03-07 16:00,22.4,0.0,0.0,0.0,22.399999618530273,0,0,0,0
03-07 17:00,31.1,0.0,0.0,0.0,31.100000381469727,0,0,0,0
03-07 18:00,24.5,0.0,0.0,0.0,24.5,0,0,0,0
03-07 19:00,10.1,0.0,0.0,0.0,10.100000381469727,0,0,0,0
03-07 20:00,3.4,0.0,0.0,0.0,3.4000000953674316,0,0,0,0
03-07 21:00,0.0,0.0,0.0,0.0,0.0,0,0,0,0
03-07 22:00,0.0,0.0,0.0,0.0,0.0,0,0,0,0
03-07 23:00,0.0,0.0,0.0,0.0,0.0,0,0,0,0
04-07 00:00,0.0,0.0,0.0,0.0,0.0,0,0,0,0
04-07 01:00,0.0,0.0,0.0,0.0,0.0,0,0,0,0
04-07 02:00,0.0,0.0,0.0,0.0,0.0,0,0,0,0
04-07 03:00,0.0,0.0,0.0,0.0,0.0,0,0,0,0
04-07 04:00,0.0,0.0,0.0,0.0,0.0,0,0,0,0
04-07 05:00,0.0,0.0,0.0,0.0,0.0,0,0,0,0
04-07 06:00,0.0,0.0,0.0,0.0,0.0,0,0,0,0
04-07 07:00,0.0,0.0,0.0,0.0,0.0,0,0,0,0
04-07 08:00,0.0,0.0,0.0,0.0,0.0,0,0,0,0
04-07 09:00,2.1,0.0,0.0,0.0,2.0999999046325684,0,0,0,0
04-07 10:00,10.1,0.0,0.0,0.0,10.100000381469727,0,0,0,0
04-07 11:00,72.1,0.0,0.0,0.0,72.0,0,0,0,0
04-07 12:00,106.5,0.0,0.0,0.0,106.5,0,0,0,0
04-07 13:00,89.1,0.0,0.0,0.0,89.0999984741211,0,0,0,0
04-07 14:00,22.0,0.0,0.0,0.0,22.0,0,0,0,0
04-07 15:00,19.6,0.0,0.0,0.0,19.600000381469727,0,0,0,0
04-07 16:00,22.2,0.0,0.0,0.0,22.200000762939453,0,0,0,0
04-07 17:00,29.6,0.0,0.0,0.0,29.600000381469727,0,0,0,0
04-07 18:00,24.7,0.0,0.0,0.0,24.700000762939453,0,0,0,0
04-07 19:00,10.7,0.0,0.0,0.0,10.699999809265137,0,0,0,0
04-07 20:00,3.3,0.0,0.0,0.0,3.299999952316284,0,0,0,0
04-07 21:00,0.0,0.0,0.0,0.0,0.0,0,0,0,0
04-07 22:00,0.0,0.0,0.0,0.0,0.0,0,0,0,0
04-07 23:00,0.0,0.0,0.0,0.0,0.0,0,0,0,0
05-07 00:00,0.0,0.0,0.0,0.0,0.0,0,0,0,0
05-07 01:00,0.0,0.0,0.0,0.0,0.0,0,0,0,0
05-07 02:00,0.0,0.0,0.0,0.0,0.0,0,0,0,0
05-07 03:00,0.0,0.0,0.0,0.0,0.0,0,0,0,0
05-07 04:00,0.0,0.0,0.0,0.0,0.0,0,0,0,0
05-07 05:00,0.0,0.0,0.0,0.0,0.0,0,0,0,0
05-07 06:00,0.0,0.0,0.0,0.0,0.0,0,0,0,0
05-07 07:00,0.0,0.0,0.0,0.0,0.0,0,0,0,0
05-07 08:00,0.0,0.0,0.0,0.0,0.0,0,0,0,0
05-07 09:00,2.3,0.0,0.0,0.0,2.299999952316284,0,0,0,0
05-07 10:00,10.6,0.0,0.0,0.0,10.600000381469727,0,0,0,0
05-07 11:00,72.8,0.0,0.0,0.0,72.80000305175781,0,0,0,0
05-07 12:00,113.0,0.0,0.0,0.0,113.0,0,0,0,0
05-07 13:00,86.4,0.0,0.0,0.0,86.4000015258789,0,0,0,0
05-07 14:00,21.5,0.0,0.0,0.0,21.5,0,0,0,0
05-07 15:00,19.8,0.0,0.0,0.0,19.799999237060547,0,0,0,0
05-07 16:00,23.3,0.0,0.0,0.0,23.299999237060547,0,0,0,0
05-07 17:00,27.9,0.0,0.0,0.0,27.799999237060547,0,0,0,0
05-07 18:00,25.5,0.0,0.0,0.0,25.5,0,0,0,0
05-07 19:00,9.6,0.0,0.0,0.0,9.600000381469727,0,0,0,0
05-07 20:00,3.4,0.0,0.0,0.0,3.4000000953674316,0,0,0,0
05-07 21:00,0.0,0.0,0.0,0.0,0.0,0,0,0,0
05-07 22:00,0.0,0.0,0.0,0.0,0.0,0,0,0,0
05-07 23:00,0.0,0.0,0.0,0.0,0.0,0,0,0,0
06-07 00:00,0.0,0.0,0.0,0.0,0.0,0,0,0,0
06-07 01:00,0.0,0.0,0.0,0.0,0.0,0,0,0,0
06-07 02:00,0.0,0.0,0.0,0.0,0.0,0,0,0,0
06-07 03:00,0.0,0.0,0.0,0.0,0.0,0,0,0,0
06-07 04:00,0.0,0.0,0.0,0.0,0.0,0,0,0,0
06-07 05:00,0.0,0.0,0.0,0.0,0.0,0,0,0,0
06-07 06:00,0.0,0.0,0.0,0.0,0.0,0,0,0,0
06-07 07:00,0.0,0.0,0.0,0.0,0.0,0,0,0,0
06-07 08:00,0.0,0.0,0.0,0.0,0.0,0,0,0,0
06-07 09:00,2.2,0.0,0.0,0.0,2.200000047683716,0,0,0,0
06-07 10:00,9.2,0.0,0.0,0.0,9.199999809265137,0,0,0,0
06-07 11:00,72.0,0.0,0.0,0.0,72.0,0,0,0,0
06-07 12:00,110.8,0.0,0.0,0.0,110.80000305175781,0,0,0,0
06-07 13:00,87.3,0.0,0.0,0.0,87.30000305175781,0,0,0,0
06-07 14:00,21.7,0.0,0.0,0.0,21.700000762939453,0,0,0,0
06-07 15:00,19.5,0.0,0.0,0.0,19.600000381469727,0,0,0,0
06-07 16:00,22.2,0.0,0.0,0.0,22.200000762939453,0,0,0,0
06-07 17:00,30.2,0.0,0.0,0.0,30.200000762939453,0,0,0,0
06-07 18:00,26.8,0.0,0.0,0.0,26.799999237060547,0,0,0,0
06-07 19:00,9.9,0.0,0.0,0.0,9.899999618530273,0,0,0,0
06-07 20:00,3.3,0.0,0.0,0.0,3.299999952316284,0,0,0,0
06-07 21:00,0.0,0.0,0.0,0.0,0.0,0,0,0,0
06-07 22:00,0.0,0.0,0.0,0.0,0.0,0,0,0,0
06-07 23:00,0.0,0.0,0.0,0.0,0.0,0,0,0,0
07-07 00:00,0.3,0.0,0.0,0.30000001192092896,0.0,0,0,0,0
07-07 01:00,0.3,0.0,0.0,0.30000001192092896,0.0,0,0,0,0
07-07 02:00,0.3,0.0,0.0,0.30000001192092896,0.0,0,0,0,0
07-07 03:00,8.0,0.0,0.0,8.0,0.0,0,0,0,0
07-07 04:00,8.7,0.0,0.0,8.699999809265137,0.0,0,0,0,0
07-07 05:00,0.5,0.0,0.0,0.5,0.0,0,0,0,0
07-07 06:00,0.5,0.0,0.0,0.5,0.0,0,0,0,0
07-07 07:00,0.6,0.0,0.0,0.6000000238418579,0.0,0,0,0,0
07-07 08:00,0.8,0.0,0.0,0.800000011920929,0.0,0,0,0,0
07-07 09:00,0.6,0.0,0.0,0.6000000238418579,0.0,0,0,0,0
07-07 10:00,1.6,0.0,0.0,0.5,1.100000023841858,0,0,0,0
07-07 11:00,9.2,0.0,0.0,0.5,8.699999809265137,0,0,0,0
07-07 12:00,13.1,0.0,0.0,0.5,12.600000381469727,0,0,0,0
07-07 13:00,11.2,0.0,0.0,0.5,10.699999809265137,0,0,0,0
07-07 14:00,2.6,0.0,0.0,0.4000000059604645,2.200000047683716,0,0,0,0
07-07 15:00,2.8,0.0,0.0,0.5,2.299999952316284,0,0,0,0
07-07 16:00,2.7,0.0,0.0,0.4000000059604645,2.299999952316284,0,0,0,0
07-07 17:00,3.4,0.0,0.0,0.30000001192092896,3.0999999046325684,0,0,0,0
07-07 18:00,3.6,0.0,0.0,0.30000001192092896,3.4000000953674316,0,0,0,0
07-07 19:00,1.4,0.0,0.0,0.30000001192092896,1.100000023841858,0,0,0,0
07-07 20:00,0.3,0.0,0.0,0.30000001192092896,0.0,0,0,0,0
07-07 21:00,0.3,0.0,0.0,0.30000001192092896,0.0,0,0,0,0
07-07 22:00,0.3,0.0,0.0,0.30000001192092896,0.0,0,0,0,0
07-07 23:00,0.3,0.0,0.0,0.30000001192092896,0.0,0,0,0,0
08-07 00:00,0.0,0.0,0.0,0.0,0.0,0,0,0,0
08-07 01:00,0.0,0.0,0.0,0.0,0.0,0,0,0,0
08-07 02:00,0.0,0.0,0.0,0.0,0.0,0,0,0,0
08-07 03:00,0.0,0.0,0.0,0.0,0.0,0,0,0,0
08-07 04:00,0.0,0.0,0.0,0.0,0.0,0,0,0,0
08-07 05:00,0.0,0.0,0.0,0.0,0.0,0,0,0,0
08-07 06:00,0.0,0.0,0.0,0.0,0.0,0,0,0,0
08-07 07:00,0.0,0.0,0.0,0.0,0.0,0,0,0,0
08-07 08:00,0.0,0.0,0.0,0.0,0.0,0,0,0,0
08-07 09:00,0.0,0.0,0.0,0.0,0.0,0,0,0,0
08-07 10:00,1.0,0.0,0.0,0.0,1.0,0,0,0,0
08-07 11:00,5.5,0.0,0.0,0.0,5.5,0,0,0,0
08-07 12:00,7.2,0.0,0.0,0.0,7.199999809265137,0,0,0,0
08-07 13:00,6.3,0.0,0.0,0.0,6.400000095367432,0,0,0,0
08-07 14:00,1.1,0.0,0.0,0.0,1.100000023841858,0,0,0,0
08-07 15:00,1.1,0.0,0.0,0.0,1.100000023841858,0,0,0,0
08-07 16:00,1.1,0.0,0.0,0.0,1.100000023841858,0,0,0,0
08-07 17:00,2.3,0.0,0.0,0.0,2.299999952316284,0,0,0,0
08-07 18:00,2.2,0.0,0.0,0.0,2.200000047683716,0,0,0,0
08-07 19:00,1.1,0.0,0.0,0.0,1.100000023841858,0,0,0,0
08-07 20:00,0.0,0.0,0.0,0.0,0.0,0,0,0,0
08-07 21:00,0.0,0.0,0.0,0.0,0.0,0,0,0,0
08-07 22:00,0.0,0.0,0.0,0.0,0.0,0,0,0,0
08-07 23:00,0.0,0.0,0.0,0.0,0.0,0,0,0,0
09-07 00:00,1.3,0.0,0.0,1.2999999523162842,0.0,0,0,0,0
09-07 01:00,1.2,0.0,0.0,1.2000000476837158,0.0,0,0,0,0
09-07 02:00,1.3,0.0,0.0,1.2999999523162842,0.0,0,0,0,0
09-07 03:00,1.5,0.0,0.0,1.5,0.0,0,0,0,0
09-07 04:00,2.3,0.0,0.0,2.299999952316284,0.0,0,0,0,0
09-07 05:00,12.0,0.0,0.0,12.0,0.0,0,0,0,0
09-07 06:00,21.2,0.0,0.0,21.200000762939453,0.0,0,0,0,0
09-07 07:00,15.1,0.0,0.0,15.100000381469727,0.0,0,0,0,0
09-07 08:00,15.3,0.0,0.0,15.300000190734863,0.0,0,0,0,0
09-07 09:00,8.8,0.0,0.0,6.599999904632568,2.200000047683716,0,0,0,0
09-07 10:00,15.3,0.0,0.0,5.5,9.800000190734863,0,0,0,0
09-07 11:00,76.4,0.0,0.0,5.099999904632568,71.30000305175781,0,0,0,0
09-07 12:00,109.9,0.0,0.0,4.599999904632568,105.30000305175781,0,0,0,0
09-07 13:00,97.3,0.0,0.0,4.599999904632568,92.5999984741211,0,0,0,0
09-07 14:00,26.9,0.0,0.0,4.300000190734863,22.600000381469727,0,0,0,0
09-07 15:00,23.4,0.0,0.0,3.5999999046325684,19.799999237060547,0,0,0,0
09-07 16:00,25.3,0.0,0.0,2.700000047683716,22.600000381469727,0,0,0,0
09-07 17:00,31.9,0.0,0.0,2.0,29.899999618530273,0,0,0,0
09-07 18:00,27.6,0.0,0.0,1.600000023841858,26.0,0,0,0,0
09-07 19:00,12.0,0.0,0.0,1.600000023841858,10.399999618530273,0,0,0,0
09-07 20:00,4.9,0.0,0.0,1.5,3.4000000953674316,0,0,0,0
09-07 21:00,8.7,0.0,0.0,8.699999809265137,0.0,0,0,0,0
09-07 22:00,9.0,0.0,0.0,9.0,0.0,0,0,0,0
09-07 23:00,8.9,0.0,0.0,8.899999618530273,0.0,0,0,0,0
10-07 00:00,21.3,0.0,0.0,21.299999237060547,0.0,0,0,0,0
10-07 01:00,28.9,0.0,0.0,28.899999618530273,0.0,0,0,0,0
10-07 02:00,21.0,0.0,0.0,21.0,0.0,0,0,0,0
10-07 03:00,30.6,0.0,0.0,30.600000381469727,0.0,0,0,0,0
10-07 04:00,33.5,0.0,0.0,33.5,0.0,0,0,0,0
10-07 05:00,38.2,0.0,0.0,38.20000076293945,0.0,0,0,0,0
10-07 06:00,43.2,0.0,0.0,43.20000076293945,0.0,0,0,0,0
10-07 07:00,41.7,0.0,0.0,41.70000076293945,0.0,0,0,0,0
10-07 08:00,28.9,0.0,0.0,28.799999237060547,0.0,0,0,0,0
10-07 09:00,34.7,0.0,0.0,32.599998474121094,2.0999999046325684,0,0,0,0
10-07 10:00,38.6,0.0,0.0,29.100000381469727,9.5,0,0,0,0
10-07 11:00,91.0,0.0,0.0,20.399999618530273,70.5999984741211,0,0,0,0
10-07 12:00,126.3,0.0,0.0,18.799999237060547,107.5,0,0,0,0
10-07 13:00,106.6,0.0,0.0,17.5,89.0,0,0,0,0
10-07 14:00,37.4,0.0,0.0,16.100000381469727,21.299999237060547,0,0,0,0
10-07 15:00,31.7,0.0,0.0,13.300000190734863,18.399999618530273,0,0,0,0
10-07 16:00,33.5,0.0,0.0,10.899999618530273,22.600000381469727,0,0,0,0
10-07 17:00,38.1,0.0,0.0,7.900000095367432,30.200000762939453,0,0,0,0
10-07 18:00,31.2,0.0,0.0,6.199999809265137,25.0,0,0,0,0
10-07 19:00,15.7,0.0,0.0,6.099999904632568,9.600000381469727,0,0,0,0
10-07 20:00,9.2,0.0,0.0,5.800000190734863,3.4000000953674316,0,0,0,0
10-07 21:00,13.7,0.0,0.0,13.699999809265137,0.0,0,0,0,0
10-07 22:00,33.0,0.0,0.0,33.0,0.0,0,0,0,0
10-07 23:00,42.5,0.0,0.0,42.5,0.0,0,0,0,0
11-07 00:00,48.6,0.0,0.0,48.599998474121094,0.0,0,0,0,0
11-07 01:00,55.5,0.0,0.0,55.400001525878906,0.0,0,0,0,0
11-07 02:00,51.5,0.0,0.0,51.5,0.0,0,0,0,0
11-07 03:00,62.3,0.0,0.0,62.29999923706055,0.0,0,0,0,0
11-07 04:00,53.9,0.0,0.0,53.900001525878906,0.0,0,0,0,0
11-07 05:00,56.7,0.0,0.0,56.70000076293945,0.0,0,0,0,0
11-07 06:00,50.2,0.0,0.0,50.20000076293945,0.0,0,0,0,0
11-07 07:00,28.3,0.0,0.0,28.299999237060547,0.0,0,0,0,0
11-07 08:00,32.2,0.0,0.0,32.20000076293945,0.0,0,0,0,0
11-07 09:00,33.7,0.0,0.0,31.5,2.200000047683716,0,0,0,0
11-07 10:00,38.2,0.0,0.0,27.799999237060547,10.399999618530273,0,0,0,0
11-07 11:00,95.7,0.0,0.0,24.399999618530273,71.30000305175781,0,0,0,0
11-07 12:00,131.1,0.0,0.0,22.5,108.5999984741211,0,0,0,0
11-07 13:00,103.3,0.0,0.0,19.600000381469727,83.69999694824219,0,0,0,0
11-07 14:00,40.0,0.0,0.0,18.899999618530273,21.100000381469727,0,0,0,0
11-07 15:00,35.6,0.0,0.0,16.399999618530273,19.200000762939453,0,0,0,0
11-07 16:00,33.8,0.0,0.0,12.300000190734863,21.5,0,0,0,0
11-07 17:00,37.6,0.0,0.0,8.899999618530273,28.700000762939453,0,0,0,0
11-07 18:00,33.7,0.0,0.0,7.699999809265137,26.0,0,0,0,0
11-07 19:00,17.7,0.0,0.0,7.599999904632568,10.100000381469727,0,0,0,0
11-07 20:00,9.7,0.0,0.0,6.5,3.200000047683716,0,0,0,0
11-07 21:00,6.8,0.0,0.0,6.800000190734863,0.0,0,0,0,0
11-07 22:00,6.9,0.0,0.0,6.900000095367432,0.0,0,0,0,0
11-07 23:00,6.4,0.0,0.0,6.400000095367432,0.0,0,0,0,0
12-07 00:00,1.8,0.0,0.0,1.7999999523162842,0.0,0,0,0,0
12-07 01:00,10.0,0.0,0.0,10.0,0.0,0,0,0,0
12-07 02:00,17.3,0.0,0.0,17.299999237060547,0.0,0,0,0,0
12-07 03:00,24.4,0.0,0.0,24.399999618530273,0.0,0,0,0,0
12-07 04:00,27.3,0.0,0.0,27.299999237060547,0.0,0,0,0,0
12-07 05:00,20.9,0.0,0.0,20.799999237060547,0.0,0,0,0,0
12-07 06:00,7.6,0.0,0.0,7.599999904632568,0.0,0,0,0,0
12-07 07:00,8.4,0.0,0.0,8.399999618530273,0.0,0,0,0,0
12-07 08:00,9.6,0.0,0.0,9.600000381469727,0.0,0,0,0,0
12-07 09:00,11.1,0.0,0.0,8.800000190734863,2.200000047683716,0,0,0,0
12-07 10:00,17.7,0.0,0.0,7.699999809265137,10.0,0,0,0,0
12-07 11:00,77.6,0.0,0.0,7.0,70.5999984741211,0,0,0,0
12-07 12:00,113.9,0.0,0.0,6.400000095367432,107.5,0,0,0,0
12-07 13:00,95.1,0.0,0.0,6.0,89.0999984741211,0,0,0,0
12-07 14:00,26.8,0.0,0.0,5.5,21.299999237060547,0,0,0,0
12-07 15:00,24.2,0.0,0.0,4.800000190734863,19.399999618530273,0,0,0,0
12-07 16:00,28.9,0.0,0.0,4.099999904632568,24.799999237060547,0,0,0,0
12-07 17:00,33.6,0.0,0.0,2.799999952316284,30.799999237060547,0,0,0,0
12-07 18:00,26.0,0.0,0.0,2.0,24.0,0,0,0,0
12-07 19:00,12.4,0.0,0.0,2.200000047683716,10.199999809265137,0,0,0,0
12-07 20:00,5.4,0.0,0.0,2.0,3.4000000953674316,0,0,0,0
12-07 21:00,1.9,0.0,0.0,1.7999999523162842,0.0,0,0,0,0
12-07 22:00,1.9,0.0,0.0,1.899999976158142,0.0,0,0,0,0
12-07 23:00,1.7,0.0,0.0,1.7000000476837158,0.0,0,0,0,0
13-07 00:00,0.0,0.0,0.0,0.0,0.0,0,0,0,0
13-07 01:00,0.0,0.0,0.0,0.0,0.0,0,0,0,0
13-07 02:00,0.0,0.0,0.0,0.0,0.0,0,0,0,0
13-07 03:00,0.0,0.0,0.0,0.0,0.0,0,0,0,0
13-07 04:00,0.0,0.0,0.0,0.0,0.0,0,0,0,0
13-07 05:00,0.0,0.0,0.0,0.0,0.0,0,0,0,0
13-07 06:00,0.0,0.0,0.0,0.0,0.0,0,0,0,0
13-07 07:00,0.0,0.0,0.0,0.0,0.0,0,0,0,0
13-07 08:00,0.0,0.0,0.0,0.0,0.0,0,0,0,0
13-07 09:00,2.2,0.0,0.0,0.0,2.200000047683716,0,0,0,0
13-07 10:00,9.8,0.0,0.0,0.0,9.800000190734863,0,0,0,0
13-07 11:00,72.0,0.0,0.0,0.0,72.0,0,0,0,0
13-07 12:00,108.6,0.0,0.0,0.0,108.5999984741211,0,0,0,0
13-07 13:00,91.8,0.0,0.0,0.0,91.80000305175781,0,0,0,0
13-07 14:00,21.3,0.0,0.0,0.0,21.299999237060547,0,0,0,0
13-07 15:00,19.4,0.0,0.0,0.0,19.399999618530273,0,0,0,0
13-07 16:00,21.3,0.0,0.0,0.0,21.299999237060547,0,0,0,0
13-07 17:00,29.3,0.0,0.0,0.0,29.299999237060547,0,0,0,0
13-07 18:00,24.5,0.0,0.0,0.0,24.5,0,0,0,0
13-07 19:00,9.5,0.0,0.0,0.0,9.5,0,0,0,0
13-07 20:00,3.2,0.0,0.0,0.0,3.200000047683716,0,0,0,0
13-07 21:00,0.0,0.0,0.0,0.0,0.0,0,0,0,0
13-07 22:00,0.0,0.0,0.0,0.0,0.0,0,0,0,0
13-07 23:00,0.0,0.0,0.0,0.0,0.0,0,0,0,0
14-07 00:00,0.0,0.0,0.0,0.0,0.0,0,0,0,0
14-07 01:00,0.0,0.0,0.0,0.0,0.0,0,0,0,0
14-07 02:00,0.0,0.0,0.0,0.0,0.0,0,0,0,0
14-07 03:00,0.0,0.0,0.0,0.0,0.0,0,0,0,0
14-07 04:00,0.0,0.0,0.0,0.0,0.0,0,0,0,0
14-07 05:00,0.0,0.0,0.0,0.0,0.0,0,0,0,0
14-07 06:00,0.0,0.0,0.0,0.0,0.0,0,0,0,0
14-07 07:00,0.0,0.0,0.0,0.0,0.0,0,0,0,0
14-07 08:00,0.0,0.0,0.0,0.0,0.0,0,0,0,0
14-07 09:00,0.0,0.0,0.0,0.0,0.0,0,0,0,0
14-07 10:00,1.1,0.0,0.0,0.0,1.100000023841858,0,0,0,0
14-07 11:00,8.9,0.0,0.0,0.0,9.0,0,0,0,0
14-07 12:00,12.6,0.0,0.0,0.0,12.600000381469727,0,0,0,0
14-07 13:00,11.6,0.0,0.0,0.0,11.600000381469727,0,0,0,0
14-07 14:00,2.3,0.0,0.0,0.0,2.299999952316284,0,0,0,0
14-07 15:00,2.2,0.0,0.0,0.0,2.200000047683716,0,0,0,0
14-07 16:00,2.1,0.0,0.0,0.0,2.0999999046325684,0,0,0,0
14-07 17:00,3.2,0.0,0.0,0.0,3.200000047683716,0,0,0,0
14-07 18:00,3.4,0.0,0.0,0.0,3.4000000953674316,0,0,0,0
14-07 19:00,1.1,0.0,0.0,0.0,1.100000023841858,0,0,0,0
14-07 20:00,0.0,0.0,0.0,0.0,0.0,0,0,0,0
14-07 21:00,0.0,0.0,0.0,0.0,0.0,0,0,0,0
14-07 22:00,0.0,0.0,0.0,0.0,0.0,0,0,0,0
14-07 23:00,0.0,0.0,0.0,0.0,0.0,0,0,0,0
15-07 00:00,0.4,0.0,0.0,0.4000000059604645,0.0,0,0,0,0
15-07 01:00,8.0,0.0,0.0,8.0,0.0,0,0,0,0
15-07 02:00,8.4,0.0,0.0,8.399999618530273,0.0,0,0,0,0
15-07 03:00,8.6,0.0,0.0,8.600000381469727,0.0,0,0,0,0
15-07 04:00,0.5,0.0,0.0,0.5,0.0,0,0,0,0
15-07 05:00,0.6,0.0,0.0,0.6000000238418579,0.0,0,0,0,0
15-07 06:00,0.5,0.0,0.0,0.5,0.0,0,0,0,0
15-07 07:00,0.5,0.0,0.0,0.5,0.0,0,0,0,0
15-07 08:00,0.6,0.0,0.0,0.6000000238418579,0.0,0,0,0,0
15-07 09:00,0.6,0.0,0.0,0.6000000238418579,0.0,0,0,0,0
15-07 10:00,1.6,0.0,0.0,0.5,1.100000023841858,0,0,0,0
15-07 11:00,5.6,0.0,0.0,0.5,5.099999904632568,0,0,0,0
15-07 12:00,8.2,0.0,0.0,0.5,7.699999809265137,0,0,0,0
15-07 13:00,7.1,0.0,0.0,0.5,6.599999904632568,0,0,0,0
15-07 14:00,1.6,0.0,0.0,0.5,1.100000023841858,0,0,0,0
15-07 15:00,1.6,0.0,0.0,0.5,1.100000023841858,0,0,0,0
15-07 16:00,1.5,0.0,0.0,0.5,1.0,0,0,0,0
15-07 17:00,2.5,0.0,0.0,0.4000000059604645,2.0999999046325684,0,0,0,0
15-07 18:00,2.9,0.0,0.0,0.5,2.4000000953674316,0,0,0,0
15-07 19:00,1.5,0.0,0.0,0.4000000059604645,1.100000023841858,0,0,0,0
15-07 20:00,0.4,0.0,0.0,0.4000000059604645,0.0,0,0,0,0
15-07 21:00,0.4,0.0,0.0,0.4000000059604645,0.0,0,0,0,0
15-07 22:00,0.4,0.0,0.0,0.4000000059604645,0.0,0,0,0,0
15-07 23:00,0.5,0.0,0.0,0.5,0.0,0,0,0,0
16-07 00:00,0.0,0.0,0.0,0.0,0.0,0,0,0,0
16-07 01:00,0.0,0.0,0.0,0.0,0.0,0,0,0,0
16-07 02:00,0.0,0.0,0.0,0.0,0.0,0,0,0,0
16-07 03:00,0.0,0.0,0.0,0.0,0.0,0,0,0,0
16-07 04:00,0.0,0.0,0.0,0.0,0.0,0,0,0,0
16-07 05:00,0.0,0.0,0.0,0.0,0.0,0,0,0,0
16-07 06:00,0.0,0.0,0.0,0.0,0.0,0,0,0,0
16-07 07:00,0.0,0.0,0.0,0.0,0.0,0,0,0,0
16-07 08:00,0.0,0.0,0.0,0.0,0.0,0,0,0,0
16-07 09:00,2.2,0.0,0.0,0.0,2.200000047683716,0,0,0,0
16-07 10:00,10.4,0.0,0.0,0.0,10.399999618530273,0,0,0,0
16-07 11:00,77.1,0.0,0.0,0.0,77.0999984741211,0,0,0,0
16-07 12:00,110.9,0.0,0.0,0.0,110.9000015258789,0,0,0,0
16-07 13:00,91.8,0.0,0.0,0.0,91.80000305175781,0,0,0,0
16-07 14:00,23.9,0.0,0.0,0.0,23.899999618530273,0,0,0,0
16-07 15:00,20.5,0.0,0.0,0.0,20.600000381469727,0,0,0,0
16-07 16:00,22.0,0.0,0.0,0.0,22.0,0,0,0,0
16-07 17:00,30.2,0.0,0.0,0.0,30.200000762939453,0,0,0,0
16-07 18:00,26.3,0.0,0.0,0.0,26.299999237060547,0,0,0,0
16-07 19:00,9.5,0.0,0.0,0.0,9.5,0,0,0,0
16-07 20:00,3.3,0.0,0.0,0.0,3.299999952316284,0,0,0,0
16-07 21:00,0.0,0.0,0.0,0.0,0.0,0,0,0,0
16-07 22:00,0.0,0.0,0.0,0.0,0.0,0,0,0,0
16-07 23:00,0.0,0.0,0.0,0.0,0.0,0,0,0,0
17-07 00:00,0.0,0.0,0.0,0.0,0.0,0,0,0,0
17-07 01:00,0.0,0.0,0.0,0.0,0.0,0,0,0,0
17-07 02:00,0.0,0.0,0.0,0.0,0.0,0,0,0,0
17-07 03:00,0.0,0.0,0.0,0.0,0.0,0,0,0,0
17-07 04:00,0.0,0.0,0.0,0.0,0.0,0,0,0,0
17-07 05:00,0.0,0.0,0.0,0.0,0.0,0,0,0,0
17-07 06:00,0.0,0.0,0.0,0.0,0.0,0,0,0,0
17-07 07:00,0.0,0.0,0.0,0.0,0.0,0,0,0,0
17-07 08:00,0.0,0.0,0.0,0.0,0.0,0,0,0,0
17-07 09:00,2.4,0.0,0.0,0.0,2.4000000953674316,0,0,0,0
17-07 10:00,10.3,0.0,0.0,0.0,10.300000190734863,0,0,0,0
17-07 11:00,71.4,0.0,0.0,0.0,71.4000015258789,0,0,0,0
17-07 12:00,99.9,0.0,0.0,0.0,99.9000015258789,0,0,0,0
17-07 13:00,84.6,0.0,0.0,0.0,84.5999984741211,0,0,0,0
17-07 14:00,22.0,0.0,0.0,0.0,22.0,0,0,0,0
17-07 15:00,18.2,0.0,0.0,0.0,18.200000762939453,0,0,0,0
17-07 16:00,23.7,0.0,0.0,0.0,23.700000762939453,0,0,0,0
17-07 17:00,30.8,0.0,0.0,0.0,30.799999237060547,0,0,0,0
17-07 18:00,27.0,0.0,0.0,0.0,27.0,0,0,0,0
17-07 19:00,9.7,0.0,0.0,0.0,9.699999809265137,0,0,0,0
17-07 20:00,3.4,0.0,0.0,0.0,3.4000000953674316,0,0,0,0
17-07 21:00,0.0,0.0,0.0,0.0,0.0,0,0,0,0
17-07 22:00,0.0,0.0,0.0,0.0,0.0,0,0,0,0
17-07 23:00,0.0,0.0,0.0,0.0,0.0,0,0,0,0
18-07 00:00,0.0,0.0,0.0,0.0,0.0,0,0,0,0
18-07 01:00,0.0,0.0,0.0,0.0,0.0,0,0,0,0
18-07 02:00,0.0,0.0,0.0,0.0,0.0,0,0,0,0
18-07 03:00,0.0,0.0,0.0,0.0,0.0,0,0,0,0
18-07 04:00,0.0,0.0,0.0,0.0,0.0,0,0,0,0
18-07 05:00,0.0,0.0,0.0,0.0,0.0,0,0,0,0
18-07 06:00,0.0,0.0,0.0,0.0,0.0,0,0,0,0
18-07 07:00,0.0,0.0,0.0,0.0,0.0,0,0,0,0
18-07 08:00,0.0,0.0,0.0,0.0,0.0,0,0,0,0
18-07 09:00,2.0,0.0,0.0,0.0,2.0,0,0,0,0
18-07 10:00,9.5,0.0,0.0,0.0,9.5,0,0,0,0
18-07 11:00,71.4,0.0,0.0,0.0,71.4000015258789,0,0,0,0
18-07 12:00,110.9,0.0,0.0,0.0,110.9000015258789,0,0,0,0
18-07 13:00,95.5,0.0,0.0,0.0,95.5,0,0,0,0
18-07 14:00,20.2,0.0,0.0,0.0,20.200000762939453,0,0,0,0
18-07 15:00,19.0,0.0,0.0,0.0,19.0,0,0,0,0
18-07 16:00,22.2,0.0,0.0,0.0,22.200000762939453,0,0,0,0
18-07 17:00,30.5,0.0,0.0,0.0,30.5,0,0,0,0
18-07 18:00,23.2,0.0,0.0,0.0,23.200000762939453,0,0,0,0
18-07 19:00,9.7,0.0,0.0,0.0,9.699999809265137,0,0,0,0
18-07 20:00,3.2,0.0,0.0,0.0,3.200000047683716,0,0,0,0
18-07 21:00,0.0,0.0,0.0,0.0,0.0,0,0,0,0
18-07 22:00,0.0,0.0,0.0,0.0,0.0,0,0,0,0
18-07 23:00,0.0,0.0,0.0,0.0,0.0,0,0,0,0
19-07 00:00,0.0,0.0,0.0,0.0,0.0,0,0,0,0
19-07 01:00,0.0,0.0,0.0,0.0,0.0,0,0,0,0
19-07 02:00,0.0,0.0,0.0,0.0,0.0,0,0,0,0
19-07 03:00,0.0,0.0,0.0,0.0,0.0,0,0,0,0
19-07 04:00,0.0,0.0,0.0,0.0,0.0,0,0,0,0
19-07 05:00,0.0,0.0,0.0,0.0,0.0,0,0,0,0
19-07 06:00,0.0,0.0,0.0,0.0,0.0,0,0,0,0
19-07 07:00,0.0,0.0,0.0,0.0,0.0,0,0,0,0
19-07 08:00,0.0,0.0,0.0,0.0,0.0,0,0,0,0
19-07 09:00,2.3,0.0,0.0,0.0,2.299999952316284,0,0,0,0
19-07 10:00,9.5,0.0,0.0,0.0,9.5,0,0,0,0
19-07 11:00,70.0,0.0,0.0,0.0,70.0,0,0,0,0
19-07 12:00,108.8,0.0,0.0,0.0,108.80000305175781,0,0,0,0
19-07 13:00,85.6,0.0,0.0,0.0,85.5999984741211,0,0,0,0
19-07 14:00,20.6,0.0,0.0,0.0,20.600000381469727,0,0,0,0
19-07 15:00,20.6,0.0,0.0,0.0,20.600000381469727,0,0,0,0
19-07 16:00,21.5,0.0,0.0,0.0,21.5,0,0,0,0
19-07 17:00,30.0,0.0,0.0,0.0,30.0,0,0,0,0
19-07 18:00,24.0,0.0,0.0,0.0,24.0,0,0,0,0
19-07 19:00,9.6,0.0,0.0,0.0,9.600000381469727,0,0,0,0
19-07 20:00,3.2,0.0,0.0,0.0,3.200000047683716,0,0,0,0
19-07 21:00,0.0,0.0,0.0,0.0,0.0,0,0,0,0
19-07 22:00,0.0,0.0,0.0,0.0,0.0,0,0,0,0
19-07 23:00,0.0,0.0,0.0,0.0,0.0,0,0,0,0
20-07 00:00,0.5,0.0,0.0,0.5,0.0,0,0,0,0
20-07 01:00,0.4,0.0,0.0,0.4000000059604645,0.0,0,0,0,0
20-07 02:00,8.2,0.0,0.0,8.199999809265137,0.0,0,0,0,0
20-07 03:00,8.4,0.0,0.0,8.399999618530273,0.0,0,0,0,0
20-07 04:00,8.9,0.0,0.0,8.899999618530273,0.0,0,0,0,0
20-07 05:00,1.6,0.0,0.0,1.600000023841858,0.0,0,0,0,0
20-07 06:00,1.8,0.0,0.0,1.7999999523162842,0.0,0,0,0,0
20-07 07:00,2.4,0.0,0.0,2.4000000953674316,0.0,0,0,0,0
20-07 08:00,2.8,0.0,0.0,2.799999952316284,0.0,0,0,0,0
20-07 09:00,4.7,0.0,0.0,2.5,2.200000047683716,0,0,0,0
20-07 10:00,11.6,0.0,0.0,2.0,9.600000381469727,0,0,0,0
20-07 11:00,80.7,0.0,0.0,2.0999999046325684,78.5999984741211,0,0,0,0
20-07 12:00,117.3,0.0,0.0,1.899999976158142,115.4000015258789,0,0,0,0
20-07 13:00,90.8,0.0,0.0,1.600000023841858,89.19999694824219,0,0,0,0
20-07 14:00,22.6,0.0,0.0,1.5,21.100000381469727,0,0,0,0
20-07 15:00,21.8,0.0,0.0,1.399999976158142,20.399999618530273,0,0,0,0
20-07 16:00,23.2,0.0,0.0,1.0,22.200000762939453,0,0,0,0
20-07 17:00,27.7,0.0,0.0,0.699999988079071,27.0,0,0,0,0
20-07 18:00,25.1,0.0,0.0,0.6000000238418579,24.5,0,0,0,0
20-07 19:00,10.9,0.0,0.0,0.6000000238418579,10.300000190734863,0,0,0,0
20-07 20:00,3.7,0.0,0.0,0.5,3.200000047683716,0,0,0,0
20-07 21:00,0.5,0.0,0.0,0.5,0.0,0,0,0,0
20-07 22:00,0.5,0.0,0.0,0.5,0.0,0,0,0,0
20-07 23:00,0.5,0.0,0.0,0.5,0.0,0,0,0,0
21-07 00:00,0.0,0.0,0.0,0.0,0.0,0,0,0,0
21-07 01:00,0.0,0.0,0.0,0.0,0.0,0,0,0,0
21-07 02:00,0.0,0.0,0.0,0.0,0.0,0,0,0,0
21-07 03:00,0.0,0.0,0.0,0.0,0.0,0,0,0,0
21-07 04:00,0.0,0.0,0.0,0.0,0.0,0,0,0,0
21-07 05:00,0.0,0.0,0.0,0.0,0.0,0,0,0,0
21-07 06:00,0.0,0.0,0.0,0.0,0.0,0,0,0,0
21-07 07:00,0.0,0.0,0.0,0.0,0.0,0,0,0,0
21-07 08:00,0.0,0.0,0.0,0.0,0.0,0,0,0,0
21-07 09:00,0.0,0.0,0.0,0.0,0.0,0,0,0,0
21-07 10:00,1.1,0.0,0.0,0.0,1.100000023841858,0,0,0,0
21-07 11:00,9.3,0.0,0.0,0.0,9.300000190734863,0,0,0,0
21-07 12:00,12.3,0.0,0.0,0.0,12.300000190734863,0,0,0,0
21-07 13:00,10.6,0.0,0.0,0.0,10.600000381469727,0,0,0,0
21-07 14:00,2.2,0.0,0.0,0.0,2.200000047683716,0,0,0,0
21-07 15:00,2.2,0.0,0.0,0.0,2.200000047683716,0,0,0,0
21-07 16:00,2.3,0.0,0.0,0.0,2.299999952316284,0,0,0,0
21-07 17:00,3.3,0.0,0.0,0.0,3.299999952316284,0,0,0,0
21-07 18:00,3.3,0.0,0.0,0.0,3.299999952316284,0,0,0,0
21-07 19:00,1.2,0.0,0.0,0.0,1.2000000476837158,0,0,0,0
21-07 20:00,0.0,0.0,0.0,0.0,0.0,0,0,0,0
21-07 21:00,0.0,0.0,0.0,0.0,0.0,0,0,0,0
21-07 22:00,0.0,0.0,0.0,0.0,0.0,0,0,0,0
21-07 23:00,0.0,0.0,0.0,0.0,0.0,0,0,0,0
22-07 00:00,0.0,0.0,0.0,0.0,0.0,0,0,0,0
22-07 01:00,0.0,0.0,0.0,0.0,0.0,0,0,0,0
22-07 02:00,0.0,0.0,0.0,0.0,0.0,0,0,0,0
22-07 03:00,0.0,0.0,0.0,0.0,0.0,0,0,0,0
22-07 04:00,0.0,0.0,0.0,0.0,0.0,0,0,0,0
22-07 05:00,0.0,0.0,0.0,0.0,0.0,0,0,0,0
22-07 06:00,0.0,0.0,0.0,0.0,0.0,0,0,0,0
22-07 07:00,0.0,0.0,0.0,0.0,0.0,0,0,0,0
22-07 08:00,0.0,0.0,0.0,0.0,0.0,0,0,0,0
22-07 09:00,0.0,0.0,0.0,0.0,0.0,0,0,0,0
22-07 10:00,1.1,0.0,0.0,0.0,1.100000023841858,0,0,0,0
22-07 11:00,5.2,0.0,0.0,0.0,5.199999809265137,0,0,0,0
22-07 12:00,7.3,0.0,0.0,0.0,7.300000190734863,0,0,0,0
22-07 13:00,6.4,0.0,0.0,0.0,6.400000095367432,0,0,0,0
22-07 14:00,1.1,0.0,0.0,0.0,1.100000023841858,0,0,0,0
22-07 15:00,1.1,0.0,0.0,0.0,1.100000023841858,0,0,0,0
22-07 16:00,1.0,0.0,0.0,0.0,1.0,0,0,0,0
22-07 17:00,2.3,0.0,0.0,0.0,2.299999952316284,0,0,0,0
22-07 18:00,2.2,0.0,0.0,0.0,2.200000047683716,0,0,0,0
22-07 19:00,1.1,0.0,0.0,0.0,1.100000023841858,0,0,0,0
22-07 20:00,0.0,0.0,0.0,0.0,0.0,0,0,0,0
22-07 21:00,0.0,0.0,0.0,0.0,0.0,0,0,0,0
22-07 22:00,0.0,0.0,0.0,0.0,0.0,0,0,0,0
22-07 23:00,0.0,0.0,0.0,0.0,0.0,0,0,0,0
23-07 00:00,0.0,0.0,0.0,0.0,0.0,0,0,0,0
23-07 01:00,0.0,0.0,0.0,0.0,0.0,0,0,0,0
23-07 02:00,0.0,0.0,0.0,0.0,0.0,0,0,0,0
23-07 03:00,0.0,0.0,0.0,0.0,0.0,0,0,0,0
23-07 04:00,0.0,0.0,0.0,0.0,0.0,0,0,0,0
23-07 05:00,0.0,0.0,0.0,0.0,0.0,0,0,0,0
23-07 06:00,0.0,0.0,0.0,0.0,0.0,0,0,0,0
23-07 07:00,0.0,0.0,0.0,0.0,0.0,0,0,0,0
23-07 08:00,0.0,0.0,0.0,0.0,0.0,0,0,0,0
23-07 09:00,2.2,0.0,0.0,0.0,2.200000047683716,0,0,0,0
23-07 10:00,10.0,0.0,0.0,0.0,10.0,0,0,0,0
23-07 11:00,75.8,0.0,0.0,0.0,75.80000305175781,0,0,0,0
23-07 12:00,103.4,0.0,0.0,0.0,103.4000015258789,0,0,0,0
23-07 13:00,83.9,0.0,0.0,0.0,83.9000015258789,0,0,0,0
23-07 14:00,23.3,0.0,0.0,0.0,23.299999237060547,0,0,0,0
23-07 15:00,19.2,0.0,0.0,0.0,19.200000762939453,0,0,0,0
23-07 16:00,22.7,0.0,0.0,0.0,22.700000762939453,0,0,0,0
23-07 17:00,31.8,0.0,0.0,0.0,31.799999237060547,0,0,0,0
23-07 18:00,24.0,0.0,0.0,0.0,24.0,0,0,0,0
23-07 19:00,10.0,0.0,0.0,0.0,10.0,0,0,0,0
23-07 20:00,3.3,0.0,0.0,0.0,3.299999952316284,0,0,0,0
23-07 21:00,0.0,0.0,0.0,0.0,0.0,0,0,0,0
23-07 22:00,0.0,0.0,0.0,0.0,0.0,0,0,0,0
23-07 23:00,0.0,0.0,0.0,0.0,0.0,0,0,0,0
24-07 00:00,0.5,0.0,0.0,0.5,0.0,0,0,0,0
24-07 01:00,8.9,0.0,0.0,8.899999618530273,0.0,0,0,0,0
24-07 02:00,8.9,0.0,0.0,8.899999618530273,0.0,0,0,0,0
24-07 03:00,8.8,0.0,0.0,8.800000190734863,0.0,0,0,0,0
24-07 04:00,0.9,0.0,0.0,1.0,0.0,0,0,0,0
24-07 05:00,1.5,0.0,0.0,1.5,0.0,0,0,0,0
24-07 06:00,1.8,0.0,0.0,1.7999999523162842,0.0,0,0,0,0
24-07 07:00,2.3,0.0,0.0,2.299999952316284,0.0,0,0,0,0
24-07 08:00,2.7,0.0,0.0,2.700000047683716,0.0,0,0,0,0
24-07 09:00,4.7,0.0,0.0,2.5,2.200000047683716,0,0,0,0
24-07 10:00,12.2,0.0,0.0,2.0999999046325684,10.100000381469727,0,0,0,0
24-07 11:00,77.8,0.0,0.0,2.0,75.80000305175781,0,0,0,0
24-07 12:00,108.5,0.0,0.0,1.7000000476837158,106.80000305175781,0,0,0,0
24-07 13:00,103.0,0.0,0.0,1.899999976158142,101.0999984741211,0,0,0,0
24-07 14:00,23.8,0.0,0.0,1.600000023841858,22.200000762939453,0,0,0,0
24-07 15:00,21.6,0.0,0.0,1.399999976158142,20.200000762939453,0,0,0,0
24-07 16:00,22.4,0.0,0.0,1.0,21.399999618530273,0,0,0,0
24-07 17:00,32.0,0.0,0.0,0.800000011920929,31.200000762939453,0,0,0,0
24-07 18:00,27.7,0.0,0.0,0.6000000238418579,27.100000381469727,0,0,0,0
24-07 19:00,10.1,0.0,0.0,0.6000000238418579,9.5,0,0,0,0
24-07 20:00,3.8,0.0,0.0,0.5,3.299999952316284,0,0,0,0
24-07 21:00,0.6,0.0,0.0,0.6000000238418579,0.0,0,0,0,0
24-07 22:00,0.5,0.0,0.0,0.5,0.0,0,0,0,0
24-07 23:00,0.5,0.0,0.0,0.5,0.0,0,0,0,0
25-07 00:00,0.0,0.0,0.0,0.0,0.0,0,0,0,0
25-07 01:00,0.0,0.0,0.0,0.0,0.0,0,0,0,0
25-07 02:00,0.0,0.0,0.0,0.0,0.0,0,0,0,0
25-07 03:00,0.0,0.0,0.0,0.0,0.0,0,0,0,0
25-07 04:00,0.0,0.0,0.0,0.0,0.0,0,0,0,0
25-07 05:00,0.0,0.0,0.0,0.0,0.0,0,0,0,0
25-07 06:00,0.0,0.0,0.0,0.0,0.0,0,0,0,0
25-07 07:00,0.0,0.0,0.0,0.0,0.0,0,0,0,0
25-07 08:00,0.0,0.0,0.0,0.0,0.0,0,0,0,0
25-07 09:00,2.2,0.0,0.0,0.0,2.200000047683716,0,0,0,0
25-07 10:00,9.3,0.0,0.0,0.0,9.300000190734863,0,0,0,0
25-07 11:00,70.2,0.0,0.0,0.0,70.19999694824219,0,0,0,0
25-07 12:00,101.3,0.0,0.0,0.0,101.30000305175781,0,0,0,0
25-07 13:00,90.3,0.0,0.0,0.0,90.30000305175781,0,0,0,0
25-07 14:00,22.0,0.0,0.0,0.0,22.0,0,0,0,0
25-07 15:00,19.0,0.0,0.0,0.0,19.0,0,0,0,0
25-07 16:00,20.5,0.0,0.0,0.0,20.5,0,0,0,0
25-07 17:00,29.4,0.0,0.0,0.0,29.399999618530273,0,0,0,0
25-07 18:00,26.1,0.0,0.0,0.0,26.100000381469727,0,0,0,0
25-07 19:00,10.1,0.0,0.0,0.0,10.100000381469727,0,0,0,0
25-07 20:00,3.2,0.0,0.0,0.0,3.200000047683716,0,0,0,0
25-07 21:00,0.0,0.0,0.0,0.0,0.0,0,0,0,0
25-07 22:00,0.0,0.0,0.0,0.0,0.0,0,0,0,0
25-07 23:00,0.0,0.0,0.0,0.0,0.0,0,0,0,0
26-07 00:00,9.3,0.0,0.0,9.300000190734863,0.0,0,0,0,0
26-07 01:00,18.5,0.0,0.0,18.5,0.0,0,0,0,0
26-07 02:00,9.8,0.0,0.0,9.800000190734863,0.0,0,0,0,0
26-07 03:00,11.3,0.0,0.0,11.300000190734863,0.0,0,0,0,0
26-07 04:00,12.1,0.0,0.0,12.100000381469727,0.0,0,0,0,0
26-07 05:00,15.6,0.0,0.0,15.600000381469727,0.0,0,0,0,0
26-07 06:00,16.3,0.0,0.0,16.299999237060547,0.0,0,0,0,0
26-07 07:00,10.0,0.0,0.0,10.0,0.0,0,0,0,0
26-07 08:00,11.7,0.0,0.0,11.699999809265137,0.0,0,0,0,0
26-07 09:00,13.3,0.0,0.0,11.0,2.299999952316284,0,0,0,0
26-07 10:00,18.4,0.0,0.0,8.800000190734863,9.600000381469727,0,0,0,0
26-07 11:00,83.2,0.0,0.0,8.699999809265137,74.5,0,0,0,0
26-07 12:00,125.0,0.0,0.0,8.199999809265137,116.80000305175781,0,0,0,0
26-07 13:00,99.5,0.0,0.0,7.300000190734863,92.19999694824219,0,0,0,0
26-07 14:00,30.5,0.0,0.0,7.099999904632568,23.399999618530273,0,0,0,0
26-07 15:00,25.1,0.0,0.0,5.699999809265137,19.399999618530273,0,0,0,0
26-07 16:00,23.4,0.0,0.0,3.799999952316284,19.600000381469727,0,0,0,0
26-07 17:00,31.9,0.0,0.0,3.0,28.899999618530273,0,0,0,0
26-07 18:00,26.8,0.0,0.0,2.4000000953674316,24.299999237060547,0,0,0,0
26-07 19:00,12.8,0.0,0.0,2.5999999046325684,10.199999809265137,0,0,0,0
26-07 20:00,5.8,0.0,0.0,2.4000000953674316,3.4000000953674316,0,0,0,0
26-07 21:00,10.6,0.0,0.0,10.600000381469727,0.0,0,0,0,0
26-07 22:00,18.3,0.0,0.0,18.299999237060547,0.0,0,0,0,0
26-07 23:00,19.0,0.0,0.0,19.0,0.0,0,0,0,0
27-07 00:00,17.0,0.0,0.0,17.0,0.0,0,0,0,0
27-07 01:00,9.6,0.0,0.0,9.600000381469727,0.0,0,0,0,0
27-07 02:00,1.5,0.0,0.0,1.5,0.0,0,0,0,0
27-07 03:00,9.5,0.0,0.0,9.5,0.0,0,0,0,0
27-07 04:00,17.9,0.0,0.0,17.899999618530273,0.0,0,0,0,0
27-07 05:00,21.1,0.0,0.0,21.100000381469727,0.0,0,0,0,0
27-07 06:00,13.8,0.0,0.0,13.800000190734863,0.0,0,0,0,0
27-07 07:00,7.1,0.0,0.0,7.099999904632568,0.0,0,0,0,0
27-07 08:00,8.2,0.0,0.0,8.199999809265137,0.0,0,0,0,0
27-07 09:00,10.4,0.0,0.0,8.0,2.4000000953674316,0,0,0,0
27-07 10:00,16.2,0.0,0.0,6.300000190734863,9.899999618530273,0,0,0,0
27-07 11:00,79.0,0.0,0.0,5.900000095367432,73.0999984741211,0,0,0,0
27-07 12:00,114.4,0.0,0.0,5.300000190734863,109.0999984741211,0,0,0,0
27-07 13:00,90.6,0.0,0.0,4.699999809265137,85.9000015258789,0,0,0,0
27-07 14:00,27.5,0.0,0.0,4.800000190734863,22.700000762939453,0,0,0,0
27-07 15:00,22.2,0.0,0.0,3.700000047683716,18.399999618530273,0,0,0,0
27-07 16:00,23.8,0.0,0.0,2.799999952316284,21.0,0,0,0,0
27-07 17:00,30.7,0.0,0.0,2.0999999046325684,28.600000381469727,0,0,0,0
27-07 18:00,27.2,0.0,0.0,1.7999999523162842,25.399999618530273,0,0,0,0
27-07 19:00,11.3,0.0,0.0,1.7000000476837158,9.600000381469727,0,0,0,0
27-07 20:00,5.1,0.0,0.0,1.7000000476837158,3.4000000953674316,0,0,0,0
27-07 21:00,1.6,0.0,0.0,1.600000023841858,0.0,0,0,0,0
27-07 22:00,1.6,0.0,0.0,1.600000023841858,0.0,0,0,0,0
27-07 23:00,1.5,0.0,0.0,1.5,0.0,0,0,0,0
28-07 00:00,0.0,0.0,0.0,0.0,0.0,0,0,0,0
28-07 01:00,0.0,0.0,0.0,0.0,0.0,0,0,0,0
28-07 02:00,0.0,0.0,0.0,0.0,0.0,0,0,0,0
28-07 03:00,0.0,0.0,0.0,0.0,0.0,0,0,0,0
28-07 04:00,0.0,0.0,0.0,0.0,0.0,0,0,0,0
28-07 05:00,0.0,0.0,0.0,0.0,0.0,0,0,0,0
28-07 06:00,0.0,0.0,0.0,0.0,0.0,0,0,0,0
28-07 07:00,0.0,0.0,0.0,0.0,0.0,0,0,0,0
28-07 08:00,0.0,0.0,0.0,0.0,0.0,0,0,0,0
28-07 09:00,0.0,0.0,0.0,0.0,0.0,0,0,0,0
28-07 10:00,1.1,0.0,0.0,0.0,1.100000023841858,0,0,0,0
28-07 11:00,9.0,0.0,0.0,0.0,9.0,0,0,0,0
28-07 12:00,13.2,0.0,0.0,0.0,13.199999809265137,0,0,0,0
28-07 13:00,11.6,0.0,0.0,0.0,11.600000381469727,0,0,0,0
28-07 14:00,2.1,0.0,0.0,0.0,2.0999999046325684,0,0,0,0
28-07 15:00,2.2,0.0,0.0,0.0,2.200000047683716,0,0,0,0
28-07 16:00,2.0,0.0,0.0,0.0,2.0,0,0,0,0
28-07 17:00,3.4,0.0,0.0,0.0,3.4000000953674316,0,0,0,0
28-07 18:00,3.4,0.0,0.0,0.0,3.4000000953674316,0,0,0,0
28-07 19:00,1.1,0.0,0.0,0.0,1.100000023841858,0,0,0,0
28-07 20:00,0.0,0.0,0.0,0.0,0.0,0,0,0,0
28-07 21:00,0.0,0.0,0.0,0.0,0.0,0,0,0,0
28-07 22:00,0.0,0.0,0.0,0.0,0.0,0,0,0,0
28-07 23:00,0.0,0.0,0.0,0.0,0.0,0,0,0,0
29-07 00:00,1.8,0.0,0.0,1.7999999523162842,0.0,0,0,0,0
29-07 01:00,1.9,0.0,0.0,1.899999976158142,0.0,0,0,0,0
29-07 02:00,1.8,0.0,0.0,1.7999999523162842,0.0,0,0,0,0
29-07 03:00,10.2,0.0,0.0,10.199999809265137,0.0,0,0,0,0
29-07 04:00,17.0,0.0,0.0,17.0,0.0,0,0,0,0
29-07 05:00,17.4,0.0,0.0,17.399999618530273,0.0,0,0,0,0
29-07 06:00,2.0,0.0,0.0,2.0,0.0,0,0,0,0
29-07 07:00,2.0,0.0,0.0,2.0,0.0,0,0,0,0
29-07 08:00,2.5,0.0,0.0,2.5,0.0,0,0,0,0
29-07 09:00,2.3,0.0,0.0,2.299999952316284,0.0,0,0,0,0
29-07 10:00,3.3,0.0,0.0,2.200000047683716,1.100000023841858,0,0,0,0
29-07 11:00,7.5,0.0,0.0,2.0999999046325684,5.400000095367432,0,0,0,0
29-07 12:00,10.0,0.0,0.0,2.200000047683716,7.800000190734863,0,0,0,0
29-07 13:00,8.1,0.0,0.0,1.899999976158142,6.199999809265137,0,0,0,0
29-07 14:00,3.1,0.0,0.0,2.0,1.100000023841858,0,0,0,0
29-07 15:00,2.9,0.0,0.0,1.899999976158142,1.0,0,0,0,0
29-07 16:00,3.3,0.0,0.0,2.0999999046325684,1.2000000476837158,0,0,0,0
29-07 17:00,4.2,0.0,0.0,1.899999976158142,2.299999952316284,0,0,0,0
29-07 18:00,4.1,0.0,0.0,1.7999999523162842,2.299999952316284,0,0,0,0
29-07 19:00,2.8,0.0,0.0,1.7000000476837158,1.100000023841858,0,0,0,0
29-07 20:00,10.2,0.0,0.0,10.199999809265137,0.0,0,0,0,0
29-07 21:00,17.0,0.0,0.0,17.0,0.0,0,0,0,0
29-07 22:00,18.1,0.0,0.0,18.100000381469727,0.0,0,0,0,0
29-07 23:00,17.5,0.0,0.0,17.5,0.0,0,0,0,0
30-07 00:00,11.2,0.0,0.0,11.199999809265137,0.0,0,0,0,0
30-07 01:00,11.7,0.0,0.0,11.699999809265137,0.0,0,0,0,0
30-07 02:00,11.6,0.0,0.0,11.600000381469727,0.0,0,0,0,0
30-07 03:00,12.8,0.0,0.0,12.800000190734863,0.0,0,0,0,0
30-07 04:00,23.2,0.0,0.0,23.200000762939453,0.0,0,0,0,0
30-07 05:00,27.4,0.0,0.0,27.399999618530273,0.0,0,0,0,0
30-07 06:00,21.9,0.0,0.0,21.899999618530273,0.0,0,0,0,0
30-07 07:00,25.4,0.0,0.0,25.399999618530273,0.0,0,0,0,0
30-07 08:00,20.9,0.0,0.0,20.899999618530273,0.0,0,0,0,0
30-07 09:00,21.1,0.0,0.0,18.899999618530273,2.200000047683716,0,0,0,0
30-07 10:00,25.4,0.0,0.0,15.699999809265137,9.699999809265137,0,0,0,0
30-07 11:00,85.7,0.0,0.0,14.600000381469727,71.0999984741211,0,0,0,0
30-07 12:00,118.0,0.0,0.0,13.100000381469727,104.9000015258789,0,0,0,0
30-07 13:00,102.3,0.0,0.0,12.600000381469727,89.69999694824219,0,0,0,0
30-07 14:00,34.6,0.0,0.0,12.199999809265137,22.5,0,0,0,0
30-07 15:00,28.1,0.0,0.0,9.600000381469727,18.5,0,0,0,0
30-07 16:00,27.9,0.0,0.0,7.099999904632568,20.799999237060547,0,0,0,0
30-07 17:00,37.5,0.0,0.0,5.900000095367432,31.600000381469727,0,0,0,0
30-07 18:00,30.9,0.0,0.0,4.599999904632568,26.200000762939453,0,0,0,0
30-07 19:00,14.4,0.0,0.0,4.5,9.899999618530273,0,0,0,0
30-07 20:00,15.5,0.0,0.0,12.199999809265137,3.4000000953674316,0,0,0,0
30-07 21:00,36.9,0.0,0.0,36.900001525878906,0.0,0,0,0,0
30-07 22:00,29.8,0.0,0.0,29.799999237060547,0.0,0,0,0,0
30-07 23:00,45.1,0.0,0.0,45.099998474121094,0.0,0,0,0,0
31-07 00:00,50.2,0.0,0.0,50.20000076293945,0.0,0,0,0,0
31-07 01:00,49.7,0.0,0.0,49.70000076293945,0.0,0,0,0,0
31-07 02:00,57.3,0.0,0.0,57.29999923706055,0.0,0,0,0,0
31-07 03:00,70.7,0.0,0.0,70.69999694824219,0.0,0,0,0,0
31-07 04:00,73.7,0.0,0.0,73.69999694824219,0.0,0,0,0,0
31-07 05:00,69.7,0.0,0.0,69.69999694824219,0.0,0,0,0,0
31-07 06:00,69.1,0.0,0.0,69.0999984741211,0.0,0,0,0,0
31-07 07:00,58.0,0.0,0.0,58.0,0.0,0,0,0,0
31-07 08:00,59.7,0.0,0.0,59.70000076293945,0.0,0,0,0,0
31-07 09:00,53.1,0.0,0.0,50.70000076293945,2.4000000953674316,0,0,0,0
31-07 10:00,47.8,0.0,0.0,38.20000076293945,9.600000381469727,0,0,0,0
31-07 11:00,107.5,0.0,0.0,36.400001525878906,71.0999984741211,0,0,0,0
31-07 12:00,141.8,0.0,0.0,33.5,108.30000305175781,0,0,0,0
31-07 13:00,118.6,0.0,0.0,30.700000762939453,87.9000015258789,0,0,0,0
31-07 14:00,52.7,0.0,0.0,30.200000762939453,22.600000381469727,0,0,0,0
31-07 15:00,47.2,0.0,0.0,26.600000381469727,20.700000762939453,0,0,0,0
31-07 16:00,41.4,0.0,0.0,19.100000381469727,22.299999237060547,0,0,0,0
31-07 17:00,44.5,0.0,0.0,14.100000381469727,30.399999618530273,0,0,0,0
31-07 18:00,35.6,0.0,0.0,10.899999618530273,24.700000762939453,0,0,0,0
31-07 19:00,35.1,0.0,0.0,24.600000381469727,10.5,0,0,0,0
31-07 20:00,41.5,0.0,0.0,38.20000076293945,3.299999952316284,0,0,0,0
31-07 21:00,44.3,0.0,0.0,44.29999923706055,0.0,0,0,0,0
31-07 22:00,34.8,0.0,0.0,34.79999923706055,0.0,0,0,0,0
31-07 23:00,34.1,0.0,0.0,34.099998474121094,0.0,0,0,0,0
01-08 00:00,26.5,0.0,0.0,26.5,0.0,0,0,0,0
01-08 01:00,30.5,0.0,0.0,30.5,0.0,0,0,0,0
01-08 02:00,36.1,0.0,0.0,36.099998474121094,0.0,0,0,0,0
01-08 03:00,33.9,0.0,0.0,33.900001525878906,0.0,0,0,0,0
01-08 04:00,22.8,0.0,0.0,22.799999237060547,0.0,0,0,0,0
01-08 05:00,13.2,0.0,0.0,13.199999809265137,0.0,0,0,0,0
01-08 06:00,28.1,0.0,0.0,28.100000381469727,0.0,0,0,0,0
01-08 07:00,14.8,0.0,0.0,14.800000190734863,0.0,0,0,0,0
01-08 08:00,16.7,0.0,0.0,16.700000762939453,0.0,0,0,0,0
01-08 09:00,16.4,0.0,0.0,14.300000190734863,2.0999999046325684,0,0,0,0
01-08 10:00,24.4,0.0,0.0,13.800000190734863,10.600000381469727,0,0,0,0
01-08 11:00,87.2,0.0,0.0,12.399999618530273,74.80000305175781,0,0,0,0
01-08 12:00,118.0,0.0,0.0,10.699999809265137,107.30000305175781,0,0,0,0
01-08 13:00,97.9,0.0,0.0,9.899999618530273,88.0,0,0,0,0
01-08 14:00,30.4,0.0,0.0,9.199999809265137,21.200000762939453,0,0,0,0
01-08 15:00,28.7,0.0,0.0,8.399999618530273,20.299999237060547,0,0,0,0
01-08 16:00,29.3,0.0,0.0,6.400000095367432,23.0,0,0,0,0
01-08 17:00,35.1,0.0,0.0,4.599999904632568,30.5,0,0,0,0
01-08 18:00,29.9,0.0,0.0,3.700000047683716,26.200000762939453,0,0,0,0
01-08 19:00,13.8,0.0,0.0,3.700000047683716,10.199999809265137,0,0,0,0
01-08 20:00,6.9,0.0,0.0,3.4000000953674316,3.4000000953674316,0,0,0,0
01-08 21:00,3.3,0.0,0.0,3.299999952316284,0.0,0,0,0,0
01-08 22:00,3.3,0.0,0.0,3.299999952316284,0.0,0,0,0,0
01-08 23:00,3.0,0.0,0.0,3.0,0.0,0,0,0,0
02-08 00:00,0.7,0.0,0.0,0.699999988079071,0.0,0,0,0,0
02-08 01:00,0.8,0.0,0.0,0.800000011920929,0.0,0,0,0,0
02-08 02:00,0.8,0.0,0.0,0.800000011920929,0.0,0,0,0,0
02-08 03:00,9.5,0.0,0.0,9.5,0.0,0,0,0,0
02-08 04:00,17.7,0.0,0.0,17.700000762939453,0.0,0,0,0,0
02-08 05:00,18.2,0.0,0.0,18.200000762939453,0.0,0,0,0,0
02-08 06:00,3.1,0.0,0.0,3.0999999046325684,0.0,0,0,0,0
02-08 07:00,3.7,0.0,0.0,3.700000047683716,0.0,0,0,0,0
02-08 08:00,4.2,0.0,0.0,4.199999809265137,0.0,0,0,0,0
02-08 09:00,6.5,0.0,0.0,4.199999809265137,2.299999952316284,0,0,0,0
02-08 10:00,13.7,0.0,0.0,3.5999999046325684,10.199999809265137,0,0,0,0
02-08 11:00,82.6,0.0,0.0,3.5,79.0999984741211,0,0,0,0
02-08 12:00,113.7,0.0,0.0,3.0,110.69999694824219,0,0,0,0
02-08 13:00,93.6,0.0,0.0,2.799999952316284,90.80000305175781,0,0,0,0
02-08 14:00,25.0,0.0,0.0,2.5999999046325684,22.399999618530273,0,0,0,0
02-08 15:00,23.7,0.0,0.0,2.4000000953674316,21.299999237060547,0,0,0,0
02-08 16:00,22.8,0.0,0.0,1.600000023841858,21.200000762939453,0,0,0,0
02-08 17:00,31.1,0.0,0.0,1.2000000476837158,29.899999618530273,0,0,0,0
02-08 18:00,24.6,0.0,0.0,0.8999999761581421,23.700000762939453,0,0,0,0
02-08 19:00,10.5,0.0,0.0,0.8999999761581421,9.600000381469727,0,0,0,0
02-08 20:00,4.1,0.0,0.0,0.8999999761581421,3.200000047683716,0,0,0,0
02-08 21:00,0.9,0.0,0.0,0.8999999761581421,0.0,0,0,0,0
02-08 22:00,1.0,0.0,0.0,1.0,0.0,0,0,0,0
02-08 23:00,0.8,0.0,0.0,0.800000011920929,0.0,0,0,0,0
03-08 00:00,0.0,0.0,0.0,0.0,0.0,0,0,0,0
03-08 01:00,0.0,0.0,0.0,0.0,0.0,0,0,0,0
03-08 02:00,0.0,0.0,0.0,0.0,0.0,0,0,0,0
03-08 03:00,0.0,0.0,0.0,0.0,0.0,0,0,0,0
03-08 04:00,0.0,0.0,0.0,0.0,0.0,0,0,0,0
03-08 05:00,0.0,0.0,0.0,0.0,0.0,0,0,0,0
03-08 06:00,0.0,0.0,0.0,0.0,0.0,0,0,0,0
03-08 07:00,0.0,0.0,0.0,0.0,0.0,0,0,0,0
03-08 08:00,0.0,0.0,0.0,0.0,0.0,0,0,0,0
03-08 09:00,2.3,0.0,0.0,0.0,2.299999952316284,0,0,0,0
03-08 10:00,9.9,0.0,0.0,0.0,9.899999618530273,0,0,0,0
03-08 11:00,69.8,0.0,0.0,0.0,69.80000305175781,0,0,0,0
03-08 12:00,111.9,0.0,0.0,0.0,111.9000015258789,0,0,0,0
03-08 13:00,91.7,0.0,0.0,0.0,91.69999694824219,0,0,0,0
03-08 14:00,22.4,0.0,0.0,0.0,22.399999618530273,0,0,0,0
03-08 15:00,19.1,0.0,0.0,0.0,19.100000381469727,0,0,0,0
03-08 16:00,20.8,0.0,0.0,0.0,20.799999237060547,0,0,0,0
03-08 17:00,30.5,0.0,0.0,0.0,30.5,0,0,0,0
03-08 18:00,24.2,0.0,0.0,0.0,24.200000762939453,0,0,0,0
03-08 19:00,9.9,0.0,0.0,0.0,9.899999618530273,0,0,0,0
03-08 20:00,3.2,0.0,0.0,0.0,3.200000047683716,0,0,0,0
03-08 21:00,0.0,0.0,0.0,0.0,0.0,0,0,0,0
03-08 22:00,0.0,0.0,0.0,0.0,0.0,0,0,0,0
03-08 23:00,0.0,0.0,0.0,0.0,0.0,0,0,0,0
04-08 00:00,0.0,0.0,0.0,0.0,0.0,0,0,0,0
04-08 01:00,0.0,0.0,0.0,0.0,0.0,0,0,0,0
04-08 02:00,0.0,0.0,0.0,0.0,0.0,0,0,0,0
04-08 03:00,0.0,0.0,0.0,0.0,0.0,0,0,0,0
04-08 04:00,0.0,0.0,0.0,0.0,0.0,0,0,0,0
04-08 05:00,0.0,0.0,0.0,0.0,0.0,0,0,0,0
04-08 06:00,0.0,0.0,0.0,0.0,0.0,0,0,0,0
04-08 07:00,0.0,0.0,0.0,0.0,0.0,0,0,0,0
04-08 08:00,0.0,0.0,0.0,0.0,0.0,0,0,0,0
04-08 09:00,0.0,0.0,0.0,0.0,0.0,0,0,0,0
04-08 10:00,1.1,0.0,0.0,0.0,1.100000023841858,0,0,0,0
04-08 11:00,9.2,0.0,0.0,0.0,9.199999809265137,0,0,0,0
04-08 12:00,13.3,0.0,0.0,0.0,13.300000190734863,0,0,0,0
04-08 13:00,10.6,0.0,0.0,0.0,10.600000381469727,0,0,0,0
04-08 14:00,2.1,0.0,0.0,0.0,2.0999999046325684,0,0,0,0
04-08 15:00,2.1,0.0,0.0,0.0,2.0999999046325684,0,0,0,0
04-08 16:00,2.3,0.0,0.0,0.0,2.299999952316284,0,0,0,0
04-08 17:00,3.5,0.0,0.0,0.0,3.5,0,0,0,0
04-08 18:00,3.4,0.0,0.0,0.0,3.4000000953674316,0,0,0,0
04-08 19:00,1.1,0.0,0.0,0.0,1.100000023841858,0,0,0,0
04-08 20:00,0.0,0.0,0.0,0.0,0.0,0,0,0,0
04-08 21:00,0.0,0.0,0.0,0.0,0.0,0,0,0,0
04-08 22:00,0.0,0.0,0.0,0.0,0.0,0,0,0,0
04-08 23:00,0.0,0.0,0.0,0.0,0.0,0,0,0,0
05-08 00:00,0.0,0.0,0.0,0.0,0.0,0,0,0,0
05-08 01:00,0.0,0.0,0.0,0.0,0.0,0,0,0,0
05-08 02:00,0.0,0.0,0.0,0.0,0.0,0,0,0,0
05-08 03:00,0.0,0.0,0.0,0.0,0.0,0,0,0,0
05-08 04:00,0.0,0.0,0.0,0.0,0.0,0,0,0,0
05-08 05:00,0.0,0.0,0.0,0.0,0.0,0,0,0,0
05-08 06:00,0.0,0.0,0.0,0.0,0.0,0,0,0,0
05-08 07:00,0.0,0.0,0.0,0.0,0.0,0,0,0,0
05-08 08:00,0.0,0.0,0.0,0.0,0.0,0,0,0,0
05-08 09:00,0.0,0.0,0.0,0.0,0.0,0,0,0,0
05-08 10:00,1.1,0.0,0.0,0.0,1.100000023841858,0,0,0,0
05-08 11:00,5.2,0.0,0.0,0.0,5.199999809265137,0,0,0,0
05-08 12:00,7.4,0.0,0.0,0.0,7.400000095367432,0,0,0,0
05-08 13:00,6.0,0.0,0.0,0.0,6.0,0,0,0,0
05-08 14:00,1.1,0.0,0.0,0.0,1.2000000476837158,0,0,0,0
05-08 15:00,1.1,0.0,0.0,0.0,1.100000023841858,0,0,0,0
05-08 16:00,1.1,0.0,0.0,0.0,1.2000000476837158,0,0,0,0
05-08 17:00,2.2,0.0,0.0,0.0,2.200000047683716,0,0,0,0
05-08 18:00,2.2,0.0,0.0,0.0,2.200000047683716,0,0,0,0
05-08 19:00,1.0,0.0,0.0,0.0,1.0,0,0,0,0
05-08 20:00,0.0,0.0,0.0,0.0,0.0,0,0,0,0
05-08 21:00,0.0,0.0,0.0,0.0,0.0,0,0,0,0
05-08 22:00,0.0,0.0,0.0,0.0,0.0,0,0,0,0
05-08 23:00,0.0,0.0,0.0,0.0,0.0,0,0,0,0
06-08 00:00,0.0,0.0,0.0,0.0,0.0,0,0,0,0
06-08 01:00,0.0,0.0,0.0,0.0,0.0,0,0,0,0
06-08 02:00,0.0,0.0,0.0,0.0,0.0,0,0,0,0
06-08 03:00,0.0,0.0,0.0,0.0,0.0,0,0,0,0
06-08 04:00,0.0,0.0,0.0,0.0,0.0,0,0,0,0
06-08 05:00,0.0,0.0,0.0,0.0,0.0,0,0,0,0
06-08 06:00,0.0,0.0,0.0,0.0,0.0,0,0,0,0
06-08 07:00,0.0,0.0,0.0,0.0,0.0,0,0,0,0
06-08 08:00,0.0,0.0,0.0,0.0,0.0,0,0,0,0
06-08 09:00,2.2,0.0,0.0,0.0,2.200000047683716,0,0,0,0
06-08 10:00,10.0,0.0,0.0,0.0,10.0,0,0,0,0
06-08 11:00,71.4,0.0,0.0,0.0,71.4000015258789,0,0,0,0
06-08 12:00,117.7,0.0,0.0,0.0,117.69999694824219,0,0,0,0
06-08 13:00,93.8,0.0,0.0,0.0,93.80000305175781,0,0,0,0
06-08 14:00,20.9,0.0,0.0,0.0,20.899999618530273,0,0,0,0
06-08 15:00,19.2,0.0,0.0,0.0,19.200000762939453,0,0,0,0
06-08 16:00,20.9,0.0,0.0,0.0,20.899999618530273,0,0,0,0
06-08 17:00,30.0,0.0,0.0,0.0,30.0,0,0,0,0
06-08 18:00,25.5,0.0,0.0,0.0,25.5,0,0,0,0
06-08 19:00,10.3,0.0,0.0,0.0,10.300000190734863,0,0,0,0
06-08 20:00,3.2,0.0,0.0,0.0,3.200000047683716,0,0,0,0
06-08 21:00,0.0,0.0,0.0,0.0,0.0,0,0,0,0
06-08 22:00,0.0,0.0,0.0,0.0,0.0,0,0,0,0
06-08 23:00,0.0,0.0,0.0,0.0,0.0,0,0,0,0
07-08 00:00,0.0,0.0,0.0,0.0,0.0,0,0,0,0
07-08 01:00,0.0,0.0,0.0,0.0,0.0,0,0,0,0
07-08 02:00,0.0,0.0,0.0,0.0,0.0,0,0,0,0
07-08 03:00,0.0,0.0,0.0,0.0,0.0,0,0,0,0
07-08 04:00,0.0,0.0,0.0,0.0,0.0,0,0,0,0
07-08 05:00,0.0,0.0,0.0,0.0,0.0,0,0,0,0
07-08 06:00,0.0,0.0,0.0,0.0,0.0,0,0,0,0
07-08 07:00,0.0,0.0,0.0,0.0,0.0,0,0,0,0
07-08 08:00,0.0,0.0,0.0,0.0,0.0,0,0,0,0
07-08 09:00,2.2,0.0,0.0,0.0,2.200000047683716,0,0,0,0
07-08 10:00,10.0,0.0,0.0,0.0,10.0,0,0,0,0
07-08 11:00,67.9,0.0,0.0,0.0,67.9000015258789,0,0,0,0
07-08 12:00,118.9,0.0,0.0,0.0,118.9000015258789,0,0,0,0
07-08 13:00,91.1,0.0,0.0,0.0,91.0999984741211,0,0,0,0
07-08 14:00,24.5,0.0,0.0,0.0,24.399999618530273,0,0,0,0
07-08 15:00,19.4,0.0,0.0,0.0,19.399999618530273,0,0,0,0
07-08 16:00,21.1,0.0,0.0,0.0,21.100000381469727,0,0,0,0
07-08 17:00,30.3,0.0,0.0,0.0,30.299999237060547,0,0,0,0
07-08 18:00,25.0,0.0,0.0,0.0,25.0,0,0,0,0
07-08 19:00,10.6,0.0,0.0,0.0,10.600000381469727,0,0,0,0
07-08 20:00,3.3,0.0,0.0,0.0,3.299999952316284,0,0,0,0
07-08 21:00,0.0,0.0,0.0,0.0,0.0,0,0,0,0
07-08 22:00,0.0,0.0,0.0,0.0,0.0,0,0,0,0
07-08 23:00,0.0,0.0,0.0,0.0,0.0,0,0,0,0
08-08 00:00,0.0,0.0,0.0,0.0,0.0,0,0,0,0
08-08 01:00,0.0,0.0,0.0,0.0,0.0,0,0,0,0
08-08 02:00,0.0,0.0,0.0,0.0,0.0,0,0,0,0
08-08 03:00,0.0,0.0,0.0,0.0,0.0,0,0,0,0
08-08 04:00,0.0,0.0,0.0,0.0,0.0,0,0,0,0
08-08 05:00,0.0,0.0,0.0,0.0,0.0,0,0,0,0
08-08 06:00,0.0,0.0,0.0,0.0,0.0,0,0,0,0
08-08 07:00,0.0,0.0,0.0,0.0,0.0,0,0,0,0
08-08 08:00,0.0,0.0,0.0,0.0,0.0,0,0,0,0
08-08 09:00,2.2,0.0,0.0,0.0,2.200000047683716,0,0,0,0
08-08 10:00,10.6,0.0,0.0,0.0,10.600000381469727,0,0,0,0
08-08 11:00,72.3,0.0,0.0,0.0,72.30000305175781,0,0,0,0
08-08 12:00,113.5,0.0,0.0,0.0,113.5,0,0,0,0
08-08 13:00,92.1,0.0,0.0,0.0,92.0999984741211,0,0,0,0
08-08 14:00,22.5,0.0,0.0,0.0,22.5,0,0,0,0
08-08 15:00,20.0,0.0,0.0,0.0,20.0,0,0,0,0
08-08 16:00,22.2,0.0,0.0,0.0,22.200000762939453,0,0,0,0
08-08 17:00,29.7,0.0,0.0,0.0,29.700000762939453,0,0,0,0
08-08 18:00,25.1,0.0,0.0,0.0,25.100000381469727,0,0,0,0
08-08 19:00,9.5,0.0,0.0,0.0,9.5,0,0,0,0
08-08 20:00,3.6,0.0,0.0,0.0,3.5999999046325684,0,0,0,0
08-08 21:00,0.0,0.0,0.0,0.0,0.0,0,0,0,0
08-08 22:00,0.0,0.0,0.0,0.0,0.0,0,0,0,0
08-08 23:00,0.0,0.0,0.0,0.0,0.0,0,0,0,0
09-08 00:00,1.1,0.0,0.0,1.100000023841858,0.0,0,0,0,0
09-08 01:00,1.0,0.0,0.0,1.0,0.0,0,0,0,0
09-08 02:00,9.2,0.0,0.0,9.199999809265137,0.0,0,0,0,0
09-08 03:00,17.4,0.0,0.0,17.399999618530273,0.0,0,0,0,0
09-08 04:00,19.4,0.0,0.0,19.399999618530273,0.0,0,0,0,0
09-08 05:00,12.3,0.0,0.0,12.300000190734863,0.0,0,0,0,0
09-08 06:00,13.2,0.0,0.0,13.199999809265137,0.0,0,0,0,0
09-08 07:00,5.4,0.0,0.0,5.400000095367432,0.0,0,0,0,0
09-08 08:00,6.4,0.0,0.0,6.400000095367432,0.0,0,0,0,0
09-08 09:00,8.5,0.0,0.0,6.099999904632568,2.4000000953674316,0,0,0,0
09-08 10:00,15.5,0.0,0.0,5.099999904632568,10.399999618530273,0,0,0,0
09-08 11:00,74.6,0.0,0.0,4.400000095367432,70.19999694824219,0,0,0,0
09-08 12:00,115.5,0.0,0.0,4.199999809265137,111.30000305175781,0,0,0,0
09-08 13:00,89.4,0.0,0.0,3.5999999046325684,85.80000305175781,0,0,0,0
09-08 14:00,27.4,0.0,0.0,3.799999952316284,23.600000381469727,0,0,0,0
09-08 15:00,22.7,0.0,0.0,3.0999999046325684,19.600000381469727,0,0,0,0
09-08 16:00,26.3,0.0,0.0,2.5,23.799999237060547,0,0,0,0
09-08 17:00,30.8,0.0,0.0,1.600000023841858,29.200000762939453,0,0,0,0
09-08 18:00,27.5,0.0,0.0,1.399999976158142,26.100000381469727,0,0,0,0
09-08 19:00,10.7,0.0,0.0,1.2999999523162842,9.399999618530273,0,0,0,0
09-08 20:00,4.8,0.0,0.0,1.2999999523162842,3.5,0,0,0,0
09-08 21:00,1.3,0.0,0.0,1.2999999523162842,0.0,0,0,0,0
09-08 22:00,1.2,0.0,0.0,1.2000000476837158,0.0,0,0,0,0
09-08 23:00,1.0,0.0,0.0,1.0,0.0,0,0,0,0
10-08 00:00,10.3,0.0,0.0,10.300000190734863,0.0,0,0,0,0
10-08 01:00,18.0,0.0,0.0,18.0,0.0,0,0,0,0
10-08 02:00,26.5,0.0,0.0,26.5,0.0,0,0,0,0
10-08 03:00,26.5,0.0,0.0,26.600000381469727,0.0,0,0,0,0
10-08 04:00,30.5,0.0,0.0,30.5,0.0,0,0,0,0
10-08 05:00,33.2,0.0,0.0,33.20000076293945,0.0,0,0,0,0
10-08 06:00,16.8,0.0,0.0,16.799999237060547,0.0,0,0,0,0
10-08 07:00,13.6,0.0,0.0,13.600000381469727,0.0,0,0,0,0
10-08 08:00,15.5,0.0,0.0,15.5,0.0,0,0,0,0
10-08 09:00,15.7,0.0,0.0,13.5,2.200000047683716,0,0,0,0
10-08 10:00,21.6,0.0,0.0,11.699999809265137,9.899999618530273,0,0,0,0
10-08 11:00,82.5,0.0,0.0,10.800000190734863,71.69999694824219,0,0,0,0
10-08 12:00,115.6,0.0,0.0,9.699999809265137,105.9000015258789,0,0,0,0
10-08 13:00,105.8,0.0,0.0,9.899999618530273,96.0,0,0,0,0
10-08 14:00,29.8,0.0,0.0,8.399999618530273,21.399999618530273,0,0,0,0
10-08 15:00,27.4,0.0,0.0,7.5,19.899999618530273,0,0,0,0
10-08 16:00,29.9,0.0,0.0,6.0,23.799999237060547,0,0,0,0
10-08 17:00,32.5,0.0,0.0,3.9000000953674316,28.600000381469727,0,0,0,0
10-08 18:00,29.5,0.0,0.0,3.4000000953674316,26.100000381469727,0,0,0,0
10-08 19:00,14.0,0.0,0.0,3.5,10.5,0,0,0,0
10-08 20:00,6.3,0.0,0.0,3.0,3.299999952316284,0,0,0,0
10-08 21:00,3.1,0.0,0.0,3.0999999046325684,0.0,0,0,0,0
10-08 22:00,2.9,0.0,0.0,2.9000000953674316,0.0,0,0,0,0
10-08 23:00,11.0,0.0,0.0,11.0,0.0,0,0,0,0
11-08 00:00,19.2,0.0,0.0,19.200000762939453,0.0,0,0,0,0
11-08 01:00,27.7,0.0,0.0,27.700000762939453,0.0,0,0,0,0
11-08 02:00,27.7,0.0,0.0,27.700000762939453,0.0,0,0,0,0
11-08 03:00,25.4,0.0,0.0,25.399999618530273,0.0,0,0,0,0
11-08 04:00,28.7,0.0,0.0,28.700000762939453,0.0,0,0,0,0
11-08 05:00,30.1,0.0,0.0,30.100000381469727,0.0,0,0,0,0
11-08 06:00,23.3,0.0,0.0,23.299999237060547,0.0,0,0,0,0
11-08 07:00,16.4,0.0,0.0,16.399999618530273,0.0,0,0,0,0
11-08 08:00,8.6,0.0,0.0,8.600000381469727,0.0,0,0,0,0
11-08 09:00,7.1,0.0,0.0,7.0,0.0,0,0,0,0
11-08 10:00,7.3,0.0,0.0,6.199999809265137,1.100000023841858,0,0,0,0
11-08 11:00,14.7,0.0,0.0,6.0,8.699999809265137,0,0,0,0
11-08 12:00,19.7,0.0,0.0,6.199999809265137,13.5,0,0,0,0
11-08 13:00,15.1,0.0,0.0,5.199999809265137,9.899999618530273,0,0,0,0
11-08 14:00,8.2,0.0,0.0,5.900000095367432,2.299999952316284,0,0,0,0
11-08 15:00,8.0,0.0,0.0,5.699999809265137,2.299999952316284,0,0,0,0
11-08 16:00,7.2,0.0,0.0,4.800000190734863,2.4000000953674316,0,0,0,0
11-08 17:00,6.8,0.0,0.0,3.799999952316284,3.0,0,0,0,0
11-08 18:00,6.6,0.0,0.0,3.4000000953674316,3.200000047683716,0,0,0,0
11-08 19:00,4.7,0.0,0.0,3.5999999046325684,1.2000000476837158,0,0,0,0
11-08 20:00,3.9,0.0,0.0,3.9000000953674316,0.0,0,0,0,0
11-08 21:00,12.4,0.0,0.0,12.399999618530273,0.0,0,0,0,0
11-08 22:00,20.2,0.0,0.0,20.200000762939453,0.0,0,0,0,0
11-08 23:00,19.6,0.0,0.0,19.600000381469727,0.0,0,0,0,0
12-08 00:00,16.8,0.0,0.0,16.799999237060547,0.0,0,0,0,0
12-08 01:00,18.5,0.0,0.0,18.5,0.0,0,0,0,0
12-08 02:00,19.6,0.0,0.0,19.600000381469727,0.0,0,0,0,0
12-08 03:00,27.7,0.0,0.0,27.700000762939453,0.0,0,0,0,0
12-08 04:00,18.7,0.0,0.0,18.700000762939453,0.0,0,0,0,0
12-08 05:00,20.2,0.0,0.0,20.200000762939453,0.0,0,0,0,0
12-08 06:00,19.4,0.0,0.0,19.399999618530273,0.0,0,0,0,0
12-08 07:00,11.1,0.0,0.0,11.100000381469727,0.0,0,0,0,0
12-08 08:00,4.2,0.0,0.0,4.199999809265137,0.0,0,0,0,0
12-08 09:00,3.5,0.0,0.0,3.5,0.0,0,0,0,0
12-08 10:00,4.4,0.0,0.0,3.299999952316284,1.100000023841858,0,0,0,0
12-08 11:00,8.8,0.0,0.0,3.4000000953674316,5.5,0,0,0,0
12-08 12:00,12.3,0.0,0.0,3.700000047683716,8.600000381469727,0,0,0,0
12-08 13:00,10.2,0.0,0.0,3.299999952316284,6.900000095367432,0,0,0,0
12-08 14:00,4.3,0.0,0.0,3.200000047683716,1.100000023841858,0,0,0,0
12-08 15:00,4.3,0.0,0.0,3.200000047683716,1.100000023841858,0,0,0,0
12-08 16:00,4.1,0.0,0.0,3.0,1.100000023841858,0,0,0,0
12-08 17:00,5.0,0.0,0.0,2.799999952316284,2.200000047683716,0,0,0,0
12-08 18:00,4.8,0.0,0.0,2.5999999046325684,2.200000047683716,0,0,0,0
12-08 19:00,3.8,0.0,0.0,2.700000047683716,1.100000023841858,0,0,0,0
12-08 20:00,2.6,0.0,0.0,2.5999999046325684,0.0,0,0,0,0
12-08 21:00,2.7,0.0,0.0,2.5999999046325684,0.0,0,0,0,0
12-08 22:00,9.8,0.0,0.0,9.800000190734863,0.0,0,0,0,0
12-08 23:00,18.7,0.0,0.0,18.700000762939453,0.0,0,0,0,0
13-08 00:00,20.8,0.0,0.0,20.799999237060547,0.0,0,0,0,0
13-08 01:00,28.4,0.0,0.0,28.399999618530273,0.0,0,0,0,0
13-08 02:00,38.5,0.0,0.0,38.5,0.0,0,0,0,0
13-08 03:00,34.7,0.0,0.0,34.70000076293945,0.0,0,0,0,0
13-08 04:00,42.2,0.0,0.0,42.20000076293945,0.0,0,0,0,0
13-08 05:00,39.8,0.0,0.0,39.79999923706055,0.0,0,0,0,0
13-08 06:00,36.5,0.0,0.0,36.5,0.0,0,0,0,0
13-08 07:00,33.0,0.0,0.0,33.0,0.0,0,0,0,0
13-08 08:00,26.1,0.0,0.0,26.200000762939453,0.0,0,0,0,0
13-08 09:00,25.3,0.0,0.0,23.100000381469727,2.200000047683716,0,0,0,0
13-08 10:00,32.7,0.0,0.0,21.799999237060547,10.899999618530273,0,0,0,0
13-08 11:00,96.8,0.0,0.0,19.799999237060547,77.0,0,0,0,0
13-08 12:00,122.7,0.0,0.0,16.5,106.19999694824219,0,0,0,0
13-08 13:00,107.7,0.0,0.0,16.0,91.69999694824219,0,0,0,0
13-08 14:00,37.8,0.0,0.0,15.199999809265137,22.600000381469727,0,0,0,0
13-08 15:00,35.0,0.0,0.0,13.699999809265137,21.299999237060547,0,0,0,0
13-08 16:00,33.8,0.0,0.0,10.199999809265137,23.700000762939453,0,0,0,0
13-08 17:00,38.3,0.0,0.0,7.199999809265137,31.100000381469727,0,0,0,0
13-08 18:00,29.8,0.0,0.0,5.400000095367432,24.399999618530273,0,0,0,0
13-08 19:00,16.4,0.0,0.0,5.900000095367432,10.5,0,0,0,0
13-08 20:00,8.4,0.0,0.0,5.099999904632568,3.299999952316284,0,0,0,0
13-08 21:00,12.9,0.0,0.0,12.899999618530273,0.0,0,0,0,0
13-08 22:00,21.4,0.0,0.0,21.399999618530273,0.0,0,0,0,0
13-08 23:00,27.5,0.0,0.0,27.600000381469727,0.0,0,0,0,0
14-08 00:00,27.9,0.0,0.0,27.899999618530273,0.0,0,0,0,0
14-08 01:00,29.9,0.0,0.0,29.899999618530273,0.0,0,0,0,0
14-08 02:00,45.9,0.0,0.0,45.900001525878906,0.0,0,0,0,0
14-08 03:00,49.4,0.0,0.0,49.400001525878906,0.0,0,0,0,0
14-08 04:00,49.7,0.0,0.0,49.70000076293945,0.0,0,0,0,0
14-08 05:00,55.5,0.0,0.0,55.5,0.0,0,0,0,0
14-08 06:00,37.2,0.0,0.0,37.20000076293945,0.0,0,0,0,0
14-08 07:00,23.4,0.0,0.0,23.399999618530273,0.0,0,0,0,0
14-08 08:00,27.1,0.0,0.0,27.100000381469727,0.0,0,0,0,0
14-08 09:00,27.2,0.0,0.0,25.0,2.200000047683716,0,0,0,0
14-08 10:00,30.1,0.0,0.0,20.5,9.600000381469727,0,0,0,0
14-08 11:00,91.7,0.0,0.0,19.700000762939453,72.0,0,0,0,0
14-08 12:00,123.9,0.0,0.0,17.600000381469727,106.30000305175781,0,0,0,0
14-08 13:00,114.3,0.0,0.0,18.0,96.30000305175781,0,0,0,0
14-08 14:00,40.7,0.0,0.0,17.0,23.700000762939453,0,0,0,0
14-08 15:00,35.4,0.0,0.0,14.399999618530273,21.0,0,0,0,0
14-08 16:00,32.3,0.0,0.0,10.100000381469727,22.200000762939453,0,0,0,0
14-08 17:00,39.2,0.0,0.0,7.800000190734863,31.399999618530273,0,0,0,0
14-08 18:00,33.1,0.0,0.0,6.300000190734863,26.799999237060547,0,0,0,0
14-08 19:00,16.8,0.0,0.0,6.300000190734863,10.5,0,0,0,0
14-08 20:00,8.9,0.0,0.0,5.5,3.4000000953674316,0,0,0,0
14-08 21:00,5.5,0.0,0.0,5.5,0.0,0,0,0,0
14-08 22:00,13.1,0.0,0.0,13.100000381469727,0.0,0,0,0,0
14-08 23:00,21.8,0.0,0.0,21.799999237060547,0.0,0,0,0,0
15-08 00:00,28.5,0.0,0.0,28.5,0.0,0,0,0,0
15-08 01:00,28.8,0.0,0.0,28.799999237060547,0.0,0,0,0,0
15-08 02:00,27.6,0.0,0.0,27.600000381469727,0.0,0,0,0,0
15-08 03:00,36.8,0.0,0.0,36.79999923706055,0.0,0,0,0,0
15-08 04:00,48.2,0.0,0.0,48.20000076293945,0.0,0,0,0,0
15-08 05:00,54.0,0.0,0.0,54.0,0.0,0,0,0,0
15-08 06:00,39.9,0.0,0.0,39.900001525878906,0.0,0,0,0,0
15-08 07:00,20.0,0.0,0.0,20.0,0.0,0,0,0,0
15-08 08:00,23.4,0.0,0.0,23.399999618530273,0.0,0,0,0,0
15-08 09:00,23.6,0.0,0.0,21.399999618530273,2.200000047683716,0,0,0,0
15-08 10:00,28.8,0.0,0.0,18.5,10.300000190734863,0,0,0,0
15-08 11:00,84.1,0.0,0.0,15.699999809265137,68.4000015258789,0,0,0,0
15-08 12:00,126.3,0.0,0.0,15.399999618530273,110.9000015258789,0,0,0,0
15-08 13:00,105.1,0.0,0.0,14.199999809265137,90.9000015258789,0,0,0,0
15-08 14:00,38.4,0.0,0.0,14.399999618530273,24.0,0,0,0,0
15-08 15:00,31.2,0.0,0.0,11.399999618530273,19.799999237060547,0,0,0,0
15-08 16:00,32.9,0.0,0.0,9.100000381469727,23.799999237060547,0,0,0,0
15-08 17:00,33.9,0.0,0.0,5.800000190734863,28.100000381469727,0,0,0,0
15-08 18:00,30.6,0.0,0.0,5.0,25.5,0,0,0,0
15-08 19:00,14.3,0.0,0.0,4.800000190734863,9.5,0,0,0,0
15-08 20:00,8.6,0.0,0.0,5.0,3.5999999046325684,0,0,0,0
15-08 21:00,4.6,0.0,0.0,4.599999904632568,0.0,0,0,0,0
15-08 22:00,4.6,0.0,0.0,4.599999904632568,0.0,0,0,0,0
15-08 23:00,4.3,0.0,0.0,4.300000190734863,0.0,0,0,0,0
16-08 00:00,10.5,0.0,0.0,10.5,0.0,0,0,0,0
16-08 01:00,19.6,0.0,0.0,19.600000381469727,0.0,0,0,0,0
16-08 02:00,28.3,0.0,0.0,28.299999237060547,0.0,0,0,0,0
16-08 03:00,35.6,0.0,0.0,35.599998474121094,0.0,0,0,0,0
16-08 04:00,36.4,0.0,0.0,36.400001525878906,0.0,0,0,0,0
16-08 05:00,38.2,0.0,0.0,38.20000076293945,0.0,0,0,0,0
16-08 06:00,28.8,0.0,0.0,28.799999237060547,0.0,0,0,0,0
16-08 07:00,15.2,0.0,0.0,15.199999809265137,0.0,0,0,0,0
16-08 08:00,16.1,0.0,0.0,16.100000381469727,0.0,0,0,0,0
16-08 09:00,19.4,0.0,0.0,17.100000381469727,2.299999952316284,0,0,0,0
16-08 10:00,24.5,0.0,0.0,14.199999809265137,10.300000190734863,0,0,0,0
16-08 11:00,90.9,0.0,0.0,13.600000381469727,77.30000305175781,0,0,0,0
16-08 12:00,130.4,0.0,0.0,12.600000381469727,117.80000305175781,0,0,0,0
16-08 13:00,109.2,0.0,0.0,11.699999809265137,97.5,0,0,0,0
16-08 14:00,32.4,0.0,0.0,10.199999809265137,22.200000762939453,0,0,0,0
16-08 15:00,29.4,0.0,0.0,9.0,20.399999618530273,0,0,0,0
16-08 16:00,28.2,0.0,0.0,6.400000095367432,21.799999237060547,0,0,0,0
16-08 17:00,34.8,0.0,0.0,4.800000190734863,30.0,0,0,0,0
16-08 18:00,27.9,0.0,0.0,3.700000047683716,24.200000762939453,0,0,0,0
16-08 19:00,15.1,0.0,0.0,4.199999809265137,10.899999618530273,0,0,0,0
16-08 20:00,7.2,0.0,0.0,3.700000047683716,3.5,0,0,0,0
16-08 21:00,3.6,0.0,0.0,3.5999999046325684,0.0,0,0,0,0
16-08 22:00,3.6,0.0,0.0,3.5999999046325684,0.0,0,0,0,0
16-08 23:00,3.2,0.0,0.0,3.200000047683716,0.0,0,0,0,0
17-08 00:00,9.9,0.0,0.0,9.899999618530273,0.0,0,0,0,0
17-08 01:00,9.5,0.0,0.0,9.5,0.0,0,0,0,0
17-08 02:00,17.8,0.0,0.0,17.799999237060547,0.0,0,0,0,0
17-08 03:00,17.8,0.0,0.0,17.799999237060547,0.0,0,0,0,0
17-08 04:00,19.8,0.0,0.0,19.799999237060547,0.0,0,0,0,0
17-08 05:00,28.1,0.0,0.0,28.100000381469727,0.0,0,0,0,0
17-08 06:00,15.4,0.0,0.0,15.399999618530273,0.0,0,0,0,0
17-08 07:00,8.9,0.0,0.0,9.0,0.0,0,0,0,0
17-08 08:00,11.0,0.0,0.0,11.0,0.0,0,0,0,0
17-08 09:00,12.1,0.0,0.0,9.800000190734863,2.200000047683716,0,0,0,0
17-08 10:00,18.6,0.0,0.0,8.399999618530273,10.199999809265137,0,0,0,0
17-08 11:00,76.6,0.0,0.0,7.300000190734863,69.30000305175781,0,0,0,0
17-08 12:00,119.5,0.0,0.0,7.199999809265137,112.30000305175781,0,0,0,0
17-08 13:00,96.7,0.0,0.0,6.5,90.19999694824219,0,0,0,0
17-08 14:00,27.8,0.0,0.0,6.0,21.799999237060547,0,0,0,0
17-08 15:00,25.8,0.0,0.0,5.400000095367432,20.399999618530273,0,0,0,0
17-08 16:00,27.8,0.0,0.0,4.199999809265137,23.600000381469727,0,0,0,0
17-08 17:00,33.5,0.0,0.0,2.9000000953674316,30.600000381469727,0,0,0,0
17-08 18:00,26.5,0.0,0.0,2.200000047683716,24.299999237060547,0,0,0,0
17-08 19:00,12.0,0.0,0.0,2.299999952316284,9.699999809265137,0,0,0,0
17-08 20:00,5.4,0.0,0.0,2.0999999046325684,3.299999952316284,0,0,0,0
17-08 21:00,2.3,0.0,0.0,2.299999952316284,0.0,0,0,0,0
17-08 22:00,2.3,0.0,0.0,2.299999952316284,0.0,0,0,0,0
17-08 23:00,2.0,0.0,0.0,2.0,0.0,0,0,0,0
18-08 00:00,0.0,0.0,0.0,0.0,0.0,0,0,0,0
18-08 01:00,0.0,0.0,0.0,0.0,0.0,0,0,0,0
18-08 02:00,0.0,0.0,0.0,0.0,0.0,0,0,0,0
18-08 03:00,0.0,0.0,0.0,0.0,0.0,0,0,0,0
18-08 04:00,0.0,0.0,0.0,0.0,0.0,0,0,0,0
18-08 05:00,0.0,0.0,0.0,0.0,0.0,0,0,0,0
18-08 06:00,0.0,0.0,0.0,0.0,0.0,0,0,0,0
18-08 07:00,0.0,0.0,0.0,0.0,0.0,0,0,0,0
18-08 08:00,0.0,0.0,0.0,0.0,0.0,0,0,0,0
18-08 09:00,0.0,0.0,0.0,0.0,0.0,0,0,0,0
18-08 10:00,1.2,0.0,0.0,0.0,1.2000000476837158,0,0,0,0
18-08 11:00,9.4,0.0,0.0,0.0,9.399999618530273,0,0,0,0
18-08 12:00,13.1,0.0,0.0,0.0,13.100000381469727,0,0,0,0
18-08 13:00,11.8,0.0,0.0,0.0,11.800000190734863,0,0,0,0
18-08 14:00,2.4,0.0,0.0,0.0,2.4000000953674316,0,0,0,0
18-08 15:00,2.3,0.0,0.0,0.0,2.299999952316284,0,0,0,0
18-08 16:00,2.2,0.0,0.0,0.0,2.200000047683716,0,0,0,0
18-08 17:00,3.6,0.0,0.0,0.0,3.5999999046325684,0,0,0,0
18-08 18:00,3.3,0.0,0.0,0.0,3.299999952316284,0,0,0,0
18-08 19:00,1.2,0.0,0.0,0.0,1.2000000476837158,0,0,0,0
18-08 20:00,0.0,0.0,0.0,0.0,0.0,0,0,0,0
18-08 21:00,0.0,0.0,0.0,0.0,0.0,0,0,0,0
18-08 22:00,0.0,0.0,0.0,0.0,0.0,0,0,0,0
18-08 23:00,0.0,0.0,0.0,0.0,0.0,0,0,0,0
19-08 00:00,1.0,0.0,0.0,1.0,0.0,0,0,0,0
19-08 01:00,1.0,0.0,0.0,1.0,0.0,0,0,0,0
19-08 02:00,9.2,0.0,0.0,9.199999809265137,0.0,0,0,0,0
19-08 03:00,16.9,0.0,0.0,16.899999618530273,0.0,0,0,0,0
19-08 04:00,15.9,0.0,0.0,15.899999618530273,0.0,0,0,0,0
19-08 05:00,16.9,0.0,0.0,16.899999618530273,0.0,0,0,0,0
19-08 06:00,1.3,0.0,0.0,1.2999999523162842,0.0,0,0,0,0
19-08 07:00,1.3,0.0,0.0,1.2999999523162842,0.0,0,0,0,0
19-08 08:00,1.5,0.0,0.0,1.5,0.0,0,0,0,0
19-08 09:00,1.2,0.0,0.0,1.2000000476837158,0.0,0,0,0,0
19-08 10:00,2.5,0.0,0.0,1.2999999523162842,1.2000000476837158,0,0,0,0
19-08 11:00,6.5,0.0,0.0,1.2000000476837158,5.300000190734863,0,0,0,0
19-08 12:00,8.8,0.0,0.0,1.2000000476837158,7.599999904632568,0,0,0,0
19-08 13:00,7.5,0.0,0.0,1.100000023841858,6.400000095367432,0,0,0,0
19-08 14:00,2.2,0.0,0.0,1.100000023841858,1.100000023841858,0,0,0,0
19-08 15:00,2.3,0.0,0.0,1.2000000476837158,1.100000023841858,0,0,0,0
19-08 16:00,2.2,0.0,0.0,1.100000023841858,1.100000023841858,0,0,0,0
19-08 17:00,3.4,0.0,0.0,1.100000023841858,2.299999952316284,0,0,0,0
19-08 18:00,3.2,0.0,0.0,1.0,2.200000047683716,0,0,0,0
19-08 19:00,2.1,0.0,0.0,1.0,1.100000023841858,0,0,0,0
19-08 20:00,1.0,0.0,0.0,1.0,0.0,0,0,0,0
19-08 21:00,1.0,0.0,0.0,1.0,0.0,0,0,0,0
19-08 22:00,1.0,0.0,0.0,1.0,0.0,0,0,0,0
19-08 23:00,1.0,0.0,0.0,1.0,0.0,0,0,0,0
20-08 00:00,0.0,0.0,0.0,0.0,0.0,0,0,0,0
20-08 01:00,0.0,0.0,0.0,0.0,0.0,0,0,0,0
20-08 02:00,0.0,0.0,0.0,0.0,0.0,0,0,0,0
20-08 03:00,0.0,0.0,0.0,0.0,0.0,0,0,0,0
20-08 04:00,0.0,0.0,0.0,0.0,0.0,0,0,0,0
20-08 05:00,0.0,0.0,0.0,0.0,0.0,0,0,0,0
20-08 06:00,0.0,0.0,0.0,0.0,0.0,0,0,0,0
20-08 07:00,0.0,0.0,0.0,0.0,0.0,0,0,0,0
20-08 08:00,0.0,0.0,0.0,0.0,0.0,0,0,0,0
20-08 09:00,2.2,0.0,0.0,0.0,2.200000047683716,0,0,0,0
20-08 10:00,9.7,0.0,0.0,0.0,9.699999809265137,0,0,0,0
20-08 11:00,76.9,0.0,0.0,0.0,76.9000015258789,0,0,0,0
20-08 12:00,119.4,0.0,0.0,0.0,119.4000015258789,0,0,0,0
20-08 13:00,97.9,0.0,0.0,0.0,97.9000015258789,0,0,0,0
20-08 14:00,22.1,0.0,0.0,0.0,22.100000381469727,0,0,0,0
20-08 15:00,20.5,0.0,0.0,0.0,20.5,0,0,0,0
20-08 16:00,23.2,0.0,0.0,0.0,23.200000762939453,0,0,0,0
20-08 17:00,29.2,0.0,0.0,0.0,29.200000762939453,0,0,0,0
20-08 18:00,24.4,0.0,0.0,0.0,24.399999618530273,0,0,0,0
20-08 19:00,9.5,0.0,0.0,0.0,9.5,0,0,0,0
20-08 20:00,3.3,0.0,0.0,0.0,3.299999952316284,0,0,0,0
20-08 21:00,0.0,0.0,0.0,0.0,0.0,0,0,0,0
20-08 22:00,0.0,0.0,0.0,0.0,0.0,0,0,0,0
20-08 23:00,0.0,0.0,0.0,0.0,0.0,0,0,0,0
21-08 00:00,0.0,0.0,0.0,0.0,0.0,0,0,0,0
21-08 01:00,0.0,0.0,0.0,0.0,0.0,0,0,0,0
21-08 02:00,0.0,0.0,0.0,0.0,0.0,0,0,0,0
21-08 03:00,0.0,0.0,0.0,0.0,0.0,0,0,0,0
21-08 04:00,0.0,0.0,0.0,0.0,0.0,0,0,0,0
21-08 05:00,0.0,0.0,0.0,0.0,0.0,0,0,0,0
21-08 06:00,0.0,0.0,0.0,0.0,0.0,0,0,0,0
21-08 07:00,0.0,0.0,0.0,0.0,0.0,0,0,0,0
21-08 08:00,0.0,0.0,0.0,0.0,0.0,0,0,0,0
21-08 09:00,2.1,0.0,0.0,0.0,2.0999999046325684,0,0,0,0
21-08 10:00,10.4,0.0,0.0,0.0,10.399999618530273,0,0,0,0
21-08 11:00,79.9,0.0,0.0,0.0,79.9000015258789,0,0,0,0
21-08 12:00,109.4,0.0,0.0,0.0,109.4000015258789,0,0,0,0
21-08 13:00,89.7,0.0,0.0,0.0,89.69999694824219,0,0,0,0
21-08 14:00,23.2,0.0,0.0,0.0,23.200000762939453,0,0,0,0
21-08 15:00,19.7,0.0,0.0,0.0,19.700000762939453,0,0,0,0
21-08 16:00,22.6,0.0,0.0,0.0,22.600000381469727,0,0,0,0
21-08 17:00,31.7,0.0,0.0,0.0,31.700000762939453,0,0,0,0
21-08 18:00,26.7,0.0,0.0,0.0,26.700000762939453,0,0,0,0
21-08 19:00,9.6,0.0,0.0,0.0,9.600000381469727,0,0,0,0
21-08 20:00,3.3,0.0,0.0,0.0,3.4000000953674316,0,0,0,0
21-08 21:00,0.0,0.0,0.0,0.0,0.0,0,0,0,0
21-08 22:00,0.0,0.0,0.0,0.0,0.0,0,0,0,0
21-08 23:00,0.0,0.0,0.0,0.0,0.0,0,0,0,0
22-08 00:00,0.0,0.0,0.0,0.0,0.0,0,0,0,0
22-08 01:00,0.0,0.0,0.0,0.0,0.0,0,0,0,0
22-08 02:00,0.0,0.0,0.0,0.0,0.0,0,0,0,0
22-08 03:00,0.0,0.0,0.0,0.0,0.0,0,0,0,0
22-08 04:00,0.0,0.0,0.0,0.0,0.0,0,0,0,0
22-08 05:00,0.0,0.0,0.0,0.0,0.0,0,0,0,0
22-08 06:00,0.0,0.0,0.0,0.0,0.0,0,0,0,0
22-08 07:00,0.0,0.0,0.0,0.0,0.0,0,0,0,0
22-08 08:00,0.0,0.0,0.0,0.0,0.0,0,0,0,0
22-08 09:00,2.3,0.0,0.0,0.0,2.299999952316284,0,0,0,0
22-08 10:00,10.3,0.0,0.0,0.0,10.300000190734863,0,0,0,0
22-08 11:00,75.6,0.0,0.0,0.0,75.5999984741211,0,0,0,0
22-08 12:00,109.6,0.0,0.0,0.0,109.5999984741211,0,0,0,0
22-08 13:00,90.8,0.0,0.0,0.0,90.80000305175781,0,0,0,0
22-08 14:00,22.4,0.0,0.0,0.0,22.399999618530273,0,0,0,0
22-08 15:00,19.1,0.0,0.0,0.0,19.100000381469727,0,0,0,0
22-08 16:00,24.2,0.0,0.0,0.0,24.200000762939453,0,0,0,0
22-08 17:00,29.3,0.0,0.0,0.0,29.299999237060547,0,0,0,0
22-08 18:00,26.5,0.0,0.0,0.0,26.5,0,0,0,0
22-08 19:00,9.8,0.0,0.0,0.0,9.800000190734863,0,0,0,0
22-08 20:00,3.4,0.0,0.0,0.0,3.4000000953674316,0,0,0,0
22-08 21:00,0.0,0.0,0.0,0.0,0.0,0,0,0,0
22-08 22:00,0.0,0.0,0.0,0.0,0.0,0,0,0,0
22-08 23:00,0.0,0.0,0.0,0.0,0.0,0,0,0,0
23-08 00:00,0.0,0.0,0.0,0.0,0.0,0,0,0,0
23-08 01:00,0.0,0.0,0.0,0.0,0.0,0,0,0,0
23-08 02:00,0.0,0.0,0.0,0.0,0.0,0,0,0,0
23-08 03:00,0.0,0.0,0.0,0.0,0.0,0,0,0,0
23-08 04:00,0.0,0.0,0.0,0.0,0.0,0,0,0,0
23-08 05:00,0.0,0.0,0.0,0.0,0.0,0,0,0,0
23-08 06:00,0.0,0.0,0.0,0.0,0.0,0,0,0,0
23-08 07:00,0.0,0.0,0.0,0.0,0.0,0,0,0,0
23-08 08:00,0.0,0.0,0.0,0.0,0.0,0,0,0,0
23-08 09:00,2.4,0.0,0.0,0.0,2.4000000953674316,0,0,0,0
23-08 10:00,10.0,0.0,0.0,0.0,10.0,0,0,0,0
23-08 11:00,77.9,0.0,0.0,0.0,77.9000015258789,0,0,0,0
23-08 12:00,107.4,0.0,0.0,0.0,107.4000015258789,0,0,0,0
23-08 13:00,97.4,0.0,0.0,0.0,97.4000015258789,0,0,0,0
23-08 14:00,22.4,0.0,0.0,0.0,22.399999618530273,0,0,0,0
23-08 15:00,20.0,0.0,0.0,0.0,20.0,0,0,0,0
23-08 16:00,23.1,0.0,0.0,0.0,23.100000381469727,0,0,0,0
23-08 17:00,29.6,0.0,0.0,0.0,29.600000381469727,0,0,0,0
23-08 18:00,25.5,0.0,0.0,0.0,25.5,0,0,0,0
23-08 19:00,10.2,0.0,0.0,0.0,10.199999809265137,0,0,0,0
23-08 20:00,3.5,0.0,0.0,0.0,3.5,0,0,0,0
23-08 21:00,0.0,0.0,0.0,0.0,0.0,0,0,0,0
23-08 22:00,0.0,0.0,0.0,0.0,0.0,0,0,0,0
23-08 23:00,0.0,0.0,0.0,0.0,0.0,0,0,0,0
24-08 00:00,2.0,0.0,0.0,2.0,0.0,0,0,0,0
24-08 01:00,2.0,0.0,0.0,2.0,0.0,0,0,0,0
24-08 02:00,10.9,0.0,0.0,10.899999618530273,0.0,0,0,0,0
24-08 03:00,18.2,0.0,0.0,18.200000762939453,0.0,0,0,0,0
24-08 04:00,20.2,0.0,0.0,20.200000762939453,0.0,0,0,0,0
24-08 05:00,33.5,0.0,0.0,33.5,0.0,0,0,0,0
24-08 06:00,23.7,0.0,0.0,23.700000762939453,0.0,0,0,0,0
24-08 07:00,10.0,0.0,0.0,10.0,0.0,0,0,0,0
24-08 08:00,11.1,0.0,0.0,11.100000381469727,0.0,0,0,0,0
24-08 09:00,13.7,0.0,0.0,11.300000190734863,2.4000000953674316,0,0,0,0
24-08 10:00,18.5,0.0,0.0,8.699999809265137,9.800000190734863,0,0,0,0
24-08 11:00,75.4,0.0,0.0,7.699999809265137,67.69999694824219,0,0,0,0
24-08 12:00,122.2,0.0,0.0,7.800000190734863,114.4000015258789,0,0,0,0
24-08 13:00,102.0,0.0,0.0,7.300000190734863,94.69999694824219,0,0,0,0
24-08 14:00,27.6,0.0,0.0,6.300000190734863,21.299999237060547,0,0,0,0
24-08 15:00,28.3,0.0,0.0,6.300000190734863,22.0,0,0,0,0
24-08 16:00,25.1,0.0,0.0,4.0,21.100000381469727,0,0,0,0
24-08 17:00,32.4,0.0,0.0,3.0,29.399999618530273,0,0,0,0
24-08 18:00,29.2,0.0,0.0,2.5999999046325684,26.600000381469727,0,0,0,0
24-08 19:00,13.1,0.0,0.0,2.5999999046325684,10.5,0,0,0,0
24-08 20:00,5.5,0.0,0.0,2.200000047683716,3.299999952316284,0,0,0,0
24-08 21:00,2.5,0.0,0.0,2.5,0.0,0,0,0,0
24-08 22:00,10.9,0.0,0.0,10.800000190734863,0.0,0,0,0,0
24-08 23:00,17.4,0.0,0.0,17.399999618530273,0.0,0,0,0,0
25-08 00:00,19.1,0.0,0.0,19.100000381469727,0.0,0,0,0,0
25-08 01:00,28.2,0.0,0.0,28.200000762939453,0.0,0,0,0,0
25-08 02:00,37.8,0.0,0.0,37.79999923706055,0.0,0,0,0,0
25-08 03:00,27.6,0.0,0.0,27.600000381469727,0.0,0,0,0,0
25-08 04:00,26.6,0.0,0.0,26.600000381469727,0.0,0,0,0,0
25-08 05:00,32.0,0.0,0.0,32.0,0.0,0,0,0,0
25-08 06:00,20.7,0.0,0.0,20.700000762939453,0.0,0,0,0,0
25-08 07:00,22.0,0.0,0.0,22.0,0.0,0,0,0,0
25-08 08:00,16.5,0.0,0.0,16.5,0.0,0,0,0,0
25-08 09:00,6.6,0.0,0.0,6.599999904632568,0.0,0,0,0,0
25-08 10:00,7.3,0.0,0.0,6.099999904632568,1.2000000476837158,0,0,0,0
25-08 11:00,15.7,0.0,0.0,6.0,9.699999809265137,0,0,0,0
25-08 12:00,18.2,0.0,0.0,5.300000190734863,12.899999618530273,0,0,0,0
25-08 13:00,16.8,0.0,0.0,5.400000095367432,11.399999618530273,0,0,0,0
25-08 14:00,7.1,0.0,0.0,4.900000095367432,2.200000047683716,0,0,0,0
25-08 15:00,7.1,0.0,0.0,4.900000095367432,2.200000047683716,0,0,0,0
25-08 16:00,6.7,0.0,0.0,4.300000190734863,2.4000000953674316,0,0,0,0
25-08 17:00,7.3,0.0,0.0,3.9000000953674316,3.4000000953674316,0,0,0,0
25-08 18:00,6.7,0.0,0.0,3.299999952316284,3.4000000953674316,0,0,0,0
25-08 19:00,4.6,0.0,0.0,3.4000000953674316,1.2000000476837158,0,0,0,0
25-08 20:00,3.4,0.0,0.0,3.4000000953674316,0.0,0,0,0,0
25-08 21:00,3.5,0.0,0.0,3.5,0.0,0,0,0,0
25-08 22:00,3.3,0.0,0.0,3.299999952316284,0.0,0,0,0,0
25-08 23:00,3.7,0.0,0.0,3.700000047683716,0.0,0,0,0,0
26-08 00:00,0.0,0.0,0.0,0.0,0.0,0,0,0,0
26-08 01:00,0.0,0.0,0.0,0.0,0.0,0,0,0,0
26-08 02:00,0.0,0.0,0.0,0.0,0.0,0,0,0,0
26-08 03:00,0.0,0.0,0.0,0.0,0.0,0,0,0,0
26-08 04:00,0.0,0.0,0.0,0.0,0.0,0,0,0,0
26-08 05:00,0.0,0.0,0.0,0.0,0.0,0,0,0,0
26-08 06:00,0.0,0.0,0.0,0.0,0.0,0,0,0,0
26-08 07:00,0.0,0.0,0.0,0.0,0.0,0,0,0,0
26-08 08:00,0.0,0.0,0.0,0.0,0.0,0,0,0,0
26-08 09:00,0.0,0.0,0.0,0.0,0.0,0,0,0,0
26-08 10:00,1.1,0.0,0.0,0.0,1.2000000476837158,0,0,0,0
26-08 11:00,5.2,0.0,0.0,0.0,5.199999809265137,0,0,0,0
26-08 12:00,7.7,0.0,0.0,0.0,7.699999809265137,0,0,0,0
26-08 13:00,6.8,0.0,0.0,0.0,6.800000190734863,0,0,0,0
26-08 14:00,1.1,0.0,0.0,0.0,1.100000023841858,0,0,0,0
26-08 15:00,1.1,0.0,0.0,0.0,1.100000023841858,0,0,0,0
26-08 16:00,1.1,0.0,0.0,0.0,1.100000023841858,0,0,0,0
26-08 17:00,2.2,0.0,0.0,0.0,2.200000047683716,0,0,0,0
26-08 18:00,2.3,0.0,0.0,0.0,2.299999952316284,0,0,0,0
26-08 19:00,1.2,0.0,0.0,0.0,1.2000000476837158,0,0,0,0
26-08 20:00,0.0,0.0,0.0,0.0,0.0,0,0,0,0
26-08 21:00,0.0,0.0,0.0,0.0,0.0,0,0,0,0
26-08 22:00,0.0,0.0,0.0,0.0,0.0,0,0,0,0
26-08 23:00,0.0,0.0,0.0,0.0,0.0,0,0,0,0
27-08 00:00,0.0,0.0,0.0,0.0,0.0,0,0,0,0
27-08 01:00,0.0,0.0,0.0,0.0,0.0,0,0,0,0
27-08 02:00,0.0,0.0,0.0,0.0,0.0,0,0,0,0
27-08 03:00,0.0,0.0,0.0,0.0,0.0,0,0,0,0
27-08 04:00,0.0,0.0,0.0,0.0,0.0,0,0,0,0
27-08 05:00,0.0,0.0,0.0,0.0,0.0,0,0,0,0
27-08 06:00,0.0,0.0,0.0,0.0,0.0,0,0,0,0
27-08 07:00,0.0,0.0,0.0,0.0,0.0,0,0,0,0
27-08 08:00,0.0,0.0,0.0,0.0,0.0,0,0,0,0
27-08 09:00,2.2,0.0,0.0,0.0,2.200000047683716,0,0,0,0
27-08 10:00,9.9,0.0,0.0,0.0,9.899999618530273,0,0,0,0
27-08 11:00,68.7,0.0,0.0,0.0,68.69999694824219,0,0,0,0
27-08 12:00,110.3,0.0,0.0,0.0,110.30000305175781,0,0,0,0
27-08 13:00,87.6,0.0,0.0,0.0,87.5999984741211,0,0,0,0
27-08 14:00,21.6,0.0,0.0,0.0,21.600000381469727,0,0,0,0
27-08 15:00,19.2,0.0,0.0,0.0,19.200000762939453,0,0,0,0
27-08 16:00,21.8,0.0,0.0,0.0,21.799999237060547,0,0,0,0
27-08 17:00,31.0,0.0,0.0,0.0,31.0,0,0,0,0
27-08 18:00,26.7,0.0,0.0,0.0,26.700000762939453,0,0,0,0
27-08 19:00,10.6,0.0,0.0,0.0,10.600000381469727,0,0,0,0
27-08 20:00,3.5,0.0,0.0,0.0,3.5,0,0,0,0
27-08 21:00,0.0,0.0,0.0,0.0,0.0,0,0,0,0
27-08 22:00,0.0,0.0,0.0,0.0,0.0,0,0,0,0
27-08 23:00,0.0,0.0,0.0,0.0,0.0,0,0,0,0
28-08 00:00,2.3,0.0,0.0,2.299999952316284,0.0,0,0,0,0
28-08 01:00,2.3,0.0,0.0,2.299999952316284,0.0,0,0,0,0
28-08 02:00,10.4,0.0,0.0,10.399999618530273,0.0,0,0,0,0
28-08 03:00,11.0,0.0,0.0,11.0,0.0,0,0,0,0
28-08 04:00,21.1,0.0,0.0,21.200000762939453,0.0,0,0,0,0
28-08 05:00,24.3,0.0,0.0,24.299999237060547,0.0,0,0,0,0
28-08 06:00,18.9,0.0,0.0,18.899999618530273,0.0,0,0,0,0
28-08 07:00,12.6,0.0,0.0,12.600000381469727,0.0,0,0,0,0
28-08 08:00,14.6,0.0,0.0,14.600000381469727,0.0,0,0,0,0
28-08 09:00,15.8,0.0,0.0,13.5,2.4000000953674316,0,0,0,0
28-08 10:00,22.1,0.0,0.0,11.5,10.600000381469727,0,0,0,0
28-08 11:00,86.0,0.0,0.0,10.5,75.5,0,0,0,0
28-08 12:00,118.5,0.0,0.0,9.199999809265137,109.30000305175781,0,0,0,0
28-08 13:00,104.2,0.0,0.0,9.0,95.19999694824219,0,0,0,0
28-08 14:00,32.3,0.0,0.0,8.600000381469727,23.700000762939453,0,0,0,0
28-08 15:00,29.3,0.0,0.0,7.599999904632568,21.700000762939453,0,0,0,0
28-08 16:00,28.1,0.0,0.0,5.300000190734863,22.799999237060547,0,0,0,0
28-08 17:00,32.9,0.0,0.0,3.700000047683716,29.200000762939453,0,0,0,0
28-08 18:00,27.0,0.0,0.0,2.9000000953674316,24.100000381469727,0,0,0,0
28-08 19:00,12.4,0.0,0.0,2.9000000953674316,9.5,0,0,0,0
28-08 20:00,6.4,0.0,0.0,2.9000000953674316,3.5,0,0,0,0
28-08 21:00,19.8,0.0,0.0,19.799999237060547,0.0,0,0,0,0
28-08 22:00,29.0,0.0,0.0,29.0,0.0,0,0,0,0
28-08 23:00,33.6,0.0,0.0,33.599998474121094,0.0,0,0,0,0
29-08 00:00,37.5,0.0,0.0,37.5,0.0,0,0,0,0
29-08 01:00,44.6,0.0,0.0,44.599998474121094,0.0,0,0,0,0
29-08 02:00,44.5,0.0,0.0,44.5,0.0,0,0,0,0
29-08 03:00,48.5,0.0,0.0,48.5,0.0,0,0,0,0
29-08 04:00,59.8,0.0,0.0,59.79999923706055,0.0,0,0,0,0
29-08 05:00,63.4,0.0,0.0,63.400001525878906,0.0,0,0,0,0
29-08 06:00,56.2,0.0,0.0,56.20000076293945,0.0,0,0,0,0
29-08 07:00,35.6,0.0,0.0,35.599998474121094,0.0,0,0,0,0
29-08 08:00,33.4,0.0,0.0,33.400001525878906,0.0,0,0,0,0
29-08 09:00,30.3,0.0,0.0,28.100000381469727,2.200000047683716,0,0,0,0
29-08 10:00,34.7,0.0,0.0,24.600000381469727,10.100000381469727,0,0,0,0
29-08 11:00,105.0,0.0,0.0,25.0,80.0,0,0,0,0
29-08 12:00,139.6,0.0,0.0,22.200000762939453,117.4000015258789,0,0,0,0
29-08 13:00,113.4,0.0,0.0,19.899999618530273,93.5,0,0,0,0
29-08 14:00,42.7,0.0,0.0,19.200000762939453,23.5,0,0,0,0
29-08 15:00,33.0,0.0,0.0,14.5,18.5,0,0,0,0
29-08 16:00,35.4,0.0,0.0,12.100000381469727,23.299999237060547,0,0,0,0
29-08 17:00,37.8,0.0,0.0,8.300000190734863,29.600000381469727,0,0,0,0
29-08 18:00,33.0,0.0,0.0,7.0,26.0,0,0,0,0
29-08 19:00,17.7,0.0,0.0,7.199999809265137,10.5,0,0,0,0
29-08 20:00,9.1,0.0,0.0,5.900000095367432,3.200000047683716,0,0,0,0
29-08 21:00,6.3,0.0,0.0,6.300000190734863,0.0,0,0,0,0
29-08 22:00,6.5,0.0,0.0,6.5,0.0,0,0,0,0
29-08 23:00,5.6,0.0,0.0,5.599999904632568,0.0,0,0,0,0
30-08 00:00,10.4,0.0,0.0,10.399999618530273,0.0,0,0,0,0
30-08 01:00,19.9,0.0,0.0,19.899999618530273,0.0,0,0,0,0
30-08 02:00,26.5,0.0,0.0,26.5,0.0,0,0,0,0
30-08 03:00,26.3,0.0,0.0,26.299999237060547,0.0,0,0,0,0
30-08 04:00,26.4,0.0,0.0,26.399999618530273,0.0,0,0,0,0
30-08 05:00,32.5,0.0,0.0,32.5,0.0,0,0,0,0
30-08 06:00,25.3,0.0,0.0,25.299999237060547,0.0,0,0,0,0
30-08 07:00,13.7,0.0,0.0,13.699999809265137,0.0,0,0,0,0
30-08 08:00,14.9,0.0,0.0,14.899999618530273,0.0,0,0,0,0
30-08 09:00,16.1,0.0,0.0,13.800000190734863,2.299999952316284,0,0,0,0
30-08 10:00,22.3,0.0,0.0,12.0,10.399999618530273,0,0,0,0
30-08 11:00,85.1,0.0,0.0,10.899999618530273,74.19999694824219,0,0,0,0
30-08 12:00,125.6,0.0,0.0,10.300000190734863,115.30000305175781,0,0,0,0
30-08 13:00,91.7,0.0,0.0,8.399999618530273,83.30000305175781,0,0,0,0
30-08 14:00,32.6,0.0,0.0,9.100000381469727,23.5,0,0,0,0
30-08 15:00,28.7,0.0,0.0,7.699999809265137,21.0,0,0,0,0
30-08 16:00,29.3,0.0,0.0,5.800000190734863,23.5,0,0,0,0
30-08 17:00,31.1,0.0,0.0,3.5999999046325684,27.399999618530273,0,0,0,0
30-08 18:00,28.7,0.0,0.0,3.200000047683716,25.5,0,0,0,0
30-08 19:00,13.4,0.0,0.0,3.299999952316284,10.100000381469727,0,0,0,0
30-08 20:00,6.4,0.0,0.0,3.0,3.4000000953674316,0,0,0,0
30-08 21:00,3.1,0.0,0.0,3.0999999046325684,0.0,0,0,0,0
30-08 22:00,3.0,0.0,0.0,3.0,0.0,0,0,0,0
30-08 23:00,2.7,0.0,0.0,2.700000047683716,0.0,0,0,0,0
31-08 00:00,0.0,0.0,0.0,0.0,0.0,0,0,0,0
31-08 01:00,0.0,0.0,0.0,0.0,0.0,0,0,0,0
31-08 02:00,0.0,0.0,0.0,0.0,0.0,0,0,0,0
31-08 03:00,0.0,0.0,0.0,0.0,0.0,0,0,0,0
31-08 04:00,0.0,0.0,0.0,0.0,0.0,0,0,0,0
31-08 05:00,0.0,0.0,0.0,0.0,0.0,0,0,0,0
31-08 06:00,0.0,0.0,0.0,0.0,0.0,0,0,0,0
31-08 07:00,0.0,0.0,0.0,0.0,0.0,0,0,0,0
31-08 08:00,0.0,0.0,0.0,0.0,0.0,0,0,0,0
31-08 09:00,2.2,0.0,0.0,0.0,2.200000047683716,0,0,0,0
31-08 10:00,10.3,0.0,0.0,0.0,10.300000190734863,0,0,0,0
31-08 11:00,77.3,0.0,0.0,0.0,77.30000305175781,0,0,0,0
31-08 12:00,123.5,0.0,0.0,0.0,123.5,0,0,0,0
31-08 13:00,90.0,0.0,0.0,0.0,90.0,0,0,0,0
31-08 14:00,23.5,0.0,0.0,0.0,23.600000381469727,0,0,0,0
31-08 15:00,20.2,0.0,0.0,0.0,20.200000762939453,0,0,0,0
31-08 16:00,23.5,0.0,0.0,0.0,23.600000381469727,0,0,0,0
31-08 17:00,30.2,0.0,0.0,0.0,30.200000762939453,0,0,0,0
31-08 18:00,25.2,0.0,0.0,0.0,25.200000762939453,0,0,0,0
31-08 19:00,10.5,0.0,0.0,0.0,10.5,0,0,0,0
31-08 20:00,3.5,0.0,0.0,0.0,3.5,0,0,0,0
31-08 21:00,0.0,0.0,0.0,0.0,0.0,0,0,0,0
31-08 22:00,0.0,0.0,0.0,0.0,0.0,0,0,0,0
31-08 23:00,0.0,0.0,0.0,0.0,0.0,0,0,0,0
01-09 00:00,0.0,0.0,0.0,0.0,0.0,0,0,0,0
01-09 01:00,0.0,0.0,0.0,0.0,0.0,0,0,0,0
01-09 02:00,0.0,0.0,0.0,0.0,0.0,0,0,0,0
01-09 03:00,0.0,0.0,0.0,0.0,0.0,0,0,0,0
01-09 04:00,0.0,0.0,0.0,0.0,0.0,0,0,0,0
01-09 05:00,0.0,0.0,0.0,0.0,0.0,0,0,0,0
01-09 06:00,0.0,0.0,0.0,0.0,0.0,0,0,0,0
01-09 07:00,0.0,0.0,0.0,0.0,0.0,0,0,0,0
01-09 08:00,0.0,0.0,0.0,0.0,0.0,0,0,0,0
01-09 09:00,0.0,0.0,0.0,0.0,0.0,0,0,0,0
01-09 10:00,1.1,0.0,0.0,0.0,1.100000023841858,0,0,0,0
01-09 11:00,9.6,0.0,0.0,0.0,9.600000381469727,0,0,0,0
01-09 12:00,13.9,0.0,0.0,0.0,13.899999618530273,0,0,0,0
01-09 13:00,11.9,0.0,0.0,0.0,11.899999618530273,0,0,0,0
01-09 14:00,2.3,0.0,0.0,0.0,2.299999952316284,0,0,0,0
01-09 15:00,2.2,0.0,0.0,0.0,2.200000047683716,0,0,0,0
01-09 16:00,2.3,0.0,0.0,0.0,2.299999952316284,0,0,0,0
01-09 17:00,3.1,0.0,0.0,0.0,3.0999999046325684,0,0,0,0
01-09 18:00,3.4,0.0,0.0,0.0,3.4000000953674316,0,0,0,0
01-09 19:00,1.2,0.0,0.0,0.0,1.2000000476837158,0,0,0,0
01-09 20:00,0.0,0.0,0.0,0.0,0.0,0,0,0,0
01-09 21:00,0.0,0.0,0.0,0.0,0.0,0,0,0,0
01-09 22:00,0.0,0.0,0.0,0.0,0.0,0,0,0,0
01-09 23:00,0.0,0.0,0.0,0.0,0.0,0,0,0,0
02-09 00:00,1.0,0.0,0.0,1.0,0.0,0,0,0,0
02-09 01:00,1.1,0.0,0.0,1.100000023841858,0.0,0,0,0,0
02-09 02:00,1.0,0.0,0.0,1.0,0.0,0,0,0,0
02-09 03:00,1.1,0.0,0.0,1.100000023841858,0.0,0,0,0,0
02-09 04:00,1.2,0.0,0.0,1.2000000476837158,0.0,0,0,0,0
02-09 05:00,9.4,0.0,0.0,9.399999618530273,0.0,0,0,0,0
02-09 06:00,9.4,0.0,0.0,9.399999618530273,0.0,0,0,0,0
02-09 07:00,1.3,0.0,0.0,1.2999999523162842,0.0,0,0,0,0
02-09 08:00,1.5,0.0,0.0,1.5,0.0,0,0,0,0
02-09 09:00,1.3,0.0,0.0,1.2999999523162842,0.0,0,0,0,0
02-09 10:00,2.5,0.0,0.0,1.2999999523162842,1.2000000476837158,0,0,0,0
02-09 11:00,7.4,0.0,0.0,1.2999999523162842,6.099999904632568,0,0,0,0
02-09 12:00,9.5,0.0,0.0,1.2999999523162842,8.199999809265137,0,0,0,0
02-09 13:00,8.2,0.0,0.0,1.2000000476837158,7.0,0,0,0,0
02-09 14:00,2.5,0.0,0.0,1.2999999523162842,1.2000000476837158,0,0,0,0
02-09 15:00,2.3,0.0,0.0,1.2000000476837158,1.100000023841858,0,0,0,0
02-09 16:00,2.2,0.0,0.0,1.100000023841858,1.100000023841858,0,0,0,0
02-09 17:00,3.2,0.0,0.0,1.0,2.200000047683716,0,0,0,0
02-09 18:00,3.3,0.0,0.0,1.0,2.299999952316284,0,0,0,0
02-09 19:00,2.2,0.0,0.0,1.0,1.2000000476837158,0,0,0,0
02-09 20:00,1.0,0.0,0.0,1.0,0.0,0,0,0,0
02-09 21:00,8.9,0.0,0.0,8.899999618530273,0.0,0,0,0,0
02-09 22:00,9.4,0.0,0.0,9.399999618530273,0.0,0,0,0,0
02-09 23:00,26.6,0.0,0.0,26.600000381469727,0.0,0,0,0,0
03-09 00:00,37.7,0.0,0.0,37.599998474121094,0.0,0,0,0,0
03-09 01:00,44.1,0.0,0.0,44.099998474121094,0.0,0,0,0,0
03-09 02:00,55.4,0.0,0.0,55.400001525878906,0.0,0,0,0,0
03-09 03:00,52.2,0.0,0.0,52.20000076293945,0.0,0,0,0,0
03-09 04:00,67.8,0.0,0.0,67.80000305175781,0.0,0,0,0,0
03-09 05:00,78.6,0.0,0.0,78.5999984741211,0.0,0,0,0,0
03-09 06:00,55.4,0.0,0.0,55.400001525878906,0.0,0,0,0,0
03-09 07:00,45.7,0.0,0.0,45.70000076293945,0.0,0,0,0,0
03-09 08:00,38.6,0.0,0.0,38.599998474121094,0.0,0,0,0,0
03-09 09:00,35.7,0.0,0.0,33.5,2.200000047683716,0,0,0,0
03-09 10:00,37.6,0.0,0.0,27.799999237060547,9.800000190734863,0,0,0,0
03-09 11:00,104.7,0.0,0.0,27.799999237060547,76.9000015258789,0,0,0,0
03-09 12:00,145.5,0.0,0.0,26.100000381469727,119.4000015258789,0,0,0,0
03-09 13:00,108.0,0.0,0.0,21.399999618530273,86.5999984741211,0,0,0,0
03-09 14:00,46.5,0.0,0.0,22.600000381469727,23.899999618530273,0,0,0,0
03-09 15:00,42.5,0.0,0.0,20.200000762939453,22.299999237060547,0,0,0,0
03-09 16:00,38.0,0.0,0.0,14.300000190734863,23.700000762939453,0,0,0,0
03-09 17:00,40.7,0.0,0.0,10.0,30.700000762939453,0,0,0,0
03-09 18:00,33.3,0.0,0.0,7.900000095367432,25.399999618530273,0,0,0,0
03-09 19:00,17.8,0.0,0.0,7.900000095367432,9.899999618530273,0,0,0,0
03-09 20:00,10.5,0.0,0.0,7.199999809265137,3.299999952316284,0,0,0,0
03-09 21:00,7.7,0.0,0.0,7.599999904632568,0.0,0,0,0,0
03-09 22:00,16.3,0.0,0.0,16.299999237060547,0.0,0,0,0,0
03-09 23:00,14.2,0.0,0.0,14.199999809265137,0.0,0,0,0,0
04-09 00:00,0.8,0.0,0.0,0.800000011920929,0.0,0,0,0,0
04-09 01:00,0.7,0.0,0.0,0.699999988079071,0.0,0,0,0,0
04-09 02:00,8.7,0.0,0.0,8.699999809265137,0.0,0,0,0,0
04-09 03:00,9.0,0.0,0.0,9.0,0.0,0,0,0,0
04-09 04:00,8.8,0.0,0.0,8.800000190734863,0.0,0,0,0,0
04-09 05:00,10.3,0.0,0.0,10.300000190734863,0.0,0,0,0,0
04-09 06:00,11.2,0.0,0.0,11.199999809265137,0.0,0,0,0,0
04-09 07:00,4.2,0.0,0.0,4.199999809265137,0.0,0,0,0,0
04-09 08:00,4.6,0.0,0.0,4.599999904632568,0.0,0,0,0,0
04-09 09:00,6.5,0.0,0.0,4.199999809265137,2.299999952316284,0,0,0,0
04-09 10:00,13.9,0.0,0.0,3.5,10.399999618530273,0,0,0,0
04-09 11:00,81.1,0.0,0.0,3.299999952316284,77.80000305175781,0,0,0,0
04-09 12:00,120.3,0.0,0.0,3.0,117.30000305175781,0,0,0,0
04-09 13:00,106.7,0.0,0.0,3.0,103.69999694824219,0,0,0,0
04-09 14:00,26.1,0.0,0.0,2.5999999046325684,23.5,0,0,0,0
04-09 15:00,22.9,0.0,0.0,2.200000047683716,20.700000762939453,0,0,0,0
04-09 16:00,24.9,0.0,0.0,1.7000000476837158,23.200000762939453,0,0,0,0
04-09 17:00,32.2,0.0,0.0,1.2000000476837158,31.0,0,0,0,0
04-09 18:00,26.6,0.0,0.0,1.0,25.700000762939453,0,0,0,0
04-09 19:00,11.7,0.0,0.0,1.0,10.699999809265137,0,0,0,0
04-09 20:00,4.4,0.0,0.0,0.8999999761581421,3.4000000953674316,0,0,0,0
04-09 21:00,0.9,0.0,0.0,0.8999999761581421,0.0,0,0,0,0
04-09 22:00,0.9,0.0,0.0,0.8999999761581421,0.0,0,0,0,0
04-09 23:00,0.8,0.0,0.0,0.800000011920929,0.0,0,0,0,0
05-09 00:00,0.2,0.0,0.0,0.20000000298023224,0.0,0,0,0,0
05-09 01:00,0.2,0.0,0.0,0.20000000298023224,0.0,0,0,0,0
05-09 02:00,0.2,0.0,0.0,0.20000000298023224,0.0,0,0,0,0
05-09 03:00,0.2,0.0,0.0,0.20000000298023224,0.0,0,0,0,0
05-09 04:00,0.3,0.0,0.0,0.30000001192092896,0.0,0,0,0,0
05-09 05:00,0.5,0.0,0.0,0.5,0.0,0,0,0,0
05-09 06:00,0.6,0.0,0.0,0.6000000238418579,0.0,0,0,0,0
05-09 07:00,0.8,0.0,0.0,0.800000011920929,0.0,0,0,0,0
05-09 08:00,0.9,0.0,0.0,0.8999999761581421,0.0,0,0,0,0
05-09 09:00,3.4,0.0,0.0,0.8999999761581421,2.5,0,0,0,0
05-09 10:00,11.4,0.0,0.0,0.699999988079071,10.699999809265137,0,0,0,0
05-09 11:00,75.5,0.0,0.0,0.6000000238418579,74.9000015258789,0,0,0,0
05-09 12:00,112.3,0.0,0.0,0.6000000238418579,111.69999694824219,0,0,0,0
05-09 13:00,95.1,0.0,0.0,0.6000000238418579,94.5,0,0,0,0
05-09 14:00,23.3,0.0,0.0,0.5,22.799999237060547,0,0,0,0
05-09 15:00,23.3,0.0,0.0,0.5,22.799999237060547,0,0,0,0
05-09 16:00,22.9,0.0,0.0,0.30000001192092896,22.600000381469727,0,0,0,0
05-09 17:00,32.2,0.0,0.0,0.20000000298023224,32.0,0,0,0,0
05-09 18:00,24.3,0.0,0.0,0.20000000298023224,24.100000381469727,0,0,0,0
05-09 19:00,11.0,0.0,0.0,0.20000000298023224,10.800000190734863,0,0,0,0
05-09 20:00,3.7,0.0,0.0,0.20000000298023224,3.5,0,0,0,0
05-09 21:00,0.2,0.0,0.0,0.20000000298023224,0.0,0,0,0,0
05-09 22:00,0.2,0.0,0.0,0.20000000298023224,0.0,0,0,0,0
05-09 23:00,8.9,0.0,0.0,8.899999618530273,0.0,0,0,0,0
06-09 00:00,24.3,0.0,0.0,24.299999237060547,0.0,0,0,0,0
06-09 01:00,40.5,0.0,0.0,40.5,0.0,0,0,0,0
06-09 02:00,49.5,0.0,0.0,49.5,0.0,0,0,0,0
06-09 03:00,60.2,0.0,0.0,60.20000076293945,0.0,0,0,0,0
06-09 04:00,71.1,0.0,0.0,71.0999984741211,0.0,0,0,0,0
06-09 05:00,80.0,0.0,0.0,80.0,0.0,0,0,0,0
06-09 06:00,78.9,0.0,0.0,78.9000015258789,0.0,0,0,0,0
06-09 07:00,74.8,0.0,0.0,74.80000305175781,0.0,0,0,0,0
06-09 08:00,68.0,0.0,0.0,68.0,0.0,0,0,0,0
06-09 09:00,46.8,0.0,0.0,44.599998474121094,2.200000047683716,0,0,0,0
06-09 10:00,50.4,0.0,0.0,39.79999923706055,10.600000381469727,0,0,0,0
06-09 11:00,105.4,0.0,0.0,34.20000076293945,71.19999694824219,0,0,0,0
06-09 12:00,160.8,0.0,0.0,36.20000076293945,124.5999984741211,0,0,0,0
06-09 13:00,130.6,0.0,0.0,32.20000076293945,98.4000015258789,0,0,0,0
06-09 14:00,55.7,0.0,0.0,31.0,24.700000762939453,0,0,0,0
06-09 15:00,47.1,0.0,0.0,25.700000762939453,21.399999618530273,0,0,0,0
06-09 16:00,41.1,0.0,0.0,18.299999237060547,22.799999237060547,0,0,0,0
06-09 17:00,43.3,0.0,0.0,13.100000381469727,30.200000762939453,0,0,0,0
06-09 18:00,36.8,0.0,0.0,10.800000190734863,26.0,0,0,0,0
06-09 19:00,21.4,0.0,0.0,11.0,10.399999618530273,0,0,0,0
06-09 20:00,28.3,0.0,0.0,25.0,3.299999952316284,0,0,0,0
06-09 21:00,35.7,0.0,0.0,35.70000076293945,0.0,0,0,0,0
06-09 22:00,33.7,0.0,0.0,33.70000076293945,0.0,0,0,0,0
06-09 23:00,48.6,0.0,0.0,48.599998474121094,0.0,0,0,0,0
07-09 00:00,66.8,0.0,0.0,66.80000305175781,0.0,0,0,0,0
07-09 01:00,66.8,0.0,0.0,66.80000305175781,0.0,0,0,0,0
07-09 02:00,75.5,0.0,0.0,75.5,0.0,0,0,0,0
07-09 03:00,87.7,0.0,0.0,87.5999984741211,0.0,0,0,0,0
07-09 04:00,84.0,0.0,0.0,84.0,0.0,0,0,0,0
07-09 05:00,101.0,0.0,0.0,101.0,0.0,0,0,0,0
07-09 06:00,103.9,0.0,0.0,103.9000015258789,0.0,0,0,0,0
07-09 07:00,70.7,0.0,0.0,70.69999694824219,0.0,0,0,0,0
07-09 08:00,72.8,0.0,0.0,72.80000305175781,0.0,0,0,0,0
07-09 09:00,58.2,0.0,0.0,56.0,2.200000047683716,0,0,0,0
07-09 10:00,50.4,0.0,0.0,40.599998474121094,9.800000190734863,0,0,0,0
07-09 11:00,121.8,0.0,0.0,42.20000076293945,79.5999984741211,0,0,0,0
07-09 12:00,160.2,0.0,0.0,38.900001525878906,121.30000305175781,0,0,0,0
07-09 13:00,123.9,0.0,0.0,32.900001525878906,91.0,0,0,0,0
07-09 14:00,55.7,0.0,0.0,32.400001525878906,23.299999237060547,0,0,0,0
07-09 15:00,48.5,0.0,0.0,27.700000762939453,20.799999237060547,0,0,0,0
07-09 16:00,45.3,0.0,0.0,21.299999237060547,24.0,0,0,0,0
07-09 17:00,45.2,0.0,0.0,14.600000381469727,30.600000381469727,0,0,0,0
07-09 18:00,36.0,0.0,0.0,11.300000190734863,24.700000762939453,0,0,0,0
07-09 19:00,21.9,0.0,0.0,11.800000190734863,10.100000381469727,0,0,0,0
07-09 20:00,14.3,0.0,0.0,10.800000190734863,3.4000000953674316,0,0,0,0
07-09 21:00,11.2,0.0,0.0,11.199999809265137,0.0,0,0,0,0
07-09 22:00,10.7,0.0,0.0,10.699999809265137,0.0,0,0,0,0
07-09 23:00,17.6,0.0,0.0,17.600000381469727,0.0,0,0,0,0
08-09 00:00,18.9,0.0,0.0,18.899999618530273,0.0,0,0,0,0
08-09 01:00,19.9,0.0,0.0,19.799999237060547,0.0,0,0,0,0
08-09 02:00,27.6,0.0,0.0,27.600000381469727,0.0,0,0,0,0
08-09 03:00,29.8,0.0,0.0,29.799999237060547,0.0,0,0,0,0
08-09 04:00,43.7,0.0,0.0,43.70000076293945,0.0,0,0,0,0
08-09 05:00,39.4,0.0,0.0,39.400001525878906,0.0,0,0,0,0
08-09 06:00,28.5,0.0,0.0,28.5,0.0,0,0,0,0
08-09 07:00,21.4,0.0,0.0,21.399999618530273,0.0,0,0,0,0
08-09 08:00,8.5,0.0,0.0,8.5,0.0,0,0,0,0
08-09 09:00,6.7,0.0,0.0,6.699999809265137,0.0,0,0,0,0
08-09 10:00,6.8,0.0,0.0,5.599999904632568,1.100000023841858,0,0,0,0
08-09 11:00,15.0,0.0,0.0,5.800000190734863,9.199999809265137,0,0,0,0
08-09 12:00,19.5,0.0,0.0,5.800000190734863,13.699999809265137,0,0,0,0
08-09 13:00,17.4,0.0,0.0,5.699999809265137,11.699999809265137,0,0,0,0
08-09 14:00,7.7,0.0,0.0,5.400000095367432,2.299999952316284,0,0,0,0
08-09 15:00,7.2,0.0,0.0,5.0,2.200000047683716,0,0,0,0
08-09 16:00,6.4,0.0,0.0,4.199999809265137,2.200000047683716,0,0,0,0
08-09 17:00,7.1,0.0,0.0,3.799999952316284,3.299999952316284,0,0,0,0
08-09 18:00,7.1,0.0,0.0,3.5,3.5999999046325684,0,0,0,0
08-09 19:00,4.7,0.0,0.0,3.5999999046325684,1.2000000476837158,0,0,0,0
08-09 20:00,3.6,0.0,0.0,3.5999999046325684,0.0,0,0,0,0
08-09 21:00,3.7,0.0,0.0,3.700000047683716,0.0,0,0,0,0
08-09 22:00,3.6,0.0,0.0,3.5999999046325684,0.0,0,0,0,0
08-09 23:00,3.9,0.0,0.0,3.9000000953674316,0.0,0,0,0,0
09-09 00:00,14.1,0.0,0.0,14.199999809265137,0.0,0,0,0,0
09-09 01:00,12.9,0.0,0.0,12.899999618530273,0.0,0,0,0,0
09-09 02:00,13.1,0.0,0.0,13.100000381469727,0.0,0,0,0,0
09-09 03:00,20.3,0.0,0.0,20.299999237060547,0.0,0,0,0,0
09-09 04:00,22.2,0.0,0.0,22.200000762939453,0.0,0,0,0,0
09-09 05:00,24.2,0.0,0.0,24.200000762939453,0.0,0,0,0,0
09-09 06:00,22.1,0.0,0.0,22.200000762939453,0.0,0,0,0,0
09-09 07:00,22.9,0.0,0.0,22.899999618530273,0.0,0,0,0,0
09-09 08:00,25.6,0.0,0.0,25.600000381469727,0.0,0,0,0,0
09-09 09:00,14.8,0.0,0.0,14.800000190734863,0.0,0,0,0,0
09-09 10:00,16.7,0.0,0.0,15.5,1.2000000476837158,0,0,0,0
09-09 11:00,21.2,0.0,0.0,15.199999809265137,6.0,0,0,0,0
09-09 12:00,23.1,0.0,0.0,14.899999618530273,8.199999809265137,0,0,0,0
09-09 13:00,23.1,0.0,0.0,15.600000381469727,7.5,0,0,0,0
09-09 14:00,16.0,0.0,0.0,14.800000190734863,1.2000000476837158,0,0,0,0
09-09 15:00,14.4,0.0,0.0,13.300000190734863,1.100000023841858,0,0,0,0
09-09 16:00,15.3,0.0,0.0,14.100000381469727,1.2000000476837158,0,0,0,0
09-09 17:00,16.7,0.0,0.0,14.300000190734863,2.4000000953674316,0,0,0,0
09-09 18:00,22.8,0.0,0.0,20.600000381469727,2.200000047683716,0,0,0,0
09-09 19:00,22.9,0.0,0.0,21.700000762939453,1.2000000476837158,0,0,0,0
09-09 20:00,20.6,0.0,0.0,20.600000381469727,0.0,0,0,0,0
09-09 21:00,20.6,0.0,0.0,20.600000381469727,0.0,0,0,0,0
09-09 22:00,21.5,0.0,0.0,21.5,0.0,0,0,0,0
09-09 23:00,29.9,0.0,0.0,29.899999618530273,0.0,0,0,0,0
10-09 00:00,26.9,0.0,0.0,26.799999237060547,0.0,0,0,0,0
10-09 01:00,19.7,0.0,0.0,19.700000762939453,0.0,0,0,0,0
10-09 02:00,19.9,0.0,0.0,19.899999618530273,0.0,0,0,0,0
10-09 03:00,20.5,0.0,0.0,20.5,0.0,0,0,0,0
10-09 04:00,23.1,0.0,0.0,23.100000381469727,0.0,0,0,0,0
10-09 05:00,28.2,0.0,0.0,28.200000762939453,0.0,0,0,0,0
10-09 06:00,31.6,0.0,0.0,31.600000381469727,0.0,0,0,0,0
10-09 07:00,34.3,0.0,0.0,34.29999923706055,0.0,0,0,0,0
10-09 08:00,22.3,0.0,0.0,22.299999237060547,0.0,0,0,0,0
10-09 09:00,22.0,0.0,0.0,19.700000762939453,2.299999952316284,0,0,0,0
10-09 10:00,26.6,0.0,0.0,16.399999618530273,10.199999809265137,0,0,0,0
10-09 11:00,84.6,0.0,0.0,14.399999618530273,70.19999694824219,0,0,0,0
10-09 12:00,123.9,0.0,0.0,13.600000381469727,110.30000305175781,0,0,0,0
10-09 13:00,106.3,0.0,0.0,13.0,93.30000305175781,0,0,0,0
10-09 14:00,37.0,0.0,0.0,12.899999618530273,24.200000762939453,0,0,0,0
10-09 15:00,30.7,0.0,0.0,10.399999618530273,20.299999237060547,0,0,0,0
10-09 16:00,31.8,0.0,0.0,8.100000381469727,23.700000762939453,0,0,0,0
10-09 17:00,37.1,0.0,0.0,5.800000190734863,31.299999237060547,0,0,0,0
10-09 18:00,32.0,0.0,0.0,4.800000190734863,27.200000762939453,0,0,0,0
10-09 19:00,15.6,0.0,0.0,4.800000190734863,10.800000190734863,0,0,0,0
10-09 20:00,8.3,0.0,0.0,4.599999904632568,3.700000047683716,0,0,0,0
10-09 21:00,12.1,0.0,0.0,12.0,0.0,0,0,0,0
10-09 22:00,29.7,0.0,0.0,29.700000762939453,0.0,0,0,0,0
10-09 23:00,30.1,0.0,0.0,30.100000381469727,0.0,0,0,0,0
11-09 00:00,39.4,0.0,0.0,39.400001525878906,0.0,0,0,0,0
11-09 01:00,46.1,0.0,0.0,46.099998474121094,0.0,0,0,0,0
11-09 02:00,54.9,0.0,0.0,54.900001525878906,0.0,0,0,0,0
11-09 03:00,62.2,0.0,0.0,62.20000076293945,0.0,0,0,0,0
11-09 04:00,67.5,0.0,0.0,67.5,0.0,0,0,0,0
11-09 05:00,78.3,0.0,0.0,78.30000305175781,0.0,0,0,0,0
11-09 06:00,78.3,0.0,0.0,78.4000015258789,0.0,0,0,0,0
11-09 07:00,63.0,0.0,0.0,63.0,0.0,0,0,0,0
11-09 08:00,50.0,0.0,0.0,50.0,0.0,0,0,0,0
11-09 09:00,41.7,0.0,0.0,39.29999923706055,2.4000000953674316,0,0,0,0
11-09 10:00,42.5,0.0,0.0,32.0,10.5,0,0,0,0
11-09 11:00,103.1,0.0,0.0,29.0,74.0999984741211,0,0,0,0
11-09 12:00,140.9,0.0,0.0,27.0,114.0,0,0,0,0
11-09 13:00,120.8,0.0,0.0,25.5,95.4000015258789,0,0,0,0
11-09 14:00,49.0,0.0,0.0,24.799999237060547,24.200000762939453,0,0,0,0
11-09 15:00,42.3,0.0,0.0,20.899999618530273,21.399999618530273,0,0,0,0
11-09 16:00,37.7,0.0,0.0,14.899999618530273,22.799999237060547,0,0,0,0
11-09 17:00,43.3,0.0,0.0,11.300000190734863,32.0,0,0,0,0
11-09 18:00,37.2,0.0,0.0,9.399999618530273,27.799999237060547,0,0,0,0
11-09 19:00,18.3,0.0,0.0,8.5,9.800000190734863,0,0,0,0
11-09 20:00,12.7,0.0,0.0,9.0,3.799999952316284,0,0,0,0
11-09 21:00,8.7,0.0,0.0,8.699999809265137,0.0,0,0,0,0
11-09 22:00,8.5,0.0,0.0,8.5,0.0,0,0,0,0
11-09 23:00,6.8,0.0,0.0,6.800000190734863,0.0,0,0,0,0
12-09 00:00,0.6,0.0,0.0,0.6000000238418579,0.0,0,0,0,0
12-09 01:00,0.6,0.0,0.0,0.6000000238418579,0.0,0,0,0,0
12-09 02:00,8.3,0.0,0.0,8.300000190734863,0.0,0,0,0,0
12-09 03:00,8.5,0.0,0.0,8.5,0.0,0,0,0,0
12-09 04:00,9.6,0.0,0.0,9.600000381469727,0.0,0,0,0,0
12-09 05:00,10.0,0.0,0.0,10.0,0.0,0,0,0,0
12-09 06:00,2.5,0.0,0.0,2.5,0.0,0,0,0,0
12-09 07:00,3.2,0.0,0.0,3.200000047683716,0.0,0,0,0,0
12-09 08:00,3.6,0.0,0.0,3.5999999046325684,0.0,0,0,0,0
12-09 09:00,5.5,0.0,0.0,3.200000047683716,2.299999952316284,0,0,0,0
12-09 10:00,13.2,0.0,0.0,2.799999952316284,10.399999618530273,0,0,0,0
12-09 11:00,78.3,0.0,0.0,2.5999999046325684,75.69999694824219,0,0,0,0
12-09 12:00,112.9,0.0,0.0,2.299999952316284,110.5999984741211,0,0,0,0
12-09 13:00,97.7,0.0,0.0,2.200000047683716,95.5,0,0,0,0
12-09 14:00,25.1,0.0,0.0,2.0,23.100000381469727,0,0,0,0
12-09 15:00,22.6,0.0,0.0,1.7999999523162842,20.799999237060547,0,0,0,0
12-09 16:00,25.9,0.0,0.0,1.399999976158142,24.5,0,0,0,0
12-09 17:00,34.0,0.0,0.0,1.0,33.0,0,0,0,0
12-09 18:00,28.7,0.0,0.0,0.800000011920929,27.899999618530273,0,0,0,0
12-09 19:00,11.2,0.0,0.0,0.800000011920929,10.399999618530273,0,0,0,0
12-09 20:00,4.2,0.0,0.0,0.699999988079071,3.5,0,0,0,0
12-09 21:00,0.7,0.0,0.0,0.699999988079071,0.0,0,0,0,0
12-09 22:00,0.8,0.0,0.0,0.800000011920929,0.0,0,0,0,0
12-09 23:00,0.7,0.0,0.0,0.699999988079071,0.0,0,0,0,0
13-09 00:00,0.6,0.0,0.0,0.6000000238418579,0.0,0,0,0,0
13-09 01:00,0.6,0.0,0.0,0.6000000238418579,0.0,0,0,0,0
13-09 02:00,0.6,0.0,0.0,0.6000000238418579,0.0,0,0,0,0
13-09 03:00,0.8,0.0,0.0,0.800000011920929,0.0,0,0,0,0
13-09 04:00,1.2,0.0,0.0,1.2000000476837158,0.0,0,0,0,0
13-09 05:00,2.1,0.0,0.0,2.0999999046325684,0.0,0,0,0,0
13-09 06:00,2.5,0.0,0.0,2.5,0.0,0,0,0,0
13-09 07:00,3.2,0.0,0.0,3.200000047683716,0.0,0,0,0,0
13-09 08:00,3.5,0.0,0.0,3.5,0.0,0,0,0,0
13-09 09:00,5.6,0.0,0.0,3.299999952316284,2.299999952316284,0,0,0,0
13-09 10:00,14.3,0.0,0.0,3.0,11.300000190734863,0,0,0,0
13-09 11:00,76.8,0.0,0.0,2.5,74.30000305175781,0,0,0,0
13-09 12:00,120.2,0.0,0.0,2.4000000953674316,117.80000305175781,0,0,0,0
13-09 13:00,93.0,0.0,0.0,2.0999999046325684,90.9000015258789,0,0,0,0
13-09 14:00,26.1,0.0,0.0,2.0999999046325684,24.0,0,0,0,0
13-09 15:00,22.6,0.0,0.0,1.7999999523162842,20.799999237060547,0,0,0,0
13-09 16:00,24.2,0.0,0.0,1.2999999523162842,22.899999618530273,0,0,0,0
13-09 17:00,32.8,0.0,0.0,1.0,31.799999237060547,0,0,0,0
13-09 18:00,27.1,0.0,0.0,0.800000011920929,26.299999237060547,0,0,0,0
13-09 19:00,11.2,0.0,0.0,0.800000011920929,10.399999618530273,0,0,0,0
13-09 20:00,4.1,0.0,0.0,0.699999988079071,3.4000000953674316,0,0,0,0
13-09 21:00,8.6,0.0,0.0,8.600000381469727,0.0,0,0,0,0
13-09 22:00,8.8,0.0,0.0,8.800000190734863,0.0,0,0,0,0
13-09 23:00,16.0,0.0,0.0,16.0,0.0,0,0,0,0
14-09 00:00,41.1,0.0,0.0,41.099998474121094,0.0,0,0,0,0
14-09 01:00,42.3,0.0,0.0,42.29999923706055,0.0,0,0,0,0
14-09 02:00,41.2,0.0,0.0,41.20000076293945,0.0,0,0,0,0
14-09 03:00,64.0,0.0,0.0,64.0,0.0,0,0,0,0
14-09 04:00,58.5,0.0,0.0,58.599998474121094,0.0,0,0,0,0
14-09 05:00,67.5,0.0,0.0,67.5,0.0,0,0,0,0
14-09 06:00,84.5,0.0,0.0,84.5,0.0,0,0,0,0
14-09 07:00,78.6,0.0,0.0,78.5999984741211,0.0,0,0,0,0
14-09 08:00,57.7,0.0,0.0,57.70000076293945,0.0,0,0,0,0
14-09 09:00,50.2,0.0,0.0,47.79999923706055,2.4000000953674316,0,0,0,0
14-09 10:00,49.2,0.0,0.0,38.900001525878906,10.300000190734863,0,0,0,0
14-09 11:00,105.8,0.0,0.0,34.400001525878906,71.4000015258789,0,0,0,0
14-09 12:00,143.4,0.0,0.0,32.400001525878906,111.0,0,0,0,0
14-09 13:00,129.9,0.0,0.0,32.20000076293945,97.69999694824219,0,0,0,0
14-09 14:00,51.3,0.0,0.0,28.600000381469727,22.700000762939453,0,0,0,0
14-09 15:00,48.4,0.0,0.0,26.5,21.899999618530273,0,0,0,0
14-09 16:00,41.0,0.0,0.0,18.299999237060547,22.700000762939453,0,0,0,0
14-09 17:00,45.8,0.0,0.0,13.899999618530273,31.899999618530273,0,0,0,0
14-09 18:00,38.8,0.0,0.0,11.399999618530273,27.399999618530273,0,0,0,0
14-09 19:00,21.9,0.0,0.0,11.300000190734863,10.600000381469727,0,0,0,0
14-09 20:00,30.9,0.0,0.0,27.200000762939453,3.5999999046325684,0,0,0,0
14-09 21:00,41.8,0.0,0.0,41.79999923706055,0.0,0,0,0,0
14-09 22:00,59.4,0.0,0.0,59.400001525878906,0.0,0,0,0,0
14-09 23:00,56.7,0.0,0.0,56.599998474121094,0.0,0,0,0,0
15-09 00:00,65.7,0.0,0.0,65.69999694824219,0.0,0,0,0,0
15-09 01:00,67.6,0.0,0.0,67.5999984741211,0.0,0,0,0,0
15-09 02:00,56.4,0.0,0.0,56.400001525878906,0.0,0,0,0,0
15-09 03:00,59.7,0.0,0.0,59.70000076293945,0.0,0,0,0,0
15-09 04:00,77.5,0.0,0.0,77.5,0.0,0,0,0,0
15-09 05:00,62.6,0.0,0.0,62.599998474121094,0.0,0,0,0,0
15-09 06:00,61.7,0.0,0.0,61.70000076293945,0.0,0,0,0,0
15-09 07:00,48.1,0.0,0.0,48.099998474121094,0.0,0,0,0,0
15-09 08:00,26.1,0.0,0.0,26.100000381469727,0.0,0,0,0,0
15-09 09:00,15.3,0.0,0.0,15.300000190734863,0.0,0,0,0,0
15-09 10:00,13.9,0.0,0.0,12.800000190734863,1.100000023841858,0,0,0,0
15-09 11:00,22.4,0.0,0.0,12.899999618530273,9.5,0,0,0,0
15-09 12:00,26.5,0.0,0.0,12.600000381469727,13.899999618530273,0,0,0,0
15-09 13:00,24.1,0.0,0.0,12.300000190734863,11.800000190734863,0,0,0,0
15-09 14:00,13.2,0.0,0.0,11.0,2.200000047683716,0,0,0,0
15-09 15:00,13.8,0.0,0.0,11.399999618530273,2.4000000953674316,0,0,0,0
15-09 16:00,11.5,0.0,0.0,9.199999809265137,2.299999952316284,0,0,0,0
15-09 17:00,12.3,0.0,0.0,8.800000190734863,3.5,0,0,0,0
15-09 18:00,11.3,0.0,0.0,7.599999904632568,3.5999999046325684,0,0,0,0
15-09 19:00,8.2,0.0,0.0,7.099999904632568,1.100000023841858,0,0,0,0
15-09 20:00,8.1,0.0,0.0,8.100000381469727,0.0,0,0,0,0
15-09 21:00,7.3,0.0,0.0,7.300000190734863,0.0,0,0,0,0
15-09 22:00,8.0,0.0,0.0,8.0,0.0,0,0,0,0
15-09 23:00,8.6,0.0,0.0,8.600000381469727,0.0,0,0,0,0
16-09 00:00,4.3,0.0,0.0,4.400000095367432,0.0,0,0,0,0
16-09 01:00,4.9,0.0,0.0,4.900000095367432,0.0,0,0,0,0
16-09 02:00,13.1,0.0,0.0,13.0,0.0,0,0,0,0
16-09 03:00,12.9,0.0,0.0,12.899999618530273,0.0,0,0,0,0
16-09 04:00,12.9,0.0,0.0,12.899999618530273,0.0,0,0,0,0
16-09 05:00,14.1,0.0,0.0,14.199999809265137,0.0,0,0,0,0
16-09 06:00,20.1,0.0,0.0,20.100000381469727,0.0,0,0,0,0
16-09 07:00,14.0,0.0,0.0,14.0,0.0,0,0,0,0
16-09 08:00,14.3,0.0,0.0,14.300000190734863,0.0,0,0,0,0
16-09 09:00,14.7,0.0,0.0,14.699999809265137,0.0,0,0,0,0
16-09 10:00,6.8,0.0,0.0,5.599999904632568,1.2000000476837158,0,0,0,0
16-09 11:00,16.9,0.0,0.0,11.800000190734863,5.099999904632568,0,0,0,0
16-09 12:00,31.9,0.0,0.0,23.100000381469727,8.800000190734863,0,0,0,0
16-09 13:00,12.1,0.0,0.0,5.099999904632568,7.0,0,0,0,0
16-09 14:00,6.3,0.0,0.0,5.099999904632568,1.2000000476837158,0,0,0,0
16-09 15:00,6.1,0.0,0.0,5.0,1.100000023841858,0,0,0,0
16-09 16:00,14.9,0.0,0.0,13.699999809265137,1.2000000476837158,0,0,0,0
16-09 17:00,14.9,0.0,0.0,12.600000381469727,2.299999952316284,0,0,0,0
16-09 18:00,15.0,0.0,0.0,12.600000381469727,2.4000000953674316,0,0,0,0
16-09 19:00,28.3,0.0,0.0,27.200000762939453,1.100000023841858,0,0,0,0
16-09 20:00,29.1,0.0,0.0,29.200000762939453,0.0,0,0,0,0
16-09 21:00,29.1,0.0,0.0,29.200000762939453,0.0,0,0,0,0
16-09 22:00,30.0,0.0,0.0,30.0,0.0,0,0,0,0
16-09 23:00,30.0,0.0,0.0,30.0,0.0,0,0,0,0
17-09 00:00,33.6,0.0,0.0,33.599998474121094,0.0,0,0,0,0
17-09 01:00,35.3,0.0,0.0,35.400001525878906,0.0,0,0,0,0
17-09 02:00,38.5,0.0,0.0,38.5,0.0,0,0,0,0
17-09 03:00,35.5,0.0,0.0,35.5,0.0,0,0,0,0
17-09 04:00,50.6,0.0,0.0,50.599998474121094,0.0,0,0,0,0
17-09 05:00,66.2,0.0,0.0,66.19999694824219,0.0,0,0,0,0
17-09 06:00,78.8,0.0,0.0,78.80000305175781,0.0,0,0,0,0
17-09 07:00,79.2,0.0,0.0,79.19999694824219,0.0,0,0,0,0
17-09 08:00,76.2,0.0,0.0,76.19999694824219,0.0,0,0,0,0
17-09 09:00,65.1,0.0,0.0,62.900001525878906,2.200000047683716,0,0,0,0
17-09 10:00,59.3,0.0,0.0,48.70000076293945,10.600000381469727,0,0,0,0
17-09 11:00,127.3,0.0,0.0,47.20000076293945,80.0999984741211,0,0,0,0
17-09 12:00,175.3,0.0,0.0,57.900001525878906,117.4000015258789,0,0,0,0
17-09 13:00,148.7,0.0,0.0,48.599998474121094,100.0999984741211,0,0,0,0
17-09 14:00,87.1,0.0,0.0,62.70000076293945,24.399999618530273,0,0,0,0
17-09 15:00,74.1,0.0,0.0,53.599998474121094,20.5,0,0,0,0
17-09 16:00,72.8,0.0,0.0,48.599998474121094,24.200000762939453,0,0,0,0
17-09 17:00,67.2,0.0,0.0,34.20000076293945,33.0,0,0,0,0
17-09 18:00,64.8,0.0,0.0,37.79999923706055,27.0,0,0,0,0
17-09 19:00,56.4,0.0,0.0,45.79999923706055,10.600000381469727,0,0,0,0
17-09 20:00,45.2,0.0,0.0,41.900001525878906,3.299999952316284,0,0,0,0
17-09 21:00,54.1,0.0,0.0,54.099998474121094,0.0,0,0,0,0
17-09 22:00,52.0,0.0,0.0,52.0,0.0,0,0,0,0
17-09 23:00,52.8,0.0,0.0,52.79999923706055,0.0,0,0,0,0
18-09 00:00,50.9,0.0,0.0,50.900001525878906,0.0,0,0,0,0
18-09 01:00,59.3,0.0,0.0,59.29999923706055,0.0,0,0,0,0
18-09 02:00,67.9,0.0,0.0,67.9000015258789,0.0,0,0,0,0
18-09 03:00,71.5,0.0,0.0,71.5,0.0,0,0,0,0
18-09 04:00,83.4,0.0,0.0,83.4000015258789,0.0,0,0,0,0
18-09 05:00,88.7,0.0,0.0,88.69999694824219,0.0,0,0,0,0
18-09 06:00,113.0,0.0,0.0,113.0,0.0,0,0,0,0
18-09 07:00,114.6,0.0,0.0,114.5999984741211,0.0,0,0,0,0
18-09 08:00,113.2,0.0,0.0,113.19999694824219,0.0,0,0,0,0
18-09 09:00,88.9,0.0,0.0,86.80000305175781,2.0999999046325684,0,0,0,0
18-09 10:00,81.2,0.0,0.0,70.9000015258789,10.300000190734863,0,0,0,0
18-09 11:00,133.1,0.0,0.0,58.900001525878906,74.19999694824219,0,0,0,0
18-09 12:00,175.0,0.0,0.0,51.5,123.5,0,0,0,0
18-09 13:00,131.9,0.0,0.0,42.20000076293945,89.69999694824219,0,0,0,0
18-09 14:00,64.0,0.0,0.0,41.20000076293945,22.799999237060547,0,0,0,0
18-09 15:00,58.9,0.0,0.0,37.29999923706055,21.600000381469727,0,0,0,0
18-09 16:00,51.6,0.0,0.0,27.600000381469727,24.0,0,0,0,0
18-09 17:00,49.0,0.0,0.0,18.799999237060547,30.200000762939453,0,0,0,0
18-09 18:00,48.1,0.0,0.0,22.700000762939453,25.399999618530273,0,0,0,0
18-09 19:00,40.1,0.0,0.0,30.200000762939453,10.0,0,0,0,0
18-09 20:00,34.9,0.0,0.0,31.299999237060547,3.5999999046325684,0,0,0,0
18-09 21:00,38.7,0.0,0.0,38.70000076293945,0.0,0,0,0,0
18-09 22:00,49.0,0.0,0.0,49.0,0.0,0,0,0,0
18-09 23:00,52.2,0.0,0.0,52.20000076293945,0.0,0,0,0,0
19-09 00:00,62.3,0.0,0.0,62.29999923706055,0.0,0,0,0,0
19-09 01:00,74.6,0.0,0.0,74.5999984741211,0.0,0,0,0,0
19-09 02:00,65.7,0.0,0.0,65.69999694824219,0.0,0,0,0,0
19-09 03:00,71.6,0.0,0.0,71.5999984741211,0.0,0,0,0,0
19-09 04:00,101.8,0.0,0.0,101.80000305175781,0.0,0,0,0,0
19-09 05:00,109.4,0.0,0.0,109.4000015258789,0.0,0,0,0,0
19-09 06:00,120.6,0.0,0.0,120.5999984741211,0.0,0,0,0,0
19-09 07:00,118.7,0.0,0.0,118.5999984741211,0.0,0,0,0,0
19-09 08:00,117.8,0.0,0.0,117.80000305175781,0.0,0,0,0,0
19-09 09:00,104.6,0.0,0.0,102.19999694824219,2.4000000953674316,0,0,0,0
19-09 10:00,93.9,0.0,0.0,83.0999984741211,10.800000190734863,0,0,0,0
19-09 11:00,136.3,0.0,0.0,64.30000305175781,72.0,0,0,0,0
19-09 12:00,163.6,0.0,0.0,52.79999923706055,110.80000305175781,0,0,0,0
19-09 13:00,147.1,0.0,0.0,51.5,95.5999984741211,0,0,0,0
19-09 14:00,68.6,0.0,0.0,46.20000076293945,22.399999618530273,0,0,0,0
19-09 15:00,62.5,0.0,0.0,41.5,21.0,0,0,0,0
19-09 16:00,56.3,0.0,0.0,32.0,24.299999237060547,0,0,0,0
19-09 17:00,52.9,0.0,0.0,22.0,30.899999618530273,0,0,0,0
19-09 18:00,49.8,0.0,0.0,24.600000381469727,25.200000762939453,0,0,0,0
19-09 19:00,46.9,0.0,0.0,35.900001525878906,11.0,0,0,0,0
19-09 20:00,59.8,0.0,0.0,56.29999923706055,3.5,0,0,0,0
19-09 21:00,63.5,0.0,0.0,63.599998474121094,0.0,0,0,0,0
19-09 22:00,63.5,0.0,0.0,63.599998474121094,0.0,0,0,0,0
19-09 23:00,64.8,0.0,0.0,64.80000305175781,0.0,0,0,0,0
20-09 00:00,79.4,0.0,0.0,79.4000015258789,0.0,0,0,0,0
20-09 01:00,86.7,0.0,0.0,86.69999694824219,0.0,0,0,0,0
20-09 02:00,83.2,0.0,0.0,83.19999694824219,0.0,0,0,0,0
20-09 03:00,100.9,0.0,0.0,100.9000015258789,0.0,0,0,0,0
20-09 04:00,112.7,0.0,0.0,112.69999694824219,0.0,0,0,0,0
20-09 05:00,124.6,0.0,0.0,124.5999984741211,0.0,0,0,0,0
20-09 06:00,136.1,0.0,0.0,136.0,0.0,0,0,0,0
20-09 07:00,141.4,0.0,0.0,141.39999389648438,0.0,0,0,0,0
20-09 08:00,127.0,0.0,0.0,127.0,0.0,0,0,0,0
20-09 09:00,103.1,0.0,0.0,100.80000305175781,2.299999952316284,0,0,0,0
20-09 10:00,96.2,0.0,0.0,85.4000015258789,10.899999618530273,0,0,0,0
20-09 11:00,140.5,0.0,0.0,66.9000015258789,73.5999984741211,0,0,0,0
20-09 12:00,190.7,0.0,0.0,68.0,122.69999694824219,0,0,0,0
20-09 13:00,146.9,0.0,0.0,52.099998474121094,94.80000305175781,0,0,0,0
20-09 14:00,74.8,0.0,0.0,50.70000076293945,24.100000381469727,0,0,0,0
20-09 15:00,66.7,0.0,0.0,44.599998474121094,22.100000381469727,0,0,0,0
20-09 16:00,56.4,0.0,0.0,32.29999923706055,24.100000381469727,0,0,0,0
20-09 17:00,52.8,0.0,0.0,22.200000762939453,30.600000381469727,0,0,0,0
20-09 18:00,48.8,0.0,0.0,20.0,28.799999237060547,0,0,0,0
20-09 19:00,36.4,0.0,0.0,26.100000381469727,10.300000190734863,0,0,0,0
20-09 20:00,28.6,0.0,0.0,25.200000762939453,3.5,0,0,0,0
20-09 21:00,24.1,0.0,0.0,24.100000381469727,0.0,0,0,0,0
20-09 22:00,42.4,0.0,0.0,42.400001525878906,0.0,0,0,0,0
20-09 23:00,55.5,0.0,0.0,55.5,0.0,0,0,0,0
21-09 00:00,49.2,0.0,0.0,49.20000076293945,0.0,0,0,0,0
21-09 01:00,67.2,0.0,0.0,67.19999694824219,0.0,0,0,0,0
21-09 02:00,67.8,0.0,0.0,67.80000305175781,0.0,0,0,0,0
21-09 03:00,76.3,0.0,0.0,76.30000305175781,0.0,0,0,0,0
21-09 04:00,86.9,0.0,0.0,86.9000015258789,0.0,0,0,0,0
21-09 05:00,113.3,0.0,0.0,113.30000305175781,0.0,0,0,0,0
21-09 06:00,118.1,0.0,0.0,118.0999984741211,0.0,0,0,0,0
21-09 07:00,111.4,0.0,0.0,111.4000015258789,0.0,0,0,0,0
21-09 08:00,100.5,0.0,0.0,100.5,0.0,0,0,0,0
21-09 09:00,77.1,0.0,0.0,74.80000305175781,2.299999952316284,0,0,0,0
21-09 10:00,66.5,0.0,0.0,55.5,11.0,0,0,0,0
21-09 11:00,122.7,0.0,0.0,48.20000076293945,74.5,0,0,0,0
21-09 12:00,162.8,0.0,0.0,45.79999923706055,117.0,0,0,0,0
21-09 13:00,138.4,0.0,0.0,42.400001525878906,96.0,0,0,0,0
21-09 14:00,61.8,0.0,0.0,38.900001525878906,22.899999618530273,0,0,0,0
21-09 15:00,55.8,0.0,0.0,34.599998474121094,21.299999237060547,0,0,0,0
21-09 16:00,52.2,0.0,0.0,27.100000381469727,25.100000381469727,0,0,0,0
21-09 17:00,50.5,0.0,0.0,18.600000381469727,31.899999618530273,0,0,0,0
21-09 18:00,42.0,0.0,0.0,15.0,26.899999618530273,0,0,0,0
21-09 19:00,33.5,0.0,0.0,23.0,10.5,0,0,0,0
21-09 20:00,33.3,0.0,0.0,29.799999237060547,3.5999999046325684,0,0,0,0
21-09 21:00,38.2,0.0,0.0,38.20000076293945,0.0,0,0,0,0
21-09 22:00,45.0,0.0,0.0,45.0,0.0,0,0,0,0
21-09 23:00,54.6,0.0,0.0,54.599998474121094,0.0,0,0,0,0
22-09 00:00,48.6,0.0,0.0,48.599998474121094,0.0,0,0,0,0
22-09 01:00,68.1,0.0,0.0,68.0999984741211,0.0,0,0,0,0
22-09 02:00,64.1,0.0,0.0,64.0999984741211,0.0,0,0,0,0
22-09 03:00,71.0,0.0,0.0,71.0,0.0,0,0,0,0
22-09 04:00,72.9,0.0,0.0,72.9000015258789,0.0,0,0,0,0
22-09 05:00,81.0,0.0,0.0,81.0,0.0,0,0,0,0
22-09 06:00,84.7,0.0,0.0,84.69999694824219,0.0,0,0,0,0
22-09 07:00,56.6,0.0,0.0,56.599998474121094,0.0,0,0,0,0
22-09 08:00,29.6,0.0,0.0,29.600000381469727,0.0,0,0,0,0
22-09 09:00,18.9,0.0,0.0,18.899999618530273,0.0,0,0,0,0
22-09 10:00,16.6,0.0,0.0,15.5,1.2000000476837158,0,0,0,0
22-09 11:00,24.4,0.0,0.0,15.100000381469727,9.300000190734863,0,0,0,0
22-09 12:00,29.8,0.0,0.0,15.5,14.300000190734863,0,0,0,0
22-09 13:00,26.6,0.0,0.0,14.800000190734863,11.800000190734863,0,0,0,0
22-09 14:00,15.7,0.0,0.0,13.5,2.200000047683716,0,0,0,0
22-09 15:00,16.4,0.0,0.0,14.0,2.4000000953674316,0,0,0,0
22-09 16:00,14.0,0.0,0.0,11.600000381469727,2.4000000953674316,0,0,0,0
22-09 17:00,14.9,0.0,0.0,11.199999809265137,3.700000047683716,0,0,0,0
22-09 18:00,12.4,0.0,0.0,8.899999618530273,3.5999999046325684,0,0,0,0
22-09 19:00,9.2,0.0,0.0,8.199999809265137,1.100000023841858,0,0,0,0
22-09 20:00,9.6,0.0,0.0,9.600000381469727,0.0,0,0,0,0
22-09 21:00,9.4,0.0,0.0,9.399999618530273,0.0,0,0,0,0
22-09 22:00,31.1,0.0,0.0,31.100000381469727,0.0,0,0,0,0
22-09 23:00,32.4,0.0,0.0,32.400001525878906,0.0,0,0,0,0
23-09 00:00,33.9,0.0,0.0,33.900001525878906,0.0,0,0,0,0
23-09 01:00,40.6,0.0,0.0,40.599998474121094,0.0,0,0,0,0
23-09 02:00,46.1,0.0,0.0,46.099998474121094,0.0,0,0,0,0
23-09 03:00,53.4,0.0,0.0,53.400001525878906,0.0,0,0,0,0
23-09 04:00,56.0,0.0,0.0,56.0,0.0,0,0,0,0
23-09 05:00,60.4,0.0,0.0,60.400001525878906,0.0,0,0,0,0
23-09 06:00,63.6,0.0,0.0,63.599998474121094,0.0,0,0,0,0
23-09 07:00,51.6,0.0,0.0,51.599998474121094,0.0,0,0,0,0
23-09 08:00,26.9,0.0,0.0,26.899999618530273,0.0,0,0,0,0
23-09 09:00,8.8,0.0,0.0,8.800000190734863,0.0,0,0,0,0
23-09 10:00,10.1,0.0,0.0,8.800000190734863,1.2999999523162842,0,0,0,0
23-09 11:00,14.4,0.0,0.0,8.399999618530273,6.0,0,0,0,0
23-09 12:00,17.1,0.0,0.0,8.5,8.600000381469727,0,0,0,0
23-09 13:00,15.3,0.0,0.0,8.0,7.300000190734863,0,0,0,0
23-09 14:00,8.6,0.0,0.0,7.5,1.100000023841858,0,0,0,0
23-09 15:00,8.2,0.0,0.0,7.099999904632568,1.100000023841858,0,0,0,0
23-09 16:00,8.1,0.0,0.0,7.0,1.100000023841858,0,0,0,0
23-09 17:00,9.7,0.0,0.0,7.199999809265137,2.4000000953674316,0,0,0,0
23-09 18:00,9.1,0.0,0.0,6.699999809265137,2.4000000953674316,0,0,0,0
23-09 19:00,7.8,0.0,0.0,6.599999904632568,1.2000000476837158,0,0,0,0
23-09 20:00,6.6,0.0,0.0,6.599999904632568,0.0,0,0,0,0
23-09 21:00,6.3,0.0,0.0,6.400000095367432,0.0,0,0,0,0
23-09 22:00,7.1,0.0,0.0,7.099999904632568,0.0,0,0,0,0
23-09 23:00,6.7,0.0,0.0,6.699999809265137,0.0,0,0,0,0
24-09 00:00,2.4,0.0,0.0,2.4000000953674316,0.0,0,0,0,0
24-09 01:00,2.5,0.0,0.0,2.5,0.0,0,0,0,0
24-09 02:00,9.7,0.0,0.0,9.699999809265137,0.0,0,0,0,0
24-09 03:00,19.7,0.0,0.0,19.700000762939453,0.0,0,0,0,0
24-09 04:00,20.5,0.0,0.0,20.5,0.0,0,0,0,0
24-09 05:00,31.4,0.0,0.0,31.399999618530273,0.0,0,0,0,0
24-09 06:00,25.2,0.0,0.0,25.200000762939453,0.0,0,0,0,0
24-09 07:00,21.9,0.0,0.0,21.899999618530273,0.0,0,0,0,0
24-09 08:00,22.1,0.0,0.0,22.100000381469727,0.0,0,0,0,0
24-09 09:00,16.3,0.0,0.0,13.800000190734863,2.5,0,0,0,0
24-09 10:00,21.6,0.0,0.0,11.0,10.600000381469727,0,0,0,0
24-09 11:00,80.6,0.0,0.0,9.5,71.0,0,0,0,0
24-09 12:00,124.5,0.0,0.0,9.300000190734863,115.19999694824219,0,0,0,0
24-09 13:00,106.3,0.0,0.0,8.899999618530273,97.4000015258789,0,0,0,0
24-09 14:00,33.0,0.0,0.0,8.5,24.5,0,0,0,0
24-09 15:00,28.3,0.0,0.0,7.099999904632568,21.200000762939453,0,0,0,0
24-09 16:00,27.0,0.0,0.0,4.900000095367432,22.100000381469727,0,0,0,0
24-09 17:00,34.2,0.0,0.0,3.700000047683716,30.5,0,0,0,0
24-09 18:00,32.6,0.0,0.0,3.4000000953674316,29.200000762939453,0,0,0,0
24-09 19:00,12.8,0.0,0.0,2.9000000953674316,9.899999618530273,0,0,0,0
24-09 20:00,6.6,0.0,0.0,2.9000000953674316,3.700000047683716,0,0,0,0
24-09 21:00,11.2,0.0,0.0,11.199999809265137,0.0,0,0,0,0
24-09 22:00,20.2,0.0,0.0,20.200000762939453,0.0,0,0,0,0
24-09 23:00,9.2,0.0,0.0,9.199999809265137,0.0,0,0,0,0
25-09 00:00,10.8,0.0,0.0,10.800000190734863,0.0,0,0,0,0
25-09 01:00,3.2,0.0,0.0,3.200000047683716,0.0,0,0,0,0
25-09 02:00,11.6,0.0,0.0,11.600000381469727,0.0,0,0,0,0
25-09 03:00,21.0,0.0,0.0,21.0,0.0,0,0,0,0
25-09 04:00,22.9,0.0,0.0,22.899999618530273,0.0,0,0,0,0
25-09 05:00,26.4,0.0,0.0,26.399999618530273,0.0,0,0,0,0
25-09 06:00,29.1,0.0,0.0,29.100000381469727,0.0,0,0,0,0
25-09 07:00,33.3,0.0,0.0,33.29999923706055,0.0,0,0,0,0
25-09 08:00,27.3,0.0,0.0,27.299999237060547,0.0,0,0,0,0
25-09 09:00,21.4,0.0,0.0,18.799999237060547,2.5999999046325684,0,0,0,0
25-09 10:00,24.3,0.0,0.0,14.0,10.300000190734863,0,0,0,0
25-09 11:00,97.2,0.0,0.0,14.399999618530273,82.80000305175781,0,0,0,0
25-09 12:00,135.5,0.0,0.0,12.899999618530273,122.5999984741211,0,0,0,0
25-09 13:00,106.0,0.0,0.0,11.300000190734863,94.69999694824219,0,0,0,0
25-09 14:00,35.0,0.0,0.0,11.0,24.0,0,0,0,0
25-09 15:00,29.9,0.0,0.0,9.100000381469727,20.799999237060547,0,0,0,0
25-09 16:00,32.0,0.0,0.0,7.199999809265137,24.799999237060547,0,0,0,0
25-09 17:00,38.0,0.0,0.0,5.199999809265137,32.79999923706055,0,0,0,0
25-09 18:00,31.8,0.0,0.0,4.199999809265137,27.600000381469727,0,0,0,0
25-09 19:00,22.2,0.0,0.0,11.800000190734863,10.399999618530273,0,0,0,0
25-09 20:00,15.9,0.0,0.0,12.199999809265137,3.700000047683716,0,0,0,0
25-09 21:00,10.9,0.0,0.0,10.899999618530273,0.0,0,0,0,0
25-09 22:00,19.0,0.0,0.0,19.0,0.0,0,0,0,0
25-09 23:00,27.1,0.0,0.0,27.100000381469727,0.0,0,0,0,0
26-09 00:00,38.7,0.0,0.0,38.70000076293945,0.0,0,0,0,0
26-09 01:00,45.8,0.0,0.0,45.79999923706055,0.0,0,0,0,0
26-09 02:00,42.9,0.0,0.0,42.900001525878906,0.0,0,0,0,0
26-09 03:00,49.7,0.0,0.0,49.70000076293945,0.0,0,0,0,0
26-09 04:00,61.0,0.0,0.0,61.0,0.0,0,0,0,0
26-09 05:00,70.1,0.0,0.0,70.0999984741211,0.0,0,0,0,0
26-09 06:00,78.6,0.0,0.0,78.5999984741211,0.0,0,0,0,0
26-09 07:00,72.7,0.0,0.0,72.69999694824219,0.0,0,0,0,0
26-09 08:00,50.9,0.0,0.0,50.900001525878906,0.0,0,0,0,0
26-09 09:00,38.5,0.0,0.0,36.099998474121094,2.4000000953674316,0,0,0,0
26-09 10:00,38.5,0.0,0.0,28.5,10.0,0,0,0,0
26-09 11:00,118.5,0.0,0.0,31.700000762939453,86.80000305175781,0,0,0,0
26-09 12:00,141.2,0.0,0.0,25.5,115.5999984741211,0,0,0,0
26-09 13:00,122.2,0.0,0.0,24.399999618530273,97.80000305175781,0,0,0,0
26-09 14:00,47.5,0.0,0.0,23.200000762939453,24.299999237060547,0,0,0,0
26-09 15:00,40.2,0.0,0.0,19.200000762939453,21.0,0,0,0,0
26-09 16:00,38.8,0.0,0.0,14.699999809265137,24.100000381469727,0,0,0,0
26-09 17:00,42.8,0.0,0.0,10.600000381469727,32.20000076293945,0,0,0,0
26-09 18:00,34.6,0.0,0.0,8.300000190734863,26.299999237060547,0,0,0,0
26-09 19:00,18.8,0.0,0.0,8.399999618530273,10.399999618530273,0,0,0,0
26-09 20:00,12.2,0.0,0.0,8.399999618530273,3.799999952316284,0,0,0,0
26-09 21:00,8.0,0.0,0.0,8.0,0.0,0,0,0,0
26-09 22:00,8.0,0.0,0.0,8.0,0.0,0,0,0,0
26-09 23:00,6.4,0.0,0.0,6.400000095367432,0.0,0,0,0,0
27-09 00:00,2.1,0.0,0.0,2.0999999046325684,0.0,0,0,0,0
27-09 01:00,2.0,0.0,0.0,2.0,0.0,0,0,0,0
27-09 02:00,2.3,0.0,0.0,2.299999952316284,0.0,0,0,0,0
27-09 03:00,2.6,0.0,0.0,2.5999999046325684,0.0,0,0,0,0
27-09 04:00,3.9,0.0,0.0,3.9000000953674316,0.0,0,0,0,0
27-09 05:00,6.7,0.0,0.0,6.699999809265137,0.0,0,0,0,0
27-09 06:00,7.9,0.0,0.0,7.900000095367432,0.0,0,0,0,0
27-09 07:00,10.5,0.0,0.0,10.5,0.0,0,0,0,0
27-09 08:00,12.1,0.0,0.0,12.100000381469727,0.0,0,0,0,0
27-09 09:00,13.3,0.0,0.0,10.899999618530273,2.4000000953674316,0,0,0,0
27-09 10:00,19.9,0.0,0.0,9.0,10.800000190734863,0,0,0,0
27-09 11:00,89.4,0.0,0.0,8.699999809265137,80.69999694824219,0,0,0,0
27-09 12:00,125.9,0.0,0.0,7.699999809265137,118.19999694824219,0,0,0,0
27-09 13:00,109.3,0.0,0.0,7.5,101.80000305175781,0,0,0,0
27-09 14:00,30.6,0.0,0.0,6.699999809265137,23.899999618530273,0,0,0,0
27-09 15:00,27.8,0.0,0.0,5.900000095367432,21.899999618530273,0,0,0,0
27-09 16:00,29.9,0.0,0.0,4.599999904632568,25.299999237060547,0,0,0,0
27-09 17:00,34.7,0.0,0.0,3.0999999046325684,31.600000381469727,0,0,0,0
27-09 18:00,37.7,0.0,0.0,10.5,27.200000762939453,0,0,0,0
27-09 19:00,30.2,0.0,0.0,19.100000381469727,11.100000381469727,0,0,0,0
27-09 20:00,21.0,0.0,0.0,17.600000381469727,3.4000000953674316,0,0,0,0
27-09 21:00,17.6,0.0,0.0,17.600000381469727,0.0,0,0,0,0
27-09 22:00,26.1,0.0,0.0,26.100000381469727,0.0,0,0,0,0
27-09 23:00,26.1,0.0,0.0,26.100000381469727,0.0,0,0,0,0
28-09 00:00,36.1,0.0,0.0,36.099998474121094,0.0,0,0,0,0
28-09 01:00,38.3,0.0,0.0,38.29999923706055,0.0,0,0,0,0
28-09 02:00,36.3,0.0,0.0,36.29999923706055,0.0,0,0,0,0
28-09 03:00,28.8,0.0,0.0,28.799999237060547,0.0,0,0,0,0
28-09 04:00,30.3,0.0,0.0,30.299999237060547,0.0,0,0,0,0
28-09 05:00,38.7,0.0,0.0,38.70000076293945,0.0,0,0,0,0
28-09 06:00,44.3,0.0,0.0,44.29999923706055,0.0,0,0,0,0
28-09 07:00,40.9,0.0,0.0,40.900001525878906,0.0,0,0,0,0
28-09 08:00,36.3,0.0,0.0,36.29999923706055,0.0,0,0,0,0
28-09 09:00,27.3,0.0,0.0,24.799999237060547,2.5,0,0,0,0
28-09 10:00,33.1,0.0,0.0,21.600000381469727,11.5,0,0,0,0
28-09 11:00,85.8,0.0,0.0,16.600000381469727,69.19999694824219,0,0,0,0
28-09 12:00,132.9,0.0,0.0,16.799999237060547,116.0,0,0,0,0
28-09 13:00,113.0,0.0,0.0,15.899999618530273,97.0999984741211,0,0,0,0
28-09 14:00,38.2,0.0,0.0,14.699999809265137,23.399999618530273,0,0,0,0
28-09 15:00,36.9,0.0,0.0,13.800000190734863,23.0,0,0,0,0
28-09 16:00,32.9,0.0,0.0,9.399999618530273,23.399999618530273,0,0,0,0
28-09 17:00,38.1,0.0,0.0,6.800000190734863,31.299999237060547,0,0,0,0
28-09 18:00,30.9,0.0,0.0,5.300000190734863,25.600000381469727,0,0,0,0
28-09 19:00,15.0,0.0,0.0,5.199999809265137,9.800000190734863,0,0,0,0
28-09 20:00,15.8,0.0,0.0,12.399999618530273,3.4000000953674316,0,0,0,0
28-09 21:00,5.0,0.0,0.0,5.0,0.0,0,0,0,0
28-09 22:00,5.5,0.0,0.0,5.5,0.0,0,0,0,0
28-09 23:00,13.7,0.0,0.0,13.699999809265137,0.0,0,0,0,0
29-09 00:00,11.1,0.0,0.0,11.100000381469727,0.0,0,0,0,0
29-09 01:00,10.0,0.0,0.0,10.0,0.0,0,0,0,0
29-09 02:00,18.6,0.0,0.0,18.600000381469727,0.0,0,0,0,0
29-09 03:00,19.9,0.0,0.0,19.799999237060547,0.0,0,0,0,0
29-09 04:00,18.8,0.0,0.0,18.799999237060547,0.0,0,0,0,0
29-09 05:00,20.3,0.0,0.0,20.299999237060547,0.0,0,0,0,0
29-09 06:00,19.8,0.0,0.0,19.799999237060547,0.0,0,0,0,0
29-09 07:00,12.5,0.0,0.0,12.5,0.0,0,0,0,0
29-09 08:00,4.8,0.0,0.0,4.800000190734863,0.0,0,0,0,0
29-09 09:00,4.2,0.0,0.0,4.199999809265137,0.0,0,0,0,0
29-09 10:00,4.9,0.0,0.0,3.700000047683716,1.2000000476837158,0,0,0,0
29-09 11:00,19.5,0.0,0.0,10.699999809265137,8.800000190734863,0,0,0,0
29-09 12:00,24.3,0.0,0.0,10.800000190734863,13.399999618530273,0,0,0,0
29-09 13:00,15.6,0.0,0.0,3.5999999046325684,12.100000381469727,0,0,0,0
29-09 14:00,5.8,0.0,0.0,3.4000000953674316,2.4000000953674316,0,0,0,0
29-09 15:00,5.7,0.0,0.0,3.299999952316284,2.4000000953674316,0,0,0,0
29-09 16:00,5.1,0.0,0.0,2.700000047683716,2.4000000953674316,0,0,0,0
29-09 17:00,6.0,0.0,0.0,2.5,3.5,0,0,0,0
29-09 18:00,5.6,0.0,0.0,2.0999999046325684,3.5,0,0,0,0
29-09 19:00,3.2,0.0,0.0,2.0,1.2000000476837158,0,0,0,0
29-09 20:00,2.2,0.0,0.0,2.200000047683716,0.0,0,0,0,0
29-09 21:00,2.2,0.0,0.0,2.200000047683716,0.0,0,0,0,0
29-09 22:00,2.2,0.0,0.0,2.200000047683716,0.0,0,0,0,0
29-09 23:00,2.4,0.0,0.0,2.4000000953674316,0.0,0,0,0,0
30-09 00:00,4.3,0.0,0.0,4.300000190734863,0.0,0,0,0,0
30-09 01:00,4.5,0.0,0.0,4.5,0.0,0,0,0,0
30-09 02:00,4.6,0.0,0.0,4.599999904632568,0.0,0,0,0,0
30-09 03:00,3.9,0.0,0.0,3.9000000953674316,0.0,0,0,0,0
30-09 04:00,4.8,0.0,0.0,4.800000190734863,0.0,0,0,0,0
30-09 05:00,5.0,0.0,0.0,5.0,0.0,0,0,0,0
30-09 06:00,5.1,0.0,0.0,5.099999904632568,0.0,0,0,0,0
30-09 07:00,5.6,0.0,0.0,5.599999904632568,0.0,0,0,0,0
30-09 08:00,13.0,0.0,0.0,13.0,0.0,0,0,0,0
30-09 09:00,13.5,0.0,0.0,13.5,0.0,0,0,0,0
30-09 10:00,14.3,0.0,0.0,13.100000381469727,1.2000000476837158,0,0,0,0
30-09 11:00,20.1,0.0,0.0,13.800000190734863,6.300000190734863,0,0,0,0
30-09 12:00,21.3,0.0,0.0,13.0,8.300000190734863,0,0,0,0
30-09 13:00,12.1,0.0,0.0,4.900000095367432,7.199999809265137,0,0,0,0
30-09 14:00,6.0,0.0,0.0,4.800000190734863,1.2000000476837158,0,0,0,0
30-09 15:00,5.6,0.0,0.0,4.5,1.100000023841858,0,0,0,0
30-09 16:00,5.8,0.0,0.0,4.599999904632568,1.2000000476837158,0,0,0,0
30-09 17:00,15.3,0.0,0.0,12.800000190734863,2.5,0,0,0,0
30-09 18:00,17.7,0.0,0.0,15.399999618530273,2.299999952316284,0,0,0,0
30-09 19:00,24.0,0.0,0.0,22.799999237060547,1.2000000476837158,0,0,0,0
30-09 20:00,28.4,0.0,0.0,28.399999618530273,0.0,0,0,0,0
30-09 21:00,38.5,0.0,0.0,38.5,0.0,0,0,0,0
30-09 22:00,46.6,0.0,0.0,46.599998474121094,0.0,0,0,0,0
30-09 23:00,58.1,0.0,0.0,58.099998474121094,0.0,0,0,0,0
01-10 00:00,72.3,0.0,0.0,72.30000305175781,0.0,0,0,0,0
01-10 01:00,79.2,0.0,0.0,79.19999694824219,0.0,0,0,0,0
01-10 02:00,74.7,0.0,0.0,74.5999984741211,0.0,0,0,0,0
01-10 03:00,77.6,0.0,0.0,77.5999984741211,0.0,0,0,0,0
01-10 04:00,88.4,0.0,0.0,88.4000015258789,0.0,0,0,0,0
01-10 05:00,104.1,0.0,0.0,104.0999984741211,0.0,0,0,0,0
01-10 06:00,119.6,0.0,0.0,119.5999984741211,0.0,0,0,0,0
01-10 07:00,120.9,0.0,0.0,121.0,0.0,0,0,0,0
01-10 08:00,113.7,0.0,0.0,113.69999694824219,0.0,0,0,0,0
01-10 09:00,95.4,0.0,0.0,93.0,2.4000000953674316,0,0,0,0
01-10 10:00,74.2,0.0,0.0,63.900001525878906,10.300000190734863,0,0,0,0
01-10 11:00,132.9,0.0,0.0,54.70000076293945,78.19999694824219,0,0,0,0
01-10 12:00,176.3,0.0,0.0,52.400001525878906,123.9000015258789,0,0,0,0
01-10 13:00,154.4,0.0,0.0,49.900001525878906,104.5,0,0,0,0
01-10 14:00,67.4,0.0,0.0,43.599998474121094,23.799999237060547,0,0,0,0
01-10 15:00,59.0,0.0,0.0,37.599998474121094,21.399999618530273,0,0,0,0
01-10 16:00,55.3,0.0,0.0,29.799999237060547,25.5,0,0,0,0
01-10 17:00,50.4,0.0,0.0,19.5,30.799999237060547,0,0,0,0
01-10 18:00,50.2,0.0,0.0,23.700000762939453,26.600000381469727,0,0,0,0
01-10 19:00,38.3,0.0,0.0,28.799999237060547,9.5,0,0,0,0
01-10 20:00,34.8,0.0,0.0,31.200000762939453,3.5999999046325684,0,0,0,0
01-10 21:00,38.4,0.0,0.0,38.400001525878906,0.0,0,0,0,0
01-10 22:00,39.2,0.0,0.0,39.20000076293945,0.0,0,0,0,0
01-10 23:00,45.7,0.0,0.0,45.70000076293945,0.0,0,0,0,0
02-10 00:00,46.2,0.0,0.0,46.20000076293945,0.0,0,0,0,0
02-10 01:00,49.1,0.0,0.0,49.099998474121094,0.0,0,0,0,0
02-10 02:00,47.6,0.0,0.0,47.599998474121094,0.0,0,0,0,0
02-10 03:00,53.3,0.0,0.0,53.29999923706055,0.0,0,0,0,0
02-10 04:00,62.2,0.0,0.0,62.20000076293945,0.0,0,0,0,0
02-10 05:00,76.2,0.0,0.0,76.19999694824219,0.0,0,0,0,0
02-10 06:00,66.3,0.0,0.0,66.30000305175781,0.0,0,0,0,0
02-10 07:00,80.5,0.0,0.0,80.5,0.0,0,0,0,0
02-10 08:00,72.1,0.0,0.0,72.0999984741211,0.0,0,0,0,0
02-10 09:00,62.4,0.0,0.0,59.900001525878906,2.5,0,0,0,0
02-10 10:00,44.7,0.0,0.0,34.099998474121094,10.600000381469727,0,0,0,0
02-10 11:00,108.2,0.0,0.0,31.5,76.69999694824219,0,0,0,0
02-10 12:00,154.9,0.0,0.0,30.799999237060547,124.0999984741211,0,0,0,0
02-10 13:00,123.9,0.0,0.0,27.100000381469727,96.80000305175781,0,0,0,0
02-10 14:00,52.9,0.0,0.0,27.399999618530273,25.5,0,0,0,0
02-10 15:00,43.1,0.0,0.0,21.899999618530273,21.200000762939453,0,0,0,0
02-10 16:00,41.8,0.0,0.0,17.0,24.799999237060547,0,0,0,0
02-10 17:00,40.6,0.0,0.0,11.0,29.600000381469727,0,0,0,0
02-10 18:00,34.9,0.0,0.0,9.100000381469727,25.799999237060547,0,0,0,0
02-10 19:00,19.6,0.0,0.0,9.300000190734863,10.300000190734863,0,0,0,0
02-10 20:00,12.2,0.0,0.0,8.699999809265137,3.5,0,0,0,0
02-10 21:00,8.7,0.0,0.0,8.699999809265137,0.0,0,0,0,0
02-10 22:00,16.8,0.0,0.0,16.799999237060547,0.0,0,0,0,0
02-10 23:00,8.1,0.0,0.0,8.100000381469727,0.0,0,0,0,0
03-10 00:00,0.9,0.0,0.0,0.8999999761581421,0.0,0,0,0,0
03-10 01:00,0.9,0.0,0.0,0.800000011920929,0.0,0,0,0,0
03-10 02:00,8.7,0.0,0.0,8.699999809265137,0.0,0,0,0,0
03-10 03:00,8.6,0.0,0.0,8.600000381469727,0.0,0,0,0,0
03-10 04:00,8.6,0.0,0.0,8.600000381469727,0.0,0,0,0,0
03-10 05:00,8.8,0.0,0.0,8.800000190734863,0.0,0,0,0,0
03-10 06:00,9.4,0.0,0.0,9.399999618530273,0.0,0,0,0,0
03-10 07:00,9.4,0.0,0.0,9.399999618530273,0.0,0,0,0,0
03-10 08:00,1.4,0.0,0.0,1.399999976158142,0.0,0,0,0,0
03-10 09:00,1.1,0.0,0.0,1.100000023841858,0.0,0,0,0,0
03-10 10:00,2.3,0.0,0.0,1.100000023841858,1.2000000476837158,0,0,0,0
03-10 11:00,6.9,0.0,0.0,1.0,5.900000095367432,0,0,0,0
03-10 12:00,9.7,0.0,0.0,1.100000023841858,8.600000381469727,0,0,0,0
03-10 13:00,7.7,0.0,0.0,1.0,6.800000190734863,0,0,0,0
03-10 14:00,2.1,0.0,0.0,1.0,1.2000000476837158,0,0,0,0
03-10 15:00,2.4,0.0,0.0,1.100000023841858,1.2999999523162842,0,0,0,0
03-10 16:00,2.3,0.0,0.0,1.0,1.2999999523162842,0,0,0,0
03-10 17:00,3.2,0.0,0.0,0.8999999761581421,2.299999952316284,0,0,0,0
03-10 18:00,3.3,0.0,0.0,0.800000011920929,2.4000000953674316,0,0,0,0
03-10 19:00,2.2,0.0,0.0,0.8999999761581421,1.2999999523162842,0,0,0,0
03-10 20:00,0.8,0.0,0.0,0.800000011920929,0.0,0,0,0,0
03-10 21:00,0.9,0.0,0.0,0.8999999761581421,0.0,0,0,0,0
03-10 22:00,0.9,0.0,0.0,0.8999999761581421,0.0,0,0,0,0
03-10 23:00,0.9,0.0,0.0,0.8999999761581421,0.0,0,0,0,0
04-10 00:00,2.8,0.0,0.0,2.799999952316284,0.0,0,0,0,0
04-10 01:00,2.9,0.0,0.0,2.9000000953674316,0.0,0,0,0,0
04-10 02:00,2.9,0.0,0.0,2.9000000953674316,0.0,0,0,0,0
04-10 03:00,3.5,0.0,0.0,3.5,0.0,0,0,0,0
04-10 04:00,5.5,0.0,0.0,5.5,0.0,0,0,0,0
04-10 05:00,9.7,0.0,0.0,9.699999809265137,0.0,0,0,0,0
04-10 06:00,12.4,0.0,0.0,12.399999618530273,0.0,0,0,0,0
04-10 07:00,22.3,0.0,0.0,22.299999237060547,0.0,0,0,0,0
04-10 08:00,25.7,0.0,0.0,25.700000762939453,0.0,0,0,0,0
04-10 09:00,25.2,0.0,0.0,22.899999618530273,2.4000000953674316,0,0,0,0
04-10 10:00,24.1,0.0,0.0,13.199999809265137,10.899999618530273,0,0,0,0
04-10 11:00,91.7,0.0,0.0,12.300000190734863,79.4000015258789,0,0,0,0
04-10 12:00,132.3,0.0,0.0,11.399999618530273,120.9000015258789,0,0,0,0
04-10 13:00,108.5,0.0,0.0,10.399999618530273,98.0999984741211,0,0,0,0
04-10 14:00,43.3,0.0,0.0,18.399999618530273,24.899999618530273,0,0,0,0
04-10 15:00,40.2,0.0,0.0,17.299999237060547,22.799999237060547,0,0,0,0
04-10 16:00,38.8,0.0,0.0,14.399999618530273,24.399999618530273,0,0,0,0
04-10 17:00,45.2,0.0,0.0,12.600000381469727,32.599998474121094,0,0,0,0
04-10 18:00,48.5,0.0,0.0,20.200000762939453,28.399999618530273,0,0,0,0
04-10 19:00,31.0,0.0,0.0,20.0,11.0,0,0,0,0
04-10 20:00,23.0,0.0,0.0,19.399999618530273,3.5999999046325684,0,0,0,0
04-10 21:00,20.4,0.0,0.0,20.399999618530273,0.0,0,0,0,0
04-10 22:00,20.0,0.0,0.0,20.0,0.0,0,0,0,0
04-10 23:00,19.3,0.0,0.0,19.299999237060547,0.0,0,0,0,0
05-10 00:00,22.4,0.0,0.0,22.399999618530273,0.0,0,0,0,0
05-10 01:00,23.6,0.0,0.0,23.600000381469727,0.0,0,0,0,0
05-10 02:00,22.1,0.0,0.0,22.100000381469727,0.0,0,0,0,0
05-10 03:00,26.1,0.0,0.0,26.100000381469727,0.0,0,0,0,0
05-10 04:00,37.6,0.0,0.0,37.599998474121094,0.0,0,0,0,0
05-10 05:00,47.4,0.0,0.0,47.400001525878906,0.0,0,0,0,0
05-10 06:00,55.8,0.0,0.0,55.79999923706055,0.0,0,0,0,0
05-10 07:00,64.8,0.0,0.0,64.80000305175781,0.0,0,0,0,0
05-10 08:00,60.7,0.0,0.0,60.599998474121094,0.0,0,0,0,0
05-10 09:00,58.9,0.0,0.0,56.5,2.4000000953674316,0,0,0,0
05-10 10:00,55.3,0.0,0.0,44.099998474121094,11.199999809265137,0,0,0,0
05-10 11:00,117.6,0.0,0.0,39.70000076293945,77.9000015258789,0,0,0,0
05-10 12:00,152.5,0.0,0.0,30.200000762939453,122.30000305175781,0,0,0,0
05-10 13:00,133.4,0.0,0.0,29.100000381469727,104.30000305175781,0,0,0,0
05-10 14:00,51.7,0.0,0.0,26.700000762939453,25.0,0,0,0,0
05-10 15:00,54.7,0.0,0.0,31.799999237060547,22.899999618530273,0,0,0,0
05-10 16:00,49.7,0.0,0.0,25.0,24.700000762939453,0,0,0,0
05-10 17:00,66.2,0.0,0.0,30.600000381469727,35.599998474121094,0,0,0,0
05-10 18:00,59.8,0.0,0.0,32.79999923706055,27.0,0,0,0,0
05-10 19:00,47.9,0.0,0.0,36.20000076293945,11.699999809265137,0,0,0,0
05-10 20:00,36.2,0.0,0.0,32.599998474121094,3.5999999046325684,0,0,0,0
05-10 21:00,40.2,0.0,0.0,40.20000076293945,0.0,0,0,0,0
05-10 22:00,32.0,0.0,0.0,32.0,0.0,0,0,0,0
05-10 23:00,43.7,0.0,0.0,43.70000076293945,0.0,0,0,0,0
06-10 00:00,39.5,0.0,0.0,39.5,0.0,0,0,0,0
06-10 01:00,31.5,0.0,0.0,31.5,0.0,0,0,0,0
06-10 02:00,38.7,0.0,0.0,38.70000076293945,0.0,0,0,0,0
06-10 03:00,32.7,0.0,0.0,32.599998474121094,0.0,0,0,0,0
06-10 04:00,34.7,0.0,0.0,34.70000076293945,0.0,0,0,0,0
06-10 05:00,35.7,0.0,0.0,35.70000076293945,0.0,0,0,0,0
06-10 06:00,35.9,0.0,0.0,35.900001525878906,0.0,0,0,0,0
06-10 07:00,47.6,0.0,0.0,47.599998474121094,0.0,0,0,0,0
06-10 08:00,35.4,0.0,0.0,35.400001525878906,0.0,0,0,0,0
06-10 09:00,24.3,0.0,0.0,24.299999237060547,0.0,0,0,0,0
06-10 10:00,15.8,0.0,0.0,14.600000381469727,1.2000000476837158,0,0,0,0
06-10 11:00,22.6,0.0,0.0,13.300000190734863,9.300000190734863,0,0,0,0
06-10 12:00,29.3,0.0,0.0,14.300000190734863,15.0,0,0,0,0
06-10 13:00,26.0,0.0,0.0,13.600000381469727,12.399999618530273,0,0,0,0
06-10 14:00,15.2,0.0,0.0,12.800000190734863,2.4000000953674316,0,0,0,0
06-10 15:00,14.6,0.0,0.0,12.199999809265137,2.4000000953674316,0,0,0,0
06-10 16:00,13.4,0.0,0.0,10.800000190734863,2.5999999046325684,0,0,0,0
06-10 17:00,20.3,0.0,0.0,16.799999237060547,3.4000000953674316,0,0,0,0
06-10 18:00,26.8,0.0,0.0,23.299999237060547,3.5,0,0,0,0
06-10 19:00,45.0,0.0,0.0,43.70000076293945,1.2999999523162842,0,0,0,0
06-10 20:00,42.6,0.0,0.0,42.599998474121094,0.0,0,0,0,0
06-10 21:00,39.8,0.0,0.0,39.79999923706055,0.0,0,0,0,0
06-10 22:00,48.1,0.0,0.0,48.099998474121094,0.0,0,0,0,0
06-10 23:00,66.5,0.0,0.0,66.5,0.0,0,0,0,0
07-10 00:00,78.2,0.0,0.0,78.19999694824219,0.0,0,0,0,0
07-10 01:00,85.3,0.0,0.0,85.30000305175781,0.0,0,0,0,0
07-10 02:00,78.9,0.0,0.0,78.9000015258789,0.0,0,0,0,0
07-10 03:00,84.4,0.0,0.0,84.4000015258789,0.0,0,0,0,0
07-10 04:00,95.9,0.0,0.0,96.0,0.0,0,0,0,0
07-10 05:00,94.7,0.0,0.0,94.69999694824219,0.0,0,0,0,0
07-10 06:00,94.7,0.0,0.0,94.69999694824219,0.0,0,0,0,0
07-10 07:00,82.3,0.0,0.0,82.30000305175781,0.0,0,0,0,0
07-10 08:00,61.1,0.0,0.0,61.099998474121094,0.0,0,0,0,0
07-10 09:00,41.8,0.0,0.0,41.79999923706055,0.0,0,0,0,0
07-10 10:00,23.7,0.0,0.0,22.600000381469727,1.100000023841858,0,0,0,0
07-10 11:00,22.5,0.0,0.0,16.5,6.0,0,0,0,0
07-10 12:00,25.5,0.0,0.0,16.899999618530273,8.600000381469727,0,0,0,0
07-10 13:00,23.4,0.0,0.0,16.0,7.400000095367432,0,0,0,0
07-10 14:00,17.1,0.0,0.0,15.899999618530273,1.2000000476837158,0,0,0,0
07-10 15:00,17.4,0.0,0.0,16.200000762939453,1.2000000476837158,0,0,0,0
07-10 16:00,15.5,0.0,0.0,14.300000190734863,1.2000000476837158,0,0,0,0
07-10 17:00,16.2,0.0,0.0,13.800000190734863,2.4000000953674316,0,0,0,0
07-10 18:00,24.4,0.0,0.0,21.899999618530273,2.5,0,0,0,0
07-10 19:00,37.4,0.0,0.0,36.20000076293945,1.2000000476837158,0,0,0,0
07-10 20:00,30.4,0.0,0.0,30.399999618530273,0.0,0,0,0,0
07-10 21:00,28.7,0.0,0.0,28.700000762939453,0.0,0,0,0,0
07-10 22:00,29.5,0.0,0.0,29.600000381469727,0.0,0,0,0,0
07-10 23:00,30.4,0.0,0.0,30.399999618530273,0.0,0,0,0,0
08-10 00:00,34.4,0.0,0.0,34.400001525878906,0.0,0,0,0,0
08-10 01:00,44.9,0.0,0.0,44.900001525878906,0.0,0,0,0,0
08-10 02:00,59.5,0.0,0.0,59.599998474121094,0.0,0,0,0,0
08-10 03:00,68.6,0.0,0.0,68.5999984741211,0.0,0,0,0,0
08-10 04:00,77.1,0.0,0.0,77.0999984741211,0.0,0,0,0,0
08-10 05:00,99.9,0.0,0.0,99.9000015258789,0.0,0,0,0,0
08-10 06:00,103.9,0.0,0.0,103.9000015258789,0.0,0,0,0,0
08-10 07:00,104.1,0.0,0.0,104.0999984741211,0.0,0,0,0,0
08-10 08:00,118.9,0.0,0.0,118.9000015258789,0.0,0,0,0,0
08-10 09:00,105.2,0.0,0.0,102.69999694824219,2.5,0,0,0,0
08-10 10:00,88.9,0.0,0.0,77.0999984741211,11.800000190734863,0,0,0,0
08-10 11:00,141.7,0.0,0.0,60.20000076293945,81.5,0,0,0,0
08-10 12:00,170.9,0.0,0.0,52.79999923706055,118.0999984741211,0,0,0,0
08-10 13:00,154.7,0.0,0.0,51.900001525878906,102.80000305175781,0,0,0,0
08-10 14:00,67.9,0.0,0.0,44.79999923706055,23.100000381469727,0,0,0,0
08-10 15:00,61.9,0.0,0.0,40.20000076293945,21.700000762939453,0,0,0,0
08-10 16:00,55.0,0.0,0.0,30.399999618530273,24.600000381469727,0,0,0,0
08-10 17:00,79.6,0.0,0.0,46.400001525878906,33.20000076293945,0,0,0,0
08-10 18:00,74.0,0.0,0.0,47.400001525878906,26.600000381469727,0,0,0,0
08-10 19:00,73.7,0.0,0.0,62.0,11.699999809265137,0,0,0,0
08-10 20:00,70.7,0.0,0.0,66.9000015258789,3.799999952316284,0,0,0,0
08-10 21:00,67.3,0.0,0.0,67.30000305175781,0.0,0,0,0,0
08-10 22:00,75.5,0.0,0.0,75.5,0.0,0,0,0,0
08-10 23:00,77.9,0.0,0.0,77.9000015258789,0.0,0,0,0,0
09-10 00:00,92.4,0.0,0.0,92.4000015258789,0.0,0,0,0,0
09-10 01:00,103.2,0.0,0.0,103.19999694824219,0.0,0,0,0,0
09-10 02:00,96.2,0.0,0.0,96.19999694824219,0.0,0,0,0,0
09-10 03:00,113.4,0.0,0.0,113.4000015258789,0.0,0,0,0,0
09-10 04:00,139.0,0.0,0.0,139.0,0.0,0,0,0,0
09-10 05:00,161.9,0.0,0.0,161.89999389648438,0.0,0,0,0,0
09-10 06:00,181.8,0.0,0.0,181.8000030517578,0.0,0,0,0,0
09-10 07:00,215.8,0.0,0.0,215.8000030517578,0.0,0,0,0,0
09-10 08:00,197.8,0.0,0.0,197.8000030517578,0.0,0,0,0,0
09-10 09:00,186.5,0.0,0.0,184.0,2.5,0,0,0,0
09-10 10:00,156.8,0.0,0.0,145.60000610351562,11.199999809265137,0,0,0,0
09-10 11:00,203.4,0.0,0.0,121.80000305175781,81.5999984741211,0,0,0,0
09-10 12:00,221.4,0.0,0.0,97.0,124.4000015258789,0,0,0,0
09-10 13:00,195.5,0.0,0.0,91.5,104.0,0,0,0,0
09-10 14:00,111.0,0.0,0.0,85.5999984741211,25.399999618530273,0,0,0,0
09-10 15:00,89.2,0.0,0.0,68.0999984741211,21.100000381469727,0,0,0,0
09-10 16:00,84.9,0.0,0.0,60.5,24.399999618530273,0,0,0,0
09-10 17:00,97.1,0.0,0.0,66.0999984741211,31.0,0,0,0,0
09-10 18:00,112.8,0.0,0.0,83.30000305175781,29.399999618530273,0,0,0,0
09-10 19:00,99.3,0.0,0.0,88.19999694824219,11.100000381469727,0,0,0,0
09-10 20:00,103.9,0.0,0.0,99.9000015258789,4.0,0,0,0,0
09-10 21:00,98.5,0.0,0.0,98.5,0.0,0,0,0,0
09-10 22:00,99.5,0.0,0.0,99.5,0.0,0,0,0,0
09-10 23:00,105.7,0.0,0.0,105.69999694824219,0.0,0,0,0,0
10-10 00:00,121.9,0.0,0.0,121.9000015258789,0.0,0,0,0,0
10-10 01:00,122.5,0.0,0.0,122.5,0.0,0,0,0,0
10-10 02:00,130.7,0.0,0.0,130.6999969482422,0.0,0,0,0,0
10-10 03:00,140.4,0.0,0.0,140.39999389648438,0.0,0,0,0,0
10-10 04:00,167.6,0.0,0.0,167.60000610351562,0.0,0,0,0,0
10-10 05:00,206.6,0.0,0.0,206.60000610351562,0.0,0,0,0,0
10-10 06:00,247.0,0.0,0.0,247.0,0.0,0,0,0,0
10-10 07:00,266.7,0.0,0.0,266.70001220703125,0.0,0,0,0,0
10-10 08:00,250.0,0.0,0.0,250.0,0.0,0,0,0,0
10-10 09:00,229.9,0.0,0.0,227.5,2.4000000953674316,0,0,0,0
10-10 10:00,195.3,0.0,0.0,184.0,11.300000190734863,0,0,0,0
10-10 11:00,233.6,0.0,0.0,153.39999389648438,80.19999694824219,0,0,0,0
10-10 12:00,236.6,0.0,0.0,124.19999694824219,112.4000015258789,0,0,0,0
10-10 13:00,216.2,0.0,0.0,117.0,99.19999694824219,0,0,0,0
10-10 14:00,138.2,0.0,0.0,113.30000305175781,24.899999618530273,0,0,0,0
10-10 15:00,117.7,0.0,0.0,95.9000015258789,21.799999237060547,0,0,0,0
10-10 16:00,109.4,0.0,0.0,84.19999694824219,25.200000762939453,0,0,0,0
10-10 17:00,113.0,0.0,0.0,80.0,33.0,0,0,0,0
10-10 18:00,129.9,0.0,0.0,102.0999984741211,27.799999237060547,0,0,0,0
10-10 19:00,116.0,0.0,0.0,105.5999984741211,10.399999618530273,0,0,0,0
10-10 20:00,120.5,0.0,0.0,116.80000305175781,3.700000047683716,0,0,0,0
10-10 21:00,122.6,0.0,0.0,122.5999984741211,0.0,0,0,0,0
10-10 22:00,114.5,0.0,0.0,114.5,0.0,0,0,0,0
10-10 23:00,132.1,0.0,0.0,132.10000610351562,0.0,0,0,0,0
11-10 00:00,125.4,0.0,0.0,125.4000015258789,0.0,0,0,0,0
11-10 01:00,137.6,0.0,0.0,137.60000610351562,0.0,0,0,0,0
11-10 02:00,132.6,0.0,0.0,132.60000610351562,0.0,0,0,0,0
11-10 03:00,133.4,0.0,0.0,133.39999389648438,0.0,0,0,0,0
11-10 04:00,149.8,0.0,0.0,149.8000030517578,0.0,0,0,0,0
11-10 05:00,176.5,0.0,0.0,176.5,0.0,0,0,0,0
11-10 06:00,186.8,0.0,0.0,186.8000030517578,0.0,0,0,0,0
11-10 07:00,198.0,0.0,0.0,198.0,0.0,0,0,0,0
11-10 08:00,220.9,0.0,0.0,220.89999389648438,0.0,0,0,0,0
11-10 09:00,205.6,0.0,0.0,203.1999969482422,2.4000000953674316,0,0,0,0
11-10 10:00,194.1,0.0,0.0,182.89999389648438,11.199999809265137,0,0,0,0
11-10 11:00,214.7,0.0,0.0,141.5,73.19999694824219,0,0,0,0
11-10 12:00,252.2,0.0,0.0,129.89999389648438,122.4000015258789,0,0,0,0
11-10 13:00,203.6,0.0,0.0,108.30000305175781,95.30000305175781,0,0,0,0
11-10 14:00,137.5,0.0,0.0,112.0,25.399999618530273,0,0,0,0
11-10 15:00,126.4,0.0,0.0,102.5999984741211,23.799999237060547,0,0,0,0
11-10 16:00,99.9,0.0,0.0,75.19999694824219,24.700000762939453,0,0,0,0
11-10 17:00,113.5,0.0,0.0,81.0999984741211,32.400001525878906,0,0,0,0
11-10 18:00,95.9,0.0,0.0,67.5,28.399999618530273,0,0,0,0
11-10 19:00,77.8,0.0,0.0,66.80000305175781,11.0,0,0,0,0
11-10 20:00,87.7,0.0,0.0,84.19999694824219,3.5,0,0,0,0
11-10 21:00,98.6,0.0,0.0,98.5999984741211,0.0,0,0,0,0
11-10 22:00,81.3,0.0,0.0,81.30000305175781,0.0,0,0,0,0
11-10 23:00,70.4,0.0,0.0,70.4000015258789,0.0,0,0,0,0
12-10 00:00,78.5,0.0,0.0,78.5,0.0,0,0,0,0
12-10 01:00,92.1,0.0,0.0,92.0999984741211,0.0,0,0,0,0
12-10 02:00,109.7,0.0,0.0,109.69999694824219,0.0,0,0,0,0
12-10 03:00,115.5,0.0,0.0,115.5,0.0,0,0,0,0
12-10 04:00,128.4,0.0,0.0,128.39999389648438,0.0,0,0,0,0
12-10 05:00,152.3,0.0,0.0,152.3000030517578,0.0,0,0,0,0
12-10 06:00,169.6,0.0,0.0,169.60000610351562,0.0,0,0,0,0
12-10 07:00,181.6,0.0,0.0,181.60000610351562,0.0,0,0,0,0
12-10 08:00,188.6,0.0,0.0,188.60000610351562,0.0,0,0,0,0
12-10 09:00,184.2,0.0,0.0,181.6999969482422,2.5999999046325684,0,0,0,0
12-10 10:00,162.0,0.0,0.0,151.1999969482422,10.800000190734863,0,0,0,0
12-10 11:00,227.4,0.0,0.0,146.89999389648438,80.5,0,0,0,0
12-10 12:00,232.5,0.0,0.0,119.69999694824219,112.80000305175781,0,0,0,0
12-10 13:00,211.0,0.0,0.0,112.5,98.5,0,0,0,0
12-10 14:00,129.2,0.0,0.0,104.0,25.200000762939453,0,0,0,0
12-10 15:00,120.5,0.0,0.0,98.19999694824219,22.299999237060547,0,0,0,0
12-10 16:00,105.2,0.0,0.0,81.9000015258789,23.299999237060547,0,0,0,0
12-10 17:00,111.6,0.0,0.0,78.80000305175781,32.79999923706055,0,0,0,0
12-10 18:00,110.7,0.0,0.0,81.9000015258789,28.799999237060547,0,0,0,0
12-10 19:00,101.3,0.0,0.0,90.0,11.199999809265137,0,0,0,0
12-10 20:00,99.0,0.0,0.0,95.19999694824219,3.799999952316284,0,0,0,0
12-10 21:00,106.4,0.0,0.0,106.4000015258789,0.0,0,0,0,0
12-10 22:00,126.7,0.0,0.0,126.69999694824219,0.0,0,0,0,0
12-10 23:00,112.8,0.0,0.0,112.80000305175781,0.0,0,0,0,0
13-10 00:00,108.5,0.0,0.0,108.5,0.0,0,0,0,0
13-10 01:00,118.7,0.0,0.0,118.69999694824219,0.0,0,0,0,0
13-10 02:00,123.5,0.0,0.0,123.5,0.0,0,0,0,0
13-10 03:00,124.2,0.0,0.0,124.19999694824219,0.0,0,0,0,0
13-10 04:00,143.0,0.0,0.0,143.0,0.0,0,0,0,0
13-10 05:00,149.4,0.0,0.0,149.39999389648438,0.0,0,0,0,0
13-10 06:00,139.9,0.0,0.0,139.89999389648438,0.0,0,0,0,0
13-10 07:00,135.9,0.0,0.0,135.89999389648438,0.0,0,0,0,0
13-10 08:00,158.5,0.0,0.0,158.5,0.0,0,0,0,0
13-10 09:00,117.5,0.0,0.0,117.5,0.0,0,0,0,0
13-10 10:00,79.1,0.0,0.0,78.0,1.100000023841858,0,0,0,0
13-10 11:00,82.4,0.0,0.0,73.30000305175781,9.100000381469727,0,0,0,0
13-10 12:00,85.5,0.0,0.0,70.80000305175781,14.699999809265137,0,0,0,0
13-10 13:00,74.8,0.0,0.0,63.5,11.300000190734863,0,0,0,0
13-10 14:00,75.3,0.0,0.0,72.5999984741211,2.5999999046325684,0,0,0,0
13-10 15:00,69.9,0.0,0.0,67.4000015258789,2.5,0,0,0,0
13-10 16:00,63.9,0.0,0.0,61.599998474121094,2.299999952316284,0,0,0,0
13-10 17:00,104.2,0.0,0.0,100.4000015258789,3.799999952316284,0,0,0,0
13-10 18:00,104.9,0.0,0.0,101.0999984741211,3.799999952316284,0,0,0,0
13-10 19:00,99.3,0.0,0.0,98.0999984741211,1.2000000476837158,0,0,0,0
13-10 20:00,93.8,0.0,0.0,93.80000305175781,0.0,0,0,0,0
13-10 21:00,91.0,0.0,0.0,91.0,0.0,0,0,0,0
13-10 22:00,101.9,0.0,0.0,101.9000015258789,0.0,0,0,0,0
13-10 23:00,92.8,0.0,0.0,92.80000305175781,0.0,0,0,0,0
14-10 00:00,78.0,0.0,0.0,78.0,0.0,0,0,0,0
14-10 01:00,73.8,0.0,0.0,73.80000305175781,0.0,0,0,0,0
14-10 02:00,73.1,0.0,0.0,73.0999984741211,0.0,0,0,0,0
14-10 03:00,65.9,0.0,0.0,65.9000015258789,0.0,0,0,0,0
14-10 04:00,60.1,0.0,0.0,60.099998474121094,0.0,0,0,0,0
14-10 05:00,79.1,0.0,0.0,79.0,0.0,0,0,0,0
14-10 06:00,61.9,0.0,0.0,61.900001525878906,0.0,0,0,0,0
14-10 07:00,71.7,0.0,0.0,71.5999984741211,0.0,0,0,0,0
14-10 08:00,74.7,0.0,0.0,74.69999694824219,0.0,0,0,0,0
14-10 09:00,59.6,0.0,0.0,59.599998474121094,0.0,0,0,0,0
14-10 10:00,61.1,0.0,0.0,59.900001525878906,1.2000000476837158,0,0,0,0
14-10 11:00,61.9,0.0,0.0,55.400001525878906,6.599999904632568,0,0,0,0
14-10 12:00,51.3,0.0,0.0,42.79999923706055,8.5,0,0,0,0
14-10 13:00,51.1,0.0,0.0,43.599998474121094,7.599999904632568,0,0,0,0
14-10 14:00,34.1,0.0,0.0,32.900001525878906,1.2000000476837158,0,0,0,0
14-10 15:00,35.8,0.0,0.0,34.599998474121094,1.2000000476837158,0,0,0,0
14-10 16:00,33.5,0.0,0.0,32.29999923706055,1.2000000476837158,0,0,0,0
14-10 17:00,45.4,0.0,0.0,42.79999923706055,2.5999999046325684,0,0,0,0
14-10 18:00,41.4,0.0,0.0,39.0,2.4000000953674316,0,0,0,0
14-10 19:00,40.6,0.0,0.0,39.400001525878906,1.2000000476837158,0,0,0,0
14-10 20:00,41.4,0.0,0.0,41.400001525878906,0.0,0,0,0,0
14-10 21:00,46.9,0.0,0.0,46.900001525878906,0.0,0,0,0,0
14-10 22:00,39.4,0.0,0.0,39.400001525878906,0.0,0,0,0,0
14-10 23:00,39.5,0.0,0.0,39.599998474121094,0.0,0,0,0,0
15-10 00:00,49.7,0.0,0.0,49.599998474121094,0.0,0,0,0,0
15-10 01:00,40.8,0.0,0.0,40.79999923706055,0.0,0,0,0,0
15-10 02:00,41.4,0.0,0.0,41.400001525878906,0.0,0,0,0,0
15-10 03:00,45.9,0.0,0.0,45.900001525878906,0.0,0,0,0,0
15-10 04:00,66.9,0.0,0.0,66.9000015258789,0.0,0,0,0,0
15-10 05:00,97.6,0.0,0.0,97.5999984741211,0.0,0,0,0,0
15-10 06:00,101.4,0.0,0.0,101.4000015258789,0.0,0,0,0,0
15-10 07:00,121.0,0.0,0.0,121.0,0.0,0,0,0,0
15-10 08:00,126.3,0.0,0.0,126.30000305175781,0.0,0,0,0,0
15-10 09:00,118.1,0.0,0.0,115.69999694824219,2.4000000953674316,0,0,0,0
15-10 10:00,96.0,0.0,0.0,86.0999984741211,9.899999618530273,0,0,0,0
15-10 11:00,159.4,0.0,0.0,80.9000015258789,78.5,0,0,0,0
15-10 12:00,227.4,0.0,0.0,93.0999984741211,134.3000030517578,0,0,0,0
15-10 13:00,199.2,0.0,0.0,97.19999694824219,102.0,0,0,0,0
15-10 14:00,117.9,0.0,0.0,93.0,24.899999618530273,0,0,0,0
15-10 15:00,115.2,0.0,0.0,92.80000305175781,22.399999618530273,0,0,0,0
15-10 16:00,98.8,0.0,0.0,73.19999694824219,25.600000381469727,0,0,0,0
15-10 17:00,117.3,0.0,0.0,84.0,33.29999923706055,0,0,0,0
15-10 18:00,99.7,0.0,0.0,73.30000305175781,26.399999618530273,0,0,0,0
15-10 19:00,89.1,0.0,0.0,78.0999984741211,11.0,0,0,0,0
15-10 20:00,96.5,0.0,0.0,92.80000305175781,3.700000047683716,0,0,0,0
15-10 21:00,100.8,0.0,0.0,100.80000305175781,0.0,0,0,0,0
15-10 22:00,98.8,0.0,0.0,98.80000305175781,0.0,0,0,0,0
15-10 23:00,98.8,0.0,0.0,98.80000305175781,0.0,0,0,0,0
16-10 00:00,102.9,0.0,0.0,102.9000015258789,0.0,0,0,0,0
16-10 01:00,104.8,0.0,0.0,104.80000305175781,0.0,0,0,0,0
16-10 02:00,105.4,0.0,0.0,105.4000015258789,0.0,0,0,0,0
16-10 03:00,117.9,0.0,0.0,117.9000015258789,0.0,0,0,0,0
16-10 04:00,138.7,0.0,0.0,138.6999969482422,0.0,0,0,0,0
16-10 05:00,165.0,0.0,0.0,165.0,0.0,0,0,0,0
16-10 06:00,178.1,0.0,0.0,178.10000610351562,0.0,0,0,0,0
16-10 07:00,187.5,0.0,0.0,187.5,0.0,0,0,0,0
16-10 08:00,206.3,0.0,0.0,206.3000030517578,0.0,0,0,0,0
16-10 09:00,198.1,0.0,0.0,195.5,2.5999999046325684,0,0,0,0
16-10 10:00,167.0,0.0,0.0,155.8000030517578,11.199999809265137,0,0,0,0
16-10 11:00,206.8,0.0,0.0,130.60000610351562,76.19999694824219,0,0,0,0
16-10 12:00,256.0,0.0,0.0,131.39999389648438,124.5999984741211,0,0,0,0
16-10 13:00,222.4,0.0,0.0,118.19999694824219,104.19999694824219,0,0,0,0
16-10 14:00,122.9,0.0,0.0,100.19999694824219,22.700000762939453,0,0,0,0
16-10 15:00,127.4,0.0,0.0,105.19999694824219,22.200000762939453,0,0,0,0
16-10 16:00,109.7,0.0,0.0,85.4000015258789,24.399999618530273,0,0,0,0
16-10 17:00,116.3,0.0,0.0,82.0,34.29999923706055,0,0,0,0
16-10 18:00,107.6,0.0,0.0,79.5,28.100000381469727,0,0,0,0
16-10 19:00,90.5,0.0,0.0,79.5,11.0,0,0,0,0
16-10 20:00,85.9,0.0,0.0,82.0,3.9000000953674316,0,0,0,0
16-10 21:00,75.0,0.0,0.0,75.0,0.0,0,0,0,0
16-10 22:00,81.1,0.0,0.0,81.0999984741211,0.0,0,0,0,0
16-10 23:00,82.4,0.0,0.0,82.4000015258789,0.0,0,0,0,0
17-10 00:00,78.9,0.0,0.0,78.9000015258789,0.0,0,0,0,0
17-10 01:00,79.6,0.0,0.0,79.5999984741211,0.0,0,0,0,0
17-10 02:00,79.3,0.0,0.0,79.30000305175781,0.0,0,0,0,0
17-10 03:00,79.3,0.0,0.0,79.30000305175781,0.0,0,0,0,0
17-10 04:00,98.7,0.0,0.0,98.69999694824219,0.0,0,0,0,0
17-10 05:00,139.3,0.0,0.0,139.3000030517578,0.0,0,0,0,0
17-10 06:00,171.1,0.0,0.0,171.0,0.0,0,0,0,0
17-10 07:00,162.8,0.0,0.0,162.8000030517578,0.0,0,0,0,0
17-10 08:00,167.8,0.0,0.0,167.8000030517578,0.0,0,0,0,0
17-10 09:00,175.9,0.0,0.0,173.1999969482422,2.700000047683716,0,0,0,0
17-10 10:00,143.7,0.0,0.0,132.6999969482422,11.0,0,0,0,0
17-10 11:00,217.1,0.0,0.0,129.5,87.5999984741211,0,0,0,0
17-10 12:00,223.8,0.0,0.0,102.69999694824219,121.0999984741211,0,0,0,0
17-10 13:00,188.1,0.0,0.0,92.80000305175781,95.30000305175781,0,0,0,0
17-10 14:00,122.3,0.0,0.0,96.80000305175781,25.5,0,0,0,0
17-10 15:00,105.4,0.0,0.0,83.4000015258789,22.0,0,0,0,0
17-10 16:00,88.7,0.0,0.0,65.19999694824219,23.5,0,0,0,0
17-10 17:00,96.9,0.0,0.0,63.900001525878906,33.0,0,0,0,0
17-10 18:00,84.4,0.0,0.0,56.79999923706055,27.600000381469727,0,0,0,0
17-10 19:00,77.7,0.0,0.0,66.5999984741211,11.100000381469727,0,0,0,0
17-10 20:00,64.5,0.0,0.0,61.0,3.5,0,0,0,0
17-10 21:00,73.6,0.0,0.0,73.5999984741211,0.0,0,0,0,0
17-10 22:00,70.7,0.0,0.0,70.69999694824219,0.0,0,0,0,0
17-10 23:00,73.9,0.0,0.0,73.9000015258789,0.0,0,0,0,0
18-10 00:00,59.1,0.0,0.0,59.099998474121094,0.0,0,0,0,0
18-10 01:00,64.1,0.0,0.0,64.0,0.0,0,0,0,0
18-10 02:00,59.2,0.0,0.0,59.20000076293945,0.0,0,0,0,0
18-10 03:00,71.0,0.0,0.0,71.0,0.0,0,0,0,0
18-10 04:00,78.5,0.0,0.0,78.5,0.0,0,0,0,0
18-10 05:00,99.1,0.0,0.0,99.0999984741211,0.0,0,0,0,0
18-10 06:00,110.4,0.0,0.0,110.4000015258789,0.0,0,0,0,0
18-10 07:00,122.7,0.0,0.0,122.69999694824219,0.0,0,0,0,0
18-10 08:00,111.6,0.0,0.0,111.5999984741211,0.0,0,0,0,0
18-10 09:00,117.5,0.0,0.0,114.9000015258789,2.5999999046325684,0,0,0,0
18-10 10:00,93.8,0.0,0.0,82.4000015258789,11.399999618530273,0,0,0,0
18-10 11:00,154.2,0.0,0.0,70.5,83.69999694824219,0,0,0,0
18-10 12:00,168.7,0.0,0.0,52.29999923706055,116.4000015258789,0,0,0,0
18-10 13:00,156.1,0.0,0.0,52.5,103.5999984741211,0,0,0,0
18-10 14:00,75.9,0.0,0.0,50.099998474121094,25.799999237060547,0,0,0,0
18-10 15:00,65.0,0.0,0.0,42.29999923706055,22.700000762939453,0,0,0,0
18-10 16:00,62.8,0.0,0.0,38.29999923706055,24.5,0,0,0,0
18-10 17:00,83.9,0.0,0.0,48.79999923706055,35.099998474121094,0,0,0,0
18-10 18:00,81.1,0.0,0.0,51.79999923706055,29.299999237060547,0,0,0,0
18-10 19:00,59.0,0.0,0.0,48.29999923706055,10.699999809265137,0,0,0,0
18-10 20:00,62.2,0.0,0.0,58.400001525878906,3.799999952316284,0,0,0,0
18-10 21:00,57.8,0.0,0.0,57.79999923706055,0.0,0,0,0,0
18-10 22:00,62.7,0.0,0.0,62.70000076293945,0.0,0,0,0,0
18-10 23:00,65.5,0.0,0.0,65.5,0.0,0,0,0,0
19-10 00:00,58.0,0.0,0.0,58.0,0.0,0,0,0,0
19-10 01:00,59.1,0.0,0.0,59.099998474121094,0.0,0,0,0,0
19-10 02:00,67.2,0.0,0.0,67.19999694824219,0.0,0,0,0,0
19-10 03:00,66.2,0.0,0.0,66.19999694824219,0.0,0,0,0,0
19-10 04:00,80.2,0.0,0.0,80.19999694824219,0.0,0,0,0,0
19-10 05:00,86.3,0.0,0.0,86.30000305175781,0.0,0,0,0,0
19-10 06:00,91.3,0.0,0.0,91.30000305175781,0.0,0,0,0,0
19-10 07:00,114.1,0.0,0.0,114.0,0.0,0,0,0,0
19-10 08:00,97.6,0.0,0.0,97.5999984741211,0.0,0,0,0,0
19-10 09:00,88.5,0.0,0.0,86.0,2.4000000953674316,0,0,0,0
19-10 10:00,86.6,0.0,0.0,75.0,11.600000381469727,0,0,0,0
19-10 11:00,131.6,0.0,0.0,51.79999923706055,79.80000305175781,0,0,0,0
19-10 12:00,170.2,0.0,0.0,42.5,127.69999694824219,0,0,0,0
19-10 13:00,145.5,0.0,0.0,39.70000076293945,105.80000305175781,0,0,0,0
19-10 14:00,63.0,0.0,0.0,37.20000076293945,25.799999237060547,0,0,0,0
19-10 15:00,49.4,0.0,0.0,28.600000381469727,20.799999237060547,0,0,0,0
19-10 16:00,47.6,0.0,0.0,22.799999237060547,24.799999237060547,0,0,0,0
19-10 17:00,45.6,0.0,0.0,15.100000381469727,30.5,0,0,0,0
19-10 18:00,40.4,0.0,0.0,13.0,27.399999618530273,0,0,0,0
19-10 19:00,23.0,0.0,0.0,12.600000381469727,10.399999618530273,0,0,0,0
19-10 20:00,15.5,0.0,0.0,12.0,3.5999999046325684,0,0,0,0
19-10 21:00,12.3,0.0,0.0,12.300000190734863,0.0,0,0,0,0
19-10 22:00,20.9,0.0,0.0,20.899999618530273,0.0,0,0,0,0
19-10 23:00,19.7,0.0,0.0,19.700000762939453,0.0,0,0,0,0
20-10 00:00,1.9,0.0,0.0,1.899999976158142,0.0,0,0,0,0
20-10 01:00,10.2,0.0,0.0,10.199999809265137,0.0,0,0,0,0
20-10 02:00,10.2,0.0,0.0,10.199999809265137,0.0,0,0,0,0
20-10 03:00,9.9,0.0,0.0,9.899999618530273,0.0,0,0,0,0
20-10 04:00,17.9,0.0,0.0,17.899999618530273,0.0,0,0,0,0
20-10 05:00,19.1,0.0,0.0,19.100000381469727,0.0,0,0,0,0
20-10 06:00,20.7,0.0,0.0,20.700000762939453,0.0,0,0,0,0
20-10 07:00,20.1,0.0,0.0,20.100000381469727,0.0,0,0,0,0
20-10 08:00,11.6,0.0,0.0,11.600000381469727,0.0,0,0,0,0
20-10 09:00,3.3,0.0,0.0,3.299999952316284,0.0,0,0,0,0
20-10 10:00,4.2,0.0,0.0,3.0,1.2000000476837158,0,0,0,0
20-10 11:00,12.6,0.0,0.0,2.9000000953674316,9.699999809265137,0,0,0,0
20-10 12:00,17.8,0.0,0.0,2.9000000953674316,14.899999618530273,0,0,0,0
20-10 13:00,14.5,0.0,0.0,2.700000047683716,11.800000190734863,0,0,0,0
20-10 14:00,5.2,0.0,0.0,2.700000047683716,2.5,0,0,0,0
20-10 15:00,4.7,0.0,0.0,2.4000000953674316,2.299999952316284,0,0,0,0
20-10 16:00,4.7,0.0,0.0,2.200000047683716,2.5,0,0,0,0
20-10 17:00,6.2,0.0,0.0,2.200000047683716,4.0,0,0,0,0
20-10 18:00,5.2,0.0,0.0,1.600000023841858,3.5999999046325684,0,0,0,0
20-10 19:00,3.0,0.0,0.0,1.7000000476837158,1.2999999523162842,0,0,0,0
20-10 20:00,1.9,0.0,0.0,1.899999976158142,0.0,0,0,0,0
20-10 21:00,1.7,0.0,0.0,1.7000000476837158,0.0,0,0,0,0
20-10 22:00,1.8,0.0,0.0,1.7999999523162842,0.0,0,0,0,0
20-10 23:00,1.9,0.0,0.0,1.899999976158142,0.0,0,0,0,0
21-10 00:00,8.7,0.0,0.0,8.699999809265137,0.0,0,0,0,0
21-10 01:00,9.0,0.0,0.0,9.0,0.0,0,0,0,0
21-10 02:00,9.1,0.0,0.0,9.100000381469727,0.0,0,0,0,0
21-10 03:00,8.9,0.0,0.0,8.899999618530273,0.0,0,0,0,0
21-10 04:00,10.0,0.0,0.0,10.0,0.0,0,0,0,0
21-10 05:00,9.6,0.0,0.0,9.600000381469727,0.0,0,0,0,0
21-10 06:00,11.0,0.0,0.0,11.0,0.0,0,0,0,0
21-10 07:00,11.5,0.0,0.0,11.5,0.0,0,0,0,0
21-10 08:00,13.4,0.0,0.0,13.399999618530273,0.0,0,0,0,0
21-10 09:00,11.1,0.0,0.0,11.100000381469727,0.0,0,0,0,0
21-10 10:00,12.3,0.0,0.0,11.0,1.2999999523162842,0,0,0,0
21-10 11:00,16.0,0.0,0.0,10.100000381469727,5.900000095367432,0,0,0,0
21-10 12:00,34.5,0.0,0.0,26.0,8.5,0,0,0,0
21-10 13:00,35.4,0.0,0.0,27.600000381469727,7.900000095367432,0,0,0,0
21-10 14:00,27.2,0.0,0.0,26.0,1.2000000476837158,0,0,0,0
21-10 15:00,25.3,0.0,0.0,24.200000762939453,1.2000000476837158,0,0,0,0
21-10 16:00,33.3,0.0,0.0,32.099998474121094,1.2000000476837158,0,0,0,0
21-10 17:00,36.1,0.0,0.0,33.599998474121094,2.5,0,0,0,0
21-10 18:00,71.7,0.0,0.0,69.0,2.5999999046325684,0,0,0,0
21-10 19:00,67.7,0.0,0.0,66.4000015258789,1.2999999523162842,0,0,0,0
21-10 20:00,64.5,0.0,0.0,64.5,0.0,0,0,0,0
21-10 21:00,72.5,0.0,0.0,72.5,0.0,0,0,0,0
21-10 22:00,72.5,0.0,0.0,72.5,0.0,0,0,0,0
21-10 23:00,74.5,0.0,0.0,74.5,0.0,0,0,0,0
22-10 00:00,93.0,0.0,0.0,93.0,0.0,0,0,0,0
22-10 01:00,106.1,0.0,0.0,106.0999984741211,0.0,0,0,0,0
22-10 02:00,103.8,0.0,0.0,103.80000305175781,0.0,0,0,0,0
22-10 03:00,111.8,0.0,0.0,111.80000305175781,0.0,0,0,0,0
22-10 04:00,128.4,0.0,0.0,128.39999389648438,0.0,0,0,0,0
22-10 05:00,172.7,0.0,0.0,172.6999969482422,0.0,0,0,0,0
22-10 06:00,197.2,0.0,0.0,197.1999969482422,0.0,0,0,0,0
22-10 07:00,209.4,0.0,0.0,209.39999389648438,0.0,0,0,0,0
22-10 08:00,218.2,0.0,0.0,218.1999969482422,0.0,0,0,0,0
22-10 09:00,226.2,0.0,0.0,223.60000610351562,2.5999999046325684,0,0,0,0
22-10 10:00,202.3,0.0,0.0,191.0,11.300000190734863,0,0,0,0
22-10 11:00,267.0,0.0,0.0,181.10000610351562,85.9000015258789,0,0,0,0
22-10 12:00,284.1,0.0,0.0,160.6999969482422,123.4000015258789,0,0,0,0
22-10 13:00,255.4,0.0,0.0,150.10000610351562,105.30000305175781,0,0,0,0
22-10 14:00,161.5,0.0,0.0,138.10000610351562,23.399999618530273,0,0,0,0
22-10 15:00,162.1,0.0,0.0,139.89999389648438,22.200000762939453,0,0,0,0
22-10 16:00,141.2,0.0,0.0,116.80000305175781,24.399999618530273,0,0,0,0
22-10 17:00,127.6,0.0,0.0,96.0,31.600000381469727,0,0,0,0
22-10 18:00,122.5,0.0,0.0,95.5,27.0,0,0,0,0
22-10 19:00,118.4,0.0,0.0,107.4000015258789,11.0,0,0,0,0
22-10 20:00,103.3,0.0,0.0,99.80000305175781,3.5,0,0,0,0
22-10 21:00,111.5,0.0,0.0,111.5,0.0,0,0,0,0
22-10 22:00,110.4,0.0,0.0,110.4000015258789,0.0,0,0,0,0
22-10 23:00,98.7,0.0,0.0,98.69999694824219,0.0,0,0,0,0
23-10 00:00,108.1,0.0,0.0,108.0999984741211,0.0,0,0,0,0
23-10 01:00,108.1,0.0,0.0,108.0999984741211,0.0,0,0,0,0
23-10 02:00,104.2,0.0,0.0,104.19999694824219,0.0,0,0,0,0
23-10 03:00,121.6,0.0,0.0,121.5999984741211,0.0,0,0,0,0
23-10 04:00,130.4,0.0,0.0,130.39999389648438,0.0,0,0,0,0
23-10 05:00,175.1,0.0,0.0,175.10000610351562,0.0,0,0,0,0
23-10 06:00,188.6,0.0,0.0,188.60000610351562,0.0,0,0,0,0
23-10 07:00,232.3,0.0,0.0,232.3000030517578,0.0,0,0,0,0
23-10 08:00,247.2,0.0,0.0,247.1999969482422,0.0,0,0,0,0
23-10 09:00,208.6,0.0,0.0,206.3000030517578,2.4000000953674316,0,0,0,0
23-10 10:00,195.9,0.0,0.0,184.8000030517578,11.100000381469727,0,0,0,0
23-10 11:00,269.0,0.0,0.0,181.39999389648438,87.5999984741211,0,0,0,0
23-10 12:00,264.8,0.0,0.0,145.0,119.80000305175781,0,0,0,0
23-10 13:00,239.6,0.0,0.0,139.3000030517578,100.30000305175781,0,0,0,0
23-10 14:00,164.8,0.0,0.0,139.10000610351562,25.700000762939453,0,0,0,0
23-10 15:00,149.1,0.0,0.0,125.69999694824219,23.399999618530273,0,0,0,0
23-10 16:00,124.2,0.0,0.0,100.5,23.700000762939453,0,0,0,0
23-10 17:00,156.9,0.0,0.0,122.5,34.400001525878906,0,0,0,0
23-10 18:00,156.7,0.0,0.0,126.30000305175781,30.399999618530273,0,0,0,0
23-10 19:00,125.2,0.0,0.0,114.4000015258789,10.800000190734863,0,0,0,0
23-10 20:00,129.9,0.0,0.0,126.0999984741211,3.799999952316284,0,0,0,0
23-10 21:00,121.2,0.0,0.0,121.19999694824219,0.0,0,0,0,0
23-10 22:00,126.1,0.0,0.0,126.0999984741211,0.0,0,0,0,0
23-10 23:00,126.1,0.0,0.0,126.0999984741211,0.0,0,0,0,0
24-10 00:00,118.6,0.0,0.0,118.5999984741211,0.0,0,0,0,0
24-10 01:00,130.4,0.0,0.0,130.39999389648438,0.0,0,0,0,0
24-10 02:00,133.6,0.0,0.0,133.60000610351562,0.0,0,0,0,0
24-10 03:00,121.4,0.0,0.0,121.4000015258789,0.0,0,0,0,0
24-10 04:00,175.6,0.0,0.0,175.60000610351562,0.0,0,0,0,0
24-10 05:00,208.1,0.0,0.0,208.10000610351562,0.0,0,0,0,0
24-10 06:00,234.7,0.0,0.0,234.6999969482422,0.0,0,0,0,0
24-10 07:00,282.7,0.0,0.0,282.70001220703125,0.0,0,0,0,0
24-10 08:00,288.4,0.0,0.0,288.3999938964844,0.0,0,0,0,0
24-10 09:00,265.9,0.0,0.0,263.20001220703125,2.700000047683716,0,0,0,0
24-10 10:00,196.6,0.0,0.0,185.8000030517578,10.800000190734863,0,0,0,0
24-10 11:00,255.1,0.0,0.0,171.39999389648438,83.69999694824219,0,0,0,0
24-10 12:00,284.9,0.0,0.0,158.60000610351562,126.30000305175781,0,0,0,0
24-10 13:00,235.0,0.0,0.0,135.5,99.5,0,0,0,0
24-10 14:00,150.9,0.0,0.0,127.0,24.0,0,0,0,0
24-10 15:00,134.2,0.0,0.0,112.5999984741211,21.600000381469727,0,0,0,0
24-10 16:00,126.1,0.0,0.0,101.0999984741211,25.0,0,0,0,0
24-10 17:00,137.5,0.0,0.0,102.4000015258789,35.099998474121094,0,0,0,0
24-10 18:00,130.9,0.0,0.0,101.0,29.899999618530273,0,0,0,0
24-10 19:00,121.9,0.0,0.0,110.9000015258789,11.0,0,0,0,0
24-10 20:00,117.5,0.0,0.0,113.9000015258789,3.5999999046325684,0,0,0,0
24-10 21:00,118.6,0.0,0.0,118.5999984741211,0.0,0,0,0,0
24-10 22:00,117.4,0.0,0.0,117.4000015258789,0.0,0,0,0,0
24-10 23:00,116.8,0.0,0.0,116.80000305175781,0.0,0,0,0,0
25-10 00:00,120.6,0.0,0.0,120.5999984741211,0.0,0,0,0,0
25-10 01:00,124.8,0.0,0.0,124.80000305175781,0.0,0,0,0,0
25-10 02:00,126.6,0.0,0.0,126.5999984741211,0.0,0,0,0,0
25-10 03:00,143.7,0.0,0.0,143.6999969482422,0.0,0,0,0,0
25-10 04:00,175.5,0.0,0.0,175.5,0.0,0,0,0,0
25-10 05:00,223.5,0.0,0.0,223.5,0.0,0,0,0,0
25-10 06:00,242.6,0.0,0.0,242.60000610351562,0.0,0,0,0,0
25-10 07:00,267.6,0.0,0.0,267.6000061035156,0.0,0,0,0,0
25-10 08:00,268.4,0.0,0.0,268.3999938964844,0.0,0,0,0,0
25-10 09:00,227.7,0.0,0.0,225.39999389648438,2.4000000953674316,0,0,0,0
25-10 10:00,204.2,0.0,0.0,193.10000610351562,11.0,0,0,0,0
25-10 11:00,256.4,0.0,0.0,175.8000030517578,80.5999984741211,0,0,0,0
25-10 12:00,278.6,0.0,0.0,159.60000610351562,119.0,0,0,0,0
25-10 13:00,255.7,0.0,0.0,152.0,103.69999694824219,0,0,0,0
25-10 14:00,166.2,0.0,0.0,141.39999389648438,24.799999237060547,0,0,0,0
25-10 15:00,151.6,0.0,0.0,128.8000030517578,22.799999237060547,0,0,0,0
25-10 16:00,138.4,0.0,0.0,113.0,25.600000381469727,0,0,0,0
25-10 17:00,134.4,0.0,0.0,102.30000305175781,32.099998474121094,0,0,0,0
25-10 18:00,130.8,0.0,0.0,102.9000015258789,27.899999618530273,0,0,0,0
25-10 19:00,116.6,0.0,0.0,106.0999984741211,10.5,0,0,0,0
25-10 20:00,115.2,0.0,0.0,111.4000015258789,3.799999952316284,0,0,0,0
25-10 21:00,111.2,0.0,0.0,111.19999694824219,0.0,0,0,0,0
25-10 22:00,120.7,0.0,0.0,120.69999694824219,0.0,0,0,0,0
25-10 23:00,128.6,0.0,0.0,128.60000610351562,0.0,0,0,0,0
26-10 00:00,107.0,0.0,0.0,107.0,0.0,0,0,0,0
26-10 01:00,97.2,0.0,0.0,97.19999694824219,0.0,0,0,0,0
26-10 02:00,101.4,0.0,0.0,101.4000015258789,0.0,0,0,0,0
26-10 03:00,119.2,0.0,0.0,119.19999694824219,0.0,0,0,0,0
26-10 04:00,125.2,0.0,0.0,125.19999694824219,0.0,0,0,0,0
26-10 05:00,142.9,0.0,0.0,143.0,0.0,0,0,0,0
26-10 06:00,155.8,0.0,0.0,155.8000030517578,0.0,0,0,0,0
26-10 07:00,173.8,0.0,0.0,173.8000030517578,0.0,0,0,0,0
26-10 08:00,172.9,0.0,0.0,173.0,0.0,0,0,0,0
26-10 09:00,154.9,0.0,0.0,152.5,2.4000000953674316,0,0,0,0
26-10 10:00,144.3,0.0,0.0,132.6999969482422,11.600000381469727,0,0,0,0
26-10 11:00,214.4,0.0,0.0,124.69999694824219,89.69999694824219,0,0,0,0
26-10 12:00,229.0,0.0,0.0,101.0999984741211,128.0,0,0,0,0
26-10 13:00,195.8,0.0,0.0,93.0,102.9000015258789,0,0,0,0
26-10 14:00,109.3,0.0,0.0,83.19999694824219,26.100000381469727,0,0,0,0
26-10 15:00,90.8,0.0,0.0,68.5999984741211,22.100000381469727,0,0,0,0
26-10 16:00,88.8,0.0,0.0,63.20000076293945,25.600000381469727,0,0,0,0
26-10 17:00,96.0,0.0,0.0,60.400001525878906,35.599998474121094,0,0,0,0
26-10 18:00,89.9,0.0,0.0,60.5,29.399999618530273,0,0,0,0
26-10 19:00,66.4,0.0,0.0,55.79999923706055,10.600000381469727,0,0,0,0
26-10 20:00,72.1,0.0,0.0,68.0999984741211,4.0,0,0,0,0
26-10 21:00,72.9,0.0,0.0,72.9000015258789,0.0,0,0,0,0
26-10 22:00,68.1,0.0,0.0,68.0999984741211,0.0,0,0,0,0
26-10 23:00,57.4,0.0,0.0,57.400001525878906,0.0,0,0,0,0
27-10 00:00,50.2,0.0,0.0,50.20000076293945,0.0,0,0,0,0
27-10 01:00,44.8,0.0,0.0,44.79999923706055,0.0,0,0,0,0
27-10 02:00,52.3,0.0,0.0,52.29999923706055,0.0,0,0,0,0
27-10 03:00,49.3,0.0,0.0,49.29999923706055,0.0,0,0,0,0
27-10 04:00,55.6,0.0,0.0,55.599998474121094,0.0,0,0,0,0
27-10 05:00,57.1,0.0,0.0,57.099998474121094,0.0,0,0,0,0
27-10 06:00,58.5,0.0,0.0,58.5,0.0,0,0,0,0
27-10 07:00,57.5,0.0,0.0,57.400001525878906,0.0,0,0,0,0
27-10 08:00,60.5,0.0,0.0,60.5,0.0,0,0,0,0
27-10 09:00,52.2,0.0,0.0,52.20000076293945,0.0,0,0,0,0
27-10 10:00,45.7,0.0,0.0,44.400001525878906,1.2999999523162842,0,0,0,0
27-10 11:00,44.8,0.0,0.0,34.79999923706055,10.0,0,0,0,0
27-10 12:00,47.9,0.0,0.0,33.400001525878906,14.5,0,0,0,0
27-10 13:00,48.5,0.0,0.0,35.400001525878906,13.100000381469727,0,0,0,0
27-10 14:00,35.5,0.0,0.0,33.0,2.5,0,0,0,0
27-10 15:00,34.0,0.0,0.0,31.600000381469727,2.4000000953674316,0,0,0,0
27-10 16:00,30.4,0.0,0.0,28.0,2.4000000953674316,0,0,0,0
27-10 17:00,31.8,0.0,0.0,28.200000762939453,3.5999999046325684,0,0,0,0
27-10 18:00,29.1,0.0,0.0,25.5,3.5999999046325684,0,0,0,0
27-10 19:00,28.4,0.0,0.0,27.100000381469727,1.2999999523162842,0,0,0,0
27-10 20:00,28.7,0.0,0.0,28.700000762939453,0.0,0,0,0,0
27-10 21:00,27.3,0.0,0.0,27.299999237060547,0.0,0,0,0,0
27-10 22:00,27.0,0.0,0.0,27.0,0.0,0,0,0,0
27-10 23:00,34.5,0.0,0.0,34.5,0.0,0,0,0,0
28-10 00:00,51.6,0.0,0.0,51.599998474121094,0.0,0,0,0,0
28-10 01:00,62.3,0.0,0.0,62.29999923706055,0.0,0,0,0,0
28-10 02:00,63.6,0.0,0.0,63.599998474121094,0.0,0,0,0,0
28-10 03:00,71.4,0.0,0.0,71.4000015258789,0.0,0,0,0,0
28-10 04:00,85.1,0.0,0.0,85.0999984741211,0.0,0,0,0,0
28-10 05:00,81.3,0.0,0.0,81.30000305175781,0.0,0,0,0,0
28-10 06:00,91.8,0.0,0.0,91.80000305175781,0.0,0,0,0,0
28-10 07:00,92.8,0.0,0.0,92.80000305175781,0.0,0,0,0,0
28-10 08:00,83.3,0.0,0.0,83.30000305175781,0.0,0,0,0,0
28-10 09:00,73.2,0.0,0.0,73.19999694824219,0.0,0,0,0,0
28-10 10:00,51.2,0.0,0.0,50.0,1.2000000476837158,0,0,0,0
28-10 11:00,39.5,0.0,0.0,33.70000076293945,5.800000190734863,0,0,0,0
28-10 12:00,35.1,0.0,0.0,26.899999618530273,8.199999809265137,0,0,0,0
28-10 13:00,26.6,0.0,0.0,19.200000762939453,7.400000095367432,0,0,0,0
28-10 14:00,20.4,0.0,0.0,19.200000762939453,1.2000000476837158,0,0,0,0
28-10 15:00,21.3,0.0,0.0,20.0,1.2999999523162842,0,0,0,0
28-10 16:00,28.4,0.0,0.0,27.100000381469727,1.2999999523162842,0,0,0,0
28-10 17:00,44.9,0.0,0.0,42.400001525878906,2.5999999046325684,0,0,0,0
28-10 18:00,51.0,0.0,0.0,48.599998474121094,2.5,0,0,0,0
28-10 19:00,58.4,0.0,0.0,57.099998474121094,1.2999999523162842,0,0,0,0
28-10 20:00,62.6,0.0,0.0,62.599998474121094,0.0,0,0,0,0
28-10 21:00,65.9,0.0,0.0,65.9000015258789,0.0,0,0,0,0
28-10 22:00,70.4,0.0,0.0,70.4000015258789,0.0,0,0,0,0
28-10 23:00,69.2,0.0,0.0,69.19999694824219,0.0,0,0,0,0
29-10 00:00,76.5,0.0,0.0,76.5,0.0,0,0,0,0
29-10 01:00,86.8,0.0,0.0,86.80000305175781,0.0,0,0,0,0
29-10 02:00,98.9,0.0,0.0,99.0,0.0,0,0,0,0
29-10 03:00,107.9,0.0,0.0,107.9000015258789,0.0,0,0,0,0
29-10 04:00,137.7,0.0,0.0,137.6999969482422,0.0,0,0,0,0
29-10 05:00,166.3,0.0,0.0,166.3000030517578,0.0,0,0,0,0
29-10 06:00,201.9,0.0,0.0,201.89999389648438,0.0,0,0,0,0
29-10 07:00,206.8,0.0,0.0,206.8000030517578,0.0,0,0,0,0
29-10 08:00,219.4,0.0,0.0,219.39999389648438,0.0,0,0,0,0
29-10 09:00,179.0,0.0,0.0,176.6999969482422,2.299999952316284,0,0,0,0
29-10 10:00,165.2,0.0,0.0,153.6999969482422,11.5,0,0,0,0
29-10 11:00,230.4,0.0,0.0,143.60000610351562,86.80000305175781,0,0,0,0
29-10 12:00,238.3,0.0,0.0,112.30000305175781,126.0,0,0,0,0
29-10 13:00,198.4,0.0,0.0,96.0999984741211,102.30000305175781,0,0,0,0
29-10 14:00,111.9,0.0,0.0,87.69999694824219,24.200000762939453,0,0,0,0
29-10 15:00,105.7,0.0,0.0,82.30000305175781,23.399999618530273,0,0,0,0
29-10 16:00,103.5,0.0,0.0,78.0,25.5,0,0,0,0
29-10 17:00,115.1,0.0,0.0,80.4000015258789,34.70000076293945,0,0,0,0
29-10 18:00,119.0,0.0,0.0,89.4000015258789,29.600000381469727,0,0,0,0
29-10 19:00,98.0,0.0,0.0,86.80000305175781,11.199999809265137,0,0,0,0
29-10 20:00,93.1,0.0,0.0,89.0999984741211,4.0,0,0,0,0
29-10 21:00,81.4,0.0,0.0,81.4000015258789,0.0,0,0,0,0
29-10 22:00,91.0,0.0,0.0,91.0,0.0,0,0,0,0
29-10 23:00,103.8,0.0,0.0,103.80000305175781,0.0,0,0,0,0
30-10 00:00,82.0,0.0,0.0,82.0,0.0,0,0,0,0
30-10 01:00,88.9,0.0,0.0,88.9000015258789,0.0,0,0,0,0
30-10 02:00,94.7,0.0,0.0,94.69999694824219,0.0,0,0,0,0
30-10 03:00,103.5,0.0,0.0,103.5,0.0,0,0,0,0
30-10 04:00,124.7,0.0,0.0,124.69999694824219,0.0,0,0,0,0
30-10 05:00,162.8,0.0,0.0,162.8000030517578,0.0,0,0,0,0
30-10 06:00,172.5,0.0,0.0,172.5,0.0,0,0,0,0
30-10 07:00,179.4,0.0,0.0,179.39999389648438,0.0,0,0,0,0
30-10 08:00,186.4,0.0,0.0,186.39999389648438,0.0,0,0,0,0
30-10 09:00,146.9,0.0,0.0,144.60000610351562,2.299999952316284,0,0,0,0
30-10 10:00,137.4,0.0,0.0,126.0,11.399999618530273,0,0,0,0
30-10 11:00,190.4,0.0,0.0,105.9000015258789,84.5,0,0,0,0
30-10 12:00,221.4,0.0,0.0,91.4000015258789,130.0,0,0,0,0
30-10 13:00,190.7,0.0,0.0,79.9000015258789,110.80000305175781,0,0,0,0
30-10 14:00,97.1,0.0,0.0,71.30000305175781,25.799999237060547,0,0,0,0
30-10 15:00,95.6,0.0,0.0,71.69999694824219,23.899999618530273,0,0,0,0
30-10 16:00,94.8,0.0,0.0,69.30000305175781,25.5,0,0,0,0
30-10 17:00,100.7,0.0,0.0,65.9000015258789,34.79999923706055,0,0,0,0
30-10 18:00,103.3,0.0,0.0,71.9000015258789,31.399999618530273,0,0,0,0
30-10 19:00,81.0,0.0,0.0,69.19999694824219,11.800000190734863,0,0,0,0
30-10 20:00,63.9,0.0,0.0,60.29999923706055,3.5999999046325684,0,0,0,0
30-10 21:00,56.7,0.0,0.0,56.70000076293945,0.0,0,0,0,0
30-10 22:00,63.5,0.0,0.0,63.5,0.0,0,0,0,0
30-10 23:00,63.6,0.0,0.0,63.599998474121094,0.0,0,0,0,0
31-10 00:00,55.6,0.0,0.0,55.599998474121094,0.0,0,0,0,0
31-10 01:00,55.6,0.0,0.0,55.599998474121094,0.0,0,0,0,0
31-10 02:00,52.1,0.0,0.0,52.099998474121094,0.0,0,0,0,0
31-10 03:00,56.8,0.0,0.0,56.79999923706055,0.0,0,0,0,0
31-10 04:00,69.6,0.0,0.0,69.5999984741211,0.0,0,0,0,0
31-10 05:00,81.4,0.0,0.0,81.4000015258789,0.0,0,0,0,0
31-10 06:00,94.2,0.0,0.0,94.19999694824219,0.0,0,0,0,0
31-10 07:00,118.9,0.0,0.0,118.9000015258789,0.0,0,0,0,0
31-10 08:00,127.1,0.0,0.0,127.0999984741211,0.0,0,0,0,0
31-10 09:00,102.0,0.0,0.0,99.4000015258789,2.5999999046325684,0,0,0,0
31-10 10:00,80.8,0.0,0.0,69.4000015258789,11.399999618530273,0,0,0,0
31-10 11:00,133.3,0.0,0.0,54.400001525878906,78.9000015258789,0,0,0,0
31-10 12:00,177.4,0.0,0.0,52.20000076293945,125.19999694824219,0,0,0,0
31-10 13:00,150.9,0.0,0.0,48.29999923706055,102.5999984741211,0,0,0,0
31-10 14:00,71.6,0.0,0.0,46.099998474121094,25.5,0,0,0,0
31-10 15:00,62.2,0.0,0.0,39.400001525878906,22.799999237060547,0,0,0,0
31-10 16:00,56.0,0.0,0.0,30.0,26.0,0,0,0,0
31-10 17:00,68.6,0.0,0.0,35.79999923706055,32.79999923706055,0,0,0,0
31-10 18:00,67.8,0.0,0.0,37.0,30.799999237060547,0,0,0,0
31-10 19:00,51.6,0.0,0.0,40.5,11.199999809265137,0,0,0,0
31-10 20:00,50.5,0.0,0.0,46.599998474121094,3.799999952316284,0,0,0,0
31-10 21:00,62.1,0.0,0.0,62.099998474121094,0.0,0,0,0,0
31-10 22:00,84.5,0.0,0.0,84.5,0.0,0,0,0,0
31-10 23:00,100.8,0.0,0.0,100.80000305175781,0.0,0,0,0,0
01-11 00:00,162.9,0.0,0.0,162.89999389648438,0.0,0,0,0,0
01-11 01:00,146.5,0.0,0.0,146.5,0.0,0,0,0,0
01-11 02:00,156.6,0.0,0.0,156.60000610351562,0.0,0,0,0,0
01-11 03:00,159.1,0.0,0.0,159.10000610351562,0.0,0,0,0,0
01-11 04:00,146.8,0.0,0.0,146.8000030517578,0.0,0,0,0,0
01-11 05:00,169.2,0.0,0.0,169.1999969482422,0.0,0,0,0,0
01-11 06:00,177.4,0.0,0.0,177.39999389648438,0.0,0,0,0,0
01-11 07:00,171.6,0.0,0.0,171.60000610351562,0.0,0,0,0,0
01-11 08:00,165.4,0.0,0.0,165.39999389648438,0.0,0,0,0,0
01-11 09:00,148.5,0.0,0.0,148.5,0.0,0,0,0,0
01-11 10:00,129.7,0.0,0.0,128.39999389648438,1.2999999523162842,0,0,0,0
01-11 11:00,117.3,0.0,0.0,111.0,6.400000095367432,0,0,0,0
01-11 12:00,102.6,0.0,0.0,93.80000305175781,8.800000190734863,0,0,0,0
01-11 13:00,97.1,0.0,0.0,89.69999694824219,7.400000095367432,0,0,0,0
01-11 14:00,88.2,0.0,0.0,86.9000015258789,1.2999999523162842,0,0,0,0
01-11 15:00,91.8,0.0,0.0,90.5999984741211,1.2000000476837158,0,0,0,0
01-11 16:00,96.5,0.0,0.0,95.30000305175781,1.2000000476837158,0,0,0,0
01-11 17:00,105.5,0.0,0.0,103.0,2.5,0,0,0,0
01-11 18:00,103.2,0.0,0.0,100.69999694824219,2.5,0,0,0,0
01-11 19:00,118.0,0.0,0.0,116.69999694824219,1.2999999523162842,0,0,0,0
01-11 20:00,117.9,0.0,0.0,117.9000015258789,0.0,0,0,0,0
01-11 21:00,110.9,0.0,0.0,110.9000015258789,0.0,0,0,0,0
01-11 22:00,121.4,0.0,0.0,121.4000015258789,0.0,0,0,0,0
01-11 23:00,121.4,0.0,0.0,121.4000015258789,0.0,0,0,0,0
02-11 00:00,126.9,0.0,0.0,126.9000015258789,0.0,0,0,0,0
02-11 01:00,125.8,0.0,0.0,125.80000305175781,0.0,0,0,0,0
02-11 02:00,146.8,0.0,0.0,146.8000030517578,0.0,0,0,0,0
02-11 03:00,151.6,0.0,0.0,151.60000610351562,0.0,0,0,0,0
02-11 04:00,169.3,0.0,0.0,169.3000030517578,0.0,0,0,0,0
02-11 05:00,230.2,0.0,0.0,230.1999969482422,0.0,0,0,0,0
02-11 06:00,243.0,0.0,0.0,243.0,0.0,0,0,0,0
02-11 07:00,273.7,0.0,0.0,273.70001220703125,0.0,0,0,0,0
02-11 08:00,282.6,0.0,0.0,282.6000061035156,0.0,0,0,0,0
02-11 09:00,273.4,0.0,0.0,270.79998779296875,2.5999999046325684,0,0,0,0
02-11 10:00,252.4,0.0,0.0,240.89999389648438,11.5,0,0,0,0
02-11 11:00,326.6,0.0,0.0,239.1999969482422,87.4000015258789,0,0,0,0
02-11 12:00,331.6,0.0,0.0,208.60000610351562,123.0,0,0,0,0
02-11 13:00,292.9,0.0,0.0,194.1999969482422,98.80000305175781,0,0,0,0
02-11 14:00,212.4,0.0,0.0,188.0,24.399999618530273,0,0,0,0
02-11 15:00,209.6,0.0,0.0,185.89999389648438,23.700000762939453,0,0,0,0
02-11 16:00,175.2,0.0,0.0,148.8000030517578,26.399999618530273,0,0,0,0
02-11 17:00,159.0,0.0,0.0,125.80000305175781,33.20000076293945,0,0,0,0
02-11 18:00,143.8,0.0,0.0,115.5,28.299999237060547,0,0,0,0
02-11 19:00,135.7,0.0,0.0,123.80000305175781,11.899999618530273,0,0,0,0
02-11 20:00,115.0,0.0,0.0,111.30000305175781,3.700000047683716,0,0,0,0
02-11 21:00,115.9,0.0,0.0,115.9000015258789,0.0,0,0,0,0
02-11 22:00,119.4,0.0,0.0,119.4000015258789,0.0,0,0,0,0
02-11 23:00,111.6,0.0,0.0,111.5999984741211,0.0,0,0,0,0
03-11 00:00,90.6,0.0,0.0,90.5999984741211,0.0,0,0,0,0
03-11 01:00,92.5,0.0,0.0,92.5,0.0,0,0,0,0
03-11 02:00,93.4,0.0,0.0,93.4000015258789,0.0,0,0,0,0
03-11 03:00,96.1,0.0,0.0,96.0999984741211,0.0,0,0,0,0
03-11 04:00,87.0,0.0,0.0,87.0,0.0,0,0,0,0
03-11 05:00,111.1,0.0,0.0,111.0999984741211,0.0,0,0,0,0
03-11 06:00,118.0,0.0,0.0,118.0,0.0,0,0,0,0
03-11 07:00,131.9,0.0,0.0,131.89999389648438,0.0,0,0,0,0
03-11 08:00,127.9,0.0,0.0,127.9000015258789,0.0,0,0,0,0
03-11 09:00,110.7,0.0,0.0,110.69999694824219,0.0,0,0,0,0
03-11 10:00,100.8,0.0,0.0,99.5999984741211,1.2000000476837158,0,0,0,0
03-11 11:00,102.1,0.0,0.0,92.0,10.0,0,0,0,0
03-11 12:00,102.1,0.0,0.0,86.5999984741211,15.5,0,0,0,0
03-11 13:00,100.8,0.0,0.0,88.5,12.300000190734863,0,0,0,0
03-11 14:00,94.8,0.0,0.0,92.19999694824219,2.5999999046325684,0,0,0,0
03-11 15:00,80.7,0.0,0.0,78.19999694824219,2.5,0,0,0,0
03-11 16:00,81.7,0.0,0.0,79.19999694824219,2.5,0,0,0,0
03-11 17:00,91.8,0.0,0.0,88.0,3.799999952316284,0,0,0,0
03-11 18:00,95.7,0.0,0.0,92.0999984741211,3.5999999046325684,0,0,0,0
03-11 19:00,115.9,0.0,0.0,114.5,1.399999976158142,0,0,0,0
03-11 20:00,100.7,0.0,0.0,100.69999694824219,0.0,0,0,0,0
03-11 21:00,112.0,0.0,0.0,112.0,0.0,0,0,0,0
03-11 22:00,104.7,0.0,0.0,104.69999694824219,0.0,0,0,0,0
03-11 23:00,91.3,0.0,0.0,91.30000305175781,0.0,0,0,0,0
04-11 00:00,105.6,0.0,0.0,105.5999984741211,0.0,0,0,0,0
04-11 01:00,102.5,0.0,0.0,102.5,0.0,0,0,0,0
04-11 02:00,100.5,0.0,0.0,100.5,0.0,0,0,0,0
04-11 03:00,100.5,0.0,0.0,100.5,0.0,0,0,0,0
04-11 04:00,102.2,0.0,0.0,102.19999694824219,0.0,0,0,0,0
04-11 05:00,103.4,0.0,0.0,103.4000015258789,0.0,0,0,0,0
04-11 06:00,114.7,0.0,0.0,114.69999694824219,0.0,0,0,0,0
04-11 07:00,117.5,0.0,0.0,117.5,0.0,0,0,0,0
04-11 08:00,119.0,0.0,0.0,119.0,0.0,0,0,0,0
04-11 09:00,105.2,0.0,0.0,105.19999694824219,0.0,0,0,0,0
04-11 10:00,102.7,0.0,0.0,101.4000015258789,1.2999999523162842,0,0,0,0
04-11 11:00,93.9,0.0,0.0,87.69999694824219,6.199999809265137,0,0,0,0
04-11 12:00,84.0,0.0,0.0,75.80000305175781,8.199999809265137,0,0,0,0
04-11 13:00,83.0,0.0,0.0,75.80000305175781,7.199999809265137,0,0,0,0
04-11 14:00,85.9,0.0,0.0,84.5999984741211,1.2999999523162842,0,0,0,0
04-11 15:00,80.2,0.0,0.0,79.0,1.2000000476837158,0,0,0,0
04-11 16:00,86.5,0.0,0.0,85.30000305175781,1.2000000476837158,0,0,0,0
04-11 17:00,100.8,0.0,0.0,98.0999984741211,2.700000047683716,0,0,0,0
04-11 18:00,97.1,0.0,0.0,94.5,2.5999999046325684,0,0,0,0
04-11 19:00,89.3,0.0,0.0,88.0999984741211,1.2000000476837158,0,0,0,0
04-11 20:00,77.1,0.0,0.0,77.0999984741211,0.0,0,0,0,0
04-11 21:00,75.6,0.0,0.0,75.5999984741211,0.0,0,0,0,0
04-11 22:00,79.5,0.0,0.0,79.5,0.0,0,0,0,0
04-11 23:00,83.7,0.0,0.0,83.69999694824219,0.0,0,0,0,0
05-11 00:00,90.3,0.0,0.0,90.30000305175781,0.0,0,0,0,0
05-11 01:00,94.0,0.0,0.0,94.0,0.0,0,0,0,0
05-11 02:00,90.1,0.0,0.0,90.0999984741211,0.0,0,0,0,0
05-11 03:00,104.1,0.0,0.0,104.0999984741211,0.0,0,0,0,0
05-11 04:00,133.3,0.0,0.0,133.3000030517578,0.0,0,0,0,0
05-11 05:00,162.8,0.0,0.0,162.8000030517578,0.0,0,0,0,0
05-11 06:00,197.7,0.0,0.0,197.6999969482422,0.0,0,0,0,0
05-11 07:00,224.8,0.0,0.0,224.8000030517578,0.0,0,0,0,0
05-11 08:00,245.7,0.0,0.0,245.6999969482422,0.0,0,0,0,0
05-11 09:00,217.6,0.0,0.0,215.10000610351562,2.4000000953674316,0,0,0,0
05-11 10:00,204.4,0.0,0.0,192.89999389648438,11.5,0,0,0,0
05-11 11:00,244.8,0.0,0.0,163.60000610351562,81.19999694824219,0,0,0,0
05-11 12:00,280.3,0.0,0.0,155.5,124.80000305175781,0,0,0,0
05-11 13:00,244.4,0.0,0.0,141.0,103.4000015258789,0,0,0,0
05-11 14:00,174.2,0.0,0.0,146.6999969482422,27.5,0,0,0,0
05-11 15:00,150.5,0.0,0.0,128.0,22.5,0,0,0,0
05-11 16:00,134.7,0.0,0.0,109.19999694824219,25.5,0,0,0,0
05-11 17:00,129.6,0.0,0.0,96.5999984741211,33.0,0,0,0,0
05-11 18:00,122.9,0.0,0.0,93.30000305175781,29.600000381469727,0,0,0,0
05-11 19:00,101.8,0.0,0.0,90.5999984741211,11.199999809265137,0,0,0,0
05-11 20:00,92.8,0.0,0.0,89.4000015258789,3.5,0,0,0,0
05-11 21:00,90.9,0.0,0.0,90.9000015258789,0.0,0,0,0,0
05-11 22:00,86.4,0.0,0.0,86.4000015258789,0.0,0,0,0,0
05-11 23:00,82.4,0.0,0.0,82.4000015258789,0.0,0,0,0,0
06-11 00:00,82.3,0.0,0.0,82.30000305175781,0.0,0,0,0,0
06-11 01:00,84.0,0.0,0.0,84.0,0.0,0,0,0,0
06-11 02:00,88.1,0.0,0.0,88.0999984741211,0.0,0,0,0,0
06-11 03:00,91.2,0.0,0.0,91.19999694824219,0.0,0,0,0,0
06-11 04:00,115.1,0.0,0.0,115.0,0.0,0,0,0,0
06-11 05:00,153.7,0.0,0.0,153.6999969482422,0.0,0,0,0,0
06-11 06:00,167.0,0.0,0.0,167.0,0.0,0,0,0,0
06-11 07:00,212.3,0.0,0.0,212.3000030517578,0.0,0,0,0,0
06-11 08:00,229.4,0.0,0.0,229.39999389648438,0.0,0,0,0,0
06-11 09:00,202.7,0.0,0.0,200.10000610351562,2.5999999046325684,0,0,0,0
06-11 10:00,186.2,0.0,0.0,174.8000030517578,11.399999618530273,0,0,0,0
06-11 11:00,249.4,0.0,0.0,164.0,85.4000015258789,0,0,0,0
06-11 12:00,257.6,0.0,0.0,136.39999389648438,121.19999694824219,0,0,0,0
06-11 13:00,235.6,0.0,0.0,133.10000610351562,102.5,0,0,0,0
06-11 14:00,167.6,0.0,0.0,140.0,27.600000381469727,0,0,0,0
06-11 15:00,145.3,0.0,0.0,122.80000305175781,22.5,0,0,0,0
06-11 16:00,135.9,0.0,0.0,109.4000015258789,26.5,0,0,0,0
06-11 17:00,140.3,0.0,0.0,105.80000305175781,34.400001525878906,0,0,0,0
06-11 18:00,119.8,0.0,0.0,92.19999694824219,27.600000381469727,0,0,0,0
06-11 19:00,107.3,0.0,0.0,96.0999984741211,11.199999809265137,0,0,0,0
06-11 20:00,102.8,0.0,0.0,98.80000305175781,4.0,0,0,0,0
06-11 21:00,95.0,0.0,0.0,95.0,0.0,0,0,0,0
06-11 22:00,95.0,0.0,0.0,95.0,0.0,0,0,0,0
06-11 23:00,99.9,0.0,0.0,99.9000015258789,0.0,0,0,0,0
07-11 00:00,98.7,0.0,0.0,98.69999694824219,0.0,0,0,0,0
07-11 01:00,111.3,0.0,0.0,111.30000305175781,0.0,0,0,0,0
07-11 02:00,107.0,0.0,0.0,107.0,0.0,0,0,0,0
07-11 03:00,109.0,0.0,0.0,109.0,0.0,0,0,0,0
07-11 04:00,144.0,0.0,0.0,144.0,0.0,0,0,0,0
07-11 05:00,194.4,0.0,0.0,194.39999389648438,0.0,0,0,0,0
07-11 06:00,215.7,0.0,0.0,215.6999969482422,0.0,0,0,0,0
07-11 07:00,248.6,0.0,0.0,248.60000610351562,0.0,0,0,0,0
07-11 08:00,295.7,0.0,0.0,295.70001220703125,0.0,0,0,0,0
07-11 09:00,281.8,0.0,0.0,279.0,2.799999952316284,0,0,0,0
07-11 10:00,249.9,0.0,0.0,238.10000610351562,11.800000190734863,0,0,0,0
07-11 11:00,288.7,0.0,0.0,207.3000030517578,81.4000015258789,0,0,0,0
07-11 12:00,321.7,0.0,0.0,193.89999389648438,127.80000305175781,0,0,0,0
07-11 13:00,295.0,0.0,0.0,185.0,110.0,0,0,0,0
07-11 14:00,195.9,0.0,0.0,170.10000610351562,25.799999237060547,0,0,0,0
07-11 15:00,168.9,0.0,0.0,146.8000030517578,22.100000381469727,0,0,0,0
07-11 16:00,153.3,0.0,0.0,129.0,24.299999237060547,0,0,0,0
07-11 17:00,177.0,0.0,0.0,140.39999389648438,36.599998474121094,0,0,0,0
07-11 18:00,158.2,0.0,0.0,127.5999984741211,30.600000381469727,0,0,0,0
07-11 19:00,123.7,0.0,0.0,112.4000015258789,11.300000190734863,0,0,0,0
07-11 20:00,119.3,0.0,0.0,115.30000305175781,4.0,0,0,0,0
07-11 21:00,116.4,0.0,0.0,116.4000015258789,0.0,0,0,0,0
07-11 22:00,107.5,0.0,0.0,107.5,0.0,0,0,0,0
07-11 23:00,99.5,0.0,0.0,99.5,0.0,0,0,0,0
08-11 00:00,93.6,0.0,0.0,93.5999984741211,0.0,0,0,0,0
08-11 01:00,105.7,0.0,0.0,105.5999984741211,0.0,0,0,0,0
08-11 02:00,99.7,0.0,0.0,99.69999694824219,0.0,0,0,0,0
08-11 03:00,107.2,0.0,0.0,107.19999694824219,0.0,0,0,0,0
08-11 04:00,108.8,0.0,0.0,108.80000305175781,0.0,0,0,0,0
08-11 05:00,159.1,0.0,0.0,159.10000610351562,0.0,0,0,0,0
08-11 06:00,145.6,0.0,0.0,145.60000610351562,0.0,0,0,0,0
08-11 07:00,177.9,0.0,0.0,177.89999389648438,0.0,0,0,0,0
08-11 08:00,182.5,0.0,0.0,182.5,0.0,0,0,0,0
08-11 09:00,179.1,0.0,0.0,176.39999389648438,2.700000047683716,0,0,0,0
08-11 10:00,151.5,0.0,0.0,140.1999969482422,11.300000190734863,0,0,0,0
08-11 11:00,235.8,0.0,0.0,146.0,89.80000305175781,0,0,0,0
08-11 12:00,264.2,0.0,0.0,132.39999389648438,131.8000030517578,0,0,0,0
08-11 13:00,231.4,0.0,0.0,124.4000015258789,107.0,0,0,0,0
08-11 14:00,136.9,0.0,0.0,110.80000305175781,26.100000381469727,0,0,0,0
08-11 15:00,133.0,0.0,0.0,109.30000305175781,23.700000762939453,0,0,0,0
08-11 16:00,113.4,0.0,0.0,88.0,25.299999237060547,0,0,0,0
08-11 17:00,101.2,0.0,0.0,67.0,34.20000076293945,0,0,0,0
08-11 18:00,92.3,0.0,0.0,62.29999923706055,30.0,0,0,0,0
08-11 19:00,69.8,0.0,0.0,58.70000076293945,11.0,0,0,0,0
08-11 20:00,66.1,0.0,0.0,62.5,3.5999999046325684,0,0,0,0
08-11 21:00,65.8,0.0,0.0,65.80000305175781,0.0,0,0,0,0
08-11 22:00,59.6,0.0,0.0,59.599998474121094,0.0,0,0,0,0
08-11 23:00,60.6,0.0,0.0,60.599998474121094,0.0,0,0,0,0
09-11 00:00,54.6,0.0,0.0,54.599998474121094,0.0,0,0,0,0
09-11 01:00,73.5,0.0,0.0,73.5,0.0,0,0,0,0
09-11 02:00,74.1,0.0,0.0,74.0999984741211,0.0,0,0,0,0
09-11 03:00,75.6,0.0,0.0,75.5999984741211,0.0,0,0,0,0
09-11 04:00,90.2,0.0,0.0,90.19999694824219,0.0,0,0,0,0
09-11 05:00,121.8,0.0,0.0,121.80000305175781,0.0,0,0,0,0
09-11 06:00,141.0,0.0,0.0,141.0,0.0,0,0,0,0
09-11 07:00,161.5,0.0,0.0,161.5,0.0,0,0,0,0
09-11 08:00,167.9,0.0,0.0,167.8000030517578,0.0,0,0,0,0
09-11 09:00,168.9,0.0,0.0,166.3000030517578,2.5999999046325684,0,0,0,0
09-11 10:00,158.6,0.0,0.0,147.0,11.600000381469727,0,0,0,0
09-11 11:00,223.5,0.0,0.0,139.39999389648438,84.0999984741211,0,0,0,0
09-11 12:00,239.3,0.0,0.0,117.5999984741211,121.69999694824219,0,0,0,0
09-11 13:00,229.3,0.0,0.0,121.0999984741211,108.19999694824219,0,0,0,0
09-11 14:00,142.3,0.0,0.0,115.9000015258789,26.399999618530273,0,0,0,0
09-11 15:00,126.9,0.0,0.0,103.5999984741211,23.299999237060547,0,0,0,0
09-11 16:00,125.9,0.0,0.0,99.0,26.899999618530273,0,0,0,0
09-11 17:00,118.7,0.0,0.0,83.4000015258789,35.29999923706055,0,0,0,0
09-11 18:00,105.1,0.0,0.0,75.5999984741211,29.5,0,0,0,0
09-11 19:00,87.1,0.0,0.0,75.5999984741211,11.5,0,0,0,0
09-11 20:00,75.4,0.0,0.0,71.5999984741211,3.799999952316284,0,0,0,0
09-11 21:00,77.8,0.0,0.0,77.80000305175781,0.0,0,0,0,0
09-11 22:00,72.3,0.0,0.0,72.30000305175781,0.0,0,0,0,0
09-11 23:00,71.3,0.0,0.0,71.30000305175781,0.0,0,0,0,0
10-11 00:00,72.9,0.0,0.0,72.9000015258789,0.0,0,0,0,0
10-11 01:00,76.2,0.0,0.0,76.19999694824219,0.0,0,0,0,0
10-11 02:00,74.5,0.0,0.0,74.5,0.0,0,0,0,0
10-11 03:00,75.9,0.0,0.0,75.9000015258789,0.0,0,0,0,0
10-11 04:00,85.2,0.0,0.0,85.19999694824219,0.0,0,0,0,0
10-11 05:00,86.4,0.0,0.0,86.4000015258789,0.0,0,0,0,0
10-11 06:00,95.7,0.0,0.0,95.69999694824219,0.0,0,0,0,0
10-11 07:00,98.0,0.0,0.0,98.0,0.0,0,0,0,0
10-11 08:00,105.2,0.0,0.0,105.19999694824219,0.0,0,0,0,0
10-11 09:00,95.7,0.0,0.0,95.5999984741211,0.0,0,0,0,0
10-11 10:00,88.5,0.0,0.0,87.19999694824219,1.2999999523162842,0,0,0,0
10-11 11:00,85.4,0.0,0.0,75.30000305175781,10.0,0,0,0,0
10-11 12:00,89.5,0.0,0.0,74.5999984741211,14.899999618530273,0,0,0,0
10-11 13:00,90.9,0.0,0.0,77.69999694824219,13.199999809265137,0,0,0,0
10-11 14:00,79.7,0.0,0.0,77.0,2.700000047683716,0,0,0,0
10-11 15:00,71.4,0.0,0.0,69.0,2.4000000953674316,0,0,0,0
10-11 16:00,71.6,0.0,0.0,69.0,2.5999999046325684,0,0,0,0
10-11 17:00,77.4,0.0,0.0,73.5999984741211,3.799999952316284,0,0,0,0
10-11 18:00,70.2,0.0,0.0,66.5,3.700000047683716,0,0,0,0
10-11 19:00,68.4,0.0,0.0,67.19999694824219,1.2000000476837158,0,0,0,0
10-11 20:00,71.4,0.0,0.0,71.4000015258789,0.0,0,0,0,0
10-11 21:00,79.5,0.0,0.0,79.5,0.0,0,0,0,0
10-11 22:00,87.6,0.0,0.0,87.5999984741211,0.0,0,0,0,0
10-11 23:00,91.7,0.0,0.0,91.69999694824219,0.0,0,0,0,0
11-11 00:00,91.8,0.0,0.0,91.80000305175781,0.0,0,0,0,0
11-11 01:00,96.9,0.0,0.0,96.9000015258789,0.0,0,0,0,0
11-11 02:00,102.8,0.0,0.0,102.80000305175781,0.0,0,0,0,0
11-11 03:00,100.8,0.0,0.0,100.80000305175781,0.0,0,0,0,0
11-11 04:00,107.4,0.0,0.0,107.4000015258789,0.0,0,0,0,0
11-11 05:00,109.4,0.0,0.0,109.4000015258789,0.0,0,0,0,0
11-11 06:00,103.6,0.0,0.0,103.5999984741211,0.0,0,0,0,0
11-11 07:00,117.7,0.0,0.0,117.69999694824219,0.0,0,0,0,0
11-11 08:00,106.6,0.0,0.0,106.5999984741211,0.0,0,0,0,0
11-11 09:00,105.2,0.0,0.0,105.19999694824219,0.0,0,0,0,0
11-11 10:00,89.7,0.0,0.0,88.4000015258789,1.2999999523162842,0,0,0,0
11-11 11:00,81.7,0.0,0.0,75.5999984741211,6.099999904632568,0,0,0,0
11-11 12:00,73.9,0.0,0.0,64.80000305175781,9.100000381469727,0,0,0,0
11-11 13:00,72.4,0.0,0.0,64.4000015258789,8.0,0,0,0,0
11-11 14:00,64.5,0.0,0.0,63.20000076293945,1.2999999523162842,0,0,0,0
11-11 15:00,69.8,0.0,0.0,68.5999984741211,1.2000000476837158,0,0,0,0
11-11 16:00,83.2,0.0,0.0,81.80000305175781,1.399999976158142,0,0,0,0
11-11 17:00,82.8,0.0,0.0,80.4000015258789,2.5,0,0,0,0
11-11 18:00,77.1,0.0,0.0,74.80000305175781,2.4000000953674316,0,0,0,0
11-11 19:00,85.0,0.0,0.0,83.69999694824219,1.2999999523162842,0,0,0,0
11-11 20:00,80.4,0.0,0.0,80.4000015258789,0.0,0,0,0,0
11-11 21:00,83.7,0.0,0.0,83.69999694824219,0.0,0,0,0,0
11-11 22:00,78.8,0.0,0.0,78.80000305175781,0.0,0,0,0,0
11-11 23:00,80.3,0.0,0.0,80.4000015258789,0.0,0,0,0,0
12-11 00:00,88.8,0.0,0.0,88.80000305175781,0.0,0,0,0,0
12-11 01:00,95.2,0.0,0.0,95.19999694824219,0.0,0,0,0,0
12-11 02:00,87.6,0.0,0.0,87.5999984741211,0.0,0,0,0,0
12-11 03:00,87.2,0.0,0.0,87.19999694824219,0.0,0,0,0,0
12-11 04:00,99.1,0.0,0.0,99.0999984741211,0.0,0,0,0,0
12-11 05:00,125.1,0.0,0.0,125.0999984741211,0.0,0,0,0,0
12-11 06:00,157.6,0.0,0.0,157.60000610351562,0.0,0,0,0,0
12-11 07:00,182.8,0.0,0.0,182.8000030517578,0.0,0,0,0,0
12-11 08:00,178.9,0.0,0.0,179.0,0.0,0,0,0,0
12-11 09:00,167.1,0.0,0.0,164.60000610351562,2.5,0,0,0,0
12-11 10:00,148.7,0.0,0.0,137.5,11.199999809265137,0,0,0,0
12-11 11:00,220.0,0.0,0.0,132.1999969482422,87.80000305175781,0,0,0,0
12-11 12:00,245.6,0.0,0.0,118.19999694824219,127.4000015258789,0,0,0,0
12-11 13:00,225.1,0.0,0.0,112.19999694824219,112.9000015258789,0,0,0,0
12-11 14:00,133.3,0.0,0.0,107.5999984741211,25.700000762939453,0,0,0,0
12-11 15:00,124.0,0.0,0.0,100.0999984741211,23.799999237060547,0,0,0,0
12-11 16:00,97.5,0.0,0.0,73.80000305175781,23.700000762939453,0,0,0,0
12-11 17:00,105.5,0.0,0.0,72.19999694824219,33.400001525878906,0,0,0,0
12-11 18:00,102.3,0.0,0.0,71.5,30.799999237060547,0,0,0,0
12-11 19:00,88.3,0.0,0.0,76.69999694824219,11.600000381469727,0,0,0,0
12-11 20:00,75.6,0.0,0.0,71.9000015258789,3.700000047683716,0,0,0,0
12-11 21:00,72.7,0.0,0.0,72.5999984741211,0.0,0,0,0,0
12-11 22:00,84.6,0.0,0.0,84.5999984741211,0.0,0,0,0,0
12-11 23:00,89.3,0.0,0.0,89.30000305175781,0.0,0,0,0,0
13-11 00:00,96.4,0.0,0.0,96.4000015258789,0.0,0,0,0,0
13-11 01:00,113.6,0.0,0.0,113.5999984741211,0.0,0,0,0,0
13-11 02:00,106.3,0.0,0.0,106.30000305175781,0.0,0,0,0,0
13-11 03:00,129.9,0.0,0.0,130.0,0.0,0,0,0,0
13-11 04:00,152.4,0.0,0.0,152.39999389648438,0.0,0,0,0,0
13-11 05:00,210.3,0.0,0.0,210.3000030517578,0.0,0,0,0,0
13-11 06:00,222.4,0.0,0.0,222.39999389648438,0.0,0,0,0,0
13-11 07:00,266.8,0.0,0.0,266.79998779296875,0.0,0,0,0,0
13-11 08:00,292.0,0.0,0.0,292.0,0.0,0,0,0,0
13-11 09:00,252.1,0.0,0.0,249.5,2.5999999046325684,0,0,0,0
13-11 10:00,224.0,0.0,0.0,212.39999389648438,11.600000381469727,0,0,0,0
13-11 11:00,271.2,0.0,0.0,189.10000610351562,82.0999984741211,0,0,0,0
13-11 12:00,303.0,0.0,0.0,178.0,125.0,0,0,0,0
13-11 13:00,263.5,0.0,0.0,161.0,102.5,0,0,0,0
13-11 14:00,176.7,0.0,0.0,152.0,24.700000762939453,0,0,0,0
13-11 15:00,159.7,0.0,0.0,137.39999389648438,22.299999237060547,0,0,0,0
13-11 16:00,158.3,0.0,0.0,131.5,26.799999237060547,0,0,0,0
13-11 17:00,146.4,0.0,0.0,110.5999984741211,35.79999923706055,0,0,0,0
13-11 18:00,135.5,0.0,0.0,105.9000015258789,29.600000381469727,0,0,0,0
13-11 19:00,111.6,0.0,0.0,100.5999984741211,11.0,0,0,0,0
13-11 20:00,96.4,0.0,0.0,92.9000015258789,3.5,0,0,0,0
13-11 21:00,116.7,0.0,0.0,116.69999694824219,0.0,0,0,0,0
13-11 22:00,119.3,0.0,0.0,119.30000305175781,0.0,0,0,0,0
13-11 23:00,124.8,0.0,0.0,124.80000305175781,0.0,0,0,0,0
14-11 00:00,136.8,0.0,0.0,136.8000030517578,0.0,0,0,0,0
14-11 01:00,140.5,0.0,0.0,140.5,0.0,0,0,0,0
14-11 02:00,141.3,0.0,0.0,141.3000030517578,0.0,0,0,0,0
14-11 03:00,178.0,0.0,0.0,178.0,0.0,0,0,0,0
14-11 04:00,185.4,0.0,0.0,185.39999389648438,0.0,0,0,0,0
14-11 05:00,256.3,0.0,0.0,256.29998779296875,0.0,0,0,0,0
14-11 06:00,290.8,0.0,0.0,290.79998779296875,0.0,0,0,0,0
14-11 07:00,323.5,0.0,0.0,323.5,0.0,0,0,0,0
14-11 08:00,330.3,0.0,0.0,330.29998779296875,0.0,0,0,0,0
14-11 09:00,306.1,0.0,0.0,303.6000061035156,2.5,0,0,0,0
14-11 10:00,283.8,0.0,0.0,272.0,11.800000190734863,0,0,0,0
14-11 11:00,326.6,0.0,0.0,241.10000610351562,85.5,0,0,0,0
14-11 12:00,350.9,0.0,0.0,216.6999969482422,134.1999969482422,0,0,0,0
14-11 13:00,305.2,0.0,0.0,198.39999389648438,106.80000305175781,0,0,0,0
14-11 14:00,200.5,0.0,0.0,175.1999969482422,25.299999237060547,0,0,0,0
14-11 15:00,185.1,0.0,0.0,162.60000610351562,22.5,0,0,0,0
14-11 16:00,176.6,0.0,0.0,151.10000610351562,25.5,0,0,0,0
14-11 17:00,176.7,0.0,0.0,140.8000030517578,35.900001525878906,0,0,0,0
14-11 18:00,175.4,0.0,0.0,143.39999389648438,32.0,0,0,0,0
14-11 19:00,160.0,0.0,0.0,147.8000030517578,12.199999809265137,0,0,0,0
14-11 20:00,149.3,0.0,0.0,145.39999389648438,3.9000000953674316,0,0,0,0
14-11 21:00,153.5,0.0,0.0,153.5,0.0,0,0,0,0
14-11 22:00,160.0,0.0,0.0,160.0,0.0,0,0,0,0
14-11 23:00,155.1,0.0,0.0,155.10000610351562,0.0,0,0,0,0
15-11 00:00,164.9,0.0,0.0,164.89999389648438,0.0,0,0,0,0
15-11 01:00,172.8,0.0,0.0,172.8000030517578,0.0,0,0,0,0
15-11 02:00,175.5,0.0,0.0,175.5,0.0,0,0,0,0
15-11 03:00,182.8,0.0,0.0,182.8000030517578,0.0,0,0,0,0
15-11 04:00,210.5,0.0,0.0,210.5,0.0,0,0,0,0
15-11 05:00,292.3,0.0,0.0,292.29998779296875,0.0,0,0,0,0
15-11 06:00,323.0,0.0,0.0,323.0,0.0,0,0,0,0
15-11 07:00,374.4,0.0,0.0,374.3999938964844,0.0,0,0,0,0
15-11 08:00,419.4,0.0,0.0,419.3999938964844,0.0,0,0,0,0
15-11 09:00,412.5,0.0,0.0,409.70001220703125,2.799999952316284,0,0,0,0
15-11 10:00,318.6,0.0,0.0,307.29998779296875,11.300000190734863,0,0,0,0
15-11 11:00,364.1,0.0,0.0,281.0,83.0999984741211,0,0,0,0
15-11 12:00,386.7,0.0,0.0,256.20001220703125,130.5,0,0,0,0
15-11 13:00,344.1,0.0,0.0,236.1999969482422,108.0,0,0,0,0
15-11 14:00,254.0,0.0,0.0,228.1999969482422,25.799999237060547,0,0,0,0
15-11 15:00,205.9,0.0,0.0,185.0,20.899999618530273,0,0,0,0
15-11 16:00,214.9,0.0,0.0,188.5,26.399999618530273,0,0,0,0
15-11 17:00,201.4,0.0,0.0,166.1999969482422,35.20000076293945,0,0,0,0
15-11 18:00,194.1,0.0,0.0,164.6999969482422,29.399999618530273,0,0,0,0
15-11 19:00,186.9,0.0,0.0,174.6999969482422,12.199999809265137,0,0,0,0
15-11 20:00,170.9,0.0,0.0,167.10000610351562,3.799999952316284,0,0,0,0
15-11 21:00,175.0,0.0,0.0,175.0,0.0,0,0,0,0
15-11 22:00,178.5,0.0,0.0,178.5,0.0,0,0,0,0
15-11 23:00,179.1,0.0,0.0,179.10000610351562,0.0,0,0,0,0
16-11 00:00,200.9,0.0,0.0,200.89999389648438,0.0,0,0,0,0
16-11 01:00,207.4,0.0,0.0,207.39999389648438,0.0,0,0,0,0
16-11 02:00,207.2,0.0,0.0,207.1999969482422,0.0,0,0,0,0
16-11 03:00,230.4,0.0,0.0,230.39999389648438,0.0,0,0,0,0
16-11 04:00,281.8,0.0,0.0,281.79998779296875,0.0,0,0,0,0
16-11 05:00,350.1,0.0,0.0,350.1000061035156,0.0,0,0,0,0
16-11 06:00,400.9,0.0,0.0,400.8999938964844,0.0,0,0,0,0
16-11 07:00,466.4,0.0,0.0,466.3999938964844,0.0,0,0,0,0
16-11 08:00,555.8,0.0,0.0,555.7999877929688,0.0,0,0,0,0
16-11 09:00,447.5,0.0,0.0,445.0,2.5,0,0,0,0
16-11 10:00,425.1,0.0,0.0,413.6000061035156,11.5,0,0,0,0
16-11 11:00,494.6,0.0,0.0,408.0,86.5999984741211,0,0,0,0
16-11 12:00,509.4,0.0,0.0,377.5,131.89999389648438,0,0,0,0
16-11 13:00,462.7,0.0,0.0,355.6000061035156,107.0999984741211,0,0,0,0
16-11 14:00,359.8,0.0,0.0,334.20001220703125,25.600000381469727,0,0,0,0
16-11 15:00,332.0,0.0,0.0,308.70001220703125,23.299999237060547,0,0,0,0
16-11 16:00,299.1,0.0,0.0,272.20001220703125,26.899999618530273,0,0,0,0
16-11 17:00,268.4,0.0,0.0,232.39999389648438,36.0,0,0,0,0
16-11 18:00,243.0,0.0,0.0,213.5,29.399999618530273,0,0,0,0
16-11 19:00,229.6,0.0,0.0,217.8000030517578,11.800000190734863,0,0,0,0
16-11 20:00,204.1,0.0,0.0,200.3000030517578,3.799999952316284,0,0,0,0
16-11 21:00,206.4,0.0,0.0,206.39999389648438,0.0,0,0,0,0
16-11 22:00,192.4,0.0,0.0,192.39999389648438,0.0,0,0,0,0
16-11 23:00,189.3,0.0,0.0,189.3000030517578,0.0,0,0,0,0
17-11 00:00,175.8,0.0,0.0,175.8000030517578,0.0,0,0,0,0
17-11 01:00,181.4,0.0,0.0,181.39999389648438,0.0,0,0,0,0
17-11 02:00,196.4,0.0,0.0,196.39999389648438,0.0,0,0,0,0
17-11 03:00,190.5,0.0,0.0,190.5,0.0,0,0,0,0
17-11 04:00,205.3,0.0,0.0,205.3000030517578,0.0,0,0,0,0
17-11 05:00,216.0,0.0,0.0,216.0,0.0,0,0,0,0
17-11 06:00,234.1,0.0,0.0,234.10000610351562,0.0,0,0,0,0
17-11 07:00,240.2,0.0,0.0,240.1999969482422,0.0,0,0,0,0
17-11 08:00,258.8,0.0,0.0,258.79998779296875,0.0,0,0,0,0
17-11 09:00,256.6,0.0,0.0,256.6000061035156,0.0,0,0,0,0
17-11 10:00,218.5,0.0,0.0,217.1999969482422,1.2999999523162842,0,0,0,0
17-11 11:00,212.5,0.0,0.0,202.89999389648438,9.600000381469727,0,0,0,0
17-11 12:00,221.1,0.0,0.0,205.89999389648438,15.199999809265137,0,0,0,0
17-11 13:00,208.7,0.0,0.0,196.39999389648438,12.300000190734863,0,0,0,0
17-11 14:00,199.6,0.0,0.0,197.10000610351562,2.5,0,0,0,0
17-11 15:00,192.3,0.0,0.0,189.8000030517578,2.5,0,0,0,0
17-11 16:00,181.0,0.0,0.0,178.5,2.5,0,0,0,0
17-11 17:00,178.9,0.0,0.0,175.1999969482422,3.700000047683716,0,0,0,0
17-11 18:00,186.5,0.0,0.0,182.39999389648438,4.099999904632568,0,0,0,0
17-11 19:00,182.1,0.0,0.0,180.6999969482422,1.399999976158142,0,0,0,0
17-11 20:00,165.0,0.0,0.0,165.0,0.0,0,0,0,0
17-11 21:00,164.2,0.0,0.0,164.1999969482422,0.0,0,0,0,0
17-11 22:00,155.8,0.0,0.0,155.8000030517578,0.0,0,0,0,0
17-11 23:00,171.0,0.0,0.0,171.0,0.0,0,0,0,0
18-11 00:00,157.8,0.0,0.0,157.8000030517578,0.0,0,0,0,0
18-11 01:00,170.8,0.0,0.0,170.8000030517578,0.0,0,0,0,0
18-11 02:00,169.2,0.0,0.0,169.1999969482422,0.0,0,0,0,0
18-11 03:00,152.9,0.0,0.0,152.89999389648438,0.0,0,0,0,0
18-11 04:00,168.9,0.0,0.0,168.89999389648438,0.0,0,0,0,0
18-11 05:00,181.4,0.0,0.0,181.39999389648438,0.0,0,0,0,0
18-11 06:00,181.4,0.0,0.0,181.39999389648438,0.0,0,0,0,0
18-11 07:00,184.4,0.0,0.0,184.39999389648438,0.0,0,0,0,0
18-11 08:00,211.4,0.0,0.0,211.39999389648438,0.0,0,0,0,0
18-11 09:00,164.3,0.0,0.0,164.3000030517578,0.0,0,0,0,0
18-11 10:00,186.3,0.0,0.0,185.0,1.2999999523162842,0,0,0,0
18-11 11:00,170.9,0.0,0.0,164.6999969482422,6.199999809265137,0,0,0,0
18-11 12:00,191.5,0.0,0.0,181.5,10.0,0,0,0,0
18-11 13:00,166.7,0.0,0.0,159.0,7.699999809265137,0,0,0,0
18-11 14:00,171.6,0.0,0.0,170.1999969482422,1.399999976158142,0,0,0,0
18-11 15:00,158.7,0.0,0.0,157.39999389648438,1.2999999523162842,0,0,0,0
18-11 16:00,160.5,0.0,0.0,159.1999969482422,1.2999999523162842,0,0,0,0
18-11 17:00,158.8,0.0,0.0,156.1999969482422,2.5999999046325684,0,0,0,0
18-11 18:00,157.3,0.0,0.0,154.6999969482422,2.5999999046325684,0,0,0,0
18-11 19:00,140.7,0.0,0.0,139.5,1.2000000476837158,0,0,0,0
18-11 20:00,151.7,0.0,0.0,151.6999969482422,0.0,0,0,0,0
18-11 21:00,142.6,0.0,0.0,142.60000610351562,0.0,0,0,0,0
18-11 22:00,166.1,0.0,0.0,166.10000610351562,0.0,0,0,0,0
18-11 23:00,169.0,0.0,0.0,169.0,0.0,0,0,0,0
19-11 00:00,152.9,0.0,0.0,152.89999389648438,0.0,0,0,0,0
19-11 01:00,157.6,0.0,0.0,157.60000610351562,0.0,0,0,0,0
19-11 02:00,160.0,0.0,0.0,160.0,0.0,0,0,0,0
19-11 03:00,166.6,0.0,0.0,166.60000610351562,0.0,0,0,0,0
19-11 04:00,197.1,0.0,0.0,197.10000610351562,0.0,0,0,0,0
19-11 05:00,236.1,0.0,0.0,236.10000610351562,0.0,0,0,0,0
19-11 06:00,261.3,0.0,0.0,261.29998779296875,0.0,0,0,0,0
19-11 07:00,328.7,0.0,0.0,328.70001220703125,0.0,0,0,0,0
19-11 08:00,337.4,0.0,0.0,337.3999938964844,0.0,0,0,0,0
19-11 09:00,306.9,0.0,0.0,304.3999938964844,2.5,0,0,0,0
19-11 10:00,268.5,0.0,0.0,257.8999938964844,10.600000381469727,0,0,0,0
19-11 11:00,355.7,0.0,0.0,268.79998779296875,86.9000015258789,0,0,0,0
19-11 12:00,400.5,0.0,0.0,260.29998779296875,140.1999969482422,0,0,0,0
19-11 13:00,328.7,0.0,0.0,224.39999389648438,104.30000305175781,0,0,0,0
19-11 14:00,235.5,0.0,0.0,210.60000610351562,24.899999618530273,0,0,0,0
19-11 15:00,217.7,0.0,0.0,194.10000610351562,23.600000381469727,0,0,0,0
19-11 16:00,183.2,0.0,0.0,157.6999969482422,25.399999618530273,0,0,0,0
19-11 17:00,173.7,0.0,0.0,138.3000030517578,35.400001525878906,0,0,0,0
19-11 18:00,162.6,0.0,0.0,131.1999969482422,31.399999618530273,0,0,0,0
19-11 19:00,135.3,0.0,0.0,123.69999694824219,11.600000381469727,0,0,0,0
19-11 20:00,119.0,0.0,0.0,115.30000305175781,3.700000047683716,0,0,0,0
19-11 21:00,133.3,0.0,0.0,133.3000030517578,0.0,0,0,0,0
19-11 22:00,122.5,0.0,0.0,122.5,0.0,0,0,0,0
19-11 23:00,124.6,0.0,0.0,124.5999984741211,0.0,0,0,0,0
20-11 00:00,106.8,0.0,0.0,106.80000305175781,0.0,0,0,0,0
20-11 01:00,102.6,0.0,0.0,102.5999984741211,0.0,0,0,0,0
20-11 02:00,99.2,0.0,0.0,99.19999694824219,0.0,0,0,0,0
20-11 03:00,120.8,0.0,0.0,120.80000305175781,0.0,0,0,0,0
20-11 04:00,133.4,0.0,0.0,133.39999389648438,0.0,0,0,0,0
20-11 05:00,181.6,0.0,0.0,181.60000610351562,0.0,0,0,0,0
20-11 06:00,210.1,0.0,0.0,210.10000610351562,0.0,0,0,0,0
20-11 07:00,248.9,0.0,0.0,248.89999389648438,0.0,0,0,0,0
20-11 08:00,271.1,0.0,0.0,271.1000061035156,0.0,0,0,0,0
20-11 09:00,257.8,0.0,0.0,255.10000610351562,2.700000047683716,0,0,0,0
20-11 10:00,242.3,0.0,0.0,229.89999389648438,12.399999618530273,0,0,0,0
20-11 11:00,272.8,0.0,0.0,193.39999389648438,79.4000015258789,0,0,0,0
20-11 12:00,316.7,0.0,0.0,190.60000610351562,126.0999984741211,0,0,0,0
20-11 13:00,288.7,0.0,0.0,181.0,107.5999984741211,0,0,0,0
20-11 14:00,189.9,0.0,0.0,164.89999389648438,25.0,0,0,0,0
20-11 15:00,178.6,0.0,0.0,155.39999389648438,23.200000762939453,0,0,0,0
20-11 16:00,166.7,0.0,0.0,139.39999389648438,27.299999237060547,0,0,0,0
20-11 17:00,141.8,0.0,0.0,108.5,33.29999923706055,0,0,0,0
20-11 18:00,130.8,0.0,0.0,101.80000305175781,29.0,0,0,0,0
20-11 19:00,113.2,0.0,0.0,101.80000305175781,11.399999618530273,0,0,0,0
20-11 20:00,107.2,0.0,0.0,103.19999694824219,4.0,0,0,0,0
20-11 21:00,103.2,0.0,0.0,103.19999694824219,0.0,0,0,0,0
20-11 22:00,103.2,0.0,0.0,103.19999694824219,0.0,0,0,0,0
20-11 23:00,95.6,0.0,0.0,95.5999984741211,0.0,0,0,0,0
21-11 00:00,106.9,0.0,0.0,106.9000015258789,0.0,0,0,0,0
21-11 01:00,108.0,0.0,0.0,108.0,0.0,0,0,0,0
21-11 02:00,114.7,0.0,0.0,114.69999694824219,0.0,0,0,0,0
21-11 03:00,126.8,0.0,0.0,126.80000305175781,0.0,0,0,0,0
21-11 04:00,157.1,0.0,0.0,157.10000610351562,0.0,0,0,0,0
21-11 05:00,202.8,0.0,0.0,202.8000030517578,0.0,0,0,0,0
21-11 06:00,247.4,0.0,0.0,247.39999389648438,0.0,0,0,0,0
21-11 07:00,273.6,0.0,0.0,273.6000061035156,0.0,0,0,0,0
21-11 08:00,336.2,0.0,0.0,336.20001220703125,0.0,0,0,0,0
21-11 09:00,295.7,0.0,0.0,293.20001220703125,2.5,0,0,0,0
21-11 10:00,266.4,0.0,0.0,255.0,11.399999618530273,0,0,0,0
21-11 11:00,337.3,0.0,0.0,251.89999389648438,85.4000015258789,0,0,0,0
21-11 12:00,361.0,0.0,0.0,233.5,127.5,0,0,0,0
21-11 13:00,347.1,0.0,0.0,236.10000610351562,111.0,0,0,0,0
21-11 14:00,245.6,0.0,0.0,218.5,27.100000381469727,0,0,0,0
21-11 15:00,215.5,0.0,0.0,192.10000610351562,23.399999618530273,0,0,0,0
21-11 16:00,205.0,0.0,0.0,177.89999389648438,27.100000381469727,0,0,0,0
21-11 17:00,183.7,0.0,0.0,148.60000610351562,35.099998474121094,0,0,0,0
21-11 18:00,157.7,0.0,0.0,128.10000610351562,29.600000381469727,0,0,0,0
21-11 19:00,141.1,0.0,0.0,129.39999389648438,11.699999809265137,0,0,0,0
21-11 20:00,132.7,0.0,0.0,128.6999969482422,4.0,0,0,0,0
21-11 21:00,121.2,0.0,0.0,121.19999694824219,0.0,0,0,0,0
21-11 22:00,116.2,0.0,0.0,116.19999694824219,0.0,0,0,0,0
21-11 23:00,114.4,0.0,0.0,114.4000015258789,0.0,0,0,0,0
22-11 00:00,111.7,0.0,0.0,111.69999694824219,0.0,0,0,0,0
22-11 01:00,118.7,0.0,0.0,118.69999694824219,0.0,0,0,0,0
22-11 02:00,117.7,0.0,0.0,117.69999694824219,0.0,0,0,0,0
22-11 03:00,139.1,0.0,0.0,139.10000610351562,0.0,0,0,0,0
22-11 04:00,155.4,0.0,0.0,155.39999389648438,0.0,0,0,0,0
22-11 05:00,209.7,0.0,0.0,209.6999969482422,0.0,0,0,0,0
22-11 06:00,232.7,0.0,0.0,232.6999969482422,0.0,0,0,0,0
22-11 07:00,273.7,0.0,0.0,273.70001220703125,0.0,0,0,0,0
22-11 08:00,316.5,0.0,0.0,316.5,0.0,0,0,0,0
22-11 09:00,289.8,0.0,0.0,287.20001220703125,2.5999999046325684,0,0,0,0
22-11 10:00,250.3,0.0,0.0,239.3000030517578,11.0,0,0,0,0
22-11 11:00,327.9,0.0,0.0,240.6999969482422,87.19999694824219,0,0,0,0
22-11 12:00,348.8,0.0,0.0,217.1999969482422,131.60000610351562,0,0,0,0
22-11 13:00,320.5,0.0,0.0,210.5,110.0,0,0,0,0
22-11 14:00,224.1,0.0,0.0,197.8000030517578,26.299999237060547,0,0,0,0
22-11 15:00,206.3,0.0,0.0,182.39999389648438,23.899999618530273,0,0,0,0
22-11 16:00,177.1,0.0,0.0,151.0,26.100000381469727,0,0,0,0
22-11 17:00,159.9,0.0,0.0,125.80000305175781,34.099998474121094,0,0,0,0
22-11 18:00,150.8,0.0,0.0,122.0,28.799999237060547,0,0,0,0
22-11 19:00,134.6,0.0,0.0,123.19999694824219,11.399999618530273,0,0,0,0
22-11 20:00,121.1,0.0,0.0,117.0999984741211,4.0,0,0,0,0
22-11 21:00,106.7,0.0,0.0,106.69999694824219,0.0,0,0,0,0
22-11 22:00,120.5,0.0,0.0,120.5,0.0,0,0,0,0
22-11 23:00,108.3,0.0,0.0,108.30000305175781,0.0,0,0,0,0
23-11 00:00,95.6,0.0,0.0,95.5999984741211,0.0,0,0,0,0
23-11 01:00,123.5,0.0,0.0,123.5,0.0,0,0,0,0
23-11 02:00,128.3,0.0,0.0,128.3000030517578,0.0,0,0,0,0
23-11 03:00,142.9,0.0,0.0,142.89999389648438,0.0,0,0,0,0
23-11 04:00,160.6,0.0,0.0,160.60000610351562,0.0,0,0,0,0
23-11 05:00,206.7,0.0,0.0,206.6999969482422,0.0,0,0,0,0
23-11 06:00,218.5,0.0,0.0,218.5,0.0,0,0,0,0
23-11 07:00,251.8,0.0,0.0,251.8000030517578,0.0,0,0,0,0
23-11 08:00,286.6,0.0,0.0,286.6000061035156,0.0,0,0,0,0
23-11 09:00,251.7,0.0,0.0,249.1999969482422,2.5,0,0,0,0
23-11 10:00,246.4,0.0,0.0,234.0,12.399999618530273,0,0,0,0
23-11 11:00,296.9,0.0,0.0,208.6999969482422,88.19999694824219,0,0,0,0
23-11 12:00,305.0,0.0,0.0,174.60000610351562,130.39999389648438,0,0,0,0
23-11 13:00,260.7,0.0,0.0,158.0,102.69999694824219,0,0,0,0
23-11 14:00,189.9,0.0,0.0,162.8000030517578,27.100000381469727,0,0,0,0
23-11 15:00,159.9,0.0,0.0,138.10000610351562,21.799999237060547,0,0,0,0
23-11 16:00,166.2,0.0,0.0,139.8000030517578,26.399999618530273,0,0,0,0
23-11 17:00,156.6,0.0,0.0,120.69999694824219,35.900001525878906,0,0,0,0
23-11 18:00,163.9,0.0,0.0,133.60000610351562,30.299999237060547,0,0,0,0
23-11 19:00,144.0,0.0,0.0,132.3000030517578,11.699999809265137,0,0,0,0
23-11 20:00,141.7,0.0,0.0,137.6999969482422,4.0,0,0,0,0
23-11 21:00,127.0,0.0,0.0,127.0,0.0,0,0,0,0
23-11 22:00,145.8,0.0,0.0,145.8000030517578,0.0,0,0,0,0
23-11 23:00,140.9,0.0,0.0,140.89999389648438,0.0,0,0,0,0
24-11 00:00,173.1,0.0,0.0,173.10000610351562,0.0,0,0,0,0
24-11 01:00,159.8,0.0,0.0,159.8000030517578,0.0,0,0,0,0
24-11 02:00,166.4,0.0,0.0,166.39999389648438,0.0,0,0,0,0
24-11 03:00,177.6,0.0,0.0,177.60000610351562,0.0,0,0,0,0
24-11 04:00,182.6,0.0,0.0,182.60000610351562,0.0,0,0,0,0
24-11 05:00,206.9,0.0,0.0,206.89999389648438,0.0,0,0,0,0
24-11 06:00,210.5,0.0,0.0,210.5,0.0,0,0,0,0
24-11 07:00,200.4,0.0,0.0,200.39999389648438,0.0,0,0,0,0
24-11 08:00,236.3,0.0,0.0,236.3000030517578,0.0,0,0,0,0
24-11 09:00,198.4,0.0,0.0,198.39999389648438,0.0,0,0,0,0
24-11 10:00,176.0,0.0,0.0,174.6999969482422,1.2999999523162842,0,0,0,0
24-11 11:00,172.6,0.0,0.0,162.0,10.600000381469727,0,0,0,0
24-11 12:00,154.9,0.0,0.0,140.3000030517578,14.600000381469727,0,0,0,0
24-11 13:00,139.3,0.0,0.0,126.80000305175781,12.5,0,0,0,0
24-11 14:00,138.6,0.0,0.0,136.0,2.5999999046325684,0,0,0,0
24-11 15:00,130.4,0.0,0.0,127.9000015258789,2.5,0,0,0,0
24-11 16:00,118.8,0.0,0.0,116.4000015258789,2.4000000953674316,0,0,0,0
24-11 17:00,131.7,0.0,0.0,127.80000305175781,3.9000000953674316,0,0,0,0
24-11 18:00,112.3,0.0,0.0,108.80000305175781,3.5,0,0,0,0
24-11 19:00,123.4,0.0,0.0,122.0999984741211,1.2999999523162842,0,0,0,0
24-11 20:00,119.9,0.0,0.0,119.9000015258789,0.0,0,0,0,0
24-11 21:00,108.7,0.0,0.0,108.69999694824219,0.0,0,0,0,0
24-11 22:00,126.1,0.0,0.0,126.0999984741211,0.0,0,0,0,0
24-11 23:00,116.0,0.0,0.0,116.0,0.0,0,0,0,0
25-11 00:00,95.7,0.0,0.0,95.69999694824219,0.0,0,0,0,0
25-11 01:00,108.1,0.0,0.0,108.0999984741211,0.0,0,0,0,0
25-11 02:00,97.8,0.0,0.0,97.80000305175781,0.0,0,0,0,0
25-11 03:00,101.9,0.0,0.0,101.9000015258789,0.0,0,0,0,0
25-11 04:00,111.0,0.0,0.0,111.0,0.0,0,0,0,0
25-11 05:00,123.4,0.0,0.0,123.4000015258789,0.0,0,0,0,0
25-11 06:00,112.7,0.0,0.0,112.69999694824219,0.0,0,0,0,0
25-11 07:00,112.4,0.0,0.0,112.4000015258789,0.0,0,0,0,0
25-11 08:00,119.1,0.0,0.0,119.0999984741211,0.0,0,0,0,0
25-11 09:00,117.9,0.0,0.0,117.9000015258789,0.0,0,0,0,0
25-11 10:00,98.7,0.0,0.0,97.4000015258789,1.2999999523162842,0,0,0,0
25-11 11:00,105.8,0.0,0.0,99.4000015258789,6.400000095367432,0,0,0,0
25-11 12:00,107.5,0.0,0.0,97.9000015258789,9.600000381469727,0,0,0,0
25-11 13:00,97.3,0.0,0.0,89.5999984741211,7.699999809265137,0,0,0,0
25-11 14:00,86.3,0.0,0.0,85.0999984741211,1.2000000476837158,0,0,0,0
25-11 15:00,101.8,0.0,0.0,100.5,1.2999999523162842,0,0,0,0
25-11 16:00,94.1,0.0,0.0,92.9000015258789,1.2000000476837158,0,0,0,0
25-11 17:00,92.7,0.0,0.0,90.19999694824219,2.5,0,0,0,0
25-11 18:00,95.7,0.0,0.0,93.0999984741211,2.5999999046325684,0,0,0,0
25-11 19:00,98.3,0.0,0.0,97.0999984741211,1.2000000476837158,0,0,0,0
25-11 20:00,104.2,0.0,0.0,104.19999694824219,0.0,0,0,0,0
25-11 21:00,100.1,0.0,0.0,100.0999984741211,0.0,0,0,0,0
25-11 22:00,104.2,0.0,0.0,104.19999694824219,0.0,0,0,0,0
25-11 23:00,92.1,0.0,0.0,92.0999984741211,0.0,0,0,0,0
26-11 00:00,91.6,0.0,0.0,91.5999984741211,0.0,0,0,0,0
26-11 01:00,103.6,0.0,0.0,103.5999984741211,0.0,0,0,0,0
26-11 02:00,97.2,0.0,0.0,97.19999694824219,0.0,0,0,0,0
26-11 03:00,106.5,0.0,0.0,106.5,0.0,0,0,0,0
26-11 04:00,118.7,0.0,0.0,118.69999694824219,0.0,0,0,0,0
26-11 05:00,161.1,0.0,0.0,161.10000610351562,0.0,0,0,0,0
26-11 06:00,183.3,0.0,0.0,183.3000030517578,0.0,0,0,0,0
26-11 07:00,210.1,0.0,0.0,210.10000610351562,0.0,0,0,0,0
26-11 08:00,228.3,0.0,0.0,228.3000030517578,0.0,0,0,0,0
26-11 09:00,225.0,0.0,0.0,222.3000030517578,2.700000047683716,0,0,0,0
26-11 10:00,183.8,0.0,0.0,172.89999389648438,11.0,0,0,0,0
26-11 11:00,269.5,0.0,0.0,181.89999389648438,87.5999984741211,0,0,0,0
26-11 12:00,306.2,0.0,0.0,168.8000030517578,137.39999389648438,0,0,0,0
26-11 13:00,236.9,0.0,0.0,132.8000030517578,104.0999984741211,0,0,0,0
26-11 14:00,160.0,0.0,0.0,133.3000030517578,26.700000762939453,0,0,0,0
26-11 15:00,132.4,0.0,0.0,109.0,23.299999237060547,0,0,0,0
26-11 16:00,118.3,0.0,0.0,91.5999984741211,26.700000762939453,0,0,0,0
26-11 17:00,100.6,0.0,0.0,65.5999984741211,35.0,0,0,0,0
26-11 18:00,102.4,0.0,0.0,72.9000015258789,29.5,0,0,0,0
26-11 19:00,91.4,0.0,0.0,80.0,11.399999618530273,0,0,0,0
26-11 20:00,91.2,0.0,0.0,87.30000305175781,3.9000000953674316,0,0,0,0
26-11 21:00,104.4,0.0,0.0,104.4000015258789,0.0,0,0,0,0
26-11 22:00,101.1,0.0,0.0,101.0,0.0,0,0,0,0
26-11 23:00,85.0,0.0,0.0,85.0,0.0,0,0,0,0
27-11 00:00,87.8,0.0,0.0,87.80000305175781,0.0,0,0,0,0
27-11 01:00,98.6,0.0,0.0,98.5999984741211,0.0,0,0,0,0
27-11 02:00,107.8,0.0,0.0,107.80000305175781,0.0,0,0,0,0
27-11 03:00,124.8,0.0,0.0,124.80000305175781,0.0,0,0,0,0
27-11 04:00,146.7,0.0,0.0,146.6999969482422,0.0,0,0,0,0
27-11 05:00,184.6,0.0,0.0,184.60000610351562,0.0,0,0,0,0
27-11 06:00,233.5,0.0,0.0,233.5,0.0,0,0,0,0
27-11 07:00,255.9,0.0,0.0,255.89999389648438,0.0,0,0,0,0
27-11 08:00,271.4,0.0,0.0,271.3999938964844,0.0,0,0,0,0
27-11 09:00,270.2,0.0,0.0,267.6000061035156,2.700000047683716,0,0,0,0
27-11 10:00,250.1,0.0,0.0,237.1999969482422,12.800000190734863,0,0,0,0
27-11 11:00,267.3,0.0,0.0,184.6999969482422,82.5999984741211,0,0,0,0
27-11 12:00,296.5,0.0,0.0,172.0,124.5,0,0,0,0
27-11 13:00,290.2,0.0,0.0,175.1999969482422,115.0,0,0,0,0
27-11 14:00,182.5,0.0,0.0,156.3000030517578,26.200000762939453,0,0,0,0
27-11 15:00,174.7,0.0,0.0,150.8000030517578,23.799999237060547,0,0,0,0
27-11 16:00,160.9,0.0,0.0,134.39999389648438,26.5,0,0,0,0
27-11 17:00,148.3,0.0,0.0,113.30000305175781,35.0,0,0,0,0
27-11 18:00,148.9,0.0,0.0,115.5999984741211,33.20000076293945,0,0,0,0
27-11 19:00,115.4,0.0,0.0,103.0,12.5,0,0,0,0
27-11 20:00,95.9,0.0,0.0,92.30000305175781,3.5999999046325684,0,0,0,0
27-11 21:00,103.4,0.0,0.0,103.4000015258789,0.0,0,0,0,0
27-11 22:00,99.4,0.0,0.0,99.4000015258789,0.0,0,0,0,0
27-11 23:00,100.6,0.0,0.0,100.5999984741211,0.0,0,0,0,0
28-11 00:00,88.5,0.0,0.0,88.5,0.0,0,0,0,0
28-11 01:00,84.9,0.0,0.0,84.9000015258789,0.0,0,0,0,0
28-11 02:00,80.6,0.0,0.0,80.5999984741211,0.0,0,0,0,0
28-11 03:00,89.4,0.0,0.0,89.4000015258789,0.0,0,0,0,0
28-11 04:00,113.2,0.0,0.0,113.19999694824219,0.0,0,0,0,0
28-11 05:00,150.2,0.0,0.0,150.1999969482422,0.0,0,0,0,0
28-11 06:00,176.3,0.0,0.0,176.3000030517578,0.0,0,0,0,0
28-11 07:00,179.5,0.0,0.0,179.5,0.0,0,0,0,0
28-11 08:00,228.8,0.0,0.0,228.8000030517578,0.0,0,0,0,0
28-11 09:00,205.7,0.0,0.0,203.10000610351562,2.5999999046325684,0,0,0,0
28-11 10:00,184.5,0.0,0.0,172.6999969482422,11.800000190734863,0,0,0,0
28-11 11:00,258.3,0.0,0.0,169.60000610351562,88.69999694824219,0,0,0,0
28-11 12:00,269.1,0.0,0.0,145.8000030517578,123.30000305175781,0,0,0,0
28-11 13:00,262.4,0.0,0.0,151.60000610351562,110.80000305175781,0,0,0,0
28-11 14:00,163.6,0.0,0.0,137.89999389648438,25.700000762939453,0,0,0,0
28-11 15:00,150.0,0.0,0.0,127.80000305175781,22.200000762939453,0,0,0,0
28-11 16:00,155.6,0.0,0.0,126.69999694824219,28.799999237060547,0,0,0,0
28-11 17:00,146.9,0.0,0.0,110.4000015258789,36.5,0,0,0,0
28-11 18:00,129.4,0.0,0.0,99.19999694824219,30.200000762939453,0,0,0,0
28-11 19:00,117.9,0.0,0.0,106.19999694824219,11.699999809265137,0,0,0,0
28-11 20:00,120.7,0.0,0.0,116.5999984741211,4.099999904632568,0,0,0,0
28-11 21:00,110.3,0.0,0.0,110.30000305175781,0.0,0,0,0,0
28-11 22:00,113.2,0.0,0.0,113.19999694824219,0.0,0,0,0,0
28-11 23:00,111.1,0.0,0.0,111.0,0.0,0,0,0,0
29-11 00:00,102.3,0.0,0.0,102.30000305175781,0.0,0,0,0,0
29-11 01:00,111.4,0.0,0.0,111.4000015258789,0.0,0,0,0,0
29-11 02:00,113.3,0.0,0.0,113.30000305175781,0.0,0,0,0,0
29-11 03:00,117.3,0.0,0.0,117.30000305175781,0.0,0,0,0,0
29-11 04:00,139.4,0.0,0.0,139.39999389648438,0.0,0,0,0,0
29-11 05:00,205.2,0.0,0.0,205.1999969482422,0.0,0,0,0,0
29-11 06:00,227.0,0.0,0.0,227.0,0.0,0,0,0,0
29-11 07:00,241.3,0.0,0.0,241.3000030517578,0.0,0,0,0,0
29-11 08:00,258.6,0.0,0.0,258.6000061035156,0.0,0,0,0,0
29-11 09:00,258.8,0.0,0.0,256.1000061035156,2.5999999046325684,0,0,0,0
29-11 10:00,249.7,0.0,0.0,237.3000030517578,12.399999618530273,0,0,0,0
29-11 11:00,296.5,0.0,0.0,212.0,84.5,0,0,0,0
29-11 12:00,348.9,0.0,0.0,212.39999389648438,136.5,0,0,0,0
29-11 13:00,293.0,0.0,0.0,188.60000610351562,104.4000015258789,0,0,0,0
29-11 14:00,200.0,0.0,0.0,175.3000030517578,24.700000762939453,0,0,0,0
29-11 15:00,190.5,0.0,0.0,167.3000030517578,23.200000762939453,0,0,0,0
29-11 16:00,164.5,0.0,0.0,139.3000030517578,25.200000762939453,0,0,0,0
29-11 17:00,156.0,0.0,0.0,121.5999984741211,34.400001525878906,0,0,0,0
29-11 18:00,142.8,0.0,0.0,113.19999694824219,29.600000381469727,0,0,0,0
29-11 19:00,131.2,0.0,0.0,119.0,12.199999809265137,0,0,0,0
29-11 20:00,116.7,0.0,0.0,112.69999694824219,4.0,0,0,0,0
29-11 21:00,111.6,0.0,0.0,111.5999984741211,0.0,0,0,0,0
29-11 22:00,107.1,0.0,0.0,107.0999984741211,0.0,0,0,0,0
29-11 23:00,102.2,0.0,0.0,102.19999694824219,0.0,0,0,0,0
30-11 00:00,107.9,0.0,0.0,107.9000015258789,0.0,0,0,0,0
30-11 01:00,110.1,0.0,0.0,110.0999984741211,0.0,0,0,0,0
30-11 02:00,124.0,0.0,0.0,124.0,0.0,0,0,0,0
30-11 03:00,129.5,0.0,0.0,129.5,0.0,0,0,0,0
30-11 04:00,153.0,0.0,0.0,153.0,0.0,0,0,0,0
30-11 05:00,211.6,0.0,0.0,211.60000610351562,0.0,0,0,0,0
30-11 06:00,226.8,0.0,0.0,226.8000030517578,0.0,0,0,0,0
30-11 07:00,269.3,0.0,0.0,269.29998779296875,0.0,0,0,0,0
30-11 08:00,310.4,0.0,0.0,310.3999938964844,0.0,0,0,0,0
30-11 09:00,297.6,0.0,0.0,294.8999938964844,2.5999999046325684,0,0,0,0
30-11 10:00,279.7,0.0,0.0,267.5,12.199999809265137,0,0,0,0
30-11 11:00,356.3,0.0,0.0,266.6000061035156,89.69999694824219,0,0,0,0
30-11 12:00,377.6,0.0,0.0,244.8000030517578,132.6999969482422,0,0,0,0
30-11 13:00,332.9,0.0,0.0,229.39999389648438,103.5,0,0,0,0
30-11 14:00,248.3,0.0,0.0,222.8000030517578,25.5,0,0,0,0
30-11 15:00,233.8,0.0,0.0,209.39999389648438,24.399999618530273,0,0,0,0
30-11 16:00,203.6,0.0,0.0,176.8000030517578,26.799999237060547,0,0,0,0
30-11 17:00,174.7,0.0,0.0,141.3000030517578,33.400001525878906,0,0,0,0
30-11 18:00,187.6,0.0,0.0,155.60000610351562,32.0,0,0,0,0
30-11 19:00,157.0,0.0,0.0,145.39999389648438,11.600000381469727,0,0,0,0
30-11 20:00,150.1,0.0,0.0,146.1999969482422,3.9000000953674316,0,0,0,0
30-11 21:00,143.6,0.0,0.0,143.60000610351562,0.0,0,0,0,0
30-11 22:00,131.3,0.0,0.0,131.3000030517578,0.0,0,0,0,0
30-11 23:00,135.6,0.0,0.0,135.60000610351562,0.0,0,0,0,0
01-12 00:00,107.8,0.0,0.0,107.80000305175781,0.0,0,0,0,0
01-12 01:00,106.5,0.0,0.0,106.5,0.0,0,0,0,0
01-12 02:00,108.4,0.0,0.0,108.4000015258789,0.0,0,0,0,0
01-12 03:00,109.8,0.0,0.0,109.80000305175781,0.0,0,0,0,0
01-12 04:00,109.4,0.0,0.0,109.4000015258789,0.0,0,0,0,0
01-12 05:00,123.2,0.0,0.0,123.19999694824219,0.0,0,0,0,0
01-12 06:00,123.3,0.0,0.0,123.30000305175781,0.0,0,0,0,0
01-12 07:00,134.2,0.0,0.0,134.1999969482422,0.0,0,0,0,0
01-12 08:00,140.2,0.0,0.0,140.1999969482422,0.0,0,0,0,0
01-12 09:00,118.6,0.0,0.0,118.5999984741211,0.0,0,0,0,0
01-12 10:00,110.1,0.0,0.0,108.9000015258789,1.2000000476837158,0,0,0,0
01-12 11:00,128.2,0.0,0.0,117.4000015258789,10.800000190734863,0,0,0,0
01-12 12:00,121.7,0.0,0.0,106.0,15.800000190734863,0,0,0,0
01-12 13:00,118.4,0.0,0.0,105.0999984741211,13.300000190734863,0,0,0,0
01-12 14:00,105.8,0.0,0.0,103.0999984741211,2.5999999046325684,0,0,0,0
01-12 15:00,104.9,0.0,0.0,102.19999694824219,2.700000047683716,0,0,0,0
01-12 16:00,97.1,0.0,0.0,94.4000015258789,2.700000047683716,0,0,0,0
01-12 17:00,111.8,0.0,0.0,107.5,4.300000190734863,0,0,0,0
01-12 18:00,98.7,0.0,0.0,94.69999694824219,4.0,0,0,0,0
01-12 19:00,103.2,0.0,0.0,101.9000015258789,1.2999999523162842,0,0,0,0
01-12 20:00,113.1,0.0,0.0,113.0999984741211,0.0,0,0,0,0
01-12 21:00,100.7,0.0,0.0,100.69999694824219,0.0,0,0,0,0
01-12 22:00,104.2,0.0,0.0,104.19999694824219,0.0,0,0,0,0
01-12 23:00,116.1,0.0,0.0,116.0999984741211,0.0,0,0,0,0
02-12 00:00,109.5,0.0,0.0,109.5,0.0,0,0,0,0
02-12 01:00,112.7,0.0,0.0,112.69999694824219,0.0,0,0,0,0
02-12 02:00,125.8,0.0,0.0,125.80000305175781,0.0,0,0,0,0
02-12 03:00,123.4,0.0,0.0,123.4000015258789,0.0,0,0,0,0
02-12 04:00,118.1,0.0,0.0,118.0,0.0,0,0,0,0
02-12 05:00,114.9,0.0,0.0,114.9000015258789,0.0,0,0,0,0
02-12 06:00,111.4,0.0,0.0,111.4000015258789,0.0,0,0,0,0
02-12 07:00,122.6,0.0,0.0,122.5999984741211,0.0,0,0,0,0
02-12 08:00,108.4,0.0,0.0,108.4000015258789,0.0,0,0,0,0
02-12 09:00,108.7,0.0,0.0,108.69999694824219,0.0,0,0,0,0
02-12 10:00,95.2,0.0,0.0,94.0,1.2000000476837158,0,0,0,0
02-12 11:00,97.6,0.0,0.0,91.0999984741211,6.5,0,0,0,0
02-12 12:00,99.2,0.0,0.0,90.19999694824219,9.0,0,0,0,0
02-12 13:00,99.0,0.0,0.0,91.0999984741211,7.900000095367432,0,0,0,0
02-12 14:00,82.4,0.0,0.0,81.19999694824219,1.2000000476837158,0,0,0,0
02-12 15:00,91.5,0.0,0.0,90.19999694824219,1.2999999523162842,0,0,0,0
02-12 16:00,88.8,0.0,0.0,87.5,1.2999999523162842,0,0,0,0
02-12 17:00,99.2,0.0,0.0,96.5,2.700000047683716,0,0,0,0
02-12 18:00,99.3,0.0,0.0,96.5999984741211,2.700000047683716,0,0,0,0
02-12 19:00,88.5,0.0,0.0,87.30000305175781,1.2000000476837158,0,0,0,0
02-12 20:00,87.4,0.0,0.0,87.4000015258789,0.0,0,0,0,0
02-12 21:00,81.4,0.0,0.0,81.4000015258789,0.0,0,0,0,0
02-12 22:00,79.1,0.0,0.0,79.0999984741211,0.0,0,0,0,0
02-12 23:00,77.0,0.0,0.0,77.0,0.0,0,0,0,0
03-12 00:00,76.0,0.0,0.0,76.0,0.0,0,0,0,0
03-12 01:00,79.1,0.0,0.0,79.0999984741211,0.0,0,0,0,0
03-12 02:00,76.9,0.0,0.0,76.9000015258789,0.0,0,0,0,0
03-12 03:00,92.3,0.0,0.0,92.30000305175781,0.0,0,0,0,0
03-12 04:00,109.4,0.0,0.0,109.4000015258789,0.0,0,0,0,0
03-12 05:00,144.1,0.0,0.0,144.0,0.0,0,0,0,0
03-12 06:00,180.9,0.0,0.0,180.8000030517578,0.0,0,0,0,0
03-12 07:00,206.7,0.0,0.0,206.6999969482422,0.0,0,0,0,0
03-12 08:00,246.8,0.0,0.0,246.8000030517578,0.0,0,0,0,0
03-12 09:00,212.5,0.0,0.0,210.0,2.5,0,0,0,0
03-12 10:00,217.3,0.0,0.0,205.10000610351562,12.199999809265137,0,0,0,0
03-12 11:00,269.0,0.0,0.0,185.0,84.0,0,0,0,0
03-12 12:00,291.7,0.0,0.0,165.1999969482422,126.5,0,0,0,0
03-12 13:00,271.1,0.0,0.0,166.3000030517578,104.80000305175781,0,0,0,0
03-12 14:00,194.7,0.0,0.0,167.8000030517578,26.899999618530273,0,0,0,0
03-12 15:00,190.4,0.0,0.0,166.6999969482422,23.700000762939453,0,0,0,0
03-12 16:00,167.1,0.0,0.0,141.3000030517578,25.799999237060547,0,0,0,0
03-12 17:00,154.5,0.0,0.0,118.9000015258789,35.599998474121094,0,0,0,0
03-12 18:00,141.9,0.0,0.0,111.30000305175781,30.600000381469727,0,0,0,0
03-12 19:00,126.2,0.0,0.0,114.69999694824219,11.5,0,0,0,0
03-12 20:00,124.7,0.0,0.0,120.5,4.199999809265137,0,0,0,0
03-12 21:00,114.8,0.0,0.0,114.80000305175781,0.0,0,0,0,0
03-12 22:00,111.3,0.0,0.0,111.30000305175781,0.0,0,0,0,0
03-12 23:00,119.1,0.0,0.0,119.0999984741211,0.0,0,0,0,0
04-12 00:00,107.2,0.0,0.0,107.19999694824219,0.0,0,0,0,0
04-12 01:00,113.0,0.0,0.0,113.0,0.0,0,0,0,0
04-12 02:00,119.9,0.0,0.0,119.9000015258789,0.0,0,0,0,0
04-12 03:00,126.0,0.0,0.0,126.0,0.0,0,0,0,0
04-12 04:00,153.8,0.0,0.0,153.8000030517578,0.0,0,0,0,0
04-12 05:00,220.7,0.0,0.0,220.6999969482422,0.0,0,0,0,0
04-12 06:00,225.5,0.0,0.0,225.5,0.0,0,0,0,0
04-12 07:00,266.5,0.0,0.0,266.5,0.0,0,0,0,0
04-12 08:00,297.3,0.0,0.0,297.29998779296875,0.0,0,0,0,0
04-12 09:00,282.7,0.0,0.0,280.0,2.700000047683716,0,0,0,0
04-12 10:00,266.8,0.0,0.0,254.60000610351562,12.199999809265137,0,0,0,0
04-12 11:00,312.2,0.0,0.0,226.39999389648438,85.80000305175781,0,0,0,0
04-12 12:00,336.2,0.0,0.0,205.60000610351562,130.60000610351562,0,0,0,0
04-12 13:00,289.9,0.0,0.0,187.10000610351562,102.80000305175781,0,0,0,0
04-12 14:00,214.8,0.0,0.0,188.39999389648438,26.399999618530273,0,0,0,0
04-12 15:00,215.2,0.0,0.0,190.0,25.200000762939453,0,0,0,0
04-12 16:00,177.8,0.0,0.0,151.39999389648438,26.399999618530273,0,0,0,0
04-12 17:00,184.0,0.0,0.0,146.1999969482422,37.79999923706055,0,0,0,0
04-12 18:00,160.6,0.0,0.0,131.1999969482422,29.399999618530273,0,0,0,0
04-12 19:00,159.8,0.0,0.0,147.60000610351562,12.199999809265137,0,0,0,0
04-12 20:00,143.0,0.0,0.0,139.0,4.0,0,0,0,0
04-12 21:00,130.6,0.0,0.0,130.60000610351562,0.0,0,0,0,0
04-12 22:00,137.5,0.0,0.0,137.5,0.0,0,0,0,0
04-12 23:00,122.9,0.0,0.0,122.9000015258789,0.0,0,0,0,0
05-12 00:00,114.5,0.0,0.0,114.5,0.0,0,0,0,0
05-12 01:00,114.5,0.0,0.0,114.5,0.0,0,0,0,0
05-12 02:00,111.6,0.0,0.0,111.5999984741211,0.0,0,0,0,0
05-12 03:00,123.1,0.0,0.0,123.0999984741211,0.0,0,0,0,0
05-12 04:00,126.3,0.0,0.0,126.30000305175781,0.0,0,0,0,0
05-12 05:00,190.4,0.0,0.0,190.39999389648438,0.0,0,0,0,0
05-12 06:00,190.3,0.0,0.0,190.3000030517578,0.0,0,0,0,0
05-12 07:00,211.0,0.0,0.0,211.0,0.0,0,0,0,0
05-12 08:00,253.8,0.0,0.0,253.8000030517578,0.0,0,0,0,0
05-12 09:00,232.3,0.0,0.0,229.60000610351562,2.700000047683716,0,0,0,0
05-12 10:00,219.9,0.0,0.0,207.8000030517578,12.100000381469727,0,0,0,0
05-12 11:00,282.3,0.0,0.0,193.0,89.30000305175781,0,0,0,0
05-12 12:00,295.1,0.0,0.0,165.6999969482422,129.39999389648438,0,0,0,0
05-12 13:00,269.0,0.0,0.0,160.6999969482422,108.30000305175781,0,0,0,0
05-12 14:00,162.0,0.0,0.0,137.1999969482422,24.799999237060547,0,0,0,0
05-12 15:00,157.8,0.0,0.0,133.8000030517578,24.0,0,0,0,0
05-12 16:00,139.6,0.0,0.0,112.69999694824219,26.899999618530273,0,0,0,0
05-12 17:00,131.9,0.0,0.0,95.5,36.400001525878906,0,0,0,0
05-12 18:00,114.4,0.0,0.0,84.30000305175781,30.100000381469727,0,0,0,0
05-12 19:00,95.1,0.0,0.0,83.5,11.600000381469727,0,0,0,0
05-12 20:00,88.4,0.0,0.0,84.30000305175781,4.099999904632568,0,0,0,0
05-12 21:00,73.1,0.0,0.0,73.0999984741211,0.0,0,0,0,0
05-12 22:00,65.7,0.0,0.0,65.69999694824219,0.0,0,0,0,0
05-12 23:00,71.8,0.0,0.0,71.80000305175781,0.0,0,0,0,0
06-12 00:00,62.1,0.0,0.0,62.099998474121094,0.0,0,0,0,0
06-12 01:00,62.1,0.0,0.0,62.099998474121094,0.0,0,0,0,0
06-12 02:00,58.3,0.0,0.0,58.29999923706055,0.0,0,0,0,0
06-12 03:00,70.4,0.0,0.0,70.4000015258789,0.0,0,0,0,0
06-12 04:00,91.7,0.0,0.0,91.69999694824219,0.0,0,0,0,0
06-12 05:00,133.0,0.0,0.0,133.0,0.0,0,0,0,0
06-12 06:00,140.8,0.0,0.0,140.8000030517578,0.0,0,0,0,0
06-12 07:00,157.5,0.0,0.0,157.5,0.0,0,0,0,0
06-12 08:00,187.4,0.0,0.0,187.39999389648438,0.0,0,0,0,0
06-12 09:00,185.1,0.0,0.0,182.1999969482422,2.9000000953674316,0,0,0,0
06-12 10:00,162.5,0.0,0.0,150.5,12.0,0,0,0,0
06-12 11:00,203.8,0.0,0.0,123.9000015258789,79.9000015258789,0,0,0,0
06-12 12:00,263.5,0.0,0.0,124.69999694824219,138.8000030517578,0,0,0,0
06-12 13:00,240.1,0.0,0.0,126.30000305175781,113.80000305175781,0,0,0,0
06-12 14:00,155.7,0.0,0.0,126.5999984741211,29.100000381469727,0,0,0,0
06-12 15:00,143.4,0.0,0.0,118.4000015258789,25.0,0,0,0,0
06-12 16:00,117.5,0.0,0.0,92.0999984741211,25.399999618530273,0,0,0,0
06-12 17:00,138.1,0.0,0.0,99.19999694824219,38.900001525878906,0,0,0,0
06-12 18:00,112.7,0.0,0.0,82.9000015258789,29.799999237060547,0,0,0,0
06-12 19:00,90.7,0.0,0.0,79.5,11.199999809265137,0,0,0,0
06-12 20:00,89.3,0.0,0.0,85.19999694824219,4.099999904632568,0,0,0,0
06-12 21:00,82.0,0.0,0.0,82.0,0.0,0,0,0,0
06-12 22:00,82.8,0.0,0.0,82.80000305175781,0.0,0,0,0,0
06-12 23:00,78.6,0.0,0.0,78.5999984741211,0.0,0,0,0,0
07-12 00:00,67.2,0.0,0.0,67.19999694824219,0.0,0,0,0,0
07-12 01:00,66.5,0.0,0.0,66.5,0.0,0,0,0,0
07-12 02:00,69.8,0.0,0.0,69.80000305175781,0.0,0,0,0,0
07-12 03:00,70.1,0.0,0.0,70.0999984741211,0.0,0,0,0,0
07-12 04:00,83.0,0.0,0.0,83.0,0.0,0,0,0,0
07-12 05:00,123.9,0.0,0.0,123.9000015258789,0.0,0,0,0,0
07-12 06:00,129.8,0.0,0.0,129.8000030517578,0.0,0,0,0,0
07-12 07:00,146.4,0.0,0.0,146.39999389648438,0.0,0,0,0,0
07-12 08:00,163.8,0.0,0.0,163.8000030517578,0.0,0,0,0,0
07-12 09:00,151.4,0.0,0.0,148.60000610351562,2.799999952316284,0,0,0,0
07-12 10:00,129.7,0.0,0.0,118.5,11.199999809265137,0,0,0,0
07-12 11:00,192.8,0.0,0.0,108.5999984741211,84.19999694824219,0,0,0,0
07-12 12:00,217.6,0.0,0.0,91.9000015258789,125.5999984741211,0,0,0,0
07-12 13:00,193.2,0.0,0.0,88.0,105.19999694824219,0,0,0,0
07-12 14:00,119.2,0.0,0.0,93.0,26.200000762939453,0,0,0,0
07-12 15:00,127.8,0.0,0.0,103.30000305175781,24.5,0,0,0,0
07-12 16:00,104.5,0.0,0.0,79.5999984741211,24.899999618530273,0,0,0,0
07-12 17:00,115.1,0.0,0.0,79.80000305175781,35.400001525878906,0,0,0,0
07-12 18:00,120.9,0.0,0.0,88.4000015258789,32.599998474121094,0,0,0,0
07-12 19:00,110.7,0.0,0.0,97.80000305175781,12.899999618530273,0,0,0,0
07-12 20:00,92.2,0.0,0.0,88.19999694824219,4.0,0,0,0,0
07-12 21:00,91.4,0.0,0.0,91.4000015258789,0.0,0,0,0,0
07-12 22:00,102.0,0.0,0.0,102.0,0.0,0,0,0,0
07-12 23:00,88.2,0.0,0.0,88.19999694824219,0.0,0,0,0,0
08-12 00:00,119.1,0.0,0.0,119.0999984741211,0.0,0,0,0,0
08-12 01:00,115.7,0.0,0.0,115.69999694824219,0.0,0,0,0,0
08-12 02:00,115.7,0.0,0.0,115.69999694824219,0.0,0,0,0,0
08-12 03:00,99.9,0.0,0.0,99.9000015258789,0.0,0,0,0,0
08-12 04:00,117.1,0.0,0.0,117.0999984741211,0.0,0,0,0,0
08-12 05:00,131.8,0.0,0.0,131.8000030517578,0.0,0,0,0,0
08-12 06:00,126.2,0.0,0.0,126.19999694824219,0.0,0,0,0,0
08-12 07:00,143.8,0.0,0.0,143.8000030517578,0.0,0,0,0,0
08-12 08:00,151.0,0.0,0.0,151.0,0.0,0,0,0,0
08-12 09:00,126.3,0.0,0.0,126.4000015258789,0.0,0,0,0,0
08-12 10:00,123.1,0.0,0.0,121.80000305175781,1.2999999523162842,0,0,0,0
08-12 11:00,127.8,0.0,0.0,117.30000305175781,10.5,0,0,0,0
08-12 12:00,132.7,0.0,0.0,116.0,16.700000762939453,0,0,0,0
08-12 13:00,116.7,0.0,0.0,104.0,12.699999809265137,0,0,0,0
08-12 14:00,106.8,0.0,0.0,104.19999694824219,2.5999999046325684,0,0,0,0
08-12 15:00,121.7,0.0,0.0,118.9000015258789,2.799999952316284,0,0,0,0
08-12 16:00,111.1,0.0,0.0,108.5,2.5999999046325684,0,0,0,0
08-12 17:00,118.0,0.0,0.0,114.19999694824219,3.799999952316284,0,0,0,0
08-12 18:00,123.5,0.0,0.0,119.5,4.0,0,0,0,0
08-12 19:00,118.4,0.0,0.0,117.0999984741211,1.2999999523162842,0,0,0,0
08-12 20:00,115.8,0.0,0.0,115.80000305175781,0.0,0,0,0,0
08-12 21:00,109.0,0.0,0.0,109.0,0.0,0,0,0,0
08-12 22:00,117.9,0.0,0.0,117.9000015258789,0.0,0,0,0,0
08-12 23:00,128.6,0.0,0.0,128.60000610351562,0.0,0,0,0,0
09-12 00:00,125.7,0.0,0.0,125.5999984741211,0.0,0,0,0,0
09-12 01:00,132.4,0.0,0.0,132.39999389648438,0.0,0,0,0,0
09-12 02:00,119.4,0.0,0.0,119.4000015258789,0.0,0,0,0,0
09-12 03:00,126.9,0.0,0.0,126.9000015258789,0.0,0,0,0,0
09-12 04:00,112.6,0.0,0.0,112.5999984741211,0.0,0,0,0,0
09-12 05:00,125.6,0.0,0.0,125.5999984741211,0.0,0,0,0,0
09-12 06:00,113.0,0.0,0.0,113.0,0.0,0,0,0,0
09-12 07:00,128.7,0.0,0.0,128.6999969482422,0.0,0,0,0,0
09-12 08:00,131.3,0.0,0.0,131.3000030517578,0.0,0,0,0,0
09-12 09:00,121.6,0.0,0.0,121.5999984741211,0.0,0,0,0,0
09-12 10:00,121.9,0.0,0.0,120.5,1.399999976158142,0,0,0,0
09-12 11:00,120.1,0.0,0.0,113.5999984741211,6.5,0,0,0,0
09-12 12:00,114.8,0.0,0.0,105.69999694824219,9.100000381469727,0,0,0,0
09-12 13:00,109.2,0.0,0.0,101.5,7.699999809265137,0,0,0,0
09-12 14:00,109.2,0.0,0.0,107.80000305175781,1.399999976158142,0,0,0,0
09-12 15:00,115.5,0.0,0.0,114.0999984741211,1.399999976158142,0,0,0,0
09-12 16:00,111.1,0.0,0.0,109.69999694824219,1.399999976158142,0,0,0,0
09-12 17:00,111.0,0.0,0.0,108.4000015258789,2.5999999046325684,0,0,0,0
09-12 18:00,114.6,0.0,0.0,112.0,2.5999999046325684,0,0,0,0
09-12 19:00,106.3,0.0,0.0,105.0999984741211,1.2000000476837158,0,0,0,0
09-12 20:00,130.3,0.0,0.0,130.3000030517578,0.0,0,0,0,0
09-12 21:00,122.5,0.0,0.0,122.5,0.0,0,0,0,0
09-12 22:00,135.5,0.0,0.0,135.5,0.0,0,0,0,0
09-12 23:00,119.4,0.0,0.0,119.4000015258789,0.0,0,0,0,0
10-12 00:00,135.6,0.0,0.0,135.60000610351562,0.0,0,0,0,0
10-12 01:00,138.5,0.0,0.0,138.5,0.0,0,0,0,0
10-12 02:00,157.9,0.0,0.0,157.8000030517578,0.0,0,0,0,0
10-12 03:00,152.4,0.0,0.0,152.39999389648438,0.0,0,0,0,0
10-12 04:00,189.2,0.0,0.0,189.1999969482422,0.0,0,0,0,0
10-12 05:00,256.1,0.0,0.0,256.1000061035156,0.0,0,0,0,0
10-12 06:00,303.3,0.0,0.0,303.29998779296875,0.0,0,0,0,0
10-12 07:00,331.5,0.0,0.0,331.5,0.0,0,0,0,0
10-12 08:00,360.2,0.0,0.0,360.20001220703125,0.0,0,0,0,0
10-12 09:00,318.7,0.0,0.0,316.1000061035156,2.5999999046325684,0,0,0,0
10-12 10:00,291.0,0.0,0.0,278.8999938964844,12.0,0,0,0,0
10-12 11:00,316.1,0.0,0.0,235.89999389648438,80.19999694824219,0,0,0,0
10-12 12:00,355.2,0.0,0.0,226.60000610351562,128.60000610351562,0,0,0,0
10-12 13:00,356.6,0.0,0.0,239.1999969482422,117.4000015258789,0,0,0,0
10-12 14:00,216.5,0.0,0.0,191.60000610351562,24.899999618530273,0,0,0,0
10-12 15:00,220.8,0.0,0.0,196.5,24.299999237060547,0,0,0,0
10-12 16:00,216.0,0.0,0.0,187.89999389648438,28.100000381469727,0,0,0,0
10-12 17:00,186.4,0.0,0.0,149.5,36.900001525878906,0,0,0,0
10-12 18:00,158.7,0.0,0.0,129.10000610351562,29.600000381469727,0,0,0,0
10-12 19:00,148.0,0.0,0.0,135.8000030517578,12.199999809265137,0,0,0,0
10-12 20:00,128.4,0.0,0.0,124.5,3.9000000953674316,0,0,0,0
10-12 21:00,130.9,0.0,0.0,130.89999389648438,0.0,0,0,0,0
10-12 22:00,136.3,0.0,0.0,136.3000030517578,0.0,0,0,0,0
10-12 23:00,142.0,0.0,0.0,142.0,0.0,0,0,0,0
11-12 00:00,125.9,0.0,0.0,125.9000015258789,0.0,0,0,0,0
11-12 01:00,126.9,0.0,0.0,126.9000015258789,0.0,0,0,0,0
11-12 02:00,136.1,0.0,0.0,136.10000610351562,0.0,0,0,0,0
11-12 03:00,151.3,0.0,0.0,151.3000030517578,0.0,0,0,0,0
11-12 04:00,172.8,0.0,0.0,172.8000030517578,0.0,0,0,0,0
11-12 05:00,237.0,0.0,0.0,237.0,0.0,0,0,0,0
11-12 06:00,281.2,0.0,0.0,281.20001220703125,0.0,0,0,0,0
11-12 07:00,298.3,0.0,0.0,298.29998779296875,0.0,0,0,0,0
11-12 08:00,334.8,0.0,0.0,334.79998779296875,0.0,0,0,0,0
11-12 09:00,317.3,0.0,0.0,314.6000061035156,2.5999999046325684,0,0,0,0
11-12 10:00,310.9,0.0,0.0,298.20001220703125,12.699999809265137,0,0,0,0
11-12 11:00,338.4,0.0,0.0,253.89999389648438,84.5,0,0,0,0
11-12 12:00,402.6,0.0,0.0,262.0,140.60000610351562,0,0,0,0
11-12 13:00,327.0,0.0,0.0,223.60000610351562,103.4000015258789,0,0,0,0
11-12 14:00,257.5,0.0,0.0,230.39999389648438,27.100000381469727,0,0,0,0
11-12 15:00,209.9,0.0,0.0,188.1999969482422,21.700000762939453,0,0,0,0
11-12 16:00,186.7,0.0,0.0,161.1999969482422,25.5,0,0,0,0
11-12 17:00,175.4,0.0,0.0,138.89999389648438,36.5,0,0,0,0
11-12 18:00,144.0,0.0,0.0,115.5999984741211,28.399999618530273,0,0,0,0
11-12 19:00,139.0,0.0,0.0,126.80000305175781,12.199999809265137,0,0,0,0
11-12 20:00,126.1,0.0,0.0,122.0,4.099999904632568,0,0,0,0
11-12 21:00,126.3,0.0,0.0,126.30000305175781,0.0,0,0,0,0
11-12 22:00,126.3,0.0,0.0,126.30000305175781,0.0,0,0,0,0
11-12 23:00,125.3,0.0,0.0,125.30000305175781,0.0,0,0,0,0
12-12 00:00,113.7,0.0,0.0,113.69999694824219,0.0,0,0,0,0
12-12 01:00,113.7,0.0,0.0,113.69999694824219,0.0,0,0,0,0
12-12 02:00,118.1,0.0,0.0,118.0999984741211,0.0,0,0,0,0
12-12 03:00,126.3,0.0,0.0,126.30000305175781,0.0,0,0,0,0
12-12 04:00,146.1,0.0,0.0,146.10000610351562,0.0,0,0,0,0
12-12 05:00,210.6,0.0,0.0,210.60000610351562,0.0,0,0,0,0
12-12 06:00,232.1,0.0,0.0,232.10000610351562,0.0,0,0,0,0
12-12 07:00,247.6,0.0,0.0,247.60000610351562,0.0,0,0,0,0
12-12 08:00,287.4,0.0,0.0,287.3999938964844,0.0,0,0,0,0
12-12 09:00,270.9,0.0,0.0,268.20001220703125,2.700000047683716,0,0,0,0
12-12 10:00,241.0,0.0,0.0,229.1999969482422,11.800000190734863,0,0,0,0
12-12 11:00,314.8,0.0,0.0,225.89999389648438,88.9000015258789,0,0,0,0
12-12 12:00,341.9,0.0,0.0,209.10000610351562,132.8000030517578,0,0,0,0
12-12 13:00,320.0,0.0,0.0,206.8000030517578,113.19999694824219,0,0,0,0
12-12 14:00,212.9,0.0,0.0,186.8000030517578,26.0,0,0,0,0
12-12 15:00,208.1,0.0,0.0,183.0,25.100000381469727,0,0,0,0
12-12 16:00,181.2,0.0,0.0,153.60000610351562,27.600000381469727,0,0,0,0
12-12 17:00,163.1,0.0,0.0,127.30000305175781,35.79999923706055,0,0,0,0
12-12 18:00,153.6,0.0,0.0,121.80000305175781,31.799999237060547,0,0,0,0
12-12 19:00,127.7,0.0,0.0,115.9000015258789,11.800000190734863,0,0,0,0
12-12 20:00,117.0,0.0,0.0,113.0,4.0,0,0,0,0
12-12 21:00,127.0,0.0,0.0,127.0,0.0,0,0,0,0
12-12 22:00,123.4,0.0,0.0,123.4000015258789,0.0,0,0,0,0
12-12 23:00,109.9,0.0,0.0,109.9000015258789,0.0,0,0,0,0
13-12 00:00,129.6,0.0,0.0,129.60000610351562,0.0,0,0,0,0
13-12 01:00,111.4,0.0,0.0,111.4000015258789,0.0,0,0,0,0
13-12 02:00,131.5,0.0,0.0,131.5,0.0,0,0,0,0
13-12 03:00,146.8,0.0,0.0,146.8000030517578,0.0,0,0,0,0
13-12 04:00,181.1,0.0,0.0,181.10000610351562,0.0,0,0,0,0
13-12 05:00,223.4,0.0,0.0,223.39999389648438,0.0,0,0,0,0
13-12 06:00,286.0,0.0,0.0,286.0,0.0,0,0,0,0
13-12 07:00,299.7,0.0,0.0,299.70001220703125,0.0,0,0,0,0
13-12 08:00,350.6,0.0,0.0,350.6000061035156,0.0,0,0,0,0
13-12 09:00,312.6,0.0,0.0,309.8999938964844,2.700000047683716,0,0,0,0
13-12 10:00,282.3,0.0,0.0,270.6000061035156,11.699999809265137,0,0,0,0
13-12 11:00,337.6,0.0,0.0,253.8000030517578,83.80000305175781,0,0,0,0
13-12 12:00,371.0,0.0,0.0,242.10000610351562,128.89999389648438,0,0,0,0
13-12 13:00,325.0,0.0,0.0,220.39999389648438,104.5999984741211,0,0,0,0
13-12 14:00,269.8,0.0,0.0,241.60000610351562,28.200000762939453,0,0,0,0
13-12 15:00,223.3,0.0,0.0,200.3000030517578,23.0,0,0,0,0
13-12 16:00,199.8,0.0,0.0,173.8000030517578,26.0,0,0,0,0
13-12 17:00,192.9,0.0,0.0,156.3000030517578,36.599998474121094,0,0,0,0
13-12 18:00,188.7,0.0,0.0,156.60000610351562,32.099998474121094,0,0,0,0
13-12 19:00,151.4,0.0,0.0,140.1999969482422,11.199999809265137,0,0,0,0
13-12 20:00,139.5,0.0,0.0,135.6999969482422,3.799999952316284,0,0,0,0
13-12 21:00,148.7,0.0,0.0,148.6999969482422,0.0,0,0,0,0
13-12 22:00,141.4,0.0,0.0,141.39999389648438,0.0,0,0,0,0
13-12 23:00,140.9,0.0,0.0,140.89999389648438,0.0,0,0,0,0
14-12 00:00,154.4,0.0,0.0,154.39999389648438,0.0,0,0,0,0
14-12 01:00,151.3,0.0,0.0,151.3000030517578,0.0,0,0,0,0
14-12 02:00,165.1,0.0,0.0,165.10000610351562,0.0,0,0,0,0
14-12 03:00,172.2,0.0,0.0,172.1999969482422,0.0,0,0,0,0
14-12 04:00,204.7,0.0,0.0,204.6999969482422,0.0,0,0,0,0
14-12 05:00,286.7,0.0,0.0,286.70001220703125,0.0,0,0,0,0
14-12 06:00,297.1,0.0,0.0,297.1000061035156,0.0,0,0,0,0
14-12 07:00,383.1,0.0,0.0,383.1000061035156,0.0,0,0,0,0
14-12 08:00,394.7,0.0,0.0,394.70001220703125,0.0,0,0,0,0
14-12 09:00,370.9,0.0,0.0,368.29998779296875,2.5999999046325684,0,0,0,0
14-12 10:00,344.2,0.0,0.0,332.29998779296875,11.800000190734863,0,0,0,0
14-12 11:00,428.6,0.0,0.0,335.29998779296875,93.30000305175781,0,0,0,0
14-12 12:00,459.2,0.0,0.0,316.8999938964844,142.3000030517578,0,0,0,0
14-12 13:00,371.3,0.0,0.0,267.70001220703125,103.5999984741211,0,0,0,0
14-12 14:00,280.3,0.0,0.0,254.5,25.799999237060547,0,0,0,0
14-12 15:00,255.4,0.0,0.0,232.1999969482422,23.200000762939453,0,0,0,0
14-12 16:00,221.9,0.0,0.0,196.10000610351562,25.799999237060547,0,0,0,0
14-12 17:00,215.2,0.0,0.0,179.6999969482422,35.5,0,0,0,0
14-12 18:00,178.0,0.0,0.0,150.5,27.5,0,0,0,0
14-12 19:00,183.4,0.0,0.0,171.6999969482422,11.699999809265137,0,0,0,0
14-12 20:00,177.0,0.0,0.0,172.8000030517578,4.099999904632568,0,0,0,0
14-12 21:00,162.7,0.0,0.0,162.6999969482422,0.0,0,0,0,0
14-12 22:00,175.7,0.0,0.0,175.6999969482422,0.0,0,0,0,0
14-12 23:00,175.2,0.0,0.0,175.1999969482422,0.0,0,0,0,0
15-12 00:00,189.1,0.0,0.0,189.10000610351562,0.0,0,0,0,0
15-12 01:00,189.1,0.0,0.0,189.10000610351562,0.0,0,0,0,0
15-12 02:00,178.1,0.0,0.0,178.10000610351562,0.0,0,0,0,0
15-12 03:00,193.0,0.0,0.0,193.0,0.0,0,0,0,0
15-12 04:00,208.9,0.0,0.0,208.89999389648438,0.0,0,0,0,0
15-12 05:00,240.2,0.0,0.0,240.1999969482422,0.0,0,0,0,0
15-12 06:00,246.2,0.0,0.0,246.1999969482422,0.0,0,0,0,0
15-12 07:00,265.1,0.0,0.0,265.1000061035156,0.0,0,0,0,0
15-12 08:00,254.1,0.0,0.0,254.10000610351562,0.0,0,0,0,0
15-12 09:00,270.3,0.0,0.0,270.29998779296875,0.0,0,0,0,0
15-12 10:00,225.7,0.0,0.0,224.39999389648438,1.2999999523162842,0,0,0,0
15-12 11:00,216.5,0.0,0.0,206.39999389648438,10.100000381469727,0,0,0,0
15-12 12:00,218.4,0.0,0.0,202.89999389648438,15.5,0,0,0,0
15-12 13:00,233.6,0.0,0.0,219.89999389648438,13.699999809265137,0,0,0,0
15-12 14:00,188.1,0.0,0.0,185.60000610351562,2.4000000953674316,0,0,0,0
15-12 15:00,192.0,0.0,0.0,189.5,2.4000000953674316,0,0,0,0
15-12 16:00,205.8,0.0,0.0,203.10000610351562,2.700000047683716,0,0,0,0
15-12 17:00,217.8,0.0,0.0,213.60000610351562,4.199999809265137,0,0,0,0
15-12 18:00,204.2,0.0,0.0,200.1999969482422,4.0,0,0,0,0
15-12 19:00,205.6,0.0,0.0,204.1999969482422,1.399999976158142,0,0,0,0
15-12 20:00,203.9,0.0,0.0,203.89999389648438,0.0,0,0,0,0
15-12 21:00,226.8,0.0,0.0,226.8000030517578,0.0,0,0,0,0
15-12 22:00,214.1,0.0,0.0,214.10000610351562,0.0,0,0,0,0
15-12 23:00,198.4,0.0,0.0,198.39999389648438,0.0,0,0,0,0
16-12 00:00,229.7,0.0,0.0,229.6999969482422,0.0,0,0,0,0
16-12 01:00,212.0,0.0,0.0,212.0,0.0,0,0,0,0
16-12 02:00,223.1,0.0,0.0,223.10000610351562,0.0,0,0,0,0
16-12 03:00,215.0,0.0,0.0,215.0,0.0,0,0,0,0
16-12 04:00,233.4,0.0,0.0,233.39999389648438,0.0,0,0,0,0
16-12 05:00,228.0,0.0,0.0,228.0,0.0,0,0,0,0
16-12 06:00,236.9,0.0,0.0,237.0,0.0,0,0,0,0
16-12 07:00,206.7,0.0,0.0,206.6999969482422,0.0,0,0,0,0
16-12 08:00,241.3,0.0,0.0,241.3000030517578,0.0,0,0,0,0
16-12 09:00,206.9,0.0,0.0,206.89999389648438,0.0,0,0,0,0
16-12 10:00,192.8,0.0,0.0,191.5,1.2999999523162842,0,0,0,0
16-12 11:00,210.3,0.0,0.0,203.5,6.800000190734863,0,0,0,0
16-12 12:00,194.8,0.0,0.0,185.8000030517578,9.0,0,0,0,0
16-12 13:00,203.7,0.0,0.0,195.39999389648438,8.300000190734863,0,0,0,0
16-12 14:00,185.5,0.0,0.0,184.1999969482422,1.2999999523162842,0,0,0,0
16-12 15:00,189.2,0.0,0.0,187.89999389648438,1.2999999523162842,0,0,0,0
16-12 16:00,193.1,0.0,0.0,191.6999969482422,1.399999976158142,0,0,0,0
16-12 17:00,187.1,0.0,0.0,184.39999389648438,2.700000047683716,0,0,0,0
16-12 18:00,183.5,0.0,0.0,180.8000030517578,2.700000047683716,0,0,0,0
16-12 19:00,182.2,0.0,0.0,180.8000030517578,1.399999976158142,0,0,0,0
16-12 20:00,184.3,0.0,0.0,184.3000030517578,0.0,0,0,0,0
16-12 21:00,179.0,0.0,0.0,179.0,0.0,0,0,0,0
16-12 22:00,172.6,0.0,0.0,172.60000610351562,0.0,0,0,0,0
16-12 23:00,164.1,0.0,0.0,164.10000610351562,0.0,0,0,0,0
17-12 00:00,167.4,0.0,0.0,167.39999389648438,0.0,0,0,0,0
17-12 01:00,179.0,0.0,0.0,179.0,0.0,0,0,0,0
17-12 02:00,189.3,0.0,0.0,189.3000030517578,0.0,0,0,0,0
17-12 03:00,185.7,0.0,0.0,185.6999969482422,0.0,0,0,0,0
17-12 04:00,224.1,0.0,0.0,224.1999969482422,0.0,0,0,0,0
17-12 05:00,302.9,0.0,0.0,302.8999938964844,0.0,0,0,0,0
17-12 06:00,347.5,0.0,0.0,347.6000061035156,0.0,0,0,0,0
17-12 07:00,382.4,0.0,0.0,382.3999938964844,0.0,0,0,0,0
17-12 08:00,440.1,0.0,0.0,440.1000061035156,0.0,0,0,0,0
17-12 09:00,429.0,0.0,0.0,426.20001220703125,2.799999952316284,0,0,0,0
17-12 10:00,384.7,0.0,0.0,372.20001220703125,12.5,0,0,0,0
17-12 11:00,446.9,0.0,0.0,356.0,90.9000015258789,0,0,0,0
17-12 12:00,479.3,0.0,0.0,339.3999938964844,139.89999389648438,0,0,0,0
17-12 13:00,412.6,0.0,0.0,304.3999938964844,108.0999984741211,0,0,0,0
17-12 14:00,315.1,0.0,0.0,289.0,26.100000381469727,0,0,0,0
17-12 15:00,304.7,0.0,0.0,280.5,24.200000762939453,0,0,0,0
17-12 16:00,279.2,0.0,0.0,251.0,28.200000762939453,0,0,0,0
17-12 17:00,250.9,0.0,0.0,213.5,37.400001525878906,0,0,0,0
17-12 18:00,224.5,0.0,0.0,193.3000030517578,31.200000762939453,0,0,0,0
17-12 19:00,217.5,0.0,0.0,204.60000610351562,13.0,0,0,0,0
17-12 20:00,183.4,0.0,0.0,179.5,3.9000000953674316,0,0,0,0
17-12 21:00,175.9,0.0,0.0,175.89999389648438,0.0,0,0,0,0
17-12 22:00,202.7,0.0,0.0,202.6999969482422,0.0,0,0,0,0
17-12 23:00,186.8,0.0,0.0,186.8000030517578,0.0,0,0,0,0
18-12 00:00,187.8,0.0,0.0,187.8000030517578,0.0,0,0,0,0
18-12 01:00,185.9,0.0,0.0,185.89999389648438,0.0,0,0,0,0
18-12 02:00,191.3,0.0,0.0,191.3000030517578,0.0,0,0,0,0
18-12 03:00,193.0,0.0,0.0,193.0,0.0,0,0,0,0
18-12 04:00,229.3,0.0,0.0,229.3000030517578,0.0,0,0,0,0
18-12 05:00,336.3,0.0,0.0,336.29998779296875,0.0,0,0,0,0
18-12 06:00,400.8,0.0,0.0,400.79998779296875,0.0,0,0,0,0
18-12 07:00,423.7,0.0,0.0,423.70001220703125,0.0,0,0,0,0
18-12 08:00,462.6,0.0,0.0,462.6000061035156,0.0,0,0,0,0
18-12 09:00,443.2,0.0,0.0,440.6000061035156,2.5999999046325684,0,0,0,0
18-12 10:00,459.8,0.0,0.0,446.70001220703125,13.100000381469727,0,0,0,0
18-12 11:00,472.1,0.0,0.0,384.6000061035156,87.5,0,0,0,0
18-12 12:00,479.3,0.0,0.0,352.70001220703125,126.5999984741211,0,0,0,0
18-12 13:00,463.0,0.0,0.0,353.70001220703125,109.30000305175781,0,0,0,0
18-12 14:00,351.1,0.0,0.0,325.0,26.100000381469727,0,0,0,0
18-12 15:00,342.3,0.0,0.0,317.79998779296875,24.5,0,0,0,0
18-12 16:00,290.3,0.0,0.0,263.1000061035156,27.200000762939453,0,0,0,0
18-12 17:00,258.9,0.0,0.0,222.89999389648438,36.0,0,0,0,0
18-12 18:00,236.0,0.0,0.0,205.39999389648438,30.600000381469727,0,0,0,0
18-12 19:00,219.5,0.0,0.0,207.39999389648438,12.100000381469727,0,0,0,0
18-12 20:00,186.2,0.0,0.0,182.5,3.700000047683716,0,0,0,0
18-12 21:00,196.4,0.0,0.0,196.39999389648438,0.0,0,0,0,0
18-12 22:00,198.3,0.0,0.0,198.3000030517578,0.0,0,0,0,0
18-12 23:00,189.4,0.0,0.0,189.39999389648438,0.0,0,0,0,0
19-12 00:00,182.6,0.0,0.0,182.60000610351562,0.0,0,0,0,0
19-12 01:00,175.1,0.0,0.0,175.10000610351562,0.0,0,0,0,0
19-12 02:00,197.3,0.0,0.0,197.3000030517578,0.0,0,0,0,0
19-12 03:00,197.3,0.0,0.0,197.3000030517578,0.0,0,0,0,0
19-12 04:00,226.5,0.0,0.0,226.5,0.0,0,0,0,0
19-12 05:00,359.1,0.0,0.0,359.1000061035156,0.0,0,0,0,0
19-12 06:00,371.2,0.0,0.0,371.20001220703125,0.0,0,0,0,0
19-12 07:00,459.7,0.0,0.0,459.70001220703125,0.0,0,0,0,0
19-12 08:00,432.5,0.0,0.0,432.5,0.0,0,0,0,0
19-12 09:00,419.9,0.0,0.0,417.29998779296875,2.5999999046325684,0,0,0,0
19-12 10:00,382.5,0.0,0.0,371.20001220703125,11.300000190734863,0,0,0,0
19-12 11:00,493.3,0.0,0.0,400.5,92.80000305175781,0,0,0,0
19-12 12:00,500.4,0.0,0.0,364.3999938964844,136.0,0,0,0,0
19-12 13:00,445.0,0.0,0.0,336.70001220703125,108.30000305175781,0,0,0,0
19-12 14:00,346.0,0.0,0.0,319.8999938964844,26.100000381469727,0,0,0,0
19-12 15:00,339.3,0.0,0.0,314.1000061035156,25.200000762939453,0,0,0,0
19-12 16:00,275.7,0.0,0.0,249.60000610351562,26.100000381469727,0,0,0,0
19-12 17:00,248.8,0.0,0.0,213.89999389648438,34.900001525878906,0,0,0,0
19-12 18:00,241.1,0.0,0.0,209.5,31.600000381469727,0,0,0,0
19-12 19:00,219.7,0.0,0.0,207.5,12.199999809265137,0,0,0,0
19-12 20:00,198.6,0.0,0.0,194.60000610351562,4.0,0,0,0,0
19-12 21:00,204.4,0.0,0.0,204.39999389648438,0.0,0,0,0,0
19-12 22:00,188.7,0.0,0.0,188.6999969482422,0.0,0,0,0,0
19-12 23:00,195.4,0.0,0.0,195.39999389648438,0.0,0,0,0,0
20-12 00:00,201.7,0.0,0.0,201.6999969482422,0.0,0,0,0,0
20-12 01:00,188.2,0.0,0.0,188.1999969482422,0.0,0,0,0,0
20-12 02:00,205.6,0.0,0.0,205.60000610351562,0.0,0,0,0,0
20-12 03:00,232.0,0.0,0.0,232.0,0.0,0,0,0,0
20-12 04:00,249.8,0.0,0.0,249.8000030517578,0.0,0,0,0,0
20-12 05:00,364.8,0.0,0.0,364.79998779296875,0.0,0,0,0,0
20-12 06:00,403.2,0.0,0.0,403.20001220703125,0.0,0,0,0,0
20-12 07:00,453.9,0.0,0.0,453.8999938964844,0.0,0,0,0,0
20-12 08:00,496.6,0.0,0.0,496.6000061035156,0.0,0,0,0,0
20-12 09:00,460.3,0.0,0.0,457.79998779296875,2.5,0,0,0,0
20-12 10:00,454.6,0.0,0.0,442.20001220703125,12.399999618530273,0,0,0,0
20-12 11:00,491.5,0.0,0.0,406.5,85.0,0,0,0,0
20-12 12:00,534.8,0.0,0.0,400.0,134.8000030517578,0,0,0,0
20-12 13:00,445.1,0.0,0.0,343.29998779296875,101.80000305175781,0,0,0,0
20-12 14:00,369.4,0.0,0.0,343.5,25.899999618530273,0,0,0,0
20-12 15:00,345.4,0.0,0.0,322.1000061035156,23.299999237060547,0,0,0,0
20-12 16:00,313.1,0.0,0.0,286.1000061035156,27.0,0,0,0,0
20-12 17:00,270.4,0.0,0.0,235.8000030517578,34.599998474121094,0,0,0,0
20-12 18:00,260.1,0.0,0.0,229.1999969482422,31.0,0,0,0,0
20-12 19:00,256.8,0.0,0.0,244.3000030517578,12.5,0,0,0,0
20-12 20:00,217.5,0.0,0.0,213.6999969482422,3.799999952316284,0,0,0,0
20-12 21:00,222.8,0.0,0.0,222.8000030517578,0.0,0,0,0,0
20-12 22:00,243.3,0.0,0.0,243.3000030517578,0.0,0,0,0,0
20-12 23:00,213.3,0.0,0.0,213.3000030517578,0.0,0,0,0,0
21-12 00:00,232.4,0.0,0.0,232.39999389648438,0.0,0,0,0,0
21-12 01:00,222.0,0.0,0.0,222.0,0.0,0,0,0,0
21-12 02:00,233.2,0.0,0.0,233.1999969482422,0.0,0,0,0,0
21-12 03:00,265.5,0.0,0.0,265.5,0.0,0,0,0,0
21-12 04:00,287.7,0.0,0.0,287.70001220703125,0.0,0,0,0,0
21-12 05:00,390.3,0.0,0.0,390.29998779296875,0.0,0,0,0,0
21-12 06:00,439.5,0.0,0.0,439.5,0.0,0,0,0,0
21-12 07:00,493.2,0.0,0.0,493.20001220703125,0.0,0,0,0,0
21-12 08:00,621.9,0.0,0.0,621.9000244140625,0.0,0,0,0,0
21-12 09:00,543.6,0.0,0.0,541.0,2.5999999046325684,0,0,0,0
21-12 10:00,473.6,0.0,0.0,462.3999938964844,11.199999809265137,0,0,0,0
21-12 11:00,563.6,0.0,0.0,476.0,87.5999984741211,0,0,0,0
21-12 12:00,577.3,0.0,0.0,445.20001220703125,132.1999969482422,0,0,0,0
21-12 13:00,543.0,0.0,0.0,432.3999938964844,110.5999984741211,0,0,0,0
21-12 14:00,485.6,0.0,0.0,456.0,29.600000381469727,0,0,0,0
21-12 15:00,408.3,0.0,0.0,383.79998779296875,24.5,0,0,0,0
21-12 16:00,332.9,0.0,0.0,307.29998779296875,25.600000381469727,0,0,0,0
21-12 17:00,312.9,0.0,0.0,276.8999938964844,36.0,0,0,0,0
21-12 18:00,268.9,0.0,0.0,240.0,28.899999618530273,0,0,0,0
21-12 19:00,258.8,0.0,0.0,247.5,11.300000190734863,0,0,0,0
21-12 20:00,261.2,0.0,0.0,257.20001220703125,4.0,0,0,0,0
21-12 21:00,257.2,0.0,0.0,257.20001220703125,0.0,0,0,0,0
21-12 22:00,247.0,0.0,0.0,247.0,0.0,0,0,0,0
21-12 23:00,238.6,0.0,0.0,238.60000610351562,0.0,0,0,0,0
22-12 00:00,244.4,0.0,0.0,244.39999389648438,0.0,0,0,0,0
22-12 01:00,259.2,0.0,0.0,259.20001220703125,0.0,0,0,0,0
22-12 02:00,241.9,0.0,0.0,241.89999389648438,0.0,0,0,0,0
22-12 03:00,254.0,0.0,0.0,254.0,0.0,0,0,0,0
22-12 04:00,284.8,0.0,0.0,284.79998779296875,0.0,0,0,0,0
22-12 05:00,314.2,0.0,0.0,314.20001220703125,0.0,0,0,0,0
22-12 06:00,306.6,0.0,0.0,306.6000061035156,0.0,0,0,0,0
22-12 07:00,311.6,0.0,0.0,311.6000061035156,0.0,0,0,0,0
22-12 08:00,315.6,0.0,0.0,315.6000061035156,0.0,0,0,0,0
22-12 09:00,289.8,0.0,0.0,289.79998779296875,0.0,0,0,0,0
22-12 10:00,283.5,0.0,0.0,282.20001220703125,1.2999999523162842,0,0,0,0
22-12 11:00,299.9,0.0,0.0,288.79998779296875,11.0,0,0,0,0
22-12 12:00,290.5,0.0,0.0,274.79998779296875,15.699999809265137,0,0,0,0
22-12 13:00,274.7,0.0,0.0,262.0,12.699999809265137,0,0,0,0
22-12 14:00,268.4,0.0,0.0,265.79998779296875,2.5999999046325684,0,0,0,0
22-12 15:00,277.3,0.0,0.0,274.6000061035156,2.700000047683716,0,0,0,0
22-12 16:00,253.3,0.0,0.0,250.60000610351562,2.700000047683716,0,0,0,0
22-12 17:00,240.0,0.0,0.0,236.1999969482422,3.9000000953674316,0,0,0,0
22-12 18:00,240.6,0.0,0.0,236.5,4.099999904632568,0,0,0,0
22-12 19:00,230.9,0.0,0.0,229.60000610351562,1.2999999523162842,0,0,0,0
22-12 20:00,236.6,0.0,0.0,236.60000610351562,0.0,0,0,0,0
22-12 21:00,245.9,0.0,0.0,245.89999389648438,0.0,0,0,0,0
22-12 22:00,231.9,0.0,0.0,231.89999389648438,0.0,0,0,0,0
22-12 23:00,248.4,0.0,0.0,248.39999389648438,0.0,0,0,0,0
23-12 00:00,216.9,0.0,0.0,216.89999389648438,0.0,0,0,0,0
23-12 01:00,221.3,0.0,0.0,221.3000030517578,0.0,0,0,0,0
23-12 02:00,215.9,0.0,0.0,215.89999389648438,0.0,0,0,0,0
23-12 03:00,224.9,0.0,0.0,224.89999389648438,0.0,0,0,0,0
23-12 04:00,228.7,0.0,0.0,228.6999969482422,0.0,0,0,0,0
23-12 05:00,251.7,0.0,0.0,251.6999969482422,0.0,0,0,0,0
23-12 06:00,246.8,0.0,0.0,246.8000030517578,0.0,0,0,0,0
23-12 07:00,256.2,0.0,0.0,256.20001220703125,0.0,0,0,0,0
23-12 08:00,262.2,0.0,0.0,262.20001220703125,0.0,0,0,0,0
23-12 09:00,228.3,0.0,0.0,228.3000030517578,0.0,0,0,0,0
23-12 10:00,230.6,0.0,0.0,229.3000030517578,1.2999999523162842,0,0,0,0
23-12 11:00,236.0,0.0,0.0,229.10000610351562,6.900000095367432,0,0,0,0
23-12 12:00,217.9,0.0,0.0,208.39999389648438,9.5,0,0,0,0
23-12 13:00,206.5,0.0,0.0,198.3000030517578,8.199999809265137,0,0,0,0
23-12 14:00,195.7,0.0,0.0,194.39999389648438,1.2999999523162842,0,0,0,0
23-12 15:00,199.8,0.0,0.0,198.5,1.2999999523162842,0,0,0,0
23-12 16:00,198.0,0.0,0.0,196.6999969482422,1.2999999523162842,0,0,0,0
23-12 17:00,211.2,0.0,0.0,208.3000030517578,2.9000000953674316,0,0,0,0
23-12 18:00,180.2,0.0,0.0,177.6999969482422,2.5,0,0,0,0
23-12 19:00,171.4,0.0,0.0,170.1999969482422,1.2000000476837158,0,0,0,0
23-12 20:00,159.3,0.0,0.0,159.3000030517578,0.0,0,0,0,0
23-12 21:00,188.3,0.0,0.0,188.3000030517578,0.0,0,0,0,0
23-12 22:00,184.7,0.0,0.0,184.6999969482422,0.0,0,0,0,0
23-12 23:00,190.4,0.0,0.0,190.39999389648438,0.0,0,0,0,0
24-12 00:00,167.6,0.0,0.0,167.60000610351562,0.0,0,0,0,0
24-12 01:00,171.1,0.0,0.0,171.0,0.0,0,0,0,0
24-12 02:00,179.7,0.0,0.0,179.6999969482422,0.0,0,0,0,0
24-12 03:00,178.0,0.0,0.0,178.0,0.0,0,0,0,0
24-12 04:00,186.4,0.0,0.0,186.39999389648438,0.0,0,0,0,0
24-12 05:00,173.0,0.0,0.0,173.0,0.0,0,0,0,0
24-12 06:00,167.5,0.0,0.0,167.5,0.0,0,0,0,0
24-12 07:00,178.9,0.0,0.0,178.89999389648438,0.0,0,0,0,0
24-12 08:00,198.3,0.0,0.0,198.3000030517578,0.0,0,0,0,0
24-12 09:00,181.5,0.0,0.0,181.5,0.0,0,0,0,0
24-12 10:00,178.9,0.0,0.0,177.5,1.399999976158142,0,0,0,0
24-12 11:00,198.2,0.0,0.0,191.1999969482422,7.0,0,0,0,0
24-12 12:00,185.6,0.0,0.0,176.60000610351562,9.0,0,0,0,0
24-12 13:00,177.1,0.0,0.0,169.1999969482422,7.900000095367432,0,0,0,0
24-12 14:00,165.4,0.0,0.0,164.10000610351562,1.2999999523162842,0,0,0,0
24-12 15:00,173.1,0.0,0.0,171.8000030517578,1.2999999523162842,0,0,0,0
24-12 16:00,174.3,0.0,0.0,172.89999389648438,1.399999976158142,0,0,0,0
24-12 17:00,167.5,0.0,0.0,164.8000030517578,2.700000047683716,0,0,0,0
24-12 18:00,169.2,0.0,0.0,166.5,2.700000047683716,0,0,0,0
24-12 19:00,153.2,0.0,0.0,152.0,1.2000000476837158,0,0,0,0
24-12 20:00,161.7,0.0,0.0,161.6999969482422,0.0,0,0,0,0
24-12 21:00,163.3,0.0,0.0,163.3000030517578,0.0,0,0,0,0
24-12 22:00,160.1,0.0,0.0,160.10000610351562,0.0,0,0,0,0
24-12 23:00,161.5,0.0,0.0,161.5,0.0,0,0,0,0
25-12 00:00,158.7,0.0,0.0,158.6999969482422,0.0,0,0,0,0
25-12 01:00,158.7,0.0,0.0,158.6999969482422,0.0,0,0,0,0
25-12 02:00,162.0,0.0,0.0,162.0,0.0,0,0,0,0
25-12 03:00,182.1,0.0,0.0,182.10000610351562,0.0,0,0,0,0
25-12 04:00,161.8,0.0,0.0,161.8000030517578,0.0,0,0,0,0
25-12 05:00,181.0,0.0,0.0,181.0,0.0,0,0,0,0
25-12 06:00,197.7,0.0,0.0,197.6999969482422,0.0,0,0,0,0
25-12 07:00,199.9,0.0,0.0,199.89999389648438,0.0,0,0,0,0
25-12 08:00,211.8,0.0,0.0,211.8000030517578,0.0,0,0,0,0
25-12 09:00,186.2,0.0,0.0,186.1999969482422,0.0,0,0,0,0
25-12 10:00,187.9,0.0,0.0,186.60000610351562,1.2999999523162842,0,0,0,0
25-12 11:00,183.4,0.0,0.0,176.6999969482422,6.599999904632568,0,0,0,0
25-12 12:00,174.9,0.0,0.0,166.10000610351562,8.800000190734863,0,0,0,0
25-12 13:00,166.6,0.0,0.0,158.89999389648438,7.699999809265137,0,0,0,0
25-12 14:00,166.8,0.0,0.0,165.5,1.2999999523162842,0,0,0,0
25-12 15:00,178.4,0.0,0.0,177.0,1.399999976158142,0,0,0,0
25-12 16:00,177.8,0.0,0.0,176.5,1.2999999523162842,0,0,0,0
25-12 17:00,185.8,0.0,0.0,183.10000610351562,2.700000047683716,0,0,0,0
25-12 18:00,189.8,0.0,0.0,187.0,2.799999952316284,0,0,0,0
25-12 19:00,184.8,0.0,0.0,183.39999389648438,1.399999976158142,0,0,0,0
25-12 20:00,184.1,0.0,0.0,184.10000610351562,0.0,0,0,0,0
25-12 21:00,187.8,0.0,0.0,187.8000030517578,0.0,0,0,0,0
25-12 22:00,169.1,0.0,0.0,169.10000610351562,0.0,0,0,0,0
25-12 23:00,205.1,0.0,0.0,205.0,0.0,0,0,0,0
26-12 00:00,192.4,0.0,0.0,192.39999389648438,0.0,0,0,0,0
26-12 01:00,200.5,0.0,0.0,200.5,0.0,0,0,0,0
26-12 02:00,210.7,0.0,0.0,210.6999969482422,0.0,0,0,0,0
26-12 03:00,216.7,0.0,0.0,216.6999969482422,0.0,0,0,0,0
26-12 04:00,195.7,0.0,0.0,195.6999969482422,0.0,0,0,0,0
26-12 05:00,194.4,0.0,0.0,194.39999389648438,0.0,0,0,0,0
26-12 06:00,218.7,0.0,0.0,218.6999969482422,0.0,0,0,0,0
26-12 07:00,208.6,0.0,0.0,208.60000610351562,0.0,0,0,0,0
26-12 08:00,241.6,0.0,0.0,241.60000610351562,0.0,0,0,0,0
26-12 09:00,242.2,0.0,0.0,242.1999969482422,0.0,0,0,0,0
26-12 10:00,192.2,0.0,0.0,190.89999389648438,1.2999999523162842,0,0,0,0
26-12 11:00,203.3,0.0,0.0,196.39999389648438,6.900000095367432,0,0,0,0
26-12 12:00,174.4,0.0,0.0,166.1999969482422,8.199999809265137,0,0,0,0
26-12 13:00,193.4,0.0,0.0,185.39999389648438,8.0,0,0,0,0
26-12 14:00,192.3,0.0,0.0,191.0,1.399999976158142,0,0,0,0
26-12 15:00,187.6,0.0,0.0,186.1999969482422,1.399999976158142,0,0,0,0
26-12 16:00,175.2,0.0,0.0,174.0,1.2999999523162842,0,0,0,0
26-12 17:00,180.1,0.0,0.0,177.3000030517578,2.799999952316284,0,0,0,0
26-12 18:00,169.8,0.0,0.0,167.10000610351562,2.700000047683716,0,0,0,0
26-12 19:00,168.4,0.0,0.0,167.10000610351562,1.2999999523162842,0,0,0,0
26-12 20:00,163.7,0.0,0.0,163.6999969482422,0.0,0,0,0,0
26-12 21:00,162.1,0.0,0.0,162.10000610351562,0.0,0,0,0,0
26-12 22:00,162.1,0.0,0.0,162.10000610351562,0.0,0,0,0,0
26-12 23:00,162.0,0.0,0.0,162.0,0.0,0,0,0,0
27-12 00:00,191.6,0.0,0.0,191.60000610351562,0.0,0,0,0,0
27-12 01:00,171.0,0.0,0.0,171.0,0.0,0,0,0,0
27-12 02:00,167.0,0.0,0.0,167.0,0.0,0,0,0,0
27-12 03:00,194.3,0.0,0.0,194.3000030517578,0.0,0,0,0,0
27-12 04:00,227.9,0.0,0.0,227.89999389648438,0.0,0,0,0,0
27-12 05:00,316.7,0.0,0.0,316.70001220703125,0.0,0,0,0,0
27-12 06:00,337.8,0.0,0.0,337.79998779296875,0.0,0,0,0,0
27-12 07:00,418.4,0.0,0.0,418.3999938964844,0.0,0,0,0,0
27-12 08:00,429.8,0.0,0.0,429.79998779296875,0.0,0,0,0,0
27-12 09:00,433.3,0.0,0.0,430.6000061035156,2.700000047683716,0,0,0,0
27-12 10:00,412.9,0.0,0.0,400.1000061035156,12.800000190734863,0,0,0,0
27-12 11:00,450.4,0.0,0.0,360.79998779296875,89.5999984741211,0,0,0,0
27-12 12:00,460.1,0.0,0.0,326.29998779296875,133.8000030517578,0,0,0,0
27-12 13:00,420.0,0.0,0.0,310.29998779296875,109.69999694824219,0,0,0,0
27-12 14:00,314.6,0.0,0.0,288.6000061035156,26.0,0,0,0,0
27-12 15:00,293.1,0.0,0.0,269.20001220703125,23.799999237060547,0,0,0,0
27-12 16:00,236.7,0.0,0.0,211.3000030517578,25.399999618530273,0,0,0,0
27-12 17:00,227.5,0.0,0.0,192.5,35.0,0,0,0,0
27-12 18:00,234.5,0.0,0.0,201.89999389648438,32.599998474121094,0,0,0,0
27-12 19:00,202.5,0.0,0.0,190.5,12.0,0,0,0,0
27-12 20:00,206.9,0.0,0.0,202.5,4.400000095367432,0,0,0,0
27-12 21:00,187.8,0.0,0.0,187.8000030517578,0.0,0,0,0,0
27-12 22:00,186.6,0.0,0.0,186.60000610351562,0.0,0,0,0,0
27-12 23:00,171.4,0.0,0.0,171.39999389648438,0.0,0,0,0,0
28-12 00:00,161.8,0.0,0.0,161.8000030517578,0.0,0,0,0,0
28-12 01:00,160.2,0.0,0.0,160.1999969482422,0.0,0,0,0,0
28-12 02:00,162.9,0.0,0.0,162.8000030517578,0.0,0,0,0,0
28-12 03:00,171.7,0.0,0.0,171.6999969482422,0.0,0,0,0,0
28-12 04:00,199.7,0.0,0.0,199.6999969482422,0.0,0,0,0,0
28-12 05:00,272.4,0.0,0.0,272.3999938964844,0.0,0,0,0,0
28-12 06:00,282.9,0.0,0.0,282.79998779296875,0.0,0,0,0,0
28-12 07:00,321.4,0.0,0.0,321.3999938964844,0.0,0,0,0,0
28-12 08:00,369.0,0.0,0.0,369.0,0.0,0,0,0,0
28-12 09:00,350.4,0.0,0.0,347.6000061035156,2.799999952316284,0,0,0,0
28-12 10:00,305.3,0.0,0.0,293.0,12.300000190734863,0,0,0,0
28-12 11:00,355.3,0.0,0.0,269.20001220703125,86.0999984741211,0,0,0,0
28-12 12:00,381.1,0.0,0.0,248.60000610351562,132.5,0,0,0,0
28-12 13:00,358.7,0.0,0.0,245.60000610351562,113.0,0,0,0,0
28-12 14:00,257.5,0.0,0.0,230.5,27.0,0,0,0,0
28-12 15:00,229.6,0.0,0.0,205.6999969482422,23.799999237060547,0,0,0,0
28-12 16:00,199.3,0.0,0.0,172.8000030517578,26.5,0,0,0,0
28-12 17:00,195.1,0.0,0.0,158.60000610351562,36.5,0,0,0,0
28-12 18:00,185.5,0.0,0.0,153.0,32.599998474121094,0,0,0,0
28-12 19:00,170.9,0.0,0.0,158.39999389648438,12.5,0,0,0,0
28-12 20:00,159.2,0.0,0.0,155.1999969482422,4.0,0,0,0,0
28-12 21:00,142.8,0.0,0.0,142.8000030517578,0.0,0,0,0,0
28-12 22:00,150.1,0.0,0.0,150.10000610351562,0.0,0,0,0,0
28-12 23:00,147.8,0.0,0.0,147.8000030517578,0.0,0,0,0,0
29-12 00:00,155.7,0.0,0.0,155.6999969482422,0.0,0,0,0,0
29-12 01:00,162.2,0.0,0.0,162.1999969482422,0.0,0,0,0,0
29-12 02:00,165.4,0.0,0.0,165.39999389648438,0.0,0,0,0,0
29-12 03:00,164.6,0.0,0.0,164.60000610351562,0.0,0,0,0,0
29-12 04:00,182.5,0.0,0.0,182.5,0.0,0,0,0,0
29-12 05:00,200.3,0.0,0.0,200.3000030517578,0.0,0,0,0,0
29-12 06:00,212.2,0.0,0.0,212.1999969482422,0.0,0,0,0,0
29-12 07:00,210.1,0.0,0.0,210.10000610351562,0.0,0,0,0,0
29-12 08:00,223.4,0.0,0.0,223.39999389648438,0.0,0,0,0,0
29-12 09:00,181.0,0.0,0.0,181.0,0.0,0,0,0,0
29-12 10:00,188.0,0.0,0.0,186.60000610351562,1.399999976158142,0,0,0,0
29-12 11:00,174.7,0.0,0.0,163.89999389648438,10.800000190734863,0,0,0,0
29-12 12:00,181.9,0.0,0.0,165.5,16.399999618530273,0,0,0,0
29-12 13:00,179.7,0.0,0.0,165.8000030517578,13.899999618530273,0,0,0,0
29-12 14:00,151.2,0.0,0.0,148.5,2.700000047683716,0,0,0,0
29-12 15:00,152.9,0.0,0.0,150.10000610351562,2.799999952316284,0,0,0,0
29-12 16:00,139.7,0.0,0.0,137.0,2.700000047683716,0,0,0,0
29-12 17:00,136.9,0.0,0.0,132.8000030517578,4.0,0,0,0,0
29-12 18:00,147.2,0.0,0.0,143.10000610351562,4.099999904632568,0,0,0,0
29-12 19:00,132.2,0.0,0.0,130.89999389648438,1.2999999523162842,0,0,0,0
29-12 20:00,128.4,0.0,0.0,128.39999389648438,0.0,0,0,0,0
29-12 21:00,146.0,0.0,0.0,146.0,0.0,0,0,0,0
29-12 22:00,150.3,0.0,0.0,150.3000030517578,0.0,0,0,0,0
29-12 23:00,154.1,0.0,0.0,154.10000610351562,0.0,0,0,0,0
30-12 00:00,129.4,0.0,0.0,129.39999389648438,0.0,0,0,0,0
30-12 01:00,148.6,0.0,0.0,148.60000610351562,0.0,0,0,0,0
30-12 02:00,141.2,0.0,0.0,141.1999969482422,0.0,0,0,0,0
30-12 03:00,158.2,0.0,0.0,158.1999969482422,0.0,0,0,0,0
30-12 04:00,148.1,0.0,0.0,148.10000610351562,0.0,0,0,0,0
30-12 05:00,156.2,0.0,0.0,156.1999969482422,0.0,0,0,0,0
30-12 06:00,160.8,0.0,0.0,160.8000030517578,0.0,0,0,0,0
30-12 07:00,163.5,0.0,0.0,163.5,0.0,0,0,0,0
30-12 08:00,162.4,0.0,0.0,162.39999389648438,0.0,0,0,0,0
30-12 09:00,145.4,0.0,0.0,145.39999389648438,0.0,0,0,0,0
30-12 10:00,146.5,0.0,0.0,145.1999969482422,1.2999999523162842,0,0,0,0
30-12 11:00,139.5,0.0,0.0,133.10000610351562,6.400000095367432,0,0,0,0
30-12 12:00,130.2,0.0,0.0,121.5,8.699999809265137,0,0,0,0
30-12 13:00,128.1,0.0,0.0,120.0999984741211,8.0,0,0,0,0
30-12 14:00,123.9,0.0,0.0,122.5,1.399999976158142,0,0,0,0
30-12 15:00,128.1,0.0,0.0,126.80000305175781,1.2999999523162842,0,0,0,0
30-12 16:00,147.1,0.0,0.0,145.60000610351562,1.399999976158142,0,0,0,0
30-12 17:00,135.1,0.0,0.0,132.39999389648438,2.700000047683716,0,0,0,0
30-12 18:00,122.0,0.0,0.0,119.5,2.5,0,0,0,0
30-12 19:00,124.7,0.0,0.0,123.4000015258789,1.2999999523162842,0,0,0,0
30-12 20:00,137.5,0.0,0.0,137.5,0.0,0,0,0,0
30-12 21:00,122.1,0.0,0.0,122.0999984741211,0.0,0,0,0,0
30-12 22:00,136.5,0.0,0.0,136.5,0.0,0,0,0,0
30-12 23:00,133.5,0.0,0.0,133.5,0.0,0,0,0,0
31-12 00:00,151.1,0.0,0.0,151.10000610351562,0.0,0,0,0,0
31-12 01:00,136.9,0.0,0.0,136.8000030517578,0.0,0,0,0,0
31-12 02:00,135.4,0.0,0.0,135.39999389648438,0.0,0,0,0,0
31-12 03:00,139.7,0.0,0.0,139.6999969482422,0.0,0,0,0,0
31-12 04:00,159.4,0.0,0.0,159.39999389648438,0.0,0,0,0,0
31-12 05:00,155.6,0.0,0.0,155.60000610351562,0.0,0,0,0,0
31-12 06:00,150.7,0.0,0.0,150.6999969482422,0.0,0,0,0,0
31-12 07:00,151.9,0.0,0.0,151.89999389648438,0.0,0,0,0,0
31-12 08:00,153.6,0.0,0.0,153.60000610351562,0.0,0,0,0,0
31-12 09:00,151.9,0.0,0.0,151.89999389648438,0.0,0,0,0,0
31-12 10:00,150.5,0.0,0.0,149.1999969482422,1.2999999523162842,0,0,0,0
31-12 11:00,154.2,0.0,0.0,147.6999969482422,6.5,0,0,0,0
31-12 12:00,152.1,0.0,0.0,143.1999969482422,8.899999618530273,0,0,0,0
31-12 13:00,154.4,0.0,0.0,146.5,7.900000095367432,0,0,0,0
31-12 14:00,158.3,0.0,0.0,156.89999389648438,1.399999976158142,0,0,0,0
31-12 15:00,154.2,0.0,0.0,152.89999389648438,1.2999999523162842,0,0,0,0
31-12 16:00,151.5,0.0,0.0,150.1999969482422,1.2999999523162842,0,0,0,0
31-12 17:00,166.0,0.0,0.0,163.3000030517578,2.700000047683716,0,0,0,0
31-12 18:00,166.4,0.0,0.0,163.60000610351562,2.799999952316284,0,0,0,0
31-12 19:00,146.2,0.0,0.0,144.89999389648438,1.2999999523162842,0,0,0,0
31-12 20:00,157.4,0.0,0.0,157.39999389648438,0.0,0,0,0,0
31-12 21:00,148.1,0.0,0.0,148.0,0.0,0,0,0,0
31-12 22:00,165.5,0.0,0.0,165.5,0.0,0,0,0,0
31-12 23:00,178.2,0.0,0.0,178.1999969482422,0.0,0,0,0,0
