Zeit (TT-MM hh:mm),Wärme gesamt normiert (-)
01-01 00:00,0.016666666666666666
01-01 01:00,0.014285714285714285
01-01 02:00,0.011904761904761904
01-01 03:00,0.011904761904761904
01-01 04:00,0.011904761904761904
01-01 05:00,0.011904761904761904
01-01 06:00,0.014285714285714285
01-01 07:00,0.02142857142857143
01-01 08:00,0.04523809523809524
01-01 09:00,0.05238095238095238
01-01 10:00,0.05
01-01 11:00,0.04523809523809524
01-01 12:00,0.0380952380952381
01-01 13:00,0.030952380952380953
01-01 14:00,0.023809523809523808
01-01 15:00,0.01904761904761905
01-01 16:00,0.01904761904761905
01-01 17:00,0.01904761904761905
01-01 18:00,0.02142857142857143
01-01 19:00,0.01904761904761905
01-01 20:00,0.01904761904761905
01-01 21:00,0.01904761904761905
01-01 22:00,0.01904761904761905
01-01 23:00,0.01904761904761905
02-01 00:00,0.047619047619047616
02-01 01:00,0.04523809523809524
02-01 02:00,0.04285714285714286
02-01 03:00,0.04523809523809524
02-01 04:00,0.05
02-01 05:00,0.07380952380952381
02-01 06:00,0.1261904761904762
02-01 07:00,0.12142857142857141
02-01 08:00,0.09047619047619047
02-01 09:00,0.08095238095238096
02-01 10:00,0.13571428571428573
02-01 11:00,0.10238095238095238
02-01 12:00,0.0976190476190476
02-01 13:00,0.07380952380952381
02-01 14:00,0.06666666666666667
02-01 15:00,0.07142857142857142
02-01 16:00,0.10238095238095238
02-01 17:00,0.10476190476190476
02-01 18:00,0.14285714285714285
02-01 19:00,0.14285714285714285
02-01 20:00,0.14523809523809522
02-01 21:00,0.1761904761904762
02-01 22:00,0.14523809523809522
02-01 23:00,0.16428571428571428
03-01 00:00,0.2119047619047619
03-01 01:00,0.1952380952380952
03-01 02:00,0.19761904761904764
03-01 03:00,0.16428571428571428
03-01 04:00,0.19047619047619047
03-01 05:00,0.2357142857142857
03-01 06:00,0.3142857142857143
03-01 07:00,0.30238095238095236
03-01 08:00,0.2523809523809524
03-01 09:00,0.19285714285714284
03-01 10:00,0.2119047619047619
03-01 11:00,0.1880952380952381
03-01 12:00,0.17857142857142858
03-01 13:00,0.15476190476190477
03-01 14:00,0.1619047619047619
03-01 15:00,0.15476190476190477
03-01 16:00,0.19285714285714284
03-01 17:00,0.21428571428571427
03-01 18:00,0.20238095238095238
03-01 19:00,0.25
03-01 20:00,0.2523809523809524
03-01 21:00,0.24285714285714283
03-01 22:00,0.21428571428571427
03-01 23:00,0.17857142857142858
04-01 00:00,0.16428571428571428
04-01 01:00,0.15714285714285714
04-01 02:00,0.16666666666666666
04-01 03:00,0.16428571428571428
04-01 04:00,0.16904761904761903
04-01 05:00,0.20476190476190476
04-01 06:00,0.2261904761904762
04-01 07:00,0.2523809523809524
04-01 08:00,0.20952380952380953
04-01 09:00,0.1761904761904762
04-01 10:00,0.15476190476190477
04-01 11:00,0.12380952380952381
04-01 12:00,0.11666666666666667
04-01 13:00,0.11666666666666667
04-01 14:00,0.09047619047619047
04-01 15:00,0.09047619047619047
04-01 16:00,0.10238095238095238
04-01 17:00,0.1
04-01 18:00,0.0880952380952381
04-01 19:00,0.09285714285714286
04-01 20:00,0.10238095238095238
04-01 21:00,0.0976190476190476
04-01 22:00,0.05714285714285714
04-01 23:00,0.04523809523809524
05-01 00:00,0.014285714285714285
05-01 01:00,0.011904761904761904
05-01 02:00,0.009523809523809525
05-01 03:00,0.011904761904761904
05-01 04:00,0.011904761904761904
05-01 05:00,0.01904761904761905
05-01 06:00,0.04285714285714286
05-01 07:00,0.05238095238095238
05-01 08:00,0.0380952380952381
05-01 09:00,0.03333333333333333
05-01 10:00,0.02857142857142857
05-01 11:00,0.023809523809523808
05-01 12:00,0.016666666666666666
05-01 13:00,0.016666666666666666
05-01 14:00,0.016666666666666666
05-01 15:00,0.016666666666666666
05-01 16:00,0.016666666666666666
05-01 17:00,0.01904761904761905
05-01 18:00,0.02142857142857143
05-01 19:00,0.02619047619047619
05-01 20:00,0.02619047619047619
05-01 21:00,0.023809523809523808
05-01 22:00,0.0380952380952381
05-01 23:00,0.06190476190476191
06-01 00:00,0.047619047619047616
06-01 01:00,0.047619047619047616
06-01 02:00,0.04047619047619048
06-01 03:00,0.06904761904761905
06-01 04:00,0.08095238095238096
06-01 05:00,0.0976190476190476
06-01 06:00,0.11666666666666667
06-01 07:00,0.12142857142857141
06-01 08:00,0.13333333333333333
06-01 09:00,0.14285714285714285
06-01 10:00,0.1380952380952381
06-01 11:00,0.10238095238095238
06-01 12:00,0.08571428571428572
06-01 13:00,0.08095238095238096
06-01 14:00,0.0761904761904762
06-01 15:00,0.07380952380952381
06-01 16:00,0.07380952380952381
06-01 17:00,0.10952380952380951
06-01 18:00,0.11190476190476191
06-01 19:00,0.11190476190476191
06-01 20:00,0.11904761904761904
06-01 21:00,0.11190476190476191
06-01 22:00,0.08333333333333333
06-01 23:00,0.10952380952380951
07-01 00:00,0.09523809523809523
07-01 01:00,0.13095238095238096
07-01 02:00,0.1261904761904762
07-01 03:00,0.1261904761904762
07-01 04:00,0.13571428571428573
07-01 05:00,0.15
07-01 06:00,0.1880952380952381
07-01 07:00,0.16666666666666666
07-01 08:00,0.1880952380952381
07-01 09:00,0.16666666666666666
07-01 10:00,0.14047619047619048
07-01 11:00,0.11190476190476191
07-01 12:00,0.10476190476190476
07-01 13:00,0.08095238095238096
07-01 14:00,0.05952380952380952
07-01 15:00,0.06666666666666667
07-01 16:00,0.06666666666666667
07-01 17:00,0.07380952380952381
07-01 18:00,0.07857142857142857
07-01 19:00,0.08333333333333333
07-01 20:00,0.07857142857142857
07-01 21:00,0.0761904761904762
07-01 22:00,0.04523809523809524
07-01 23:00,0.0380952380952381
08-01 00:00,0.016666666666666666
08-01 01:00,0.014285714285714285
08-01 02:00,0.009523809523809525
08-01 03:00,0.011904761904761904
08-01 04:00,0.011904761904761904
08-01 05:00,0.02142857142857143
08-01 06:00,0.04047619047619048
08-01 07:00,0.05
08-01 08:00,0.04047619047619048
08-01 09:00,0.03571428571428571
08-01 10:00,0.02857142857142857
08-01 11:00,0.02142857142857143
08-01 12:00,0.016666666666666666
08-01 13:00,0.016666666666666666
08-01 14:00,0.016666666666666666
08-01 15:00,0.016666666666666666
08-01 16:00,0.016666666666666666
08-01 17:00,0.01904761904761905
08-01 18:00,0.023809523809523808
08-01 19:00,0.023809523809523808
08-01 20:00,0.04285714285714286
08-01 21:00,0.04285714285714286
08-01 22:00,0.04047619047619048
08-01 23:00,0.0380952380952381
09-01 00:00,0.07142857142857142
09-01 01:00,0.06666666666666667
09-01 02:00,0.07142857142857142
09-01 03:00,0.07142857142857142
09-01 04:00,0.07380952380952381
09-01 05:00,0.09285714285714286
09-01 06:00,0.15
09-01 07:00,0.1523809523809524
09-01 08:00,0.1285714285714286
09-01 09:00,0.12380952380952381
09-01 10:00,0.14047619047619048
09-01 11:00,0.10714285714285714
09-01 12:00,0.09523809523809523
09-01 13:00,0.0976190476190476
09-01 14:00,0.07380952380952381
09-01 15:00,0.06666666666666667
09-01 16:00,0.0976190476190476
09-01 17:00,0.1
09-01 18:00,0.11428571428571428
09-01 19:00,0.11666666666666667
09-01 20:00,0.09047619047619047
09-01 21:00,0.0880952380952381
09-01 22:00,0.06904761904761905
09-01 23:00,0.05238095238095238
10-01 00:00,0.054761904761904755
10-01 01:00,0.07857142857142857
10-01 02:00,0.0761904761904762
10-01 03:00,0.08571428571428572
10-01 04:00,0.0880952380952381
10-01 05:00,0.11904761904761904
10-01 06:00,0.18571428571428572
10-01 07:00,0.2119047619047619
10-01 08:00,0.18333333333333335
10-01 09:00,0.17142857142857143
10-01 10:00,0.16666666666666666
10-01 11:00,0.15476190476190477
10-01 12:00,0.1261904761904762
10-01 13:00,0.11428571428571428
10-01 14:00,0.1285714285714286
10-01 15:00,0.10714285714285714
10-01 16:00,0.1523809523809524
10-01 17:00,0.15952380952380954
10-01 18:00,0.17857142857142858
10-01 19:00,0.2
10-01 20:00,0.18095238095238095
10-01 21:00,0.20952380952380953
10-01 22:00,0.15714285714285714
10-01 23:00,0.14285714285714285
11-01 00:00,0.1380952380952381
11-01 01:00,0.1285714285714286
11-01 02:00,0.1285714285714286
11-01 03:00,0.15476190476190477
11-01 04:00,0.13571428571428573
11-01 05:00,0.1738095238095238
11-01 06:00,0.2523809523809524
11-01 07:00,0.22857142857142856
11-01 08:00,0.2119047619047619
11-01 09:00,0.19285714285714284
11-01 10:00,0.17857142857142858
11-01 11:00,0.1952380952380952
11-01 12:00,0.14761904761904762
11-01 13:00,0.11904761904761904
11-01 14:00,0.11190476190476191
11-01 15:00,0.08571428571428572
11-01 16:00,0.0761904761904762
11-01 17:00,0.08333333333333333
11-01 18:00,0.09285714285714286
11-01 19:00,0.09523809523809523
11-01 20:00,0.1
11-01 21:00,0.08571428571428572
11-01 22:00,0.05952380952380952
11-01 23:00,0.04285714285714286
12-01 00:00,0.014285714285714285
12-01 01:00,0.011904761904761904
12-01 02:00,0.009523809523809525
12-01 03:00,0.009523809523809525
12-01 04:00,0.009523809523809525
12-01 05:00,0.016666666666666666
12-01 06:00,0.0380952380952381
12-01 07:00,0.04523809523809524
12-01 08:00,0.0380952380952381
12-01 09:00,0.03333333333333333
12-01 10:00,0.023809523809523808
12-01 11:00,0.02142857142857143
12-01 12:00,0.016666666666666666
12-01 13:00,0.014285714285714285
12-01 14:00,0.014285714285714285
12-01 15:00,0.014285714285714285
12-01 16:00,0.016666666666666666
12-01 17:00,0.016666666666666666
12-01 18:00,0.01904761904761905
12-01 19:00,0.01904761904761905
12-01 20:00,0.02142857142857143
12-01 21:00,0.02142857142857143
12-01 22:00,0.023809523809523808
12-01 23:00,0.01904761904761905
13-01 00:00,0.016666666666666666
13-01 01:00,0.014285714285714285
13-01 02:00,0.014285714285714285
13-01 03:00,0.014285714285714285
13-01 04:00,0.011904761904761904
13-01 05:00,0.014285714285714285
13-01 06:00,0.014285714285714285
13-01 07:00,0.023809523809523808
13-01 08:00,0.04523809523809524
13-01 09:00,0.047619047619047616
13-01 10:00,0.047619047619047616
13-01 11:00,0.04523809523809524
13-01 12:00,0.0380952380952381
13-01 13:00,0.03333333333333333
13-01 14:00,0.02142857142857143
13-01 15:00,0.016666666666666666
13-01 16:00,0.02142857142857143
13-01 17:00,0.01904761904761905
13-01 18:00,0.01904761904761905
13-01 19:00,0.02142857142857143
13-01 20:00,0.02142857142857143
13-01 21:00,0.02142857142857143
13-01 22:00,0.01904761904761905
13-01 23:00,0.016666666666666666
14-01 00:00,0.030952380952380953
14-01 01:00,0.02857142857142857
14-01 02:00,0.02857142857142857
14-01 03:00,0.02857142857142857
14-01 04:00,0.03333333333333333
14-01 05:00,0.05
14-01 06:00,0.09047619047619047
14-01 07:00,0.09047619047619047
14-01 08:00,0.12142857142857141
14-01 09:00,0.14285714285714285
14-01 10:00,0.14523809523809522
14-01 11:00,0.10476190476190476
14-01 12:00,0.1
14-01 13:00,0.0880952380952381
14-01 14:00,0.07142857142857142
14-01 15:00,0.10238095238095238
14-01 16:00,0.10714285714285714
14-01 17:00,0.14285714285714285
14-01 18:00,0.13571428571428573
14-01 19:00,0.13571428571428573
14-01 20:00,0.1523809523809524
14-01 21:00,0.14285714285714285
14-01 22:00,0.11904761904761904
14-01 23:00,0.10714285714285714
15-01 00:00,0.09285714285714286
15-01 01:00,0.06190476190476191
15-01 02:00,0.05714285714285714
15-01 03:00,0.05714285714285714
15-01 04:00,0.06904761904761905
15-01 05:00,0.08333333333333333
15-01 06:00,0.08333333333333333
15-01 07:00,0.08571428571428572
15-01 08:00,0.07142857142857142
15-01 09:00,0.07142857142857142
15-01 10:00,0.06190476190476191
15-01 11:00,0.05952380952380952
15-01 12:00,0.04523809523809524
15-01 13:00,0.030952380952380953
15-01 14:00,0.030952380952380953
15-01 15:00,0.030952380952380953
15-01 16:00,0.03333333333333333
15-01 17:00,0.03571428571428571
15-01 18:00,0.0380952380952381
15-01 19:00,0.04285714285714286
15-01 20:00,0.04047619047619048
15-01 21:00,0.047619047619047616
15-01 22:00,0.03333333333333333
15-01 23:00,0.02619047619047619
16-01 00:00,0.014285714285714285
16-01 01:00,0.011904761904761904
16-01 02:00,0.009523809523809525
16-01 03:00,0.009523809523809525
16-01 04:00,0.009523809523809525
16-01 05:00,0.016666666666666666
16-01 06:00,0.04047619047619048
16-01 07:00,0.04523809523809524
16-01 08:00,0.0380952380952381
16-01 09:00,0.030952380952380953
16-01 10:00,0.02619047619047619
16-01 11:00,0.01904761904761905
16-01 12:00,0.014285714285714285
16-01 13:00,0.014285714285714285
16-01 14:00,0.014285714285714285
16-01 15:00,0.014285714285714285
16-01 16:00,0.014285714285714285
16-01 17:00,0.016666666666666666
16-01 18:00,0.016666666666666666
16-01 19:00,0.01904761904761905
16-01 20:00,0.02142857142857143
16-01 21:00,0.02142857142857143
16-01 22:00,0.02142857142857143
16-01 23:00,0.01904761904761905
17-01 00:00,0.03571428571428571
17-01 01:00,0.02857142857142857
17-01 02:00,0.030952380952380953
17-01 03:00,0.030952380952380953
17-01 04:00,0.014285714285714285
17-01 05:00,0.02857142857142857
17-01 06:00,0.054761904761904755
17-01 07:00,0.0642857142857143
17-01 08:00,0.054761904761904755
17-01 09:00,0.04523809523809524
17-01 10:00,0.0380952380952381
17-01 11:00,0.030952380952380953
17-01 12:00,0.023809523809523808
17-01 13:00,0.02619047619047619
17-01 14:00,0.02619047619047619
17-01 15:00,0.023809523809523808
17-01 16:00,0.02857142857142857
17-01 17:00,0.02857142857142857
17-01 18:00,0.030952380952380953
17-01 19:00,0.08333333333333333
17-01 20:00,0.08571428571428572
17-01 21:00,0.07380952380952381
17-01 22:00,0.047619047619047616
17-01 23:00,0.06904761904761905
18-01 00:00,0.09285714285714286
18-01 01:00,0.11666666666666667
18-01 02:00,0.11190476190476191
18-01 03:00,0.14285714285714285
18-01 04:00,0.18095238095238095
18-01 05:00,0.19285714285714284
18-01 06:00,0.2690476190476191
18-01 07:00,0.25952380952380955
18-01 08:00,0.2690476190476191
18-01 09:00,0.24523809523809526
18-01 10:00,0.19761904761904764
18-01 11:00,0.18571428571428572
18-01 12:00,0.1761904761904762
18-01 13:00,0.14047619047619048
18-01 14:00,0.14047619047619048
18-01 15:00,0.1285714285714286
18-01 16:00,0.21428571428571427
18-01 17:00,0.2119047619047619
18-01 18:00,0.20238095238095238
18-01 19:00,0.1952380952380952
18-01 20:00,0.23333333333333334
18-01 21:00,0.20476190476190476
18-01 22:00,0.14285714285714285
18-01 23:00,0.13095238095238096
19-01 00:00,0.12380952380952381
19-01 01:00,0.12380952380952381
19-01 02:00,0.11190476190476191
19-01 03:00,0.13333333333333333
19-01 04:00,0.15
19-01 05:00,0.20952380952380953
19-01 06:00,0.28095238095238095
19-01 07:00,0.32142857142857145
19-01 08:00,0.3
19-01 09:00,0.27142857142857146
19-01 10:00,0.24285714285714283
19-01 11:00,0.20238095238095238
19-01 12:00,0.15952380952380954
19-01 13:00,0.16666666666666666
19-01 14:00,0.15952380952380954
19-01 15:00,0.18095238095238095
19-01 16:00,0.20714285714285713
19-01 17:00,0.22142857142857145
19-01 18:00,0.29047619047619044
19-01 19:00,0.29047619047619044
19-01 20:00,0.30238095238095236
19-01 21:00,0.33095238095238094
19-01 22:00,0.2571428571428572
19-01 23:00,0.27380952380952384
20-01 00:00,0.3261904761904762
20-01 01:00,0.3166666666666667
20-01 02:00,0.3476190476190476
20-01 03:00,0.3357142857142857
20-01 04:00,0.3619047619047619
20-01 05:00,0.5285714285714286
20-01 06:00,0.5880952380952381
20-01 07:00,0.6119047619047618
20-01 08:00,0.5976190476190476
20-01 09:00,0.5166666666666666
20-01 10:00,0.5119047619047619
20-01 11:00,0.40476190476190477
20-01 12:00,0.33809523809523806
20-01 13:00,0.29285714285714287
20-01 14:00,0.29523809523809524
20-01 15:00,0.32142857142857145
20-01 16:00,0.41904761904761906
20-01 17:00,0.4
20-01 18:00,0.41428571428571426
20-01 19:00,0.45952380952380956
20-01 20:00,0.5071428571428571
20-01 21:00,0.4785714285714286
20-01 22:00,0.3261904761904762
20-01 23:00,0.2785714285714286
21-01 00:00,0.2761904761904762
21-01 01:00,0.27380952380952384
21-01 02:00,0.27380952380952384
21-01 03:00,0.2976190476190476
21-01 04:00,0.3166666666666667
21-01 05:00,0.40476190476190477
21-01 06:00,0.5452380952380952
21-01 07:00,0.5285714285714286
21-01 08:00,0.55
21-01 09:00,0.47619047619047616
21-01 10:00,0.45952380952380956
21-01 11:00,0.4714285714285714
21-01 12:00,0.430952380952381
21-01 13:00,0.4333333333333333
21-01 14:00,0.41904761904761906
21-01 15:00,0.4166666666666667
21-01 16:00,0.4333333333333333
21-01 17:00,0.44047619047619047
21-01 18:00,0.5190476190476191
21-01 19:00,0.5071428571428571
21-01 20:00,0.5071428571428571
21-01 21:00,0.5
21-01 22:00,0.3666666666666667
21-01 23:00,0.3333333333333333
22-01 00:00,0.3333333333333333
22-01 01:00,0.3404761904761905
22-01 02:00,0.34285714285714286
22-01 03:00,0.40238095238095234
22-01 04:00,0.41428571428571426
22-01 05:00,0.5047619047619047
22-01 06:00,0.6119047619047618
22-01 07:00,0.5785714285714286
22-01 08:00,0.5238095238095238
22-01 09:00,0.5
22-01 10:00,0.4738095238095238
22-01 11:00,0.44761904761904764
22-01 12:00,0.3261904761904762
22-01 13:00,0.3119047619047619
22-01 14:00,0.3238095238095238
22-01 15:00,0.3261904761904762
22-01 16:00,0.38095238095238093
22-01 17:00,0.3880952380952381
22-01 18:00,0.4666666666666667
22-01 19:00,0.4619047619047619
22-01 20:00,0.5023809523809524
22-01 21:00,0.55
22-01 22:00,0.3547619047619048
22-01 23:00,0.35714285714285715
23-01 00:00,0.35714285714285715
23-01 01:00,0.3523809523809524
23-01 02:00,0.40238095238095234
23-01 03:00,0.36904761904761907
23-01 04:00,0.4095238095238095
23-01 05:00,0.5523809523809524
23-01 06:00,0.7428571428571429
23-01 07:00,0.7047619047619048
23-01 08:00,0.5928571428571429
23-01 09:00,0.5714285714285714
23-01 10:00,0.6071428571428571
23-01 11:00,0.569047619047619
23-01 12:00,0.49523809523809526
23-01 13:00,0.5119047619047619
23-01 14:00,0.5047619047619047
23-01 15:00,0.5238095238095238
23-01 16:00,0.5785714285714286
23-01 17:00,0.5904761904761905
23-01 18:00,0.5476190476190477
23-01 19:00,0.5761904761904761
23-01 20:00,0.5880952380952381
23-01 21:00,0.5642857142857143
23-01 22:00,0.4
23-01 23:00,0.3404761904761905
24-01 00:00,0.2619047619047619
24-01 01:00,0.27142857142857146
24-01 02:00,0.26666666666666666
24-01 03:00,0.26666666666666666
24-01 04:00,0.29523809523809524
24-01 05:00,0.430952380952381
24-01 06:00,0.5904761904761905
24-01 07:00,0.5380952380952382
24-01 08:00,0.5047619047619047
24-01 09:00,0.45714285714285713
24-01 10:00,0.4547619047619048
24-01 11:00,0.3952380952380953
24-01 12:00,0.4357142857142857
24-01 13:00,0.44047619047619047
24-01 14:00,0.4357142857142857
24-01 15:00,0.4238095238095238
24-01 16:00,0.430952380952381
24-01 17:00,0.43809523809523804
24-01 18:00,0.4666666666666667
24-01 19:00,0.4452380952380952
24-01 20:00,0.4452380952380952
24-01 21:00,0.4738095238095238
24-01 22:00,0.37142857142857144
24-01 23:00,0.2857142857142857
25-01 00:00,0.30952380952380953
25-01 01:00,0.32142857142857145
25-01 02:00,0.30952380952380953
25-01 03:00,0.30952380952380953
25-01 04:00,0.32142857142857145
25-01 05:00,0.4166666666666667
25-01 06:00,0.5809523809523809
25-01 07:00,0.5809523809523809
25-01 08:00,0.5261904761904762
25-01 09:00,0.4238095238095238
25-01 10:00,0.42857142857142855
25-01 11:00,0.44047619047619047
25-01 12:00,0.3857142857142857
25-01 13:00,0.430952380952381
25-01 14:00,0.40238095238095234
25-01 15:00,0.3595238095238095
25-01 16:00,0.41904761904761906
25-01 17:00,0.4428571428571429
25-01 18:00,0.4428571428571429
25-01 19:00,0.47619047619047616
25-01 20:00,0.4428571428571429
25-01 21:00,0.46904761904761905
25-01 22:00,0.3333333333333333
25-01 23:00,0.27380952380952384
26-01 00:00,0.21904761904761902
26-01 01:00,0.2119047619047619
26-01 02:00,0.19761904761904764
26-01 03:00,0.20476190476190476
26-01 04:00,0.20476190476190476
26-01 05:00,0.2619047619047619
26-01 06:00,0.3261904761904762
26-01 07:00,0.3047619047619048
26-01 08:00,0.2523809523809524
26-01 09:00,0.2261904761904762
26-01 10:00,0.18095238095238095
26-01 11:00,0.18333333333333335
26-01 12:00,0.1523809523809524
26-01 13:00,0.1380952380952381
26-01 14:00,0.15
26-01 15:00,0.14285714285714285
26-01 16:00,0.1523809523809524
26-01 17:00,0.2
26-01 18:00,0.2
26-01 19:00,0.18095238095238095
26-01 20:00,0.18095238095238095
26-01 21:00,0.18333333333333335
26-01 22:00,0.09523809523809523
26-01 23:00,0.07142857142857142
27-01 00:00,0.02142857142857143
27-01 01:00,0.01904761904761905
27-01 02:00,0.03571428571428571
27-01 03:00,0.03333333333333333
27-01 04:00,0.03333333333333333
27-01 05:00,0.06904761904761905
27-01 06:00,0.07380952380952381
27-01 07:00,0.054761904761904755
27-01 08:00,0.07380952380952381
27-01 09:00,0.07380952380952381
27-01 10:00,0.07380952380952381
27-01 11:00,0.05238095238095238
27-01 12:00,0.05
27-01 13:00,0.04285714285714286
27-01 14:00,0.030952380952380953
27-01 15:00,0.02857142857142857
27-01 16:00,0.02857142857142857
27-01 17:00,0.02857142857142857
27-01 18:00,0.03333333333333333
27-01 19:00,0.030952380952380953
27-01 20:00,0.030952380952380953
27-01 21:00,0.03333333333333333
27-01 22:00,0.023809523809523808
27-01 23:00,0.02142857142857143
28-01 00:00,0.02619047619047619
28-01 01:00,0.023809523809523808
28-01 02:00,0.023809523809523808
28-01 03:00,0.023809523809523808
28-01 04:00,0.04047619047619048
28-01 05:00,0.05714285714285714
28-01 06:00,0.10952380952380951
28-01 07:00,0.13571428571428573
28-01 08:00,0.14285714285714285
28-01 09:00,0.13095238095238096
28-01 10:00,0.0976190476190476
28-01 11:00,0.07857142857142857
28-01 12:00,0.0642857142857143
28-01 13:00,0.05714285714285714
28-01 14:00,0.04285714285714286
28-01 15:00,0.04047619047619048
28-01 16:00,0.047619047619047616
28-01 17:00,0.06666666666666667
28-01 18:00,0.0976190476190476
28-01 19:00,0.10476190476190476
28-01 20:00,0.0976190476190476
28-01 21:00,0.09523809523809523
28-01 22:00,0.0761904761904762
28-01 23:00,0.07380952380952381
29-01 00:00,0.12380952380952381
29-01 01:00,0.08571428571428572
29-01 02:00,0.10476190476190476
29-01 03:00,0.11666666666666667
29-01 04:00,0.12380952380952381
29-01 05:00,0.1952380952380952
29-01 06:00,0.2571428571428572
29-01 07:00,0.27380952380952384
29-01 08:00,0.25476190476190474
29-01 09:00,0.22380952380952382
29-01 10:00,0.1952380952380952
29-01 11:00,0.16666666666666666
29-01 12:00,0.13095238095238096
29-01 13:00,0.13095238095238096
29-01 14:00,0.0976190476190476
29-01 15:00,0.13095238095238096
29-01 16:00,0.1380952380952381
29-01 17:00,0.14285714285714285
29-01 18:00,0.16666666666666666
29-01 19:00,0.18095238095238095
29-01 20:00,0.20714285714285713
29-01 21:00,0.25
29-01 22:00,0.17142857142857143
29-01 23:00,0.18095238095238095
30-01 00:00,0.2
30-01 01:00,0.23333333333333334
30-01 02:00,0.21428571428571427
30-01 03:00,0.23809523809523808
30-01 04:00,0.2523809523809524
30-01 05:00,0.32857142857142857
30-01 06:00,0.38095238095238093
30-01 07:00,0.38333333333333336
30-01 08:00,0.33809523809523806
30-01 09:00,0.2833333333333333
30-01 10:00,0.2571428571428572
30-01 11:00,0.21428571428571427
30-01 12:00,0.1761904761904762
30-01 13:00,0.1738095238095238
30-01 14:00,0.16904761904761903
30-01 15:00,0.1738095238095238
30-01 16:00,0.2261904761904762
30-01 17:00,0.22380952380952382
30-01 18:00,0.22857142857142856
30-01 19:00,0.28809523809523807
30-01 20:00,0.27142857142857146
30-01 21:00,0.24047619047619045
30-01 22:00,0.1761904761904762
30-01 23:00,0.19047619047619047
31-01 00:00,0.18095238095238095
31-01 01:00,0.17142857142857143
31-01 02:00,0.1738095238095238
31-01 03:00,0.18095238095238095
31-01 04:00,0.1952380952380952
31-01 05:00,0.24761904761904763
31-01 06:00,0.3357142857142857
31-01 07:00,0.32857142857142857
31-01 08:00,0.29285714285714287
31-01 09:00,0.25952380952380955
31-01 10:00,0.24285714285714283
31-01 11:00,0.18333333333333335
31-01 12:00,0.1523809523809524
31-01 13:00,0.11904761904761904
31-01 14:00,0.12380952380952381
31-01 15:00,0.14523809523809522
31-01 16:00,0.14761904761904762
31-01 17:00,0.20714285714285713
31-01 18:00,0.2571428571428572
31-01 19:00,0.3
31-01 20:00,0.30952380952380953
31-01 21:00,0.3595238095238095
31-01 22:00,0.3261904761904762
31-01 23:00,0.3619047619047619
01-02 00:00,0.45714285714285713
01-02 01:00,0.4619047619047619
01-02 02:00,0.4428571428571429
01-02 03:00,0.4333333333333333
01-02 04:00,0.4666666666666667
01-02 05:00,0.5904761904761905
01-02 06:00,0.7595238095238095
01-02 07:00,0.7166666666666667
01-02 08:00,0.6452380952380953
01-02 09:00,0.5357142857142857
01-02 10:00,0.5142857142857143
01-02 11:00,0.4333333333333333
01-02 12:00,0.3523809523809524
01-02 13:00,0.35
01-02 14:00,0.3357142857142857
01-02 15:00,0.33809523809523806
01-02 16:00,0.3857142857142857
01-02 17:00,0.41428571428571426
01-02 18:00,0.40476190476190477
01-02 19:00,0.3904761904761904
01-02 20:00,0.4333333333333333
01-02 21:00,0.44999999999999996
01-02 22:00,0.2690476190476191
01-02 23:00,0.24285714285714283
02-02 00:00,0.1738095238095238
02-02 01:00,0.14761904761904762
02-02 02:00,0.16904761904761903
02-02 03:00,0.1619047619047619
02-02 04:00,0.18095238095238095
02-02 05:00,0.18333333333333335
02-02 06:00,0.26666666666666666
02-02 07:00,0.25
02-02 08:00,0.18571428571428572
02-02 09:00,0.18095238095238095
02-02 10:00,0.1738095238095238
02-02 11:00,0.1761904761904762
02-02 12:00,0.14285714285714285
02-02 13:00,0.13095238095238096
02-02 14:00,0.13571428571428573
02-02 15:00,0.13571428571428573
02-02 16:00,0.1380952380952381
02-02 17:00,0.18333333333333335
02-02 18:00,0.17142857142857143
02-02 19:00,0.18095238095238095
02-02 20:00,0.2
02-02 21:00,0.1619047619047619
02-02 22:00,0.11190476190476191
02-02 23:00,0.09047619047619047
03-02 00:00,0.07380952380952381
03-02 01:00,0.0976190476190476
03-02 02:00,0.09523809523809523
03-02 03:00,0.09047619047619047
03-02 04:00,0.0976190476190476
03-02 05:00,0.10952380952380951
03-02 06:00,0.1380952380952381
03-02 07:00,0.14047619047619048
03-02 08:00,0.12380952380952381
03-02 09:00,0.1261904761904762
03-02 10:00,0.09047619047619047
03-02 11:00,0.07142857142857142
03-02 12:00,0.06666666666666667
03-02 13:00,0.054761904761904755
03-02 14:00,0.05
03-02 15:00,0.047619047619047616
03-02 16:00,0.05
03-02 17:00,0.05
03-02 18:00,0.054761904761904755
03-02 19:00,0.05952380952380952
03-02 20:00,0.05714285714285714
03-02 21:00,0.054761904761904755
03-02 22:00,0.03571428571428571
03-02 23:00,0.030952380952380953
04-02 00:00,0.047619047619047616
04-02 01:00,0.06190476190476191
04-02 02:00,0.07857142857142857
04-02 03:00,0.09285714285714286
04-02 04:00,0.09523809523809523
04-02 05:00,0.1261904761904762
04-02 06:00,0.2119047619047619
04-02 07:00,0.23333333333333334
04-02 08:00,0.22142857142857145
04-02 09:00,0.20714285714285713
04-02 10:00,0.20476190476190476
04-02 11:00,0.2
04-02 12:00,0.2
04-02 13:00,0.18095238095238095
04-02 14:00,0.16904761904761903
04-02 15:00,0.16904761904761903
04-02 16:00,0.17142857142857143
04-02 17:00,0.19761904761904764
04-02 18:00,0.21428571428571427
04-02 19:00,0.2357142857142857
04-02 20:00,0.20952380952380953
04-02 21:00,0.21428571428571427
04-02 22:00,0.15
04-02 23:00,0.14285714285714285
05-02 00:00,0.14761904761904762
05-02 01:00,0.14523809523809522
05-02 02:00,0.14047619047619048
05-02 03:00,0.14285714285714285
05-02 04:00,0.1523809523809524
05-02 05:00,0.23095238095238094
05-02 06:00,0.32857142857142857
05-02 07:00,0.3404761904761905
05-02 08:00,0.29047619047619044
05-02 09:00,0.24047619047619045
05-02 10:00,0.2261904761904762
05-02 11:00,0.2119047619047619
05-02 12:00,0.18571428571428572
05-02 13:00,0.17857142857142858
05-02 14:00,0.18571428571428572
05-02 15:00,0.19285714285714284
05-02 16:00,0.23095238095238094
05-02 17:00,0.22380952380952382
05-02 18:00,0.28095238095238095
05-02 19:00,0.26666666666666666
05-02 20:00,0.28095238095238095
05-02 21:00,0.2761904761904762
05-02 22:00,0.21666666666666665
05-02 23:00,0.19047619047619047
06-02 00:00,0.18571428571428572
06-02 01:00,0.20476190476190476
06-02 02:00,0.20238095238095238
06-02 03:00,0.20714285714285713
06-02 04:00,0.21904761904761902
06-02 05:00,0.3166666666666667
06-02 06:00,0.41904761904761906
06-02 07:00,0.41904761904761906
06-02 08:00,0.3619047619047619
06-02 09:00,0.3476190476190476
06-02 10:00,0.3642857142857143
06-02 11:00,0.3047619047619048
06-02 12:00,0.28095238095238095
06-02 13:00,0.30238095238095236
06-02 14:00,0.29523809523809524
06-02 15:00,0.29047619047619044
06-02 16:00,0.30952380952380953
06-02 17:00,0.3261904761904762
06-02 18:00,0.3547619047619048
06-02 19:00,0.40476190476190477
06-02 20:00,0.4071428571428572
06-02 21:00,0.4095238095238095
06-02 22:00,0.3261904761904762
06-02 23:00,0.2833333333333333
07-02 00:00,0.32142857142857145
07-02 01:00,0.3190476190476191
07-02 02:00,0.28809523809523807
07-02 03:00,0.3738095238095238
07-02 04:00,0.3642857142857143
07-02 05:00,0.5238095238095238
07-02 06:00,0.7476190476190476
07-02 07:00,0.7214285714285714
07-02 08:00,0.6
07-02 09:00,0.6190476190476191
07-02 10:00,0.5785714285714286
07-02 11:00,0.5880952380952381
07-02 12:00,0.5261904761904762
07-02 13:00,0.5190476190476191
07-02 14:00,0.5190476190476191
07-02 15:00,0.530952380952381
07-02 16:00,0.5452380952380952
07-02 17:00,0.5761904761904761
07-02 18:00,0.5976190476190476
07-02 19:00,0.5833333333333334
07-02 20:00,0.6738095238095239
07-02 21:00,0.6404761904761904
07-02 22:00,0.4166666666666667
07-02 23:00,0.4166666666666667
08-02 00:00,0.4428571428571429
08-02 01:00,0.430952380952381
08-02 02:00,0.42857142857142855
08-02 03:00,0.4714285714285714
08-02 04:00,0.5023809523809524
08-02 05:00,0.75
08-02 06:00,0.9428571428571428
08-02 07:00,0.9285714285714286
08-02 08:00,0.8095238095238095
08-02 09:00,0.7976190476190477
08-02 10:00,0.7119047619047618
08-02 11:00,0.6976190476190476
08-02 12:00,0.7571428571428571
08-02 13:00,0.8047619047619047
08-02 14:00,0.6761904761904761
08-02 15:00,0.6642857142857143
08-02 16:00,0.7166666666666667
08-02 17:00,0.7642857142857143
08-02 18:00,0.7976190476190477
08-02 19:00,0.8285714285714285
08-02 20:00,0.8833333333333334
08-02 21:00,0.8999999999999999
08-02 22:00,0.6
08-02 23:00,0.5785714285714286
09-02 00:00,0.5523809523809524
09-02 01:00,0.49761904761904757
09-02 02:00,0.5
09-02 03:00,0.5261904761904762
09-02 04:00,0.5428571428571429
09-02 05:00,0.7571428571428571
09-02 06:00,0.9880952380952381
09-02 07:00,0.8714285714285714
09-02 08:00,0.7857142857142857
09-02 09:00,0.7523809523809524
09-02 10:00,0.6928571428571428
09-02 11:00,0.7047619047619048
09-02 12:00,0.6214285714285714
09-02 13:00,0.6952380952380952
09-02 14:00,0.6571428571428571
09-02 15:00,0.5880952380952381
09-02 16:00,0.6738095238095239
09-02 17:00,0.7095238095238096
09-02 18:00,0.7380952380952381
09-02 19:00,0.6738095238095239
09-02 20:00,0.7952380952380952
09-02 21:00,0.7761904761904762
09-02 22:00,0.5666666666666667
09-02 23:00,0.5238095238095238
10-02 00:00,0.5023809523809524
10-02 01:00,0.4928571428571428
10-02 02:00,0.48571428571428565
10-02 03:00,0.42857142857142855
10-02 04:00,0.5142857142857143
10-02 05:00,0.6714285714285714
10-02 06:00,0.8952380952380953
10-02 07:00,0.9023809523809524
10-02 08:00,0.7976190476190477
10-02 09:00,0.75
10-02 10:00,0.7404761904761905
10-02 11:00,0.6785714285714286
10-02 12:00,0.6476190476190476
10-02 13:00,0.6476190476190476
10-02 14:00,0.5857142857142857
10-02 15:00,0.6666666666666666
10-02 16:00,0.6452380952380953
10-02 17:00,0.7404761904761905
10-02 18:00,0.7119047619047618
10-02 19:00,0.7452380952380953
10-02 20:00,0.8476190476190476
10-02 21:00,0.8095238095238095
10-02 22:00,0.5857142857142857
10-02 23:00,0.5
11-02 00:00,0.4904761904761905
11-02 01:00,0.44047619047619047
11-02 02:00,0.3642857142857143
11-02 03:00,0.43809523809523804
11-02 04:00,0.49523809523809526
11-02 05:00,0.6166666666666666
11-02 06:00,0.7476190476190476
11-02 07:00,0.7285714285714286
11-02 08:00,0.6404761904761904
11-02 09:00,0.5952380952380952
11-02 10:00,0.5595238095238095
11-02 11:00,0.5452380952380952
11-02 12:00,0.4904761904761905
11-02 13:00,0.4928571428571428
11-02 14:00,0.5119047619047619
11-02 15:00,0.4523809523809524
11-02 16:00,0.5238095238095238
11-02 17:00,0.5333333333333333
11-02 18:00,0.5452380952380952
11-02 19:00,0.5904761904761905
11-02 20:00,0.6785714285714286
11-02 21:00,0.6285714285714286
11-02 22:00,0.5095238095238095
11-02 23:00,0.4666666666666667
12-02 00:00,0.44761904761904764
12-02 01:00,0.44047619047619047
12-02 02:00,0.44999999999999996
12-02 03:00,0.4666666666666667
12-02 04:00,0.5
12-02 05:00,0.6095238095238096
12-02 06:00,0.8285714285714285
12-02 07:00,0.8595238095238096
12-02 08:00,0.769047619047619
12-02 09:00,0.7380952380952381
12-02 10:00,0.6785714285714286
12-02 11:00,0.5880952380952381
12-02 12:00,0.5071428571428571
12-02 13:00,0.5047619047619047
12-02 14:00,0.48333333333333334
12-02 15:00,0.4904761904761905
12-02 16:00,0.5142857142857143
12-02 17:00,0.6261904761904762
12-02 18:00,0.7142857142857143
12-02 19:00,0.7261904761904762
12-02 20:00,0.7404761904761905
12-02 21:00,0.6976190476190476
12-02 22:00,0.5214285714285714
12-02 23:00,0.5261904761904762
13-02 00:00,0.4904761904761905
13-02 01:00,0.5
13-02 02:00,0.48571428571428565
13-02 03:00,0.4904761904761905
13-02 04:00,0.5333333333333333
13-02 05:00,0.6761904761904761
13-02 06:00,0.8595238095238096
13-02 07:00,0.8999999999999999
13-02 08:00,0.7761904761904762
13-02 09:00,0.7285714285714286
13-02 10:00,0.5785714285714286
13-02 11:00,0.5333333333333333
13-02 12:00,0.43809523809523804
13-02 13:00,0.4166666666666667
13-02 14:00,0.4357142857142857
13-02 15:00,0.4238095238095238
13-02 16:00,0.49761904761904757
13-02 17:00,0.5261904761904762
13-02 18:00,0.6309523809523809
13-02 19:00,0.6309523809523809
13-02 20:00,0.6595238095238095
13-02 21:00,0.7357142857142857
13-02 22:00,0.5833333333333334
13-02 23:00,0.5357142857142857
14-02 00:00,0.5
14-02 01:00,0.4523809523809524
14-02 02:00,0.39285714285714285
14-02 03:00,0.35714285714285715
14-02 04:00,0.4166666666666667
14-02 05:00,0.5833333333333334
14-02 06:00,0.7166666666666667
14-02 07:00,0.6857142857142857
14-02 08:00,0.6095238095238096
14-02 09:00,0.6285714285714286
14-02 10:00,0.6071428571428571
14-02 11:00,0.5642857142857143
14-02 12:00,0.5428571428571429
14-02 13:00,0.4880952380952381
14-02 14:00,0.4714285714285714
14-02 15:00,0.4357142857142857
14-02 16:00,0.4785714285714286
14-02 17:00,0.530952380952381
14-02 18:00,0.5738095238095239
14-02 19:00,0.6428571428571429
14-02 20:00,0.7285714285714286
14-02 21:00,0.7261904761904762
14-02 22:00,0.5928571428571429
14-02 23:00,0.5476190476190477
15-02 00:00,0.5619047619047619
15-02 01:00,0.5952380952380952
15-02 02:00,0.5428571428571429
15-02 03:00,0.5904761904761905
15-02 04:00,0.6071428571428571
15-02 05:00,0.7738095238095238
15-02 06:00,0.9023809523809524
15-02 07:00,0.861904761904762
15-02 08:00,0.7928571428571428
15-02 09:00,0.6690476190476191
15-02 10:00,0.5523809523809524
15-02 11:00,0.4904761904761905
15-02 12:00,0.3976190476190476
15-02 13:00,0.3857142857142857
15-02 14:00,0.3547619047619048
15-02 15:00,0.37142857142857144
15-02 16:00,0.40238095238095234
15-02 17:00,0.4
15-02 18:00,0.41428571428571426
15-02 19:00,0.4928571428571428
15-02 20:00,0.5261904761904762
15-02 21:00,0.5
15-02 22:00,0.3357142857142857
15-02 23:00,0.27142857142857146
16-02 00:00,0.18333333333333335
16-02 01:00,0.19285714285714284
16-02 02:00,0.1952380952380952
16-02 03:00,0.18333333333333335
16-02 04:00,0.16666666666666666
16-02 05:00,0.1738095238095238
16-02 06:00,0.25
16-02 07:00,0.2119047619047619
16-02 08:00,0.18333333333333335
16-02 09:00,0.1738095238095238
16-02 10:00,0.1619047619047619
16-02 11:00,0.14523809523809522
16-02 12:00,0.13095238095238096
16-02 13:00,0.1
16-02 14:00,0.10476190476190476
16-02 15:00,0.1
16-02 16:00,0.10714285714285714
16-02 17:00,0.10476190476190476
16-02 18:00,0.11904761904761904
16-02 19:00,0.1619047619047619
16-02 20:00,0.15952380952380954
16-02 21:00,0.14523809523809522
16-02 22:00,0.10714285714285714
16-02 23:00,0.09047619047619047
17-02 00:00,0.06666666666666667
17-02 01:00,0.06666666666666667
17-02 02:00,0.06666666666666667
17-02 03:00,0.06190476190476191
17-02 04:00,0.0642857142857143
17-02 05:00,0.07142857142857142
17-02 06:00,0.05714285714285714
17-02 07:00,0.0642857142857143
17-02 08:00,0.08571428571428572
17-02 09:00,0.0642857142857143
17-02 10:00,0.06190476190476191
17-02 11:00,0.06190476190476191
17-02 12:00,0.05714285714285714
17-02 13:00,0.04285714285714286
17-02 14:00,0.04047619047619048
17-02 15:00,0.03333333333333333
17-02 16:00,0.03571428571428571
17-02 17:00,0.03571428571428571
17-02 18:00,0.04047619047619048
17-02 19:00,0.04285714285714286
17-02 20:00,0.04047619047619048
17-02 21:00,0.0380952380952381
17-02 22:00,0.04523809523809524
17-02 23:00,0.04285714285714286
18-02 00:00,0.016666666666666666
18-02 01:00,0.03333333333333333
18-02 02:00,0.03333333333333333
18-02 03:00,0.030952380952380953
18-02 04:00,0.03333333333333333
18-02 05:00,0.03333333333333333
18-02 06:00,0.04047619047619048
18-02 07:00,0.05
18-02 08:00,0.05238095238095238
18-02 09:00,0.054761904761904755
18-02 10:00,0.054761904761904755
18-02 11:00,0.047619047619047616
18-02 12:00,0.04523809523809524
18-02 13:00,0.03333333333333333
18-02 14:00,0.02619047619047619
18-02 15:00,0.023809523809523808
18-02 16:00,0.023809523809523808
18-02 17:00,0.02619047619047619
18-02 18:00,0.02857142857142857
18-02 19:00,0.02619047619047619
18-02 20:00,0.02619047619047619
18-02 21:00,0.02619047619047619
18-02 22:00,0.02142857142857143
18-02 23:00,0.01904761904761905
19-02 00:00,0.01904761904761905
19-02 01:00,0.016666666666666666
19-02 02:00,0.014285714285714285
19-02 03:00,0.014285714285714285
19-02 04:00,0.014285714285714285
19-02 05:00,0.02857142857142857
19-02 06:00,0.054761904761904755
19-02 07:00,0.05952380952380952
19-02 08:00,0.05238095238095238
19-02 09:00,0.04285714285714286
19-02 10:00,0.03571428571428571
19-02 11:00,0.03333333333333333
19-02 12:00,0.02619047619047619
19-02 13:00,0.02619047619047619
19-02 14:00,0.02142857142857143
19-02 15:00,0.02142857142857143
19-02 16:00,0.02619047619047619
19-02 17:00,0.02857142857142857
19-02 18:00,0.02857142857142857
19-02 19:00,0.04523809523809524
19-02 20:00,0.06666666666666667
19-02 21:00,0.09523809523809523
19-02 22:00,0.10476190476190476
19-02 23:00,0.11666666666666667
20-02 00:00,0.1261904761904762
20-02 01:00,0.1
20-02 02:00,0.09285714285714286
20-02 03:00,0.10238095238095238
20-02 04:00,0.1
20-02 05:00,0.11904761904761904
20-02 06:00,0.16666666666666666
20-02 07:00,0.1619047619047619
20-02 08:00,0.14761904761904762
20-02 09:00,0.0976190476190476
20-02 10:00,0.0642857142857143
20-02 11:00,0.054761904761904755
20-02 12:00,0.04523809523809524
20-02 13:00,0.04523809523809524
20-02 14:00,0.04523809523809524
20-02 15:00,0.04523809523809524
20-02 16:00,0.047619047619047616
20-02 17:00,0.047619047619047616
20-02 18:00,0.054761904761904755
20-02 19:00,0.05714285714285714
20-02 20:00,0.06190476190476191
20-02 21:00,0.05952380952380952
20-02 22:00,0.04047619047619048
20-02 23:00,0.030952380952380953
21-02 00:00,0.014285714285714285
21-02 01:00,0.011904761904761904
21-02 02:00,0.009523809523809525
21-02 03:00,0.009523809523809525
21-02 04:00,0.009523809523809525
21-02 05:00,0.02142857142857143
21-02 06:00,0.04523809523809524
21-02 07:00,0.05952380952380952
21-02 08:00,0.05238095238095238
21-02 09:00,0.03333333333333333
21-02 10:00,0.023809523809523808
21-02 11:00,0.02142857142857143
21-02 12:00,0.016666666666666666
21-02 13:00,0.016666666666666666
21-02 14:00,0.016666666666666666
21-02 15:00,0.016666666666666666
21-02 16:00,0.016666666666666666
21-02 17:00,0.01904761904761905
21-02 18:00,0.01904761904761905
21-02 19:00,0.02142857142857143
21-02 20:00,0.02142857142857143
21-02 21:00,0.02619047619047619
21-02 22:00,0.02142857142857143
21-02 23:00,0.01904761904761905
22-02 00:00,0.04047619047619048
22-02 01:00,0.0642857142857143
22-02 02:00,0.0642857142857143
22-02 03:00,0.09047619047619047
22-02 04:00,0.0976190476190476
22-02 05:00,0.11190476190476191
22-02 06:00,0.14285714285714285
22-02 07:00,0.1738095238095238
22-02 08:00,0.1
22-02 09:00,0.05714285714285714
22-02 10:00,0.05238095238095238
22-02 11:00,0.04285714285714286
22-02 12:00,0.0380952380952381
22-02 13:00,0.0380952380952381
22-02 14:00,0.0380952380952381
22-02 15:00,0.0380952380952381
22-02 16:00,0.04047619047619048
22-02 17:00,0.04523809523809524
22-02 18:00,0.04523809523809524
22-02 19:00,0.05238095238095238
22-02 20:00,0.05
22-02 21:00,0.05238095238095238
22-02 22:00,0.0380952380952381
22-02 23:00,0.07380952380952381
23-02 00:00,0.03333333333333333
23-02 01:00,0.030952380952380953
23-02 02:00,0.02857142857142857
23-02 03:00,0.02857142857142857
23-02 04:00,0.02857142857142857
23-02 05:00,0.0380952380952381
23-02 06:00,0.06190476190476191
23-02 07:00,0.047619047619047616
23-02 08:00,0.04285714285714286
23-02 09:00,0.03571428571428571
23-02 10:00,0.02857142857142857
23-02 11:00,0.023809523809523808
23-02 12:00,0.01904761904761905
23-02 13:00,0.01904761904761905
23-02 14:00,0.016666666666666666
23-02 15:00,0.01904761904761905
23-02 16:00,0.01904761904761905
23-02 17:00,0.02142857142857143
23-02 18:00,0.023809523809523808
23-02 19:00,0.02619047619047619
23-02 20:00,0.02857142857142857
23-02 21:00,0.02857142857142857
23-02 22:00,0.023809523809523808
23-02 23:00,0.02142857142857143
24-02 00:00,0.014285714285714285
24-02 01:00,0.014285714285714285
24-02 02:00,0.014285714285714285
24-02 03:00,0.011904761904761904
24-02 04:00,0.011904761904761904
24-02 05:00,0.011904761904761904
24-02 06:00,0.014285714285714285
24-02 07:00,0.023809523809523808
24-02 08:00,0.04285714285714286
24-02 09:00,0.05
24-02 10:00,0.047619047619047616
24-02 11:00,0.04285714285714286
24-02 12:00,0.04047619047619048
24-02 13:00,0.030952380952380953
24-02 14:00,0.02142857142857143
24-02 15:00,0.01904761904761905
24-02 16:00,0.01904761904761905
24-02 17:00,0.01904761904761905
24-02 18:00,0.01904761904761905
24-02 19:00,0.01904761904761905
24-02 20:00,0.01904761904761905
24-02 21:00,0.01904761904761905
24-02 22:00,0.01904761904761905
24-02 23:00,0.01904761904761905
25-02 00:00,0.014285714285714285
25-02 01:00,0.014285714285714285
25-02 02:00,0.011904761904761904
25-02 03:00,0.014285714285714285
25-02 04:00,0.011904761904761904
25-02 05:00,0.014285714285714285
25-02 06:00,0.014285714285714285
25-02 07:00,0.02142857142857143
25-02 08:00,0.04285714285714286
25-02 09:00,0.047619047619047616
25-02 10:00,0.04523809523809524
25-02 11:00,0.04285714285714286
25-02 12:00,0.0380952380952381
25-02 13:00,0.02857142857142857
25-02 14:00,0.02142857142857143
25-02 15:00,0.016666666666666666
25-02 16:00,0.01904761904761905
25-02 17:00,0.01904761904761905
25-02 18:00,0.02142857142857143
25-02 19:00,0.02142857142857143
25-02 20:00,0.01904761904761905
25-02 21:00,0.01904761904761905
25-02 22:00,0.01904761904761905
25-02 23:00,0.01904761904761905
26-02 00:00,0.011904761904761904
26-02 01:00,0.011904761904761904
26-02 02:00,0.009523809523809525
26-02 03:00,0.009523809523809525
26-02 04:00,0.009523809523809525
26-02 05:00,0.01904761904761905
26-02 06:00,0.0380952380952381
26-02 07:00,0.0380952380952381
26-02 08:00,0.03571428571428571
26-02 09:00,0.030952380952380953
26-02 10:00,0.023809523809523808
26-02 11:00,0.016666666666666666
26-02 12:00,0.014285714285714285
26-02 13:00,0.014285714285714285
26-02 14:00,0.014285714285714285
26-02 15:00,0.014285714285714285
26-02 16:00,0.016666666666666666
26-02 17:00,0.016666666666666666
26-02 18:00,0.016666666666666666
26-02 19:00,0.01904761904761905
26-02 20:00,0.01904761904761905
26-02 21:00,0.02142857142857143
26-02 22:00,0.02142857142857143
26-02 23:00,0.01904761904761905
27-02 00:00,0.01904761904761905
27-02 01:00,0.016666666666666666
27-02 02:00,0.014285714285714285
27-02 03:00,0.014285714285714285
27-02 04:00,0.016666666666666666
27-02 05:00,0.02857142857142857
27-02 06:00,0.06190476190476191
27-02 07:00,0.06190476190476191
27-02 08:00,0.054761904761904755
27-02 09:00,0.04285714285714286
27-02 10:00,0.0380952380952381
27-02 11:00,0.030952380952380953
27-02 12:00,0.02619047619047619
27-02 13:00,0.02619047619047619
27-02 14:00,0.023809523809523808
27-02 15:00,0.02619047619047619
27-02 16:00,0.030952380952380953
27-02 17:00,0.02857142857142857
27-02 18:00,0.030952380952380953
27-02 19:00,0.03333333333333333
27-02 20:00,0.10714285714285714
27-02 21:00,0.10714285714285714
27-02 22:00,0.07380952380952381
27-02 23:00,0.12142857142857141
28-02 00:00,0.13571428571428573
28-02 01:00,0.13095238095238096
28-02 02:00,0.13333333333333333
28-02 03:00,0.15
28-02 04:00,0.14761904761904762
28-02 05:00,0.17857142857142858
28-02 06:00,0.2357142857142857
28-02 07:00,0.25
28-02 08:00,0.1523809523809524
28-02 09:00,0.14047619047619048
28-02 10:00,0.1285714285714286
28-02 11:00,0.1285714285714286
28-02 12:00,0.11904761904761904
28-02 13:00,0.11666666666666667
28-02 14:00,0.08571428571428572
28-02 15:00,0.09047619047619047
28-02 16:00,0.10476190476190476
28-02 17:00,0.08571428571428572
28-02 18:00,0.09285714285714286
28-02 19:00,0.10714285714285714
28-02 20:00,0.12142857142857141
28-02 21:00,0.14761904761904762
28-02 22:00,0.1285714285714286
28-02 23:00,0.13095238095238096
01-03 00:00,0.15714285714285714
01-03 01:00,0.15
01-03 02:00,0.14523809523809522
01-03 03:00,0.13333333333333333
01-03 04:00,0.1261904761904762
01-03 05:00,0.1261904761904762
01-03 06:00,0.1952380952380952
01-03 07:00,0.17142857142857143
01-03 08:00,0.10476190476190476
01-03 09:00,0.09047619047619047
01-03 10:00,0.08333333333333333
01-03 11:00,0.05952380952380952
01-03 12:00,0.05
01-03 13:00,0.054761904761904755
01-03 14:00,0.047619047619047616
01-03 15:00,0.05238095238095238
01-03 16:00,0.054761904761904755
01-03 17:00,0.06190476190476191
01-03 18:00,0.06190476190476191
01-03 19:00,0.07142857142857142
01-03 20:00,0.07380952380952381
01-03 21:00,0.07142857142857142
01-03 22:00,0.04523809523809524
01-03 23:00,0.07857142857142857
02-03 00:00,0.03571428571428571
02-03 01:00,0.030952380952380953
02-03 02:00,0.030952380952380953
02-03 03:00,0.030952380952380953
02-03 04:00,0.02857142857142857
02-03 05:00,0.023809523809523808
02-03 06:00,0.047619047619047616
02-03 07:00,0.05
02-03 08:00,0.04285714285714286
02-03 09:00,0.04047619047619048
02-03 10:00,0.030952380952380953
02-03 11:00,0.02619047619047619
02-03 12:00,0.02142857142857143
02-03 13:00,0.02142857142857143
02-03 14:00,0.01904761904761905
02-03 15:00,0.02142857142857143
02-03 16:00,0.02142857142857143
02-03 17:00,0.023809523809523808
02-03 18:00,0.023809523809523808
02-03 19:00,0.04523809523809524
02-03 20:00,0.047619047619047616
02-03 21:00,0.04523809523809524
02-03 22:00,0.04285714285714286
02-03 23:00,0.02142857142857143
03-03 00:00,0.06190476190476191
03-03 01:00,0.06190476190476191
03-03 02:00,0.09047619047619047
03-03 03:00,0.0642857142857143
03-03 04:00,0.06190476190476191
03-03 05:00,0.07142857142857142
03-03 06:00,0.05714285714285714
03-03 07:00,0.0642857142857143
03-03 08:00,0.07857142857142857
03-03 09:00,0.0642857142857143
03-03 10:00,0.06190476190476191
03-03 11:00,0.05952380952380952
03-03 12:00,0.05
03-03 13:00,0.04285714285714286
03-03 14:00,0.03571428571428571
03-03 15:00,0.030952380952380953
03-03 16:00,0.03571428571428571
03-03 17:00,0.03571428571428571
03-03 18:00,0.04047619047619048
03-03 19:00,0.04285714285714286
03-03 20:00,0.04047619047619048
03-03 21:00,0.04285714285714286
03-03 22:00,0.02857142857142857
03-03 23:00,0.02619047619047619
04-03 00:00,0.04285714285714286
04-03 01:00,0.04047619047619048
04-03 02:00,0.0642857142857143
04-03 03:00,0.0642857142857143
04-03 04:00,0.07142857142857142
04-03 05:00,0.10714285714285714
04-03 06:00,0.13095238095238096
04-03 07:00,0.15476190476190477
04-03 08:00,0.11428571428571428
04-03 09:00,0.07857142857142857
04-03 10:00,0.07380952380952381
04-03 11:00,0.07142857142857142
04-03 12:00,0.06190476190476191
04-03 13:00,0.054761904761904755
04-03 14:00,0.05
04-03 15:00,0.047619047619047616
04-03 16:00,0.047619047619047616
04-03 17:00,0.054761904761904755
04-03 18:00,0.054761904761904755
04-03 19:00,0.05714285714285714
04-03 20:00,0.1
04-03 21:00,0.09523809523809523
04-03 22:00,0.05238095238095238
04-03 23:00,0.04523809523809524
05-03 00:00,0.0380952380952381
05-03 01:00,0.030952380952380953
05-03 02:00,0.03333333333333333
05-03 03:00,0.06190476190476191
05-03 04:00,0.03571428571428571
05-03 05:00,0.05238095238095238
05-03 06:00,0.07380952380952381
05-03 07:00,0.08571428571428572
05-03 08:00,0.07142857142857142
05-03 09:00,0.06666666666666667
05-03 10:00,0.047619047619047616
05-03 11:00,0.0380952380952381
05-03 12:00,0.030952380952380953
05-03 13:00,0.030952380952380953
05-03 14:00,0.030952380952380953
05-03 15:00,0.030952380952380953
05-03 16:00,0.030952380952380953
05-03 17:00,0.0380952380952381
05-03 18:00,0.04047619047619048
05-03 19:00,0.04285714285714286
05-03 20:00,0.06190476190476191
05-03 21:00,0.08571428571428572
05-03 22:00,0.10476190476190476
05-03 23:00,0.09285714285714286
06-03 00:00,0.1261904761904762
06-03 01:00,0.0976190476190476
06-03 02:00,0.12142857142857141
06-03 03:00,0.1523809523809524
06-03 04:00,0.16428571428571428
06-03 05:00,0.14761904761904762
06-03 06:00,0.15714285714285714
06-03 07:00,0.13333333333333333
06-03 08:00,0.1261904761904762
06-03 09:00,0.06904761904761905
06-03 10:00,0.05952380952380952
06-03 11:00,0.054761904761904755
06-03 12:00,0.054761904761904755
06-03 13:00,0.05
06-03 14:00,0.047619047619047616
06-03 15:00,0.04523809523809524
06-03 16:00,0.05
06-03 17:00,0.05714285714285714
06-03 18:00,0.05238095238095238
06-03 19:00,0.0642857142857143
06-03 20:00,0.06904761904761905
06-03 21:00,0.06666666666666667
06-03 22:00,0.05952380952380952
06-03 23:00,0.05238095238095238
07-03 00:00,0.03571428571428571
07-03 01:00,0.05714285714285714
07-03 02:00,0.02857142857142857
07-03 03:00,0.05714285714285714
07-03 04:00,0.06190476190476191
07-03 05:00,0.04523809523809524
07-03 06:00,0.09523809523809523
07-03 07:00,0.1
07-03 08:00,0.05238095238095238
07-03 09:00,0.04523809523809524
07-03 10:00,0.04047619047619048
07-03 11:00,0.030952380952380953
07-03 12:00,0.02619047619047619
07-03 13:00,0.02619047619047619
07-03 14:00,0.02619047619047619
07-03 15:00,0.02619047619047619
07-03 16:00,0.02619047619047619
07-03 17:00,0.02857142857142857
07-03 18:00,0.030952380952380953
07-03 19:00,0.03333333333333333
07-03 20:00,0.03333333333333333
07-03 21:00,0.03571428571428571
07-03 22:00,0.02857142857142857
07-03 23:00,0.02142857142857143
08-03 00:00,0.014285714285714285
08-03 01:00,0.011904761904761904
08-03 02:00,0.009523809523809525
08-03 03:00,0.009523809523809525
08-03 04:00,0.009523809523809525
08-03 05:00,0.016666666666666666
08-03 06:00,0.0380952380952381
08-03 07:00,0.04285714285714286
08-03 08:00,0.03571428571428571
08-03 09:00,0.02857142857142857
08-03 10:00,0.023809523809523808
08-03 11:00,0.01904761904761905
08-03 12:00,0.014285714285714285
08-03 13:00,0.014285714285714285
08-03 14:00,0.014285714285714285
08-03 15:00,0.014285714285714285
08-03 16:00,0.014285714285714285
08-03 17:00,0.016666666666666666
08-03 18:00,0.016666666666666666
08-03 19:00,0.016666666666666666
08-03 20:00,0.01904761904761905
08-03 21:00,0.02142857142857143
08-03 22:00,0.02142857142857143
08-03 23:00,0.01904761904761905
09-03 00:00,0.014285714285714285
09-03 01:00,0.011904761904761904
09-03 02:00,0.009523809523809525
09-03 03:00,0.009523809523809525
09-03 04:00,0.009523809523809525
09-03 05:00,0.01904761904761905
09-03 06:00,0.03571428571428571
09-03 07:00,0.04047619047619048
09-03 08:00,0.0380952380952381
09-03 09:00,0.030952380952380953
09-03 10:00,0.023809523809523808
09-03 11:00,0.01904761904761905
09-03 12:00,0.014285714285714285
09-03 13:00,0.014285714285714285
09-03 14:00,0.011904761904761904
09-03 15:00,0.014285714285714285
09-03 16:00,0.014285714285714285
09-03 17:00,0.014285714285714285
09-03 18:00,0.016666666666666666
09-03 19:00,0.016666666666666666
09-03 20:00,0.01904761904761905
09-03 21:00,0.01904761904761905
09-03 22:00,0.02142857142857143
09-03 23:00,0.01904761904761905
10-03 00:00,0.016666666666666666
10-03 01:00,0.01904761904761905
10-03 02:00,0.016666666666666666
10-03 03:00,0.016666666666666666
10-03 04:00,0.03333333333333333
10-03 05:00,0.0642857142857143
10-03 06:00,0.07380952380952381
10-03 07:00,0.13095238095238096
10-03 08:00,0.07380952380952381
10-03 09:00,0.05714285714285714
10-03 10:00,0.05952380952380952
10-03 11:00,0.05238095238095238
10-03 12:00,0.047619047619047616
10-03 13:00,0.04047619047619048
10-03 14:00,0.030952380952380953
10-03 15:00,0.02619047619047619
10-03 16:00,0.02857142857142857
10-03 17:00,0.02857142857142857
10-03 18:00,0.03333333333333333
10-03 19:00,0.03571428571428571
10-03 20:00,0.030952380952380953
10-03 21:00,0.030952380952380953
10-03 22:00,0.023809523809523808
10-03 23:00,0.02142857142857143
11-03 00:00,0.02142857142857143
11-03 01:00,0.030952380952380953
11-03 02:00,0.05952380952380952
11-03 03:00,0.05952380952380952
11-03 04:00,0.05952380952380952
11-03 05:00,0.04047619047619048
11-03 06:00,0.05
11-03 07:00,0.054761904761904755
11-03 08:00,0.07857142857142857
11-03 09:00,0.0642857142857143
11-03 10:00,0.05714285714285714
11-03 11:00,0.05714285714285714
11-03 12:00,0.05238095238095238
11-03 13:00,0.0380952380952381
11-03 14:00,0.03333333333333333
11-03 15:00,0.02619047619047619
11-03 16:00,0.02857142857142857
11-03 17:00,0.030952380952380953
11-03 18:00,0.030952380952380953
11-03 19:00,0.03571428571428571
11-03 20:00,0.03333333333333333
11-03 21:00,0.03333333333333333
11-03 22:00,0.023809523809523808
11-03 23:00,0.04047619047619048
12-03 00:00,0.07380952380952381
12-03 01:00,0.06666666666666667
12-03 02:00,0.0642857142857143
12-03 03:00,0.0880952380952381
12-03 04:00,0.0976190476190476
12-03 05:00,0.11666666666666667
12-03 06:00,0.11904761904761904
12-03 07:00,0.12380952380952381
12-03 08:00,0.08333333333333333
12-03 09:00,0.07857142857142857
12-03 10:00,0.07142857142857142
12-03 11:00,0.05
12-03 12:00,0.04047619047619048
12-03 13:00,0.0380952380952381
12-03 14:00,0.04285714285714286
12-03 15:00,0.04047619047619048
12-03 16:00,0.04285714285714286
12-03 17:00,0.04285714285714286
12-03 18:00,0.05
12-03 19:00,0.054761904761904755
12-03 20:00,0.05238095238095238
12-03 21:00,0.10238095238095238
12-03 22:00,0.08333333333333333
12-03 23:00,0.10238095238095238
13-03 00:00,0.13333333333333333
13-03 01:00,0.13095238095238096
13-03 02:00,0.15476190476190477
13-03 03:00,0.1523809523809524
13-03 04:00,0.1880952380952381
13-03 05:00,0.23095238095238094
13-03 06:00,0.2976190476190476
13-03 07:00,0.2857142857142857
13-03 08:00,0.24047619047619045
13-03 09:00,0.19761904761904764
13-03 10:00,0.11666666666666667
13-03 11:00,0.09523809523809523
13-03 12:00,0.06904761904761905
13-03 13:00,0.07142857142857142
13-03 14:00,0.06666666666666667
13-03 15:00,0.06666666666666667
13-03 16:00,0.0761904761904762
13-03 17:00,0.07857142857142857
13-03 18:00,0.08571428571428572
13-03 19:00,0.09047619047619047
13-03 20:00,0.09285714285714286
13-03 21:00,0.09523809523809523
13-03 22:00,0.05714285714285714
13-03 23:00,0.04285714285714286
14-03 00:00,0.016666666666666666
14-03 01:00,0.014285714285714285
14-03 02:00,0.02857142857142857
14-03 03:00,0.02857142857142857
14-03 04:00,0.030952380952380953
14-03 05:00,0.04285714285714286
14-03 06:00,0.06190476190476191
14-03 07:00,0.06666666666666667
14-03 08:00,0.05952380952380952
14-03 09:00,0.054761904761904755
14-03 10:00,0.030952380952380953
14-03 11:00,0.023809523809523808
14-03 12:00,0.01904761904761905
14-03 13:00,0.016666666666666666
14-03 14:00,0.01904761904761905
14-03 15:00,0.01904761904761905
14-03 16:00,0.01904761904761905
14-03 17:00,0.02142857142857143
14-03 18:00,0.023809523809523808
14-03 19:00,0.02619047619047619
14-03 20:00,0.02619047619047619
14-03 21:00,0.02857142857142857
14-03 22:00,0.02619047619047619
14-03 23:00,0.01904761904761905
15-03 00:00,0.014285714285714285
15-03 01:00,0.011904761904761904
15-03 02:00,0.009523809523809525
15-03 03:00,0.009523809523809525
15-03 04:00,0.009523809523809525
15-03 05:00,0.016666666666666666
15-03 06:00,0.03571428571428571
15-03 07:00,0.04285714285714286
15-03 08:00,0.0380952380952381
15-03 09:00,0.03333333333333333
15-03 10:00,0.023809523809523808
15-03 11:00,0.01904761904761905
15-03 12:00,0.014285714285714285
15-03 13:00,0.014285714285714285
15-03 14:00,0.011904761904761904
15-03 15:00,0.014285714285714285
15-03 16:00,0.014285714285714285
15-03 17:00,0.016666666666666666
15-03 18:00,0.014285714285714285
15-03 19:00,0.01904761904761905
15-03 20:00,0.02142857142857143
15-03 21:00,0.02142857142857143
15-03 22:00,0.02142857142857143
15-03 23:00,0.01904761904761905
16-03 00:00,0.014285714285714285
16-03 01:00,0.011904761904761904
16-03 02:00,0.009523809523809525
16-03 03:00,0.009523809523809525
16-03 04:00,0.009523809523809525
16-03 05:00,0.016666666666666666
16-03 06:00,0.0380952380952381
16-03 07:00,0.04285714285714286
16-03 08:00,0.03571428571428571
16-03 09:00,0.030952380952380953
16-03 10:00,0.02619047619047619
16-03 11:00,0.01904761904761905
16-03 12:00,0.014285714285714285
16-03 13:00,0.014285714285714285
16-03 14:00,0.011904761904761904
16-03 15:00,0.014285714285714285
16-03 16:00,0.014285714285714285
16-03 17:00,0.016666666666666666
16-03 18:00,0.016666666666666666
16-03 19:00,0.01904761904761905
16-03 20:00,0.02142857142857143
16-03 21:00,0.02142857142857143
16-03 22:00,0.02142857142857143
16-03 23:00,0.016666666666666666
17-03 00:00,0.016666666666666666
17-03 01:00,0.014285714285714285
17-03 02:00,0.011904761904761904
17-03 03:00,0.014285714285714285
17-03 04:00,0.011904761904761904
17-03 05:00,0.011904761904761904
17-03 06:00,0.014285714285714285
17-03 07:00,0.02142857142857143
17-03 08:00,0.04047619047619048
17-03 09:00,0.05
17-03 10:00,0.04523809523809524
17-03 11:00,0.04047619047619048
17-03 12:00,0.0380952380952381
17-03 13:00,0.02619047619047619
17-03 14:00,0.02142857142857143
17-03 15:00,0.016666666666666666
17-03 16:00,0.016666666666666666
17-03 17:00,0.01904761904761905
17-03 18:00,0.02142857142857143
17-03 19:00,0.01904761904761905
17-03 20:00,0.016666666666666666
17-03 21:00,0.01904761904761905
17-03 22:00,0.016666666666666666
17-03 23:00,0.01904761904761905
18-03 00:00,0.014285714285714285
18-03 01:00,0.014285714285714285
18-03 02:00,0.011904761904761904
18-03 03:00,0.011904761904761904
18-03 04:00,0.011904761904761904
18-03 05:00,0.014285714285714285
18-03 06:00,0.030952380952380953
18-03 07:00,0.023809523809523808
18-03 08:00,0.047619047619047616
18-03 09:00,0.047619047619047616
18-03 10:00,0.04523809523809524
18-03 11:00,0.04285714285714286
18-03 12:00,0.0380952380952381
18-03 13:00,0.030952380952380953
18-03 14:00,0.023809523809523808
18-03 15:00,0.01904761904761905
18-03 16:00,0.02142857142857143
18-03 17:00,0.01904761904761905
18-03 18:00,0.023809523809523808
18-03 19:00,0.023809523809523808
18-03 20:00,0.02142857142857143
18-03 21:00,0.01904761904761905
18-03 22:00,0.01904761904761905
18-03 23:00,0.03571428571428571
19-03 00:00,0.06904761904761905
19-03 01:00,0.05952380952380952
19-03 02:00,0.0642857142857143
19-03 03:00,0.09285714285714286
19-03 04:00,0.09285714285714286
19-03 05:00,0.14761904761904762
19-03 06:00,0.18333333333333335
19-03 07:00,0.15
19-03 08:00,0.06904761904761905
19-03 09:00,0.06190476190476191
19-03 10:00,0.05238095238095238
19-03 11:00,0.047619047619047616
19-03 12:00,0.04047619047619048
19-03 13:00,0.03571428571428571
19-03 14:00,0.04285714285714286
19-03 15:00,0.04047619047619048
19-03 16:00,0.04285714285714286
19-03 17:00,0.05
19-03 18:00,0.05
19-03 19:00,0.05238095238095238
19-03 20:00,0.054761904761904755
19-03 21:00,0.05952380952380952
19-03 22:00,0.08095238095238096
19-03 23:00,0.07142857142857142
20-03 00:00,0.13333333333333333
20-03 01:00,0.15476190476190477
20-03 02:00,0.1523809523809524
20-03 03:00,0.1880952380952381
20-03 04:00,0.20476190476190476
20-03 05:00,0.2523809523809524
20-03 06:00,0.29285714285714287
20-03 07:00,0.27142857142857146
20-03 08:00,0.14047619047619048
20-03 09:00,0.09047619047619047
20-03 10:00,0.07857142857142857
20-03 11:00,0.07380952380952381
20-03 12:00,0.06666666666666667
20-03 13:00,0.06666666666666667
20-03 14:00,0.05952380952380952
20-03 15:00,0.06190476190476191
20-03 16:00,0.06904761904761905
20-03 17:00,0.07857142857142857
20-03 18:00,0.08333333333333333
20-03 19:00,0.0880952380952381
20-03 20:00,0.09047619047619047
20-03 21:00,0.09285714285714286
20-03 22:00,0.05238095238095238
20-03 23:00,0.05952380952380952
21-03 00:00,0.09523809523809523
21-03 01:00,0.1
21-03 02:00,0.09285714285714286
21-03 03:00,0.12142857142857141
21-03 04:00,0.12380952380952381
21-03 05:00,0.1880952380952381
21-03 06:00,0.19047619047619047
21-03 07:00,0.2119047619047619
21-03 08:00,0.13571428571428573
21-03 09:00,0.08095238095238096
21-03 10:00,0.06904761904761905
21-03 11:00,0.0642857142857143
21-03 12:00,0.05238095238095238
21-03 13:00,0.047619047619047616
21-03 14:00,0.05
21-03 15:00,0.05
21-03 16:00,0.054761904761904755
21-03 17:00,0.05952380952380952
21-03 18:00,0.0642857142857143
21-03 19:00,0.08333333333333333
21-03 20:00,0.09285714285714286
21-03 21:00,0.10952380952380951
21-03 22:00,0.09285714285714286
21-03 23:00,0.07142857142857142
22-03 00:00,0.11904761904761904
22-03 01:00,0.13095238095238096
22-03 02:00,0.13333333333333333
22-03 03:00,0.1738095238095238
22-03 04:00,0.1761904761904762
22-03 05:00,0.2523809523809524
22-03 06:00,0.30714285714285716
22-03 07:00,0.2761904761904762
22-03 08:00,0.24285714285714283
22-03 09:00,0.21428571428571427
22-03 10:00,0.18571428571428572
22-03 11:00,0.14761904761904762
22-03 12:00,0.14047619047619048
22-03 13:00,0.1
22-03 14:00,0.09047619047619047
22-03 15:00,0.09285714285714286
22-03 16:00,0.0976190476190476
22-03 17:00,0.0976190476190476
22-03 18:00,0.15
22-03 19:00,0.20238095238095238
22-03 20:00,0.22380952380952382
22-03 21:00,0.22142857142857145
22-03 22:00,0.18333333333333335
22-03 23:00,0.1738095238095238
23-03 00:00,0.1738095238095238
23-03 01:00,0.15714285714285714
23-03 02:00,0.15
23-03 03:00,0.15476190476190477
23-03 04:00,0.1619047619047619
23-03 05:00,0.19285714285714284
23-03 06:00,0.2761904761904762
23-03 07:00,0.20238095238095238
23-03 08:00,0.13571428571428573
23-03 09:00,0.08095238095238096
23-03 10:00,0.0761904761904762
23-03 11:00,0.06666666666666667
23-03 12:00,0.05952380952380952
23-03 13:00,0.05952380952380952
23-03 14:00,0.05238095238095238
23-03 15:00,0.05952380952380952
23-03 16:00,0.0642857142857143
23-03 17:00,0.0642857142857143
23-03 18:00,0.07380952380952381
23-03 19:00,0.07142857142857142
23-03 20:00,0.08333333333333333
23-03 21:00,0.0761904761904762
23-03 22:00,0.05
23-03 23:00,0.05
24-03 00:00,0.0380952380952381
24-03 01:00,0.06666666666666667
24-03 02:00,0.05952380952380952
24-03 03:00,0.0642857142857143
24-03 04:00,0.06666666666666667
24-03 05:00,0.10238095238095238
24-03 06:00,0.11904761904761904
24-03 07:00,0.1285714285714286
24-03 08:00,0.08333333333333333
24-03 09:00,0.06666666666666667
24-03 10:00,0.0642857142857143
24-03 11:00,0.0642857142857143
24-03 12:00,0.054761904761904755
24-03 13:00,0.05238095238095238
24-03 14:00,0.04047619047619048
24-03 15:00,0.03571428571428571
24-03 16:00,0.03571428571428571
24-03 17:00,0.04047619047619048
24-03 18:00,0.04523809523809524
24-03 19:00,0.04285714285714286
24-03 20:00,0.04285714285714286
24-03 21:00,0.04285714285714286
24-03 22:00,0.030952380952380953
24-03 23:00,0.023809523809523808
25-03 00:00,0.0380952380952381
25-03 01:00,0.04047619047619048
25-03 02:00,0.06666666666666667
25-03 03:00,0.09523809523809523
25-03 04:00,0.12380952380952381
25-03 05:00,0.13333333333333333
25-03 06:00,0.1880952380952381
25-03 07:00,0.16904761904761903
25-03 08:00,0.09285714285714286
25-03 09:00,0.07857142857142857
25-03 10:00,0.07857142857142857
25-03 11:00,0.06904761904761905
25-03 12:00,0.05714285714285714
25-03 13:00,0.05238095238095238
25-03 14:00,0.04523809523809524
25-03 15:00,0.04285714285714286
25-03 16:00,0.04523809523809524
25-03 17:00,0.05
25-03 18:00,0.05714285714285714
25-03 19:00,0.054761904761904755
25-03 20:00,0.054761904761904755
25-03 21:00,0.054761904761904755
25-03 22:00,0.03571428571428571
25-03 23:00,0.02857142857142857
26-03 00:00,0.014285714285714285
26-03 01:00,0.011904761904761904
26-03 02:00,0.009523809523809525
26-03 03:00,0.007142857142857143
26-03 04:00,0.009523809523809525
26-03 05:00,0.016666666666666666
26-03 06:00,0.03571428571428571
26-03 07:00,0.04047619047619048
26-03 08:00,0.0380952380952381
26-03 09:00,0.030952380952380953
26-03 10:00,0.02142857142857143
26-03 11:00,0.01904761904761905
26-03 12:00,0.014285714285714285
26-03 13:00,0.014285714285714285
26-03 14:00,0.011904761904761904
26-03 15:00,0.011904761904761904
26-03 16:00,0.014285714285714285
26-03 17:00,0.014285714285714285
26-03 18:00,0.016666666666666666
26-03 19:00,0.016666666666666666
26-03 20:00,0.01904761904761905
26-03 21:00,0.01904761904761905
26-03 22:00,0.02142857142857143
26-03 23:00,0.01904761904761905
27-03 00:00,0.011904761904761904
27-03 01:00,0.009523809523809525
27-03 02:00,0.009523809523809525
27-03 03:00,0.009523809523809525
27-03 04:00,0.009523809523809525
27-03 05:00,0.016666666666666666
27-03 06:00,0.0380952380952381
27-03 07:00,0.04285714285714286
27-03 08:00,0.03571428571428571
27-03 09:00,0.02857142857142857
27-03 10:00,0.02142857142857143
27-03 11:00,0.01904761904761905
27-03 12:00,0.014285714285714285
27-03 13:00,0.014285714285714285
27-03 14:00,0.014285714285714285
27-03 15:00,0.014285714285714285
27-03 16:00,0.014285714285714285
27-03 17:00,0.014285714285714285
27-03 18:00,0.016666666666666666
27-03 19:00,0.01904761904761905
27-03 20:00,0.01904761904761905
27-03 21:00,0.02142857142857143
27-03 22:00,0.02142857142857143
27-03 23:00,0.016666666666666666
28-03 00:00,0.014285714285714285
28-03 01:00,0.011904761904761904
28-03 02:00,0.009523809523809525
28-03 03:00,0.009523809523809525
28-03 04:00,0.009523809523809525
28-03 05:00,0.016666666666666666
28-03 06:00,0.0380952380952381
28-03 07:00,0.04285714285714286
28-03 08:00,0.03571428571428571
28-03 09:00,0.02857142857142857
28-03 10:00,0.023809523809523808
28-03 11:00,0.01904761904761905
28-03 12:00,0.014285714285714285
28-03 13:00,0.014285714285714285
28-03 14:00,0.011904761904761904
28-03 15:00,0.014285714285714285
28-03 16:00,0.014285714285714285
28-03 17:00,0.016666666666666666
28-03 18:00,0.016666666666666666
28-03 19:00,0.016666666666666666
28-03 20:00,0.01904761904761905
28-03 21:00,0.02142857142857143
28-03 22:00,0.02142857142857143
28-03 23:00,0.016666666666666666
29-03 00:00,0.011904761904761904
29-03 01:00,0.009523809523809525
29-03 02:00,0.009523809523809525
29-03 03:00,0.009523809523809525
29-03 04:00,0.009523809523809525
29-03 05:00,0.016666666666666666
29-03 06:00,0.03333333333333333
29-03 07:00,0.04047619047619048
29-03 08:00,0.03571428571428571
29-03 09:00,0.02857142857142857
29-03 10:00,0.023809523809523808
29-03 11:00,0.01904761904761905
29-03 12:00,0.014285714285714285
29-03 13:00,0.014285714285714285
29-03 14:00,0.011904761904761904
29-03 15:00,0.011904761904761904
29-03 16:00,0.014285714285714285
29-03 17:00,0.016666666666666666
29-03 18:00,0.016666666666666666
29-03 19:00,0.01904761904761905
29-03 20:00,0.02142857142857143
29-03 21:00,0.02142857142857143
29-03 22:00,0.02142857142857143
29-03 23:00,0.016666666666666666
30-03 00:00,0.014285714285714285
30-03 01:00,0.014285714285714285
30-03 02:00,0.011904761904761904
30-03 03:00,0.011904761904761904
30-03 04:00,0.011904761904761904
30-03 05:00,0.011904761904761904
30-03 06:00,0.011904761904761904
30-03 07:00,0.023809523809523808
30-03 08:00,0.04285714285714286
30-03 09:00,0.047619047619047616
30-03 10:00,0.04285714285714286
30-03 11:00,0.04285714285714286
30-03 12:00,0.03571428571428571
30-03 13:00,0.030952380952380953
30-03 14:00,0.01904761904761905
30-03 15:00,0.016666666666666666
30-03 16:00,0.016666666666666666
30-03 17:00,0.01904761904761905
30-03 18:00,0.02142857142857143
30-03 19:00,0.01904761904761905
30-03 20:00,0.01904761904761905
30-03 21:00,0.016666666666666666
30-03 22:00,0.016666666666666666
30-03 23:00,0.014285714285714285
31-03 00:00,0.03571428571428571
31-03 01:00,0.0380952380952381
31-03 02:00,0.0380952380952381
31-03 03:00,0.03571428571428571
31-03 04:00,0.03571428571428571
31-03 05:00,0.07380952380952381
31-03 06:00,0.11428571428571428
31-03 07:00,0.14047619047619048
31-03 08:00,0.14047619047619048
31-03 09:00,0.06666666666666667
31-03 10:00,0.0642857142857143
31-03 11:00,0.06190476190476191
31-03 12:00,0.047619047619047616
31-03 13:00,0.04523809523809524
31-03 14:00,0.03333333333333333
31-03 15:00,0.03333333333333333
31-03 16:00,0.0380952380952381
31-03 17:00,0.03333333333333333
31-03 18:00,0.03333333333333333
31-03 19:00,0.0380952380952381
31-03 20:00,0.04047619047619048
31-03 21:00,0.0380952380952381
31-03 22:00,0.02857142857142857
31-03 23:00,0.023809523809523808
01-04 00:00,0.02142857142857143
01-04 01:00,0.01904761904761905
01-04 02:00,0.014285714285714285
01-04 03:00,0.016666666666666666
01-04 04:00,0.01904761904761905
01-04 05:00,0.03333333333333333
01-04 06:00,0.04523809523809524
01-04 07:00,0.05238095238095238
01-04 08:00,0.06666666666666667
01-04 09:00,0.054761904761904755
01-04 10:00,0.05238095238095238
01-04 11:00,0.05
01-04 12:00,0.04047619047619048
01-04 13:00,0.03333333333333333
01-04 14:00,0.030952380952380953
01-04 15:00,0.02619047619047619
01-04 16:00,0.02619047619047619
01-04 17:00,0.02619047619047619
01-04 18:00,0.03333333333333333
01-04 19:00,0.03333333333333333
01-04 20:00,0.05
01-04 21:00,0.04523809523809524
01-04 22:00,0.06904761904761905
01-04 23:00,0.07142857142857142
02-04 00:00,0.1
02-04 01:00,0.07142857142857142
02-04 02:00,0.06666666666666667
02-04 03:00,0.1
02-04 04:00,0.1
02-04 05:00,0.11904761904761904
02-04 06:00,0.18333333333333335
02-04 07:00,0.10952380952380951
02-04 08:00,0.13095238095238096
02-04 09:00,0.10714285714285714
02-04 10:00,0.07857142857142857
02-04 11:00,0.0761904761904762
02-04 12:00,0.0761904761904762
02-04 13:00,0.0642857142857143
02-04 14:00,0.054761904761904755
02-04 15:00,0.06666666666666667
02-04 16:00,0.054761904761904755
02-04 17:00,0.05714285714285714
02-04 18:00,0.10476190476190476
02-04 19:00,0.1
02-04 20:00,0.10238095238095238
02-04 21:00,0.07857142857142857
02-04 22:00,0.054761904761904755
02-04 23:00,0.05
03-04 00:00,0.06904761904761905
03-04 01:00,0.05952380952380952
03-04 02:00,0.06190476190476191
03-04 03:00,0.0880952380952381
03-04 04:00,0.06666666666666667
03-04 05:00,0.07857142857142857
03-04 06:00,0.09047619047619047
03-04 07:00,0.09285714285714286
03-04 08:00,0.06666666666666667
03-04 09:00,0.05952380952380952
03-04 10:00,0.05
03-04 11:00,0.04523809523809524
03-04 12:00,0.03571428571428571
03-04 13:00,0.0380952380952381
03-04 14:00,0.0380952380952381
03-04 15:00,0.03571428571428571
03-04 16:00,0.0380952380952381
03-04 17:00,0.04523809523809524
03-04 18:00,0.04523809523809524
03-04 19:00,0.047619047619047616
03-04 20:00,0.09285714285714286
03-04 21:00,0.0976190476190476
03-04 22:00,0.08095238095238096
03-04 23:00,0.1285714285714286
04-04 00:00,0.15714285714285714
04-04 01:00,0.15952380952380954
04-04 02:00,0.17142857142857143
04-04 03:00,0.2119047619047619
04-04 04:00,0.21666666666666665
04-04 05:00,0.2571428571428572
04-04 06:00,0.2619047619047619
04-04 07:00,0.1880952380952381
04-04 08:00,0.11666666666666667
04-04 09:00,0.07857142857142857
04-04 10:00,0.08571428571428572
04-04 11:00,0.07857142857142857
04-04 12:00,0.06666666666666667
04-04 13:00,0.07380952380952381
04-04 14:00,0.0642857142857143
04-04 15:00,0.06666666666666667
04-04 16:00,0.06904761904761905
04-04 17:00,0.08095238095238096
04-04 18:00,0.07857142857142857
04-04 19:00,0.0880952380952381
04-04 20:00,0.0976190476190476
04-04 21:00,0.09523809523809523
04-04 22:00,0.10238095238095238
04-04 23:00,0.10952380952380951
05-04 00:00,0.12142857142857141
05-04 01:00,0.22380952380952382
05-04 02:00,0.14523809523809522
05-04 03:00,0.18333333333333335
05-04 04:00,0.21904761904761902
05-04 05:00,0.2761904761904762
05-04 06:00,0.29285714285714287
05-04 07:00,0.17857142857142858
05-04 08:00,0.10238095238095238
05-04 09:00,0.08571428571428572
05-04 10:00,0.08095238095238096
05-04 11:00,0.0761904761904762
05-04 12:00,0.06904761904761905
05-04 13:00,0.0642857142857143
05-04 14:00,0.0642857142857143
05-04 15:00,0.0642857142857143
05-04 16:00,0.07142857142857142
05-04 17:00,0.07380952380952381
05-04 18:00,0.08571428571428572
05-04 19:00,0.09047619047619047
05-04 20:00,0.08571428571428572
05-04 21:00,0.08333333333333333
05-04 22:00,0.07142857142857142
05-04 23:00,0.08095238095238096
06-04 00:00,0.12142857142857141
06-04 01:00,0.12142857142857141
06-04 02:00,0.05952380952380952
06-04 03:00,0.03333333333333333
06-04 04:00,0.02857142857142857
06-04 05:00,0.04523809523809524
06-04 06:00,0.07142857142857142
06-04 07:00,0.06190476190476191
06-04 08:00,0.047619047619047616
06-04 09:00,0.04285714285714286
06-04 10:00,0.0380952380952381
06-04 11:00,0.03333333333333333
06-04 12:00,0.02857142857142857
06-04 13:00,0.023809523809523808
06-04 14:00,0.02857142857142857
06-04 15:00,0.02619047619047619
06-04 16:00,0.02857142857142857
06-04 17:00,0.030952380952380953
06-04 18:00,0.03333333333333333
06-04 19:00,0.03333333333333333
06-04 20:00,0.0380952380952381
06-04 21:00,0.04047619047619048
06-04 22:00,0.02857142857142857
06-04 23:00,0.04047619047619048
07-04 00:00,0.07142857142857142
07-04 01:00,0.10476190476190476
07-04 02:00,0.14761904761904762
07-04 03:00,0.15714285714285714
07-04 04:00,0.18095238095238095
07-04 05:00,0.24523809523809526
07-04 06:00,0.1952380952380952
07-04 07:00,0.15714285714285714
07-04 08:00,0.09285714285714286
07-04 09:00,0.09523809523809523
07-04 10:00,0.08571428571428572
07-04 11:00,0.08333333333333333
07-04 12:00,0.0761904761904762
07-04 13:00,0.06904761904761905
07-04 14:00,0.05952380952380952
07-04 15:00,0.054761904761904755
07-04 16:00,0.05952380952380952
07-04 17:00,0.0642857142857143
07-04 18:00,0.07142857142857142
07-04 19:00,0.07142857142857142
07-04 20:00,0.07142857142857142
07-04 21:00,0.07142857142857142
07-04 22:00,0.04047619047619048
07-04 23:00,0.03333333333333333
08-04 00:00,0.014285714285714285
08-04 01:00,0.011904761904761904
08-04 02:00,0.011904761904761904
08-04 03:00,0.011904761904761904
08-04 04:00,0.011904761904761904
08-04 05:00,0.011904761904761904
08-04 06:00,0.014285714285714285
08-04 07:00,0.02142857142857143
08-04 08:00,0.04285714285714286
08-04 09:00,0.04523809523809524
08-04 10:00,0.04523809523809524
08-04 11:00,0.0380952380952381
08-04 12:00,0.03571428571428571
08-04 13:00,0.02857142857142857
08-04 14:00,0.01904761904761905
08-04 15:00,0.016666666666666666
08-04 16:00,0.016666666666666666
08-04 17:00,0.016666666666666666
08-04 18:00,0.02142857142857143
08-04 19:00,0.016666666666666666
08-04 20:00,0.016666666666666666
08-04 21:00,0.016666666666666666
08-04 22:00,0.016666666666666666
08-04 23:00,0.016666666666666666
09-04 00:00,0.014285714285714285
09-04 01:00,0.014285714285714285
09-04 02:00,0.011904761904761904
09-04 03:00,0.02857142857142857
09-04 04:00,0.05714285714285714
09-04 05:00,0.06904761904761905
09-04 06:00,0.05952380952380952
09-04 07:00,0.047619047619047616
09-04 08:00,0.04285714285714286
09-04 09:00,0.03333333333333333
09-04 10:00,0.02857142857142857
09-04 11:00,0.02142857142857143
09-04 12:00,0.01904761904761905
09-04 13:00,0.016666666666666666
09-04 14:00,0.016666666666666666
09-04 15:00,0.016666666666666666
09-04 16:00,0.01904761904761905
09-04 17:00,0.01904761904761905
09-04 18:00,0.01904761904761905
09-04 19:00,0.023809523809523808
09-04 20:00,0.02619047619047619
09-04 21:00,0.02619047619047619
09-04 22:00,0.023809523809523808
09-04 23:00,0.01904761904761905
10-04 00:00,0.011904761904761904
10-04 01:00,0.011904761904761904
10-04 02:00,0.011904761904761904
10-04 03:00,0.02857142857142857
10-04 04:00,0.02857142857142857
10-04 05:00,0.03571428571428571
10-04 06:00,0.054761904761904755
10-04 07:00,0.047619047619047616
10-04 08:00,0.04047619047619048
10-04 09:00,0.030952380952380953
10-04 10:00,0.023809523809523808
10-04 11:00,0.01904761904761905
10-04 12:00,0.016666666666666666
10-04 13:00,0.014285714285714285
10-04 14:00,0.014285714285714285
10-04 15:00,0.014285714285714285
10-04 16:00,0.016666666666666666
10-04 17:00,0.016666666666666666
10-04 18:00,0.016666666666666666
10-04 19:00,0.02142857142857143
10-04 20:00,0.023809523809523808
10-04 21:00,0.023809523809523808
10-04 22:00,0.023809523809523808
10-04 23:00,0.01904761904761905
11-04 00:00,0.011904761904761904
11-04 01:00,0.011904761904761904
11-04 02:00,0.009523809523809525
11-04 03:00,0.009523809523809525
11-04 04:00,0.009523809523809525
11-04 05:00,0.014285714285714285
11-04 06:00,0.03333333333333333
11-04 07:00,0.04285714285714286
11-04 08:00,0.03333333333333333
11-04 09:00,0.02857142857142857
11-04 10:00,0.023809523809523808
11-04 11:00,0.01904761904761905
11-04 12:00,0.014285714285714285
11-04 13:00,0.014285714285714285
11-04 14:00,0.011904761904761904
11-04 15:00,0.011904761904761904
11-04 16:00,0.014285714285714285
11-04 17:00,0.014285714285714285
11-04 18:00,0.016666666666666666
11-04 19:00,0.016666666666666666
11-04 20:00,0.016666666666666666
11-04 21:00,0.01904761904761905
11-04 22:00,0.01904761904761905
11-04 23:00,0.016666666666666666
12-04 00:00,0.011904761904761904
12-04 01:00,0.009523809523809525
12-04 02:00,0.007142857142857143
12-04 03:00,0.007142857142857143
12-04 04:00,0.009523809523809525
12-04 05:00,0.014285714285714285
12-04 06:00,0.03333333333333333
12-04 07:00,0.04047619047619048
12-04 08:00,0.03333333333333333
12-04 09:00,0.030952380952380953
12-04 10:00,0.02142857142857143
12-04 11:00,0.01904761904761905
12-04 12:00,0.014285714285714285
12-04 13:00,0.011904761904761904
12-04 14:00,0.011904761904761904
12-04 15:00,0.011904761904761904
12-04 16:00,0.014285714285714285
12-04 17:00,0.014285714285714285
12-04 18:00,0.016666666666666666
12-04 19:00,0.016666666666666666
12-04 20:00,0.01904761904761905
12-04 21:00,0.02142857142857143
12-04 22:00,0.02142857142857143
12-04 23:00,0.014285714285714285
13-04 00:00,0.014285714285714285
13-04 01:00,0.009523809523809525
13-04 02:00,0.009523809523809525
13-04 03:00,0.007142857142857143
13-04 04:00,0.009523809523809525
13-04 05:00,0.016666666666666666
13-04 06:00,0.03571428571428571
13-04 07:00,0.03571428571428571
13-04 08:00,0.03571428571428571
13-04 09:00,0.02857142857142857
13-04 10:00,0.023809523809523808
13-04 11:00,0.016666666666666666
13-04 12:00,0.014285714285714285
13-04 13:00,0.011904761904761904
13-04 14:00,0.011904761904761904
13-04 15:00,0.014285714285714285
13-04 16:00,0.014285714285714285
13-04 17:00,0.014285714285714285
13-04 18:00,0.016666666666666666
13-04 19:00,0.016666666666666666
13-04 20:00,0.01904761904761905
13-04 21:00,0.01904761904761905
13-04 22:00,0.02142857142857143
13-04 23:00,0.016666666666666666
14-04 00:00,0.02142857142857143
14-04 01:00,0.02142857142857143
14-04 02:00,0.0880952380952381
14-04 03:00,0.11428571428571428
14-04 04:00,0.11666666666666667
14-04 05:00,0.15
14-04 06:00,0.11190476190476191
14-04 07:00,0.0761904761904762
14-04 08:00,0.06666666666666667
14-04 09:00,0.07380952380952381
14-04 10:00,0.06904761904761905
14-04 11:00,0.0642857142857143
14-04 12:00,0.05952380952380952
14-04 13:00,0.04523809523809524
14-04 14:00,0.04047619047619048
14-04 15:00,0.0380952380952381
14-04 16:00,0.04047619047619048
14-04 17:00,0.04285714285714286
14-04 18:00,0.04523809523809524
14-04 19:00,0.04523809523809524
14-04 20:00,0.04285714285714286
14-04 21:00,0.047619047619047616
14-04 22:00,0.02857142857142857
14-04 23:00,0.02619047619047619
15-04 00:00,0.014285714285714285
15-04 01:00,0.011904761904761904
15-04 02:00,0.011904761904761904
15-04 03:00,0.011904761904761904
15-04 04:00,0.011904761904761904
15-04 05:00,0.011904761904761904
15-04 06:00,0.011904761904761904
15-04 07:00,0.02142857142857143
15-04 08:00,0.04523809523809524
15-04 09:00,0.04523809523809524
15-04 10:00,0.04285714285714286
15-04 11:00,0.0380952380952381
15-04 12:00,0.03571428571428571
15-04 13:00,0.02857142857142857
15-04 14:00,0.02142857142857143
15-04 15:00,0.016666666666666666
15-04 16:00,0.016666666666666666
15-04 17:00,0.016666666666666666
15-04 18:00,0.02142857142857143
15-04 19:00,0.01904761904761905
15-04 20:00,0.016666666666666666
15-04 21:00,0.016666666666666666
15-04 22:00,0.01904761904761905
15-04 23:00,0.016666666666666666
16-04 00:00,0.011904761904761904
16-04 01:00,0.011904761904761904
16-04 02:00,0.009523809523809525
16-04 03:00,0.009523809523809525
16-04 04:00,0.009523809523809525
16-04 05:00,0.014285714285714285
16-04 06:00,0.03571428571428571
16-04 07:00,0.0380952380952381
16-04 08:00,0.0380952380952381
16-04 09:00,0.02857142857142857
16-04 10:00,0.02142857142857143
16-04 11:00,0.01904761904761905
16-04 12:00,0.014285714285714285
16-04 13:00,0.011904761904761904
16-04 14:00,0.011904761904761904
16-04 15:00,0.011904761904761904
16-04 16:00,0.014285714285714285
16-04 17:00,0.014285714285714285
16-04 18:00,0.016666666666666666
16-04 19:00,0.016666666666666666
16-04 20:00,0.01904761904761905
16-04 21:00,0.02142857142857143
16-04 22:00,0.02142857142857143
16-04 23:00,0.016666666666666666
17-04 00:00,0.014285714285714285
17-04 01:00,0.02857142857142857
17-04 02:00,0.05952380952380952
17-04 03:00,0.011904761904761904
17-04 04:00,0.05714285714285714
17-04 05:00,0.06904761904761905
17-04 06:00,0.0642857142857143
17-04 07:00,0.047619047619047616
17-04 08:00,0.047619047619047616
17-04 09:00,0.03571428571428571
17-04 10:00,0.02857142857142857
17-04 11:00,0.023809523809523808
17-04 12:00,0.02142857142857143
17-04 13:00,0.01904761904761905
17-04 14:00,0.01904761904761905
17-04 15:00,0.01904761904761905
17-04 16:00,0.02142857142857143
17-04 17:00,0.02142857142857143
17-04 18:00,0.02619047619047619
17-04 19:00,0.02619047619047619
17-04 20:00,0.02857142857142857
17-04 21:00,0.02857142857142857
17-04 22:00,0.02619047619047619
17-04 23:00,0.01904761904761905
18-04 00:00,0.014285714285714285
18-04 01:00,0.014285714285714285
18-04 02:00,0.030952380952380953
18-04 03:00,0.02619047619047619
18-04 04:00,0.05714285714285714
18-04 05:00,0.06904761904761905
18-04 06:00,0.0642857142857143
18-04 07:00,0.047619047619047616
18-04 08:00,0.04285714285714286
18-04 09:00,0.03571428571428571
18-04 10:00,0.02857142857142857
18-04 11:00,0.023809523809523808
18-04 12:00,0.02142857142857143
18-04 13:00,0.016666666666666666
18-04 14:00,0.01904761904761905
18-04 15:00,0.01904761904761905
18-04 16:00,0.02142857142857143
18-04 17:00,0.02142857142857143
18-04 18:00,0.023809523809523808
18-04 19:00,0.02619047619047619
18-04 20:00,0.02857142857142857
18-04 21:00,0.02857142857142857
18-04 22:00,0.02619047619047619
18-04 23:00,0.03571428571428571
19-04 00:00,0.07142857142857142
19-04 01:00,0.09523809523809523
19-04 02:00,0.11904761904761904
19-04 03:00,0.0976190476190476
19-04 04:00,0.14285714285714285
19-04 05:00,0.16428571428571428
19-04 06:00,0.16904761904761903
19-04 07:00,0.07142857142857142
19-04 08:00,0.0642857142857143
19-04 09:00,0.05952380952380952
19-04 10:00,0.05
19-04 11:00,0.05
19-04 12:00,0.04047619047619048
19-04 13:00,0.0380952380952381
19-04 14:00,0.0380952380952381
19-04 15:00,0.04285714285714286
19-04 16:00,0.04285714285714286
19-04 17:00,0.04523809523809524
19-04 18:00,0.05
19-04 19:00,0.05238095238095238
19-04 20:00,0.054761904761904755
19-04 21:00,0.054761904761904755
19-04 22:00,0.0380952380952381
19-04 23:00,0.02857142857142857
20-04 00:00,0.016666666666666666
20-04 01:00,0.03333333333333333
20-04 02:00,0.02857142857142857
20-04 03:00,0.05952380952380952
20-04 04:00,0.0880952380952381
20-04 05:00,0.06190476190476191
20-04 06:00,0.047619047619047616
20-04 07:00,0.05238095238095238
20-04 08:00,0.047619047619047616
20-04 09:00,0.04047619047619048
20-04 10:00,0.030952380952380953
20-04 11:00,0.02619047619047619
20-04 12:00,0.02142857142857143
20-04 13:00,0.01904761904761905
20-04 14:00,0.01904761904761905
20-04 15:00,0.02142857142857143
20-04 16:00,0.01904761904761905
20-04 17:00,0.023809523809523808
20-04 18:00,0.02619047619047619
20-04 19:00,0.02619047619047619
20-04 20:00,0.02857142857142857
20-04 21:00,0.02857142857142857
20-04 22:00,0.023809523809523808
20-04 23:00,0.01904761904761905
21-04 00:00,0.016666666666666666
21-04 01:00,0.014285714285714285
21-04 02:00,0.054761904761904755
21-04 03:00,0.05952380952380952
21-04 04:00,0.05952380952380952
21-04 05:00,0.03571428571428571
21-04 06:00,0.02142857142857143
21-04 07:00,0.030952380952380953
21-04 08:00,0.047619047619047616
21-04 09:00,0.05
21-04 10:00,0.047619047619047616
21-04 11:00,0.05
21-04 12:00,0.04523809523809524
21-04 13:00,0.03333333333333333
21-04 14:00,0.02142857142857143
21-04 15:00,0.023809523809523808
21-04 16:00,0.02619047619047619
21-04 17:00,0.02619047619047619
21-04 18:00,0.02619047619047619
21-04 19:00,0.02857142857142857
21-04 20:00,0.023809523809523808
21-04 21:00,0.02619047619047619
21-04 22:00,0.023809523809523808
21-04 23:00,0.01904761904761905
22-04 00:00,0.014285714285714285
22-04 01:00,0.011904761904761904
22-04 02:00,0.011904761904761904
22-04 03:00,0.011904761904761904
22-04 04:00,0.011904761904761904
22-04 05:00,0.011904761904761904
22-04 06:00,0.011904761904761904
22-04 07:00,0.02142857142857143
22-04 08:00,0.04047619047619048
22-04 09:00,0.04285714285714286
22-04 10:00,0.04285714285714286
22-04 11:00,0.04285714285714286
22-04 12:00,0.03333333333333333
22-04 13:00,0.02857142857142857
22-04 14:00,0.01904761904761905
22-04 15:00,0.016666666666666666
22-04 16:00,0.016666666666666666
22-04 17:00,0.01904761904761905
22-04 18:00,0.01904761904761905
22-04 19:00,0.01904761904761905
22-04 20:00,0.016666666666666666
22-04 21:00,0.016666666666666666
22-04 22:00,0.01904761904761905
22-04 23:00,0.016666666666666666
23-04 00:00,0.014285714285714285
23-04 01:00,0.011904761904761904
23-04 02:00,0.030952380952380953
23-04 03:00,0.05714285714285714
23-04 04:00,0.08571428571428572
23-04 05:00,0.07142857142857142
23-04 06:00,0.047619047619047616
23-04 07:00,0.05
23-04 08:00,0.04285714285714286
23-04 09:00,0.0380952380952381
23-04 10:00,0.03333333333333333
23-04 11:00,0.023809523809523808
23-04 12:00,0.02142857142857143
23-04 13:00,0.01904761904761905
23-04 14:00,0.01904761904761905
23-04 15:00,0.01904761904761905
23-04 16:00,0.02142857142857143
23-04 17:00,0.023809523809523808
23-04 18:00,0.02142857142857143
23-04 19:00,0.02619047619047619
23-04 20:00,0.02857142857142857
23-04 21:00,0.030952380952380953
23-04 22:00,0.023809523809523808
23-04 23:00,0.016666666666666666
24-04 00:00,0.014285714285714285
24-04 01:00,0.011904761904761904
24-04 02:00,0.009523809523809525
24-04 03:00,0.007142857142857143
24-04 04:00,0.009523809523809525
24-04 05:00,0.014285714285714285
24-04 06:00,0.03333333333333333
24-04 07:00,0.0380952380952381
24-04 08:00,0.030952380952380953
24-04 09:00,0.02857142857142857
24-04 10:00,0.023809523809523808
24-04 11:00,0.016666666666666666
24-04 12:00,0.011904761904761904
24-04 13:00,0.011904761904761904
24-04 14:00,0.011904761904761904
24-04 15:00,0.011904761904761904
24-04 16:00,0.014285714285714285
24-04 17:00,0.014285714285714285
24-04 18:00,0.014285714285714285
24-04 19:00,0.016666666666666666
24-04 20:00,0.01904761904761905
24-04 21:00,0.01904761904761905
24-04 22:00,0.02142857142857143
24-04 23:00,0.016666666666666666
25-04 00:00,0.011904761904761904
25-04 01:00,0.009523809523809525
25-04 02:00,0.009523809523809525
25-04 03:00,0.009523809523809525
25-04 04:00,0.009523809523809525
25-04 05:00,0.014285714285714285
25-04 06:00,0.03571428571428571
25-04 07:00,0.0380952380952381
25-04 08:00,0.03571428571428571
25-04 09:00,0.02857142857142857
25-04 10:00,0.02142857142857143
25-04 11:00,0.016666666666666666
25-04 12:00,0.014285714285714285
25-04 13:00,0.011904761904761904
25-04 14:00,0.011904761904761904
25-04 15:00,0.011904761904761904
25-04 16:00,0.014285714285714285
25-04 17:00,0.014285714285714285
25-04 18:00,0.016666666666666666
25-04 19:00,0.016666666666666666
25-04 20:00,0.01904761904761905
25-04 21:00,0.01904761904761905
25-04 22:00,0.01904761904761905
25-04 23:00,0.016666666666666666
26-04 00:00,0.011904761904761904
26-04 01:00,0.009523809523809525
26-04 02:00,0.009523809523809525
26-04 03:00,0.009523809523809525
26-04 04:00,0.009523809523809525
26-04 05:00,0.014285714285714285
26-04 06:00,0.03571428571428571
26-04 07:00,0.0380952380952381
26-04 08:00,0.03571428571428571
26-04 09:00,0.02857142857142857
26-04 10:00,0.02142857142857143
26-04 11:00,0.016666666666666666
26-04 12:00,0.014285714285714285
26-04 13:00,0.011904761904761904
26-04 14:00,0.011904761904761904
26-04 15:00,0.011904761904761904
26-04 16:00,0.014285714285714285
26-04 17:00,0.014285714285714285
26-04 18:00,0.014285714285714285
26-04 19:00,0.016666666666666666
26-04 20:00,0.01904761904761905
26-04 21:00,0.01904761904761905
26-04 22:00,0.02142857142857143
26-04 23:00,0.016666666666666666
27-04 00:00,0.011904761904761904
27-04 01:00,0.011904761904761904
27-04 02:00,0.009523809523809525
27-04 03:00,0.009523809523809525
27-04 04:00,0.009523809523809525
27-04 05:00,0.014285714285714285
27-04 06:00,0.03571428571428571
27-04 07:00,0.0380952380952381
27-04 08:00,0.0380952380952381
27-04 09:00,0.02619047619047619
27-04 10:00,0.02142857142857143
27-04 11:00,0.016666666666666666
27-04 12:00,0.014285714285714285
27-04 13:00,0.011904761904761904
27-04 14:00,0.011904761904761904
27-04 15:00,0.011904761904761904
27-04 16:00,0.014285714285714285
27-04 17:00,0.014285714285714285
27-04 18:00,0.014285714285714285
27-04 19:00,0.016666666666666666
27-04 20:00,0.01904761904761905
27-04 21:00,0.02142857142857143
27-04 22:00,0.02142857142857143
27-04 23:00,0.016666666666666666
28-04 00:00,0.014285714285714285
28-04 01:00,0.011904761904761904
28-04 02:00,0.011904761904761904
28-04 03:00,0.011904761904761904
28-04 04:00,0.011904761904761904
28-04 05:00,0.011904761904761904
28-04 06:00,0.011904761904761904
28-04 07:00,0.02142857142857143
28-04 08:00,0.04523809523809524
28-04 09:00,0.04047619047619048
28-04 10:00,0.04285714285714286
28-04 11:00,0.0380952380952381
28-04 12:00,0.0380952380952381
28-04 13:00,0.02857142857142857
28-04 14:00,0.01904761904761905
28-04 15:00,0.016666666666666666
28-04 16:00,0.016666666666666666
28-04 17:00,0.016666666666666666
28-04 18:00,0.01904761904761905
28-04 19:00,0.01904761904761905
28-04 20:00,0.016666666666666666
28-04 21:00,0.016666666666666666
28-04 22:00,0.016666666666666666
28-04 23:00,0.016666666666666666
29-04 00:00,0.02142857142857143
29-04 01:00,0.03571428571428571
29-04 02:00,0.05952380952380952
29-04 03:00,0.0880952380952381
29-04 04:00,0.11190476190476191
29-04 05:00,0.0976190476190476
29-04 06:00,0.054761904761904755
29-04 07:00,0.04047619047619048
29-04 08:00,0.05952380952380952
29-04 09:00,0.05714285714285714
29-04 10:00,0.06190476190476191
29-04 11:00,0.05
29-04 12:00,0.04523809523809524
29-04 13:00,0.04285714285714286
29-04 14:00,0.03333333333333333
29-04 15:00,0.02857142857142857
29-04 16:00,0.03333333333333333
29-04 17:00,0.03333333333333333
29-04 18:00,0.04047619047619048
29-04 19:00,0.04047619047619048
29-04 20:00,0.0380952380952381
29-04 21:00,0.03571428571428571
29-04 22:00,0.02857142857142857
29-04 23:00,0.01904761904761905
30-04 00:00,0.011904761904761904
30-04 01:00,0.011904761904761904
30-04 02:00,0.009523809523809525
30-04 03:00,0.007142857142857143
30-04 04:00,0.009523809523809525
30-04 05:00,0.016666666666666666
30-04 06:00,0.03333333333333333
30-04 07:00,0.0380952380952381
30-04 08:00,0.03333333333333333
30-04 09:00,0.02857142857142857
30-04 10:00,0.02142857142857143
30-04 11:00,0.016666666666666666
30-04 12:00,0.014285714285714285
30-04 13:00,0.011904761904761904
30-04 14:00,0.011904761904761904
30-04 15:00,0.011904761904761904
30-04 16:00,0.014285714285714285
30-04 17:00,0.014285714285714285
30-04 18:00,0.014285714285714285
30-04 19:00,0.016666666666666666
30-04 20:00,0.016666666666666666
30-04 21:00,0.01904761904761905
30-04 22:00,0.02142857142857143
30-04 23:00,0.016666666666666666
01-05 00:00,0.014285714285714285
01-05 01:00,0.011904761904761904
01-05 02:00,0.011904761904761904
01-05 03:00,0.009523809523809525
01-05 04:00,0.011904761904761904
01-05 05:00,0.011904761904761904
01-05 06:00,0.011904761904761904
01-05 07:00,0.02142857142857143
01-05 08:00,0.04047619047619048
01-05 09:00,0.04047619047619048
01-05 10:00,0.04047619047619048
01-05 11:00,0.03571428571428571
01-05 12:00,0.03571428571428571
01-05 13:00,0.02619047619047619
01-05 14:00,0.01904761904761905
01-05 15:00,0.014285714285714285
01-05 16:00,0.014285714285714285
01-05 17:00,0.01904761904761905
01-05 18:00,0.01904761904761905
01-05 19:00,0.01904761904761905
01-05 20:00,0.01904761904761905
01-05 21:00,0.016666666666666666
01-05 22:00,0.01904761904761905
01-05 23:00,0.016666666666666666
02-05 00:00,0.011904761904761904
02-05 01:00,0.009523809523809525
02-05 02:00,0.009523809523809525
02-05 03:00,0.007142857142857143
02-05 04:00,0.009523809523809525
02-05 05:00,0.016666666666666666
02-05 06:00,0.03333333333333333
02-05 07:00,0.04047619047619048
02-05 08:00,0.030952380952380953
02-05 09:00,0.02857142857142857
02-05 10:00,0.023809523809523808
02-05 11:00,0.016666666666666666
02-05 12:00,0.014285714285714285
02-05 13:00,0.011904761904761904
02-05 14:00,0.009523809523809525
02-05 15:00,0.011904761904761904
02-05 16:00,0.014285714285714285
02-05 17:00,0.014285714285714285
02-05 18:00,0.014285714285714285
02-05 19:00,0.016666666666666666
02-05 20:00,0.01904761904761905
02-05 21:00,0.01904761904761905
02-05 22:00,0.01904761904761905
02-05 23:00,0.016666666666666666
03-05 00:00,0.014285714285714285
03-05 01:00,0.009523809523809525
03-05 02:00,0.009523809523809525
03-05 03:00,0.009523809523809525
03-05 04:00,0.007142857142857143
03-05 05:00,0.014285714285714285
03-05 06:00,0.03333333333333333
03-05 07:00,0.0380952380952381
03-05 08:00,0.03333333333333333
03-05 09:00,0.02857142857142857
03-05 10:00,0.02142857142857143
03-05 11:00,0.016666666666666666
03-05 12:00,0.014285714285714285
03-05 13:00,0.011904761904761904
03-05 14:00,0.011904761904761904
03-05 15:00,0.011904761904761904
03-05 16:00,0.014285714285714285
03-05 17:00,0.014285714285714285
03-05 18:00,0.016666666666666666
03-05 19:00,0.016666666666666666
03-05 20:00,0.01904761904761905
03-05 21:00,0.01904761904761905
03-05 22:00,0.02142857142857143
03-05 23:00,0.016666666666666666
04-05 00:00,0.011904761904761904
04-05 01:00,0.009523809523809525
04-05 02:00,0.007142857142857143
04-05 03:00,0.007142857142857143
04-05 04:00,0.009523809523809525
04-05 05:00,0.016666666666666666
04-05 06:00,0.03571428571428571
04-05 07:00,0.0380952380952381
04-05 08:00,0.03571428571428571
04-05 09:00,0.030952380952380953
04-05 10:00,0.02142857142857143
04-05 11:00,0.016666666666666666
04-05 12:00,0.014285714285714285
04-05 13:00,0.011904761904761904
04-05 14:00,0.011904761904761904
04-05 15:00,0.011904761904761904
04-05 16:00,0.014285714285714285
04-05 17:00,0.014285714285714285
04-05 18:00,0.014285714285714285
04-05 19:00,0.016666666666666666
04-05 20:00,0.01904761904761905
04-05 21:00,0.01904761904761905
04-05 22:00,0.01904761904761905
04-05 23:00,0.016666666666666666
05-05 00:00,0.014285714285714285
05-05 01:00,0.011904761904761904
05-05 02:00,0.011904761904761904
05-05 03:00,0.02857142857142857
05-05 04:00,0.030952380952380953
05-05 05:00,0.014285714285714285
05-05 06:00,0.014285714285714285
05-05 07:00,0.02142857142857143
05-05 08:00,0.04285714285714286
05-05 09:00,0.04285714285714286
05-05 10:00,0.047619047619047616
05-05 11:00,0.04047619047619048
05-05 12:00,0.03571428571428571
05-05 13:00,0.030952380952380953
05-05 14:00,0.02142857142857143
05-05 15:00,0.01904761904761905
05-05 16:00,0.01904761904761905
05-05 17:00,0.01904761904761905
05-05 18:00,0.02142857142857143
05-05 19:00,0.01904761904761905
05-05 20:00,0.01904761904761905
05-05 21:00,0.01904761904761905
05-05 22:00,0.016666666666666666
05-05 23:00,0.014285714285714285
06-05 00:00,0.014285714285714285
06-05 01:00,0.011904761904761904
06-05 02:00,0.011904761904761904
06-05 03:00,0.009523809523809525
06-05 04:00,0.009523809523809525
06-05 05:00,0.011904761904761904
06-05 06:00,0.011904761904761904
06-05 07:00,0.02142857142857143
06-05 08:00,0.04047619047619048
06-05 09:00,0.04523809523809524
06-05 10:00,0.04523809523809524
06-05 11:00,0.0380952380952381
06-05 12:00,0.03571428571428571
06-05 13:00,0.02619047619047619
06-05 14:00,0.01904761904761905
06-05 15:00,0.016666666666666666
06-05 16:00,0.016666666666666666
06-05 17:00,0.01904761904761905
06-05 18:00,0.01904761904761905
06-05 19:00,0.01904761904761905
06-05 20:00,0.016666666666666666
06-05 21:00,0.016666666666666666
06-05 22:00,0.016666666666666666
06-05 23:00,0.016666666666666666
07-05 00:00,0.011904761904761904
07-05 01:00,0.009523809523809525
07-05 02:00,0.007142857142857143
07-05 03:00,0.007142857142857143
07-05 04:00,0.007142857142857143
07-05 05:00,0.014285714285714285
07-05 06:00,0.03333333333333333
07-05 07:00,0.0380952380952381
07-05 08:00,0.03333333333333333
07-05 09:00,0.02857142857142857
07-05 10:00,0.02142857142857143
07-05 11:00,0.016666666666666666
07-05 12:00,0.014285714285714285
07-05 13:00,0.011904761904761904
07-05 14:00,0.011904761904761904
07-05 15:00,0.011904761904761904
07-05 16:00,0.011904761904761904
07-05 17:00,0.014285714285714285
07-05 18:00,0.014285714285714285
07-05 19:00,0.016666666666666666
07-05 20:00,0.01904761904761905
07-05 21:00,0.01904761904761905
07-05 22:00,0.01904761904761905
07-05 23:00,0.016666666666666666
08-05 00:00,0.011904761904761904
08-05 01:00,0.009523809523809525
08-05 02:00,0.009523809523809525
08-05 03:00,0.009523809523809525
08-05 04:00,0.009523809523809525
08-05 05:00,0.014285714285714285
08-05 06:00,0.03571428571428571
08-05 07:00,0.03571428571428571
08-05 08:00,0.03571428571428571
08-05 09:00,0.02857142857142857
08-05 10:00,0.02142857142857143
08-05 11:00,0.016666666666666666
08-05 12:00,0.011904761904761904
08-05 13:00,0.011904761904761904
08-05 14:00,0.011904761904761904
08-05 15:00,0.011904761904761904
08-05 16:00,0.011904761904761904
08-05 17:00,0.014285714285714285
08-05 18:00,0.014285714285714285
08-05 19:00,0.016666666666666666
08-05 20:00,0.01904761904761905
08-05 21:00,0.01904761904761905
08-05 22:00,0.02142857142857143
08-05 23:00,0.014285714285714285
09-05 00:00,0.014285714285714285
09-05 01:00,0.011904761904761904
09-05 02:00,0.009523809523809525
09-05 03:00,0.007142857142857143
09-05 04:00,0.009523809523809525
09-05 05:00,0.014285714285714285
09-05 06:00,0.03333333333333333
09-05 07:00,0.03571428571428571
09-05 08:00,0.03333333333333333
09-05 09:00,0.02619047619047619
09-05 10:00,0.023809523809523808
09-05 11:00,0.016666666666666666
09-05 12:00,0.011904761904761904
09-05 13:00,0.011904761904761904
09-05 14:00,0.011904761904761904
09-05 15:00,0.011904761904761904
09-05 16:00,0.011904761904761904
09-05 17:00,0.014285714285714285
09-05 18:00,0.014285714285714285
09-05 19:00,0.016666666666666666
09-05 20:00,0.01904761904761905
09-05 21:00,0.01904761904761905
09-05 22:00,0.01904761904761905
09-05 23:00,0.016666666666666666
10-05 00:00,0.014285714285714285
10-05 01:00,0.011904761904761904
10-05 02:00,0.011904761904761904
10-05 03:00,0.011904761904761904
10-05 04:00,0.009523809523809525
10-05 05:00,0.011904761904761904
10-05 06:00,0.011904761904761904
10-05 07:00,0.02142857142857143
10-05 08:00,0.04047619047619048
10-05 09:00,0.04047619047619048
10-05 10:00,0.04285714285714286
10-05 11:00,0.0380952380952381
10-05 12:00,0.03333333333333333
10-05 13:00,0.02619047619047619
10-05 14:00,0.01904761904761905
10-05 15:00,0.016666666666666666
10-05 16:00,0.016666666666666666
10-05 17:00,0.016666666666666666
10-05 18:00,0.01904761904761905
10-05 19:00,0.01904761904761905
10-05 20:00,0.016666666666666666
10-05 21:00,0.016666666666666666
10-05 22:00,0.016666666666666666
10-05 23:00,0.014285714285714285
11-05 00:00,0.011904761904761904
11-05 01:00,0.009523809523809525
11-05 02:00,0.009523809523809525
11-05 03:00,0.007142857142857143
11-05 04:00,0.009523809523809525
11-05 05:00,0.014285714285714285
11-05 06:00,0.03571428571428571
11-05 07:00,0.04047619047619048
11-05 08:00,0.03571428571428571
11-05 09:00,0.02619047619047619
11-05 10:00,0.02142857142857143
11-05 11:00,0.016666666666666666
11-05 12:00,0.014285714285714285
11-05 13:00,0.011904761904761904
11-05 14:00,0.011904761904761904
11-05 15:00,0.011904761904761904
11-05 16:00,0.014285714285714285
11-05 17:00,0.014285714285714285
11-05 18:00,0.014285714285714285
11-05 19:00,0.014285714285714285
11-05 20:00,0.01904761904761905
11-05 21:00,0.016666666666666666
11-05 22:00,0.01904761904761905
11-05 23:00,0.016666666666666666
12-05 00:00,0.014285714285714285
12-05 01:00,0.014285714285714285
12-05 02:00,0.011904761904761904
12-05 03:00,0.011904761904761904
12-05 04:00,0.011904761904761904
12-05 05:00,0.011904761904761904
12-05 06:00,0.011904761904761904
12-05 07:00,0.01904761904761905
12-05 08:00,0.0380952380952381
12-05 09:00,0.04047619047619048
12-05 10:00,0.04523809523809524
12-05 11:00,0.0380952380952381
12-05 12:00,0.03333333333333333
12-05 13:00,0.02619047619047619
12-05 14:00,0.016666666666666666
12-05 15:00,0.014285714285714285
12-05 16:00,0.016666666666666666
12-05 17:00,0.01904761904761905
12-05 18:00,0.01904761904761905
12-05 19:00,0.01904761904761905
12-05 20:00,0.016666666666666666
12-05 21:00,0.016666666666666666
12-05 22:00,0.016666666666666666
12-05 23:00,0.016666666666666666
13-05 00:00,0.014285714285714285
13-05 01:00,0.011904761904761904
13-05 02:00,0.011904761904761904
13-05 03:00,0.011904761904761904
13-05 04:00,0.009523809523809525
13-05 05:00,0.011904761904761904
13-05 06:00,0.011904761904761904
13-05 07:00,0.02142857142857143
13-05 08:00,0.0380952380952381
13-05 09:00,0.04285714285714286
13-05 10:00,0.04285714285714286
13-05 11:00,0.03571428571428571
13-05 12:00,0.03333333333333333
13-05 13:00,0.02619047619047619
13-05 14:00,0.01904761904761905
13-05 15:00,0.016666666666666666
13-05 16:00,0.016666666666666666
13-05 17:00,0.016666666666666666
13-05 18:00,0.01904761904761905
13-05 19:00,0.01904761904761905
13-05 20:00,0.016666666666666666
13-05 21:00,0.016666666666666666
13-05 22:00,0.016666666666666666
13-05 23:00,0.016666666666666666
14-05 00:00,0.011904761904761904
14-05 01:00,0.009523809523809525
14-05 02:00,0.009523809523809525
14-05 03:00,0.007142857142857143
14-05 04:00,0.007142857142857143
14-05 05:00,0.014285714285714285
14-05 06:00,0.03571428571428571
14-05 07:00,0.03571428571428571
14-05 08:00,0.03571428571428571
14-05 09:00,0.02857142857142857
14-05 10:00,0.02142857142857143
14-05 11:00,0.016666666666666666
14-05 12:00,0.011904761904761904
14-05 13:00,0.011904761904761904
14-05 14:00,0.011904761904761904
14-05 15:00,0.011904761904761904
14-05 16:00,0.011904761904761904
14-05 17:00,0.014285714285714285
14-05 18:00,0.014285714285714285
14-05 19:00,0.016666666666666666
14-05 20:00,0.01904761904761905
14-05 21:00,0.01904761904761905
14-05 22:00,0.01904761904761905
14-05 23:00,0.016666666666666666
15-05 00:00,0.011904761904761904
15-05 01:00,0.009523809523809525
15-05 02:00,0.009523809523809525
15-05 03:00,0.009523809523809525
15-05 04:00,0.009523809523809525
15-05 05:00,0.014285714285714285
15-05 06:00,0.03333333333333333
15-05 07:00,0.0380952380952381
15-05 08:00,0.03333333333333333
15-05 09:00,0.02857142857142857
15-05 10:00,0.02142857142857143
15-05 11:00,0.016666666666666666
15-05 12:00,0.014285714285714285
15-05 13:00,0.011904761904761904
15-05 14:00,0.011904761904761904
15-05 15:00,0.011904761904761904
15-05 16:00,0.011904761904761904
15-05 17:00,0.014285714285714285
15-05 18:00,0.014285714285714285
15-05 19:00,0.014285714285714285
15-05 20:00,0.01904761904761905
15-05 21:00,0.01904761904761905
15-05 22:00,0.01904761904761905
15-05 23:00,0.016666666666666666
16-05 00:00,0.011904761904761904
16-05 01:00,0.009523809523809525
16-05 02:00,0.009523809523809525
16-05 03:00,0.007142857142857143
16-05 04:00,0.009523809523809525
16-05 05:00,0.014285714285714285
16-05 06:00,0.03333333333333333
16-05 07:00,0.0380952380952381
16-05 08:00,0.03571428571428571
16-05 09:00,0.02619047619047619
16-05 10:00,0.02142857142857143
16-05 11:00,0.016666666666666666
16-05 12:00,0.014285714285714285
16-05 13:00,0.011904761904761904
16-05 14:00,0.011904761904761904
16-05 15:00,0.011904761904761904
16-05 16:00,0.014285714285714285
16-05 17:00,0.014285714285714285
16-05 18:00,0.014285714285714285
16-05 19:00,0.016666666666666666
16-05 20:00,0.01904761904761905
16-05 21:00,0.01904761904761905
16-05 22:00,0.01904761904761905
16-05 23:00,0.016666666666666666
17-05 00:00,0.011904761904761904
17-05 01:00,0.009523809523809525
17-05 02:00,0.009523809523809525
17-05 03:00,0.007142857142857143
17-05 04:00,0.009523809523809525
17-05 05:00,0.014285714285714285
17-05 06:00,0.03333333333333333
17-05 07:00,0.0380952380952381
17-05 08:00,0.030952380952380953
17-05 09:00,0.02619047619047619
17-05 10:00,0.02142857142857143
17-05 11:00,0.016666666666666666
17-05 12:00,0.011904761904761904
17-05 13:00,0.011904761904761904
17-05 14:00,0.011904761904761904
17-05 15:00,0.011904761904761904
17-05 16:00,0.011904761904761904
17-05 17:00,0.014285714285714285
17-05 18:00,0.016666666666666666
17-05 19:00,0.016666666666666666
17-05 20:00,0.01904761904761905
17-05 21:00,0.01904761904761905
17-05 22:00,0.01904761904761905
17-05 23:00,0.016666666666666666
18-05 00:00,0.011904761904761904
18-05 01:00,0.009523809523809525
18-05 02:00,0.009523809523809525
18-05 03:00,0.009523809523809525
18-05 04:00,0.007142857142857143
18-05 05:00,0.014285714285714285
18-05 06:00,0.030952380952380953
18-05 07:00,0.03571428571428571
18-05 08:00,0.03571428571428571
18-05 09:00,0.02619047619047619
18-05 10:00,0.02142857142857143
18-05 11:00,0.016666666666666666
18-05 12:00,0.014285714285714285
18-05 13:00,0.011904761904761904
18-05 14:00,0.011904761904761904
18-05 15:00,0.011904761904761904
18-05 16:00,0.011904761904761904
18-05 17:00,0.014285714285714285
18-05 18:00,0.014285714285714285
18-05 19:00,0.016666666666666666
18-05 20:00,0.01904761904761905
18-05 21:00,0.01904761904761905
18-05 22:00,0.01904761904761905
18-05 23:00,0.016666666666666666
19-05 00:00,0.014285714285714285
19-05 01:00,0.011904761904761904
19-05 02:00,0.011904761904761904
19-05 03:00,0.011904761904761904
19-05 04:00,0.009523809523809525
19-05 05:00,0.011904761904761904
19-05 06:00,0.011904761904761904
19-05 07:00,0.02142857142857143
19-05 08:00,0.0380952380952381
19-05 09:00,0.04523809523809524
19-05 10:00,0.04047619047619048
19-05 11:00,0.03571428571428571
19-05 12:00,0.03333333333333333
19-05 13:00,0.02619047619047619
19-05 14:00,0.016666666666666666
19-05 15:00,0.014285714285714285
19-05 16:00,0.016666666666666666
19-05 17:00,0.01904761904761905
19-05 18:00,0.01904761904761905
19-05 19:00,0.016666666666666666
19-05 20:00,0.016666666666666666
19-05 21:00,0.016666666666666666
19-05 22:00,0.016666666666666666
19-05 23:00,0.014285714285714285
20-05 00:00,0.014285714285714285
20-05 01:00,0.011904761904761904
20-05 02:00,0.011904761904761904
20-05 03:00,0.011904761904761904
20-05 04:00,0.009523809523809525
20-05 05:00,0.011904761904761904
20-05 06:00,0.011904761904761904
20-05 07:00,0.01904761904761905
20-05 08:00,0.03571428571428571
20-05 09:00,0.04285714285714286
20-05 10:00,0.04047619047619048
20-05 11:00,0.0380952380952381
20-05 12:00,0.03333333333333333
20-05 13:00,0.02857142857142857
20-05 14:00,0.01904761904761905
20-05 15:00,0.014285714285714285
20-05 16:00,0.016666666666666666
20-05 17:00,0.016666666666666666
20-05 18:00,0.016666666666666666
20-05 19:00,0.016666666666666666
20-05 20:00,0.016666666666666666
20-05 21:00,0.014285714285714285
20-05 22:00,0.016666666666666666
20-05 23:00,0.014285714285714285
21-05 00:00,0.014285714285714285
21-05 01:00,0.011904761904761904
21-05 02:00,0.011904761904761904
21-05 03:00,0.011904761904761904
21-05 04:00,0.009523809523809525
21-05 05:00,0.009523809523809525
21-05 06:00,0.011904761904761904
21-05 07:00,0.01904761904761905
21-05 08:00,0.04047619047619048
21-05 09:00,0.04047619047619048
21-05 10:00,0.04285714285714286
21-05 11:00,0.04047619047619048
21-05 12:00,0.03333333333333333
21-05 13:00,0.02619047619047619
21-05 14:00,0.01904761904761905
21-05 15:00,0.014285714285714285
21-05 16:00,0.016666666666666666
21-05 17:00,0.016666666666666666
21-05 18:00,0.016666666666666666
21-05 19:00,0.016666666666666666
21-05 20:00,0.014285714285714285
21-05 21:00,0.016666666666666666
21-05 22:00,0.016666666666666666
21-05 23:00,0.016666666666666666
22-05 00:00,0.011904761904761904
22-05 01:00,0.009523809523809525
22-05 02:00,0.007142857142857143
22-05 03:00,0.007142857142857143
22-05 04:00,0.009523809523809525
22-05 05:00,0.014285714285714285
22-05 06:00,0.03333333333333333
22-05 07:00,0.0380952380952381
22-05 08:00,0.03333333333333333
22-05 09:00,0.02857142857142857
22-05 10:00,0.02142857142857143
22-05 11:00,0.01904761904761905
22-05 12:00,0.014285714285714285
22-05 13:00,0.011904761904761904
22-05 14:00,0.011904761904761904
22-05 15:00,0.011904761904761904
22-05 16:00,0.011904761904761904
22-05 17:00,0.014285714285714285
22-05 18:00,0.014285714285714285
22-05 19:00,0.016666666666666666
22-05 20:00,0.016666666666666666
22-05 21:00,0.01904761904761905
22-05 22:00,0.01904761904761905
22-05 23:00,0.014285714285714285
23-05 00:00,0.011904761904761904
23-05 01:00,0.009523809523809525
23-05 02:00,0.007142857142857143
23-05 03:00,0.007142857142857143
23-05 04:00,0.007142857142857143
23-05 05:00,0.014285714285714285
23-05 06:00,0.030952380952380953
23-05 07:00,0.0380952380952381
23-05 08:00,0.03571428571428571
23-05 09:00,0.02619047619047619
23-05 10:00,0.02142857142857143
23-05 11:00,0.016666666666666666
23-05 12:00,0.014285714285714285
23-05 13:00,0.011904761904761904
23-05 14:00,0.011904761904761904
23-05 15:00,0.011904761904761904
23-05 16:00,0.011904761904761904
23-05 17:00,0.014285714285714285
23-05 18:00,0.014285714285714285
23-05 19:00,0.016666666666666666
23-05 20:00,0.016666666666666666
23-05 21:00,0.01904761904761905
23-05 22:00,0.01904761904761905
23-05 23:00,0.016666666666666666
24-05 00:00,0.009523809523809525
24-05 01:00,0.009523809523809525
24-05 02:00,0.009523809523809525
24-05 03:00,0.007142857142857143
24-05 04:00,0.007142857142857143
24-05 05:00,0.014285714285714285
24-05 06:00,0.03333333333333333
24-05 07:00,0.03571428571428571
24-05 08:00,0.03333333333333333
24-05 09:00,0.02619047619047619
24-05 10:00,0.023809523809523808
24-05 11:00,0.016666666666666666
24-05 12:00,0.011904761904761904
24-05 13:00,0.011904761904761904
24-05 14:00,0.011904761904761904
24-05 15:00,0.011904761904761904
24-05 16:00,0.014285714285714285
24-05 17:00,0.014285714285714285
24-05 18:00,0.014285714285714285
24-05 19:00,0.016666666666666666
24-05 20:00,0.01904761904761905
24-05 21:00,0.01904761904761905
24-05 22:00,0.01904761904761905
24-05 23:00,0.016666666666666666
25-05 00:00,0.011904761904761904
25-05 01:00,0.009523809523809525
25-05 02:00,0.007142857142857143
25-05 03:00,0.007142857142857143
25-05 04:00,0.009523809523809525
25-05 05:00,0.014285714285714285
25-05 06:00,0.03333333333333333
25-05 07:00,0.04047619047619048
25-05 08:00,0.03333333333333333
25-05 09:00,0.02619047619047619
25-05 10:00,0.01904761904761905
25-05 11:00,0.016666666666666666
25-05 12:00,0.011904761904761904
25-05 13:00,0.011904761904761904
25-05 14:00,0.011904761904761904
25-05 15:00,0.011904761904761904
25-05 16:00,0.014285714285714285
25-05 17:00,0.014285714285714285
25-05 18:00,0.014285714285714285
25-05 19:00,0.016666666666666666
25-05 20:00,0.016666666666666666
25-05 21:00,0.016666666666666666
25-05 22:00,0.01904761904761905
25-05 23:00,0.014285714285714285
26-05 00:00,0.014285714285714285
26-05 01:00,0.011904761904761904
26-05 02:00,0.011904761904761904
26-05 03:00,0.011904761904761904
26-05 04:00,0.009523809523809525
26-05 05:00,0.011904761904761904
26-05 06:00,0.011904761904761904
26-05 07:00,0.01904761904761905
26-05 08:00,0.03571428571428571
26-05 09:00,0.0380952380952381
26-05 10:00,0.04047619047619048
26-05 11:00,0.0380952380952381
26-05 12:00,0.03333333333333333
26-05 13:00,0.023809523809523808
26-05 14:00,0.01904761904761905
26-05 15:00,0.014285714285714285
26-05 16:00,0.016666666666666666
26-05 17:00,0.016666666666666666
26-05 18:00,0.016666666666666666
26-05 19:00,0.01904761904761905
26-05 20:00,0.016666666666666666
26-05 21:00,0.016666666666666666
26-05 22:00,0.016666666666666666
26-05 23:00,0.016666666666666666
27-05 00:00,0.014285714285714285
27-05 01:00,0.011904761904761904
27-05 02:00,0.011904761904761904
27-05 03:00,0.009523809523809525
27-05 04:00,0.009523809523809525
27-05 05:00,0.009523809523809525
27-05 06:00,0.011904761904761904
27-05 07:00,0.01904761904761905
27-05 08:00,0.0380952380952381
27-05 09:00,0.04285714285714286
27-05 10:00,0.04047619047619048
27-05 11:00,0.0380952380952381
27-05 12:00,0.03333333333333333
27-05 13:00,0.02619047619047619
27-05 14:00,0.016666666666666666
27-05 15:00,0.014285714285714285
27-05 16:00,0.016666666666666666
27-05 17:00,0.014285714285714285
27-05 18:00,0.01904761904761905
27-05 19:00,0.01904761904761905
27-05 20:00,0.016666666666666666
27-05 21:00,0.016666666666666666
27-05 22:00,0.016666666666666666
27-05 23:00,0.014285714285714285
28-05 00:00,0.014285714285714285
28-05 01:00,0.009523809523809525
28-05 02:00,0.007142857142857143
28-05 03:00,0.007142857142857143
28-05 04:00,0.007142857142857143
28-05 05:00,0.014285714285714285
28-05 06:00,0.03333333333333333
28-05 07:00,0.0380952380952381
28-05 08:00,0.03333333333333333
28-05 09:00,0.02857142857142857
28-05 10:00,0.02142857142857143
28-05 11:00,0.016666666666666666
28-05 12:00,0.011904761904761904
28-05 13:00,0.011904761904761904
28-05 14:00,0.011904761904761904
28-05 15:00,0.011904761904761904
28-05 16:00,0.011904761904761904
28-05 17:00,0.014285714285714285
28-05 18:00,0.014285714285714285
28-05 19:00,0.014285714285714285
28-05 20:00,0.016666666666666666
28-05 21:00,0.01904761904761905
28-05 22:00,0.016666666666666666
28-05 23:00,0.014285714285714285
29-05 00:00,0.011904761904761904
29-05 01:00,0.009523809523809525
29-05 02:00,0.009523809523809525
29-05 03:00,0.007142857142857143
29-05 04:00,0.009523809523809525
29-05 05:00,0.014285714285714285
29-05 06:00,0.03333333333333333
29-05 07:00,0.0380952380952381
29-05 08:00,0.03333333333333333
29-05 09:00,0.02857142857142857
29-05 10:00,0.02142857142857143
29-05 11:00,0.016666666666666666
29-05 12:00,0.011904761904761904
29-05 13:00,0.011904761904761904
29-05 14:00,0.011904761904761904
29-05 15:00,0.011904761904761904
29-05 16:00,0.011904761904761904
29-05 17:00,0.014285714285714285
29-05 18:00,0.014285714285714285
29-05 19:00,0.014285714285714285
29-05 20:00,0.01904761904761905
29-05 21:00,0.01904761904761905
29-05 22:00,0.01904761904761905
29-05 23:00,0.014285714285714285
30-05 00:00,0.011904761904761904
30-05 01:00,0.009523809523809525
30-05 02:00,0.007142857142857143
30-05 03:00,0.007142857142857143
30-05 04:00,0.007142857142857143
30-05 05:00,0.014285714285714285
30-05 06:00,0.030952380952380953
30-05 07:00,0.03571428571428571
30-05 08:00,0.03333333333333333
30-05 09:00,0.02619047619047619
30-05 10:00,0.01904761904761905
30-05 11:00,0.016666666666666666
30-05 12:00,0.014285714285714285
30-05 13:00,0.011904761904761904
30-05 14:00,0.011904761904761904
30-05 15:00,0.011904761904761904
30-05 16:00,0.011904761904761904
30-05 17:00,0.014285714285714285
30-05 18:00,0.014285714285714285
30-05 19:00,0.014285714285714285
30-05 20:00,0.016666666666666666
30-05 21:00,0.01904761904761905
30-05 22:00,0.02142857142857143
30-05 23:00,0.014285714285714285
31-05 00:00,0.014285714285714285
31-05 01:00,0.011904761904761904
31-05 02:00,0.011904761904761904
31-05 03:00,0.011904761904761904
31-05 04:00,0.009523809523809525
31-05 05:00,0.011904761904761904
31-05 06:00,0.011904761904761904
31-05 07:00,0.01904761904761905
31-05 08:00,0.04047619047619048
31-05 09:00,0.04047619047619048
31-05 10:00,0.04285714285714286
31-05 11:00,0.0380952380952381
31-05 12:00,0.030952380952380953
31-05 13:00,0.02619047619047619
31-05 14:00,0.016666666666666666
31-05 15:00,0.016666666666666666
31-05 16:00,0.016666666666666666
31-05 17:00,0.016666666666666666
31-05 18:00,0.01904761904761905
31-05 19:00,0.016666666666666666
31-05 20:00,0.016666666666666666
31-05 21:00,0.016666666666666666
31-05 22:00,0.016666666666666666
31-05 23:00,0.014285714285714285
01-06 00:00,0.011904761904761904
01-06 01:00,0.009523809523809525
01-06 02:00,0.009523809523809525
01-06 03:00,0.007142857142857143
01-06 04:00,0.007142857142857143
01-06 05:00,0.014285714285714285
01-06 06:00,0.03333333333333333
01-06 07:00,0.0380952380952381
01-06 08:00,0.03333333333333333
01-06 09:00,0.02619047619047619
01-06 10:00,0.02142857142857143
01-06 11:00,0.016666666666666666
01-06 12:00,0.014285714285714285
01-06 13:00,0.011904761904761904
01-06 14:00,0.011904761904761904
01-06 15:00,0.011904761904761904
01-06 16:00,0.014285714285714285
01-06 17:00,0.014285714285714285
01-06 18:00,0.014285714285714285
01-06 19:00,0.016666666666666666
01-06 20:00,0.016666666666666666
01-06 21:00,0.01904761904761905
01-06 22:00,0.01904761904761905
01-06 23:00,0.014285714285714285
02-06 00:00,0.014285714285714285
02-06 01:00,0.011904761904761904
02-06 02:00,0.011904761904761904
02-06 03:00,0.009523809523809525
02-06 04:00,0.009523809523809525
02-06 05:00,0.009523809523809525
02-06 06:00,0.014285714285714285
02-06 07:00,0.01904761904761905
02-06 08:00,0.04047619047619048
02-06 09:00,0.04285714285714286
02-06 10:00,0.04047619047619048
02-06 11:00,0.0380952380952381
02-06 12:00,0.03571428571428571
02-06 13:00,0.02619047619047619
02-06 14:00,0.01904761904761905
02-06 15:00,0.014285714285714285
02-06 16:00,0.016666666666666666
02-06 17:00,0.016666666666666666
02-06 18:00,0.01904761904761905
02-06 19:00,0.01904761904761905
02-06 20:00,0.016666666666666666
02-06 21:00,0.014285714285714285
02-06 22:00,0.016666666666666666
02-06 23:00,0.014285714285714285
03-06 00:00,0.014285714285714285
03-06 01:00,0.011904761904761904
03-06 02:00,0.011904761904761904
03-06 03:00,0.009523809523809525
03-06 04:00,0.011904761904761904
03-06 05:00,0.009523809523809525
03-06 06:00,0.011904761904761904
03-06 07:00,0.01904761904761905
03-06 08:00,0.0380952380952381
03-06 09:00,0.04285714285714286
03-06 10:00,0.04285714285714286
03-06 11:00,0.0380952380952381
03-06 12:00,0.030952380952380953
03-06 13:00,0.02857142857142857
03-06 14:00,0.016666666666666666
03-06 15:00,0.014285714285714285
03-06 16:00,0.014285714285714285
03-06 17:00,0.016666666666666666
03-06 18:00,0.01904761904761905
03-06 19:00,0.016666666666666666
03-06 20:00,0.016666666666666666
03-06 21:00,0.016666666666666666
03-06 22:00,0.016666666666666666
03-06 23:00,0.016666666666666666
04-06 00:00,0.011904761904761904
04-06 01:00,0.009523809523809525
04-06 02:00,0.007142857142857143
04-06 03:00,0.007142857142857143
04-06 04:00,0.007142857142857143
04-06 05:00,0.014285714285714285
04-06 06:00,0.030952380952380953
04-06 07:00,0.0380952380952381
04-06 08:00,0.03333333333333333
04-06 09:00,0.02619047619047619
04-06 10:00,0.02142857142857143
04-06 11:00,0.01904761904761905
04-06 12:00,0.014285714285714285
04-06 13:00,0.011904761904761904
04-06 14:00,0.011904761904761904
04-06 15:00,0.011904761904761904
04-06 16:00,0.011904761904761904
04-06 17:00,0.014285714285714285
04-06 18:00,0.014285714285714285
04-06 19:00,0.016666666666666666
04-06 20:00,0.016666666666666666
04-06 21:00,0.01904761904761905
04-06 22:00,0.016666666666666666
04-06 23:00,0.014285714285714285
05-06 00:00,0.011904761904761904
05-06 01:00,0.009523809523809525
05-06 02:00,0.007142857142857143
05-06 03:00,0.007142857142857143
05-06 04:00,0.007142857142857143
05-06 05:00,0.014285714285714285
05-06 06:00,0.03571428571428571
05-06 07:00,0.03571428571428571
05-06 08:00,0.03333333333333333
05-06 09:00,0.02619047619047619
05-06 10:00,0.02142857142857143
05-06 11:00,0.016666666666666666
05-06 12:00,0.014285714285714285
05-06 13:00,0.011904761904761904
05-06 14:00,0.011904761904761904
05-06 15:00,0.011904761904761904
05-06 16:00,0.011904761904761904
05-06 17:00,0.014285714285714285
05-06 18:00,0.014285714285714285
05-06 19:00,0.016666666666666666
05-06 20:00,0.016666666666666666
05-06 21:00,0.01904761904761905
05-06 22:00,0.016666666666666666
05-06 23:00,0.014285714285714285
06-06 00:00,0.011904761904761904
06-06 01:00,0.009523809523809525
06-06 02:00,0.009523809523809525
06-06 03:00,0.007142857142857143
06-06 04:00,0.007142857142857143
06-06 05:00,0.014285714285714285
06-06 06:00,0.030952380952380953
06-06 07:00,0.03333333333333333
06-06 08:00,0.03333333333333333
06-06 09:00,0.02857142857142857
06-06 10:00,0.02142857142857143
06-06 11:00,0.016666666666666666
06-06 12:00,0.011904761904761904
06-06 13:00,0.011904761904761904
06-06 14:00,0.009523809523809525
06-06 15:00,0.011904761904761904
06-06 16:00,0.011904761904761904
06-06 17:00,0.014285714285714285
06-06 18:00,0.014285714285714285
06-06 19:00,0.014285714285714285
06-06 20:00,0.01904761904761905
06-06 21:00,0.01904761904761905
06-06 22:00,0.01904761904761905
06-06 23:00,0.016666666666666666
07-06 00:00,0.011904761904761904
07-06 01:00,0.009523809523809525
07-06 02:00,0.009523809523809525
07-06 03:00,0.007142857142857143
07-06 04:00,0.007142857142857143
07-06 05:00,0.014285714285714285
07-06 06:00,0.030952380952380953
07-06 07:00,0.03333333333333333
07-06 08:00,0.03333333333333333
07-06 09:00,0.02619047619047619
07-06 10:00,0.02142857142857143
07-06 11:00,0.016666666666666666
07-06 12:00,0.011904761904761904
07-06 13:00,0.011904761904761904
07-06 14:00,0.011904761904761904
07-06 15:00,0.011904761904761904
07-06 16:00,0.011904761904761904
07-06 17:00,0.014285714285714285
07-06 18:00,0.014285714285714285
07-06 19:00,0.016666666666666666
07-06 20:00,0.016666666666666666
07-06 21:00,0.01904761904761905
07-06 22:00,0.02142857142857143
07-06 23:00,0.014285714285714285
08-06 00:00,0.011904761904761904
08-06 01:00,0.009523809523809525
08-06 02:00,0.009523809523809525
08-06 03:00,0.007142857142857143
08-06 04:00,0.007142857142857143
08-06 05:00,0.014285714285714285
08-06 06:00,0.030952380952380953
08-06 07:00,0.03571428571428571
08-06 08:00,0.03333333333333333
08-06 09:00,0.02857142857142857
08-06 10:00,0.01904761904761905
08-06 11:00,0.016666666666666666
08-06 12:00,0.014285714285714285
08-06 13:00,0.011904761904761904
08-06 14:00,0.011904761904761904
08-06 15:00,0.011904761904761904
08-06 16:00,0.011904761904761904
08-06 17:00,0.014285714285714285
08-06 18:00,0.014285714285714285
08-06 19:00,0.014285714285714285
08-06 20:00,0.016666666666666666
08-06 21:00,0.01904761904761905
08-06 22:00,0.01904761904761905
08-06 23:00,0.014285714285714285
09-06 00:00,0.014285714285714285
09-06 01:00,0.011904761904761904
09-06 02:00,0.011904761904761904
09-06 03:00,0.009523809523809525
09-06 04:00,0.009523809523809525
09-06 05:00,0.011904761904761904
09-06 06:00,0.011904761904761904
09-06 07:00,0.01904761904761905
09-06 08:00,0.04047619047619048
09-06 09:00,0.04047619047619048
09-06 10:00,0.04047619047619048
09-06 11:00,0.03571428571428571
09-06 12:00,0.030952380952380953
09-06 13:00,0.02619047619047619
09-06 14:00,0.01904761904761905
09-06 15:00,0.014285714285714285
09-06 16:00,0.014285714285714285
09-06 17:00,0.016666666666666666
09-06 18:00,0.016666666666666666
09-06 19:00,0.016666666666666666
09-06 20:00,0.016666666666666666
09-06 21:00,0.016666666666666666
09-06 22:00,0.016666666666666666
09-06 23:00,0.016666666666666666
10-06 00:00,0.011904761904761904
10-06 01:00,0.014285714285714285
10-06 02:00,0.009523809523809525
10-06 03:00,0.011904761904761904
10-06 04:00,0.009523809523809525
10-06 05:00,0.011904761904761904
10-06 06:00,0.011904761904761904
10-06 07:00,0.01904761904761905
10-06 08:00,0.0380952380952381
10-06 09:00,0.04285714285714286
10-06 10:00,0.04047619047619048
10-06 11:00,0.0380952380952381
10-06 12:00,0.03333333333333333
10-06 13:00,0.023809523809523808
10-06 14:00,0.01904761904761905
10-06 15:00,0.014285714285714285
10-06 16:00,0.016666666666666666
10-06 17:00,0.016666666666666666
10-06 18:00,0.016666666666666666
10-06 19:00,0.016666666666666666
10-06 20:00,0.016666666666666666
10-06 21:00,0.016666666666666666
10-06 22:00,0.016666666666666666
10-06 23:00,0.016666666666666666
11-06 00:00,0.011904761904761904
11-06 01:00,0.011904761904761904
11-06 02:00,0.007142857142857143
11-06 03:00,0.007142857142857143
11-06 04:00,0.007142857142857143
11-06 05:00,0.014285714285714285
11-06 06:00,0.03333333333333333
11-06 07:00,0.03571428571428571
11-06 08:00,0.03333333333333333
11-06 09:00,0.02619047619047619
11-06 10:00,0.02142857142857143
11-06 11:00,0.014285714285714285
11-06 12:00,0.011904761904761904
11-06 13:00,0.011904761904761904
11-06 14:00,0.011904761904761904
11-06 15:00,0.011904761904761904
11-06 16:00,0.011904761904761904
11-06 17:00,0.014285714285714285
11-06 18:00,0.014285714285714285
11-06 19:00,0.016666666666666666
11-06 20:00,0.016666666666666666
11-06 21:00,0.01904761904761905
11-06 22:00,0.01904761904761905
11-06 23:00,0.016666666666666666
12-06 00:00,0.011904761904761904
12-06 01:00,0.009523809523809525
12-06 02:00,0.007142857142857143
12-06 03:00,0.007142857142857143
12-06 04:00,0.009523809523809525
12-06 05:00,0.014285714285714285
12-06 06:00,0.03333333333333333
12-06 07:00,0.0380952380952381
12-06 08:00,0.02857142857142857
12-06 09:00,0.02619047619047619
12-06 10:00,0.02142857142857143
12-06 11:00,0.016666666666666666
12-06 12:00,0.014285714285714285
12-06 13:00,0.011904761904761904
12-06 14:00,0.011904761904761904
12-06 15:00,0.011904761904761904
12-06 16:00,0.011904761904761904
12-06 17:00,0.014285714285714285
12-06 18:00,0.014285714285714285
12-06 19:00,0.016666666666666666
12-06 20:00,0.016666666666666666
12-06 21:00,0.016666666666666666
12-06 22:00,0.01904761904761905
12-06 23:00,0.014285714285714285
13-06 00:00,0.011904761904761904
13-06 01:00,0.009523809523809525
13-06 02:00,0.007142857142857143
13-06 03:00,0.007142857142857143
13-06 04:00,0.007142857142857143
13-06 05:00,0.014285714285714285
13-06 06:00,0.030952380952380953
13-06 07:00,0.0380952380952381
13-06 08:00,0.03333333333333333
13-06 09:00,0.02619047619047619
13-06 10:00,0.01904761904761905
13-06 11:00,0.016666666666666666
13-06 12:00,0.011904761904761904
13-06 13:00,0.011904761904761904
13-06 14:00,0.009523809523809525
13-06 15:00,0.011904761904761904
13-06 16:00,0.014285714285714285
13-06 17:00,0.014285714285714285
13-06 18:00,0.014285714285714285
13-06 19:00,0.014285714285714285
13-06 20:00,0.016666666666666666
13-06 21:00,0.01904761904761905
13-06 22:00,0.01904761904761905
13-06 23:00,0.016666666666666666
14-06 00:00,0.011904761904761904
14-06 01:00,0.009523809523809525
14-06 02:00,0.009523809523809525
14-06 03:00,0.007142857142857143
14-06 04:00,0.009523809523809525
14-06 05:00,0.014285714285714285
14-06 06:00,0.03333333333333333
14-06 07:00,0.0380952380952381
14-06 08:00,0.03571428571428571
14-06 09:00,0.02857142857142857
14-06 10:00,0.02142857142857143
14-06 11:00,0.014285714285714285
14-06 12:00,0.014285714285714285
14-06 13:00,0.011904761904761904
14-06 14:00,0.011904761904761904
14-06 15:00,0.011904761904761904
14-06 16:00,0.011904761904761904
14-06 17:00,0.014285714285714285
14-06 18:00,0.014285714285714285
14-06 19:00,0.016666666666666666
14-06 20:00,0.01904761904761905
14-06 21:00,0.016666666666666666
14-06 22:00,0.01904761904761905
14-06 23:00,0.014285714285714285
15-06 00:00,0.011904761904761904
15-06 01:00,0.009523809523809525
15-06 02:00,0.009523809523809525
15-06 03:00,0.007142857142857143
15-06 04:00,0.007142857142857143
15-06 05:00,0.014285714285714285
15-06 06:00,0.030952380952380953
15-06 07:00,0.03571428571428571
15-06 08:00,0.03333333333333333
15-06 09:00,0.02619047619047619
15-06 10:00,0.02142857142857143
15-06 11:00,0.016666666666666666
15-06 12:00,0.014285714285714285
15-06 13:00,0.011904761904761904
15-06 14:00,0.011904761904761904
15-06 15:00,0.011904761904761904
15-06 16:00,0.014285714285714285
15-06 17:00,0.014285714285714285
15-06 18:00,0.014285714285714285
15-06 19:00,0.014285714285714285
15-06 20:00,0.016666666666666666
15-06 21:00,0.01904761904761905
15-06 22:00,0.01904761904761905
15-06 23:00,0.016666666666666666
16-06 00:00,0.014285714285714285
16-06 01:00,0.011904761904761904
16-06 02:00,0.011904761904761904
16-06 03:00,0.011904761904761904
16-06 04:00,0.009523809523809525
16-06 05:00,0.009523809523809525
16-06 06:00,0.011904761904761904
16-06 07:00,0.02142857142857143
16-06 08:00,0.0380952380952381
16-06 09:00,0.04285714285714286
16-06 10:00,0.04047619047619048
16-06 11:00,0.03571428571428571
16-06 12:00,0.030952380952380953
16-06 13:00,0.02619047619047619
16-06 14:00,0.01904761904761905
16-06 15:00,0.016666666666666666
16-06 16:00,0.014285714285714285
16-06 17:00,0.016666666666666666
16-06 18:00,0.016666666666666666
16-06 19:00,0.016666666666666666
16-06 20:00,0.016666666666666666
16-06 21:00,0.016666666666666666
16-06 22:00,0.016666666666666666
16-06 23:00,0.014285714285714285
17-06 00:00,0.011904761904761904
17-06 01:00,0.011904761904761904
17-06 02:00,0.009523809523809525
17-06 03:00,0.009523809523809525
17-06 04:00,0.009523809523809525
17-06 05:00,0.009523809523809525
17-06 06:00,0.011904761904761904
17-06 07:00,0.01904761904761905
17-06 08:00,0.0380952380952381
17-06 09:00,0.04047619047619048
17-06 10:00,0.0380952380952381
17-06 11:00,0.03571428571428571
17-06 12:00,0.030952380952380953
17-06 13:00,0.02619047619047619
17-06 14:00,0.016666666666666666
17-06 15:00,0.016666666666666666
17-06 16:00,0.014285714285714285
17-06 17:00,0.016666666666666666
17-06 18:00,0.01904761904761905
17-06 19:00,0.01904761904761905
17-06 20:00,0.016666666666666666
17-06 21:00,0.014285714285714285
17-06 22:00,0.016666666666666666
17-06 23:00,0.014285714285714285
18-06 00:00,0.009523809523809525
18-06 01:00,0.009523809523809525
18-06 02:00,0.007142857142857143
18-06 03:00,0.009523809523809525
18-06 04:00,0.007142857142857143
18-06 05:00,0.014285714285714285
18-06 06:00,0.030952380952380953
18-06 07:00,0.03571428571428571
18-06 08:00,0.030952380952380953
18-06 09:00,0.02619047619047619
18-06 10:00,0.02142857142857143
18-06 11:00,0.014285714285714285
18-06 12:00,0.014285714285714285
18-06 13:00,0.011904761904761904
18-06 14:00,0.011904761904761904
18-06 15:00,0.011904761904761904
18-06 16:00,0.011904761904761904
18-06 17:00,0.014285714285714285
18-06 18:00,0.014285714285714285
18-06 19:00,0.016666666666666666
18-06 20:00,0.016666666666666666
18-06 21:00,0.01904761904761905
18-06 22:00,0.01904761904761905
18-06 23:00,0.016666666666666666
19-06 00:00,0.011904761904761904
19-06 01:00,0.009523809523809525
19-06 02:00,0.007142857142857143
19-06 03:00,0.007142857142857143
19-06 04:00,0.007142857142857143
19-06 05:00,0.014285714285714285
19-06 06:00,0.03333333333333333
19-06 07:00,0.0380952380952381
19-06 08:00,0.030952380952380953
19-06 09:00,0.02857142857142857
19-06 10:00,0.02142857142857143
19-06 11:00,0.016666666666666666
19-06 12:00,0.011904761904761904
19-06 13:00,0.011904761904761904
19-06 14:00,0.011904761904761904
19-06 15:00,0.011904761904761904
19-06 16:00,0.011904761904761904
19-06 17:00,0.014285714285714285
19-06 18:00,0.014285714285714285
19-06 19:00,0.014285714285714285
19-06 20:00,0.016666666666666666
19-06 21:00,0.01904761904761905
19-06 22:00,0.01904761904761905
19-06 23:00,0.014285714285714285
20-06 00:00,0.011904761904761904
20-06 01:00,0.009523809523809525
20-06 02:00,0.009523809523809525
20-06 03:00,0.007142857142857143
20-06 04:00,0.007142857142857143
20-06 05:00,0.014285714285714285
20-06 06:00,0.030952380952380953
20-06 07:00,0.03571428571428571
20-06 08:00,0.03333333333333333
20-06 09:00,0.02619047619047619
20-06 10:00,0.02142857142857143
20-06 11:00,0.016666666666666666
20-06 12:00,0.011904761904761904
20-06 13:00,0.011904761904761904
20-06 14:00,0.011904761904761904
20-06 15:00,0.011904761904761904
20-06 16:00,0.011904761904761904
20-06 17:00,0.011904761904761904
20-06 18:00,0.014285714285714285
20-06 19:00,0.016666666666666666
20-06 20:00,0.01904761904761905
20-06 21:00,0.016666666666666666
20-06 22:00,0.01904761904761905
20-06 23:00,0.016666666666666666
21-06 00:00,0.011904761904761904
21-06 01:00,0.009523809523809525
21-06 02:00,0.007142857142857143
21-06 03:00,0.007142857142857143
21-06 04:00,0.007142857142857143
21-06 05:00,0.014285714285714285
21-06 06:00,0.03333333333333333
21-06 07:00,0.03333333333333333
21-06 08:00,0.03333333333333333
21-06 09:00,0.02619047619047619
21-06 10:00,0.02142857142857143
21-06 11:00,0.016666666666666666
21-06 12:00,0.011904761904761904
21-06 13:00,0.011904761904761904
21-06 14:00,0.011904761904761904
21-06 15:00,0.009523809523809525
21-06 16:00,0.011904761904761904
21-06 17:00,0.014285714285714285
21-06 18:00,0.014285714285714285
21-06 19:00,0.014285714285714285
21-06 20:00,0.016666666666666666
21-06 21:00,0.01904761904761905
21-06 22:00,0.01904761904761905
21-06 23:00,0.014285714285714285
22-06 00:00,0.011904761904761904
22-06 01:00,0.009523809523809525
22-06 02:00,0.007142857142857143
22-06 03:00,0.007142857142857143
22-06 04:00,0.007142857142857143
22-06 05:00,0.014285714285714285
22-06 06:00,0.03571428571428571
22-06 07:00,0.03571428571428571
22-06 08:00,0.03333333333333333
22-06 09:00,0.02619047619047619
22-06 10:00,0.01904761904761905
22-06 11:00,0.016666666666666666
22-06 12:00,0.011904761904761904
22-06 13:00,0.011904761904761904
22-06 14:00,0.011904761904761904
22-06 15:00,0.011904761904761904
22-06 16:00,0.014285714285714285
22-06 17:00,0.014285714285714285
22-06 18:00,0.014285714285714285
22-06 19:00,0.016666666666666666
22-06 20:00,0.01904761904761905
22-06 21:00,0.01904761904761905
22-06 22:00,0.01904761904761905
22-06 23:00,0.014285714285714285
23-06 00:00,0.011904761904761904
23-06 01:00,0.011904761904761904
23-06 02:00,0.009523809523809525
23-06 03:00,0.009523809523809525
23-06 04:00,0.009523809523809525
23-06 05:00,0.009523809523809525
23-06 06:00,0.011904761904761904
23-06 07:00,0.01904761904761905
23-06 08:00,0.0380952380952381
23-06 09:00,0.04285714285714286
23-06 10:00,0.04047619047619048
23-06 11:00,0.04047619047619048
23-06 12:00,0.030952380952380953
23-06 13:00,0.023809523809523808
23-06 14:00,0.01904761904761905
23-06 15:00,0.014285714285714285
23-06 16:00,0.016666666666666666
23-06 17:00,0.016666666666666666
23-06 18:00,0.01904761904761905
23-06 19:00,0.016666666666666666
23-06 20:00,0.014285714285714285
23-06 21:00,0.016666666666666666
23-06 22:00,0.016666666666666666
23-06 23:00,0.016666666666666666
24-06 00:00,0.014285714285714285
24-06 01:00,0.011904761904761904
24-06 02:00,0.011904761904761904
24-06 03:00,0.009523809523809525
24-06 04:00,0.009523809523809525
24-06 05:00,0.009523809523809525
24-06 06:00,0.011904761904761904
24-06 07:00,0.01904761904761905
24-06 08:00,0.03571428571428571
24-06 09:00,0.04285714285714286
24-06 10:00,0.0380952380952381
24-06 11:00,0.03571428571428571
24-06 12:00,0.030952380952380953
24-06 13:00,0.02619047619047619
24-06 14:00,0.016666666666666666
24-06 15:00,0.014285714285714285
24-06 16:00,0.014285714285714285
24-06 17:00,0.016666666666666666
24-06 18:00,0.016666666666666666
24-06 19:00,0.016666666666666666
24-06 20:00,0.016666666666666666
24-06 21:00,0.016666666666666666
24-06 22:00,0.014285714285714285
24-06 23:00,0.016666666666666666
25-06 00:00,0.011904761904761904
25-06 01:00,0.009523809523809525
25-06 02:00,0.007142857142857143
25-06 03:00,0.007142857142857143
25-06 04:00,0.009523809523809525
25-06 05:00,0.014285714285714285
25-06 06:00,0.03571428571428571
25-06 07:00,0.03571428571428571
25-06 08:00,0.03333333333333333
25-06 09:00,0.02619047619047619
25-06 10:00,0.02142857142857143
25-06 11:00,0.016666666666666666
25-06 12:00,0.011904761904761904
25-06 13:00,0.011904761904761904
25-06 14:00,0.009523809523809525
25-06 15:00,0.011904761904761904
25-06 16:00,0.011904761904761904
25-06 17:00,0.014285714285714285
25-06 18:00,0.014285714285714285
25-06 19:00,0.016666666666666666
25-06 20:00,0.01904761904761905
25-06 21:00,0.016666666666666666
25-06 22:00,0.01904761904761905
25-06 23:00,0.016666666666666666
26-06 00:00,0.011904761904761904
26-06 01:00,0.009523809523809525
26-06 02:00,0.007142857142857143
26-06 03:00,0.007142857142857143
26-06 04:00,0.007142857142857143
26-06 05:00,0.014285714285714285
26-06 06:00,0.030952380952380953
26-06 07:00,0.03333333333333333
26-06 08:00,0.03571428571428571
26-06 09:00,0.02619047619047619
26-06 10:00,0.02142857142857143
26-06 11:00,0.016666666666666666
26-06 12:00,0.011904761904761904
26-06 13:00,0.011904761904761904
26-06 14:00,0.009523809523809525
26-06 15:00,0.011904761904761904
26-06 16:00,0.011904761904761904
26-06 17:00,0.014285714285714285
26-06 18:00,0.014285714285714285
26-06 19:00,0.014285714285714285
26-06 20:00,0.016666666666666666
26-06 21:00,0.01904761904761905
26-06 22:00,0.01904761904761905
26-06 23:00,0.014285714285714285
27-06 00:00,0.011904761904761904
27-06 01:00,0.009523809523809525
27-06 02:00,0.009523809523809525
27-06 03:00,0.007142857142857143
27-06 04:00,0.009523809523809525
27-06 05:00,0.014285714285714285
27-06 06:00,0.03333333333333333
27-06 07:00,0.03571428571428571
27-06 08:00,0.03333333333333333
27-06 09:00,0.02619047619047619
27-06 10:00,0.02142857142857143
27-06 11:00,0.014285714285714285
27-06 12:00,0.014285714285714285
27-06 13:00,0.011904761904761904
27-06 14:00,0.009523809523809525
27-06 15:00,0.011904761904761904
27-06 16:00,0.011904761904761904
27-06 17:00,0.014285714285714285
27-06 18:00,0.014285714285714285
27-06 19:00,0.016666666666666666
27-06 20:00,0.01904761904761905
27-06 21:00,0.016666666666666666
27-06 22:00,0.01904761904761905
27-06 23:00,0.014285714285714285
28-06 00:00,0.011904761904761904
28-06 01:00,0.009523809523809525
28-06 02:00,0.007142857142857143
28-06 03:00,0.007142857142857143
28-06 04:00,0.007142857142857143
28-06 05:00,0.014285714285714285
28-06 06:00,0.03571428571428571
28-06 07:00,0.03333333333333333
28-06 08:00,0.03333333333333333
28-06 09:00,0.02619047619047619
28-06 10:00,0.02142857142857143
28-06 11:00,0.014285714285714285
28-06 12:00,0.011904761904761904
28-06 13:00,0.011904761904761904
28-06 14:00,0.009523809523809525
28-06 15:00,0.011904761904761904
28-06 16:00,0.011904761904761904
28-06 17:00,0.014285714285714285
28-06 18:00,0.014285714285714285
28-06 19:00,0.016666666666666666
28-06 20:00,0.01904761904761905
28-06 21:00,0.016666666666666666
28-06 22:00,0.01904761904761905
28-06 23:00,0.014285714285714285
29-06 00:00,0.011904761904761904
29-06 01:00,0.009523809523809525
29-06 02:00,0.009523809523809525
29-06 03:00,0.007142857142857143
29-06 04:00,0.007142857142857143
29-06 05:00,0.014285714285714285
29-06 06:00,0.030952380952380953
29-06 07:00,0.03571428571428571
29-06 08:00,0.030952380952380953
29-06 09:00,0.02619047619047619
29-06 10:00,0.02142857142857143
29-06 11:00,0.016666666666666666
29-06 12:00,0.011904761904761904
29-06 13:00,0.011904761904761904
29-06 14:00,0.011904761904761904
29-06 15:00,0.011904761904761904
29-06 16:00,0.011904761904761904
29-06 17:00,0.014285714285714285
29-06 18:00,0.014285714285714285
29-06 19:00,0.014285714285714285
29-06 20:00,0.016666666666666666
29-06 21:00,0.01904761904761905
29-06 22:00,0.01904761904761905
29-06 23:00,0.014285714285714285
30-06 00:00,0.011904761904761904
30-06 01:00,0.011904761904761904
30-06 02:00,0.011904761904761904
30-06 03:00,0.009523809523809525
30-06 04:00,0.009523809523809525
30-06 05:00,0.009523809523809525
30-06 06:00,0.011904761904761904
30-06 07:00,0.01904761904761905
30-06 08:00,0.03571428571428571
30-06 09:00,0.04285714285714286
30-06 10:00,0.0380952380952381
30-06 11:00,0.0380952380952381
30-06 12:00,0.03333333333333333
30-06 13:00,0.023809523809523808
30-06 14:00,0.016666666666666666
30-06 15:00,0.014285714285714285
30-06 16:00,0.014285714285714285
30-06 17:00,0.016666666666666666
30-06 18:00,0.016666666666666666
30-06 19:00,0.016666666666666666
30-06 20:00,0.016666666666666666
30-06 21:00,0.016666666666666666
30-06 22:00,0.016666666666666666
30-06 23:00,0.014285714285714285
01-07 00:00,0.014285714285714285
01-07 01:00,0.011904761904761904
01-07 02:00,0.011904761904761904
01-07 03:00,0.009523809523809525
01-07 04:00,0.009523809523809525
01-07 05:00,0.011904761904761904
01-07 06:00,0.011904761904761904
01-07 07:00,0.01904761904761905
01-07 08:00,0.0380952380952381
01-07 09:00,0.04285714285714286
01-07 10:00,0.04285714285714286
01-07 11:00,0.0380952380952381
01-07 12:00,0.030952380952380953
01-07 13:00,0.02619047619047619
01-07 14:00,0.016666666666666666
01-07 15:00,0.014285714285714285
01-07 16:00,0.014285714285714285
01-07 17:00,0.016666666666666666
01-07 18:00,0.01904761904761905
01-07 19:00,0.016666666666666666
01-07 20:00,0.014285714285714285
01-07 21:00,0.016666666666666666
01-07 22:00,0.014285714285714285
01-07 23:00,0.016666666666666666
02-07 00:00,0.011904761904761904
02-07 01:00,0.009523809523809525
02-07 02:00,0.009523809523809525
02-07 03:00,0.007142857142857143
02-07 04:00,0.007142857142857143
02-07 05:00,0.014285714285714285
02-07 06:00,0.03333333333333333
02-07 07:00,0.03571428571428571
02-07 08:00,0.030952380952380953
02-07 09:00,0.02857142857142857
02-07 10:00,0.01904761904761905
02-07 11:00,0.016666666666666666
02-07 12:00,0.014285714285714285
02-07 13:00,0.011904761904761904
02-07 14:00,0.011904761904761904
02-07 15:00,0.011904761904761904
02-07 16:00,0.011904761904761904
02-07 17:00,0.014285714285714285
02-07 18:00,0.014285714285714285
02-07 19:00,0.014285714285714285
02-07 20:00,0.016666666666666666
02-07 21:00,0.016666666666666666
02-07 22:00,0.016666666666666666
02-07 23:00,0.016666666666666666
03-07 00:00,0.011904761904761904
03-07 01:00,0.009523809523809525
03-07 02:00,0.007142857142857143
03-07 03:00,0.007142857142857143
03-07 04:00,0.007142857142857143
03-07 05:00,0.014285714285714285
03-07 06:00,0.03571428571428571
03-07 07:00,0.0380952380952381
03-07 08:00,0.03333333333333333
03-07 09:00,0.02857142857142857
03-07 10:00,0.02142857142857143
03-07 11:00,0.016666666666666666
03-07 12:00,0.011904761904761904
03-07 13:00,0.011904761904761904
03-07 14:00,0.009523809523809525
03-07 15:00,0.011904761904761904
03-07 16:00,0.011904761904761904
03-07 17:00,0.014285714285714285
03-07 18:00,0.014285714285714285
03-07 19:00,0.016666666666666666
03-07 20:00,0.01904761904761905
03-07 21:00,0.016666666666666666
03-07 22:00,0.01904761904761905
03-07 23:00,0.014285714285714285
04-07 00:00,0.011904761904761904
04-07 01:00,0.009523809523809525
04-07 02:00,0.007142857142857143
04-07 03:00,0.007142857142857143
04-07 04:00,0.007142857142857143
04-07 05:00,0.014285714285714285
04-07 06:00,0.03333333333333333
04-07 07:00,0.03571428571428571
04-07 08:00,0.03333333333333333
04-07 09:00,0.023809523809523808
04-07 10:00,0.02142857142857143
04-07 11:00,0.016666666666666666
04-07 12:00,0.011904761904761904
04-07 13:00,0.011904761904761904
04-07 14:00,0.011904761904761904
04-07 15:00,0.011904761904761904
04-07 16:00,0.011904761904761904
04-07 17:00,0.014285714285714285
04-07 18:00,0.014285714285714285
04-07 19:00,0.016666666666666666
04-07 20:00,0.016666666666666666
04-07 21:00,0.01904761904761905
04-07 22:00,0.01904761904761905
04-07 23:00,0.014285714285714285
05-07 00:00,0.009523809523809525
05-07 01:00,0.009523809523809525
05-07 02:00,0.007142857142857143
05-07 03:00,0.007142857142857143
05-07 04:00,0.007142857142857143
05-07 05:00,0.014285714285714285
05-07 06:00,0.030952380952380953
05-07 07:00,0.03571428571428571
05-07 08:00,0.030952380952380953
05-07 09:00,0.02619047619047619
05-07 10:00,0.02142857142857143
05-07 11:00,0.016666666666666666
05-07 12:00,0.014285714285714285
05-07 13:00,0.011904761904761904
05-07 14:00,0.011904761904761904
05-07 15:00,0.011904761904761904
05-07 16:00,0.014285714285714285
05-07 17:00,0.011904761904761904
05-07 18:00,0.014285714285714285
05-07 19:00,0.014285714285714285
05-07 20:00,0.01904761904761905
05-07 21:00,0.01904761904761905
05-07 22:00,0.016666666666666666
05-07 23:00,0.014285714285714285
06-07 00:00,0.011904761904761904
06-07 01:00,0.009523809523809525
06-07 02:00,0.007142857142857143
06-07 03:00,0.007142857142857143
06-07 04:00,0.009523809523809525
06-07 05:00,0.014285714285714285
06-07 06:00,0.03333333333333333
06-07 07:00,0.03571428571428571
06-07 08:00,0.03333333333333333
06-07 09:00,0.02619047619047619
06-07 10:00,0.01904761904761905
06-07 11:00,0.016666666666666666
06-07 12:00,0.011904761904761904
06-07 13:00,0.011904761904761904
06-07 14:00,0.011904761904761904
06-07 15:00,0.011904761904761904
06-07 16:00,0.011904761904761904
06-07 17:00,0.014285714285714285
06-07 18:00,0.014285714285714285
06-07 19:00,0.016666666666666666
06-07 20:00,0.016666666666666666
06-07 21:00,0.01904761904761905
06-07 22:00,0.02142857142857143
06-07 23:00,0.014285714285714285
07-07 00:00,0.014285714285714285
07-07 01:00,0.011904761904761904
07-07 02:00,0.011904761904761904
07-07 03:00,0.009523809523809525
07-07 04:00,0.009523809523809525
07-07 05:00,0.011904761904761904
07-07 06:00,0.011904761904761904
07-07 07:00,0.01904761904761905
07-07 08:00,0.04047619047619048
07-07 09:00,0.04047619047619048
07-07 10:00,0.04047619047619048
07-07 11:00,0.03571428571428571
07-07 12:00,0.030952380952380953
07-07 13:00,0.023809523809523808
07-07 14:00,0.016666666666666666
07-07 15:00,0.016666666666666666
07-07 16:00,0.016666666666666666
07-07 17:00,0.014285714285714285
07-07 18:00,0.01904761904761905
07-07 19:00,0.016666666666666666
07-07 20:00,0.016666666666666666
07-07 21:00,0.016666666666666666
07-07 22:00,0.016666666666666666
07-07 23:00,0.014285714285714285
08-07 00:00,0.014285714285714285
08-07 01:00,0.011904761904761904
08-07 02:00,0.011904761904761904
08-07 03:00,0.009523809523809525
08-07 04:00,0.009523809523809525
08-07 05:00,0.009523809523809525
08-07 06:00,0.011904761904761904
08-07 07:00,0.01904761904761905
08-07 08:00,0.03571428571428571
08-07 09:00,0.04047619047619048
08-07 10:00,0.0380952380952381
08-07 11:00,0.03571428571428571
08-07 12:00,0.030952380952380953
08-07 13:00,0.023809523809523808
08-07 14:00,0.01904761904761905
08-07 15:00,0.014285714285714285
08-07 16:00,0.014285714285714285
08-07 17:00,0.016666666666666666
08-07 18:00,0.016666666666666666
08-07 19:00,0.016666666666666666
08-07 20:00,0.016666666666666666
08-07 21:00,0.016666666666666666
08-07 22:00,0.014285714285714285
08-07 23:00,0.014285714285714285
09-07 00:00,0.011904761904761904
09-07 01:00,0.009523809523809525
09-07 02:00,0.007142857142857143
09-07 03:00,0.007142857142857143
09-07 04:00,0.007142857142857143
09-07 05:00,0.014285714285714285
09-07 06:00,0.03333333333333333
09-07 07:00,0.0380952380952381
09-07 08:00,0.03333333333333333
09-07 09:00,0.02619047619047619
09-07 10:00,0.02142857142857143
09-07 11:00,0.016666666666666666
09-07 12:00,0.011904761904761904
09-07 13:00,0.011904761904761904
09-07 14:00,0.011904761904761904
09-07 15:00,0.011904761904761904
09-07 16:00,0.011904761904761904
09-07 17:00,0.014285714285714285
09-07 18:00,0.014285714285714285
09-07 19:00,0.016666666666666666
09-07 20:00,0.016666666666666666
09-07 21:00,0.016666666666666666
09-07 22:00,0.016666666666666666
09-07 23:00,0.014285714285714285
10-07 00:00,0.011904761904761904
10-07 01:00,0.009523809523809525
10-07 02:00,0.007142857142857143
10-07 03:00,0.007142857142857143
10-07 04:00,0.007142857142857143
10-07 05:00,0.014285714285714285
10-07 06:00,0.030952380952380953
10-07 07:00,0.03571428571428571
10-07 08:00,0.03333333333333333
10-07 09:00,0.023809523809523808
10-07 10:00,0.01904761904761905
10-07 11:00,0.016666666666666666
10-07 12:00,0.011904761904761904
10-07 13:00,0.011904761904761904
10-07 14:00,0.009523809523809525
10-07 15:00,0.009523809523809525
10-07 16:00,0.011904761904761904
10-07 17:00,0.014285714285714285
10-07 18:00,0.014285714285714285
10-07 19:00,0.014285714285714285
10-07 20:00,0.016666666666666666
10-07 21:00,0.01904761904761905
10-07 22:00,0.02142857142857143
10-07 23:00,0.014285714285714285
11-07 00:00,0.011904761904761904
11-07 01:00,0.009523809523809525
11-07 02:00,0.007142857142857143
11-07 03:00,0.007142857142857143
11-07 04:00,0.007142857142857143
11-07 05:00,0.014285714285714285
11-07 06:00,0.03333333333333333
11-07 07:00,0.03333333333333333
11-07 08:00,0.030952380952380953
11-07 09:00,0.02619047619047619
11-07 10:00,0.02142857142857143
11-07 11:00,0.016666666666666666
11-07 12:00,0.011904761904761904
11-07 13:00,0.009523809523809525
11-07 14:00,0.009523809523809525
11-07 15:00,0.011904761904761904
11-07 16:00,0.011904761904761904
11-07 17:00,0.014285714285714285
11-07 18:00,0.014285714285714285
11-07 19:00,0.016666666666666666
11-07 20:00,0.016666666666666666
11-07 21:00,0.01904761904761905
11-07 22:00,0.01904761904761905
11-07 23:00,0.016666666666666666
12-07 00:00,0.011904761904761904
12-07 01:00,0.009523809523809525
12-07 02:00,0.007142857142857143
12-07 03:00,0.007142857142857143
12-07 04:00,0.007142857142857143
12-07 05:00,0.014285714285714285
12-07 06:00,0.03571428571428571
12-07 07:00,0.03571428571428571
12-07 08:00,0.030952380952380953
12-07 09:00,0.02619047619047619
12-07 10:00,0.02142857142857143
12-07 11:00,0.016666666666666666
12-07 12:00,0.011904761904761904
12-07 13:00,0.011904761904761904
12-07 14:00,0.009523809523809525
12-07 15:00,0.011904761904761904
12-07 16:00,0.014285714285714285
12-07 17:00,0.014285714285714285
12-07 18:00,0.014285714285714285
12-07 19:00,0.016666666666666666
12-07 20:00,0.01904761904761905
12-07 21:00,0.016666666666666666
12-07 22:00,0.01904761904761905
12-07 23:00,0.014285714285714285
13-07 00:00,0.011904761904761904
13-07 01:00,0.009523809523809525
13-07 02:00,0.007142857142857143
13-07 03:00,0.007142857142857143
13-07 04:00,0.007142857142857143
13-07 05:00,0.014285714285714285
13-07 06:00,0.030952380952380953
13-07 07:00,0.03571428571428571
13-07 08:00,0.030952380952380953
13-07 09:00,0.02619047619047619
13-07 10:00,0.02142857142857143
13-07 11:00,0.016666666666666666
13-07 12:00,0.011904761904761904
13-07 13:00,0.011904761904761904
13-07 14:00,0.009523809523809525
13-07 15:00,0.011904761904761904
13-07 16:00,0.011904761904761904
13-07 17:00,0.014285714285714285
13-07 18:00,0.014285714285714285
13-07 19:00,0.014285714285714285
13-07 20:00,0.016666666666666666
13-07 21:00,0.01904761904761905
13-07 22:00,0.016666666666666666
13-07 23:00,0.014285714285714285
14-07 00:00,0.014285714285714285
14-07 01:00,0.011904761904761904
14-07 02:00,0.011904761904761904
14-07 03:00,0.009523809523809525
14-07 04:00,0.011904761904761904
14-07 05:00,0.011904761904761904
14-07 06:00,0.011904761904761904
14-07 07:00,0.01904761904761905
14-07 08:00,0.0380952380952381
14-07 09:00,0.04047619047619048
14-07 10:00,0.04047619047619048
14-07 11:00,0.0380952380952381
14-07 12:00,0.030952380952380953
14-07 13:00,0.02619047619047619
14-07 14:00,0.01904761904761905
14-07 15:00,0.014285714285714285
14-07 16:00,0.014285714285714285
14-07 17:00,0.016666666666666666
14-07 18:00,0.01904761904761905
14-07 19:00,0.016666666666666666
14-07 20:00,0.016666666666666666
14-07 21:00,0.016666666666666666
14-07 22:00,0.014285714285714285
14-07 23:00,0.014285714285714285
15-07 00:00,0.014285714285714285
15-07 01:00,0.011904761904761904
15-07 02:00,0.011904761904761904
15-07 03:00,0.009523809523809525
15-07 04:00,0.009523809523809525
15-07 05:00,0.011904761904761904
15-07 06:00,0.011904761904761904
15-07 07:00,0.01904761904761905
15-07 08:00,0.0380952380952381
15-07 09:00,0.04285714285714286
15-07 10:00,0.04047619047619048
15-07 11:00,0.03333333333333333
15-07 12:00,0.03333333333333333
15-07 13:00,0.02619047619047619
15-07 14:00,0.016666666666666666
15-07 15:00,0.014285714285714285
15-07 16:00,0.014285714285714285
15-07 17:00,0.014285714285714285
15-07 18:00,0.01904761904761905
15-07 19:00,0.016666666666666666
15-07 20:00,0.016666666666666666
15-07 21:00,0.014285714285714285
15-07 22:00,0.016666666666666666
15-07 23:00,0.016666666666666666
16-07 00:00,0.011904761904761904
16-07 01:00,0.009523809523809525
16-07 02:00,0.009523809523809525
16-07 03:00,0.007142857142857143
16-07 04:00,0.009523809523809525
16-07 05:00,0.016666666666666666
16-07 06:00,0.03333333333333333
16-07 07:00,0.03571428571428571
16-07 08:00,0.03333333333333333
16-07 09:00,0.02619047619047619
16-07 10:00,0.02142857142857143
16-07 11:00,0.016666666666666666
16-07 12:00,0.011904761904761904
16-07 13:00,0.011904761904761904
16-07 14:00,0.011904761904761904
16-07 15:00,0.011904761904761904
16-07 16:00,0.011904761904761904
16-07 17:00,0.014285714285714285
16-07 18:00,0.014285714285714285
16-07 19:00,0.014285714285714285
16-07 20:00,0.016666666666666666
16-07 21:00,0.016666666666666666
16-07 22:00,0.01904761904761905
16-07 23:00,0.016666666666666666
17-07 00:00,0.011904761904761904
17-07 01:00,0.009523809523809525
17-07 02:00,0.007142857142857143
17-07 03:00,0.009523809523809525
17-07 04:00,0.007142857142857143
17-07 05:00,0.014285714285714285
17-07 06:00,0.03333333333333333
17-07 07:00,0.03333333333333333
17-07 08:00,0.03333333333333333
17-07 09:00,0.02857142857142857
17-07 10:00,0.02142857142857143
17-07 11:00,0.016666666666666666
17-07 12:00,0.011904761904761904
17-07 13:00,0.009523809523809525
17-07 14:00,0.011904761904761904
17-07 15:00,0.009523809523809525
17-07 16:00,0.014285714285714285
17-07 17:00,0.014285714285714285
17-07 18:00,0.014285714285714285
17-07 19:00,0.014285714285714285
17-07 20:00,0.01904761904761905
17-07 21:00,0.01904761904761905
17-07 22:00,0.01904761904761905
17-07 23:00,0.014285714285714285
18-07 00:00,0.011904761904761904
18-07 01:00,0.009523809523809525
18-07 02:00,0.009523809523809525
18-07 03:00,0.007142857142857143
18-07 04:00,0.007142857142857143
18-07 05:00,0.014285714285714285
18-07 06:00,0.03333333333333333
18-07 07:00,0.0380952380952381
18-07 08:00,0.03333333333333333
18-07 09:00,0.023809523809523808
18-07 10:00,0.01904761904761905
18-07 11:00,0.016666666666666666
18-07 12:00,0.011904761904761904
18-07 13:00,0.011904761904761904
18-07 14:00,0.009523809523809525
18-07 15:00,0.011904761904761904
18-07 16:00,0.011904761904761904
18-07 17:00,0.014285714285714285
18-07 18:00,0.014285714285714285
18-07 19:00,0.014285714285714285
18-07 20:00,0.016666666666666666
18-07 21:00,0.01904761904761905
18-07 22:00,0.01904761904761905
18-07 23:00,0.016666666666666666
19-07 00:00,0.009523809523809525
19-07 01:00,0.009523809523809525
19-07 02:00,0.007142857142857143
19-07 03:00,0.007142857142857143
19-07 04:00,0.007142857142857143
19-07 05:00,0.014285714285714285
19-07 06:00,0.03333333333333333
19-07 07:00,0.03333333333333333
19-07 08:00,0.03333333333333333
19-07 09:00,0.02857142857142857
19-07 10:00,0.02142857142857143
19-07 11:00,0.016666666666666666
19-07 12:00,0.011904761904761904
19-07 13:00,0.011904761904761904
19-07 14:00,0.009523809523809525
19-07 15:00,0.011904761904761904
19-07 16:00,0.011904761904761904
19-07 17:00,0.014285714285714285
19-07 18:00,0.014285714285714285
19-07 19:00,0.014285714285714285
19-07 20:00,0.016666666666666666
19-07 21:00,0.01904761904761905
19-07 22:00,0.01904761904761905
19-07 23:00,0.016666666666666666
20-07 00:00,0.011904761904761904
20-07 01:00,0.009523809523809525
20-07 02:00,0.007142857142857143
20-07 03:00,0.007142857142857143
20-07 04:00,0.007142857142857143
20-07 05:00,0.014285714285714285
20-07 06:00,0.030952380952380953
20-07 07:00,0.0380952380952381
20-07 08:00,0.03333333333333333
20-07 09:00,0.02619047619047619
20-07 10:00,0.02142857142857143
20-07 11:00,0.016666666666666666
20-07 12:00,0.014285714285714285
20-07 13:00,0.011904761904761904
20-07 14:00,0.009523809523809525
20-07 15:00,0.011904761904761904
20-07 16:00,0.011904761904761904
20-07 17:00,0.011904761904761904
20-07 18:00,0.014285714285714285
20-07 19:00,0.016666666666666666
20-07 20:00,0.016666666666666666
20-07 21:00,0.01904761904761905
20-07 22:00,0.01904761904761905
20-07 23:00,0.014285714285714285
21-07 00:00,0.011904761904761904
21-07 01:00,0.011904761904761904
21-07 02:00,0.011904761904761904
21-07 03:00,0.009523809523809525
21-07 04:00,0.009523809523809525
21-07 05:00,0.009523809523809525
21-07 06:00,0.011904761904761904
21-07 07:00,0.02142857142857143
21-07 08:00,0.03571428571428571
21-07 09:00,0.04047619047619048
21-07 10:00,0.04047619047619048
21-07 11:00,0.0380952380952381
21-07 12:00,0.02857142857142857
21-07 13:00,0.023809523809523808
21-07 14:00,0.016666666666666666
21-07 15:00,0.014285714285714285
21-07 16:00,0.016666666666666666
21-07 17:00,0.016666666666666666
21-07 18:00,0.016666666666666666
21-07 19:00,0.01904761904761905
21-07 20:00,0.016666666666666666
21-07 21:00,0.014285714285714285
21-07 22:00,0.014285714285714285
21-07 23:00,0.014285714285714285
22-07 00:00,0.014285714285714285
22-07 01:00,0.011904761904761904
22-07 02:00,0.011904761904761904
22-07 03:00,0.011904761904761904
22-07 04:00,0.009523809523809525
22-07 05:00,0.009523809523809525
22-07 06:00,0.011904761904761904
22-07 07:00,0.01904761904761905
22-07 08:00,0.0380952380952381
22-07 09:00,0.04047619047619048
22-07 10:00,0.0380952380952381
22-07 11:00,0.03571428571428571
22-07 12:00,0.030952380952380953
22-07 13:00,0.023809523809523808
22-07 14:00,0.016666666666666666
22-07 15:00,0.014285714285714285
22-07 16:00,0.014285714285714285
22-07 17:00,0.016666666666666666
22-07 18:00,0.016666666666666666
22-07 19:00,0.016666666666666666
22-07 20:00,0.016666666666666666
22-07 21:00,0.016666666666666666
22-07 22:00,0.016666666666666666
22-07 23:00,0.014285714285714285
23-07 00:00,0.011904761904761904
23-07 01:00,0.009523809523809525
23-07 02:00,0.007142857142857143
23-07 03:00,0.007142857142857143
23-07 04:00,0.007142857142857143
23-07 05:00,0.014285714285714285
23-07 06:00,0.03571428571428571
23-07 07:00,0.03571428571428571
23-07 08:00,0.030952380952380953
23-07 09:00,0.02619047619047619
23-07 10:00,0.02142857142857143
23-07 11:00,0.016666666666666666
23-07 12:00,0.011904761904761904
23-07 13:00,0.009523809523809525
23-07 14:00,0.011904761904761904
23-07 15:00,0.011904761904761904
23-07 16:00,0.011904761904761904
23-07 17:00,0.014285714285714285
23-07 18:00,0.014285714285714285
23-07 19:00,0.016666666666666666
23-07 20:00,0.016666666666666666
23-07 21:00,0.01904761904761905
23-07 22:00,0.01904761904761905
23-07 23:00,0.014285714285714285
24-07 00:00,0.011904761904761904
24-07 01:00,0.009523809523809525
24-07 02:00,0.009523809523809525
24-07 03:00,0.007142857142857143
24-07 04:00,0.009523809523809525
24-07 05:00,0.014285714285714285
24-07 06:00,0.030952380952380953
24-07 07:00,0.03571428571428571
24-07 08:00,0.03333333333333333
24-07 09:00,0.02619047619047619
24-07 10:00,0.02142857142857143
24-07 11:00,0.016666666666666666
24-07 12:00,0.011904761904761904
24-07 13:00,0.011904761904761904
24-07 14:00,0.011904761904761904
24-07 15:00,0.011904761904761904
24-07 16:00,0.011904761904761904
24-07 17:00,0.014285714285714285
24-07 18:00,0.014285714285714285
24-07 19:00,0.014285714285714285
24-07 20:00,0.016666666666666666
24-07 21:00,0.01904761904761905
24-07 22:00,0.016666666666666666
24-07 23:00,0.014285714285714285
25-07 00:00,0.009523809523809525
25-07 01:00,0.009523809523809525
25-07 02:00,0.007142857142857143
25-07 03:00,0.007142857142857143
25-07 04:00,0.009523809523809525
25-07 05:00,0.014285714285714285
25-07 06:00,0.030952380952380953
25-07 07:00,0.0380952380952381
25-07 08:00,0.03333333333333333
25-07 09:00,0.02619047619047619
25-07 10:00,0.01904761904761905
25-07 11:00,0.016666666666666666
25-07 12:00,0.011904761904761904
25-07 13:00,0.011904761904761904
25-07 14:00,0.011904761904761904
25-07 15:00,0.011904761904761904
25-07 16:00,0.011904761904761904
25-07 17:00,0.014285714285714285
25-07 18:00,0.014285714285714285
25-07 19:00,0.016666666666666666
25-07 20:00,0.016666666666666666
25-07 21:00,0.016666666666666666
25-07 22:00,0.01904761904761905
25-07 23:00,0.016666666666666666
26-07 00:00,0.009523809523809525
26-07 01:00,0.009523809523809525
26-07 02:00,0.007142857142857143
26-07 03:00,0.007142857142857143
26-07 04:00,0.007142857142857143
26-07 05:00,0.014285714285714285
26-07 06:00,0.03333333333333333
26-07 07:00,0.03571428571428571
26-07 08:00,0.03333333333333333
26-07 09:00,0.02619047619047619
26-07 10:00,0.02142857142857143
26-07 11:00,0.016666666666666666
26-07 12:00,0.014285714285714285
26-07 13:00,0.011904761904761904
26-07 14:00,0.011904761904761904
26-07 15:00,0.011904761904761904
26-07 16:00,0.011904761904761904
26-07 17:00,0.014285714285714285
26-07 18:00,0.014285714285714285
26-07 19:00,0.016666666666666666
26-07 20:00,0.016666666666666666
26-07 21:00,0.01904761904761905
26-07 22:00,0.01904761904761905
26-07 23:00,0.016666666666666666
27-07 00:00,0.011904761904761904
27-07 01:00,0.009523809523809525
27-07 02:00,0.009523809523809525
27-07 03:00,0.007142857142857143
27-07 04:00,0.007142857142857143
27-07 05:00,0.014285714285714285
27-07 06:00,0.03333333333333333
27-07 07:00,0.03571428571428571
27-07 08:00,0.03333333333333333
27-07 09:00,0.02857142857142857
27-07 10:00,0.02142857142857143
27-07 11:00,0.016666666666666666
27-07 12:00,0.011904761904761904
27-07 13:00,0.011904761904761904
27-07 14:00,0.011904761904761904
27-07 15:00,0.009523809523809525
27-07 16:00,0.011904761904761904
27-07 17:00,0.014285714285714285
27-07 18:00,0.014285714285714285
27-07 19:00,0.014285714285714285
27-07 20:00,0.01904761904761905
27-07 21:00,0.01904761904761905
27-07 22:00,0.01904761904761905
27-07 23:00,0.016666666666666666
28-07 00:00,0.014285714285714285
28-07 01:00,0.011904761904761904
28-07 02:00,0.011904761904761904
28-07 03:00,0.011904761904761904
28-07 04:00,0.009523809523809525
28-07 05:00,0.011904761904761904
28-07 06:00,0.009523809523809525
28-07 07:00,0.01904761904761905
28-07 08:00,0.03571428571428571
28-07 09:00,0.04285714285714286
28-07 10:00,0.0380952380952381
28-07 11:00,0.0380952380952381
28-07 12:00,0.03333333333333333
28-07 13:00,0.02619047619047619
28-07 14:00,0.016666666666666666
28-07 15:00,0.014285714285714285
28-07 16:00,0.014285714285714285
28-07 17:00,0.016666666666666666
28-07 18:00,0.01904761904761905
28-07 19:00,0.016666666666666666
28-07 20:00,0.016666666666666666
28-07 21:00,0.016666666666666666
28-07 22:00,0.016666666666666666
28-07 23:00,0.014285714285714285
29-07 00:00,0.014285714285714285
29-07 01:00,0.011904761904761904
29-07 02:00,0.011904761904761904
29-07 03:00,0.011904761904761904
29-07 04:00,0.009523809523809525
29-07 05:00,0.009523809523809525
29-07 06:00,0.011904761904761904
29-07 07:00,0.016666666666666666
29-07 08:00,0.03571428571428571
29-07 09:00,0.04285714285714286
29-07 10:00,0.04047619047619048
29-07 11:00,0.03571428571428571
29-07 12:00,0.03333333333333333
29-07 13:00,0.023809523809523808
29-07 14:00,0.016666666666666666
29-07 15:00,0.014285714285714285
29-07 16:00,0.016666666666666666
29-07 17:00,0.016666666666666666
29-07 18:00,0.01904761904761905
29-07 19:00,0.016666666666666666
29-07 20:00,0.016666666666666666
29-07 21:00,0.014285714285714285
29-07 22:00,0.016666666666666666
29-07 23:00,0.014285714285714285
30-07 00:00,0.011904761904761904
30-07 01:00,0.009523809523809525
30-07 02:00,0.007142857142857143
30-07 03:00,0.007142857142857143
30-07 04:00,0.007142857142857143
30-07 05:00,0.014285714285714285
30-07 06:00,0.030952380952380953
30-07 07:00,0.03571428571428571
30-07 08:00,0.03333333333333333
30-07 09:00,0.02619047619047619
30-07 10:00,0.02142857142857143
30-07 11:00,0.016666666666666666
30-07 12:00,0.011904761904761904
30-07 13:00,0.011904761904761904
30-07 14:00,0.011904761904761904
30-07 15:00,0.009523809523809525
30-07 16:00,0.011904761904761904
30-07 17:00,0.014285714285714285
30-07 18:00,0.014285714285714285
30-07 19:00,0.016666666666666666
30-07 20:00,0.016666666666666666
30-07 21:00,0.01904761904761905
30-07 22:00,0.01904761904761905
30-07 23:00,0.016666666666666666
31-07 00:00,0.011904761904761904
31-07 01:00,0.009523809523809525
31-07 02:00,0.007142857142857143
31-07 03:00,0.007142857142857143
31-07 04:00,0.007142857142857143
31-07 05:00,0.014285714285714285
31-07 06:00,0.03333333333333333
31-07 07:00,0.03571428571428571
31-07 08:00,0.03333333333333333
31-07 09:00,0.02857142857142857
31-07 10:00,0.02142857142857143
31-07 11:00,0.016666666666666666
31-07 12:00,0.011904761904761904
31-07 13:00,0.011904761904761904
31-07 14:00,0.011904761904761904
31-07 15:00,0.011904761904761904
31-07 16:00,0.011904761904761904
31-07 17:00,0.014285714285714285
31-07 18:00,0.014285714285714285
31-07 19:00,0.016666666666666666
31-07 20:00,0.016666666666666666
31-07 21:00,0.01904761904761905
31-07 22:00,0.01904761904761905
31-07 23:00,0.014285714285714285
01-08 00:00,0.011904761904761904
01-08 01:00,0.009523809523809525
01-08 02:00,0.009523809523809525
01-08 03:00,0.007142857142857143
01-08 04:00,0.007142857142857143
01-08 05:00,0.014285714285714285
01-08 06:00,0.03333333333333333
01-08 07:00,0.0380952380952381
01-08 08:00,0.03333333333333333
01-08 09:00,0.023809523809523808
01-08 10:00,0.02142857142857143
01-08 11:00,0.016666666666666666
01-08 12:00,0.011904761904761904
01-08 13:00,0.011904761904761904
01-08 14:00,0.009523809523809525
01-08 15:00,0.011904761904761904
01-08 16:00,0.011904761904761904
01-08 17:00,0.014285714285714285
01-08 18:00,0.014285714285714285
01-08 19:00,0.016666666666666666
01-08 20:00,0.01904761904761905
01-08 21:00,0.01904761904761905
01-08 22:00,0.01904761904761905
01-08 23:00,0.016666666666666666
02-08 00:00,0.011904761904761904
02-08 01:00,0.009523809523809525
02-08 02:00,0.009523809523809525
02-08 03:00,0.007142857142857143
02-08 04:00,0.007142857142857143
02-08 05:00,0.014285714285714285
02-08 06:00,0.030952380952380953
02-08 07:00,0.03571428571428571
02-08 08:00,0.030952380952380953
02-08 09:00,0.02619047619047619
02-08 10:00,0.02142857142857143
02-08 11:00,0.01904761904761905
02-08 12:00,0.011904761904761904
02-08 13:00,0.011904761904761904
02-08 14:00,0.011904761904761904
02-08 15:00,0.011904761904761904
02-08 16:00,0.011904761904761904
02-08 17:00,0.014285714285714285
02-08 18:00,0.014285714285714285
02-08 19:00,0.014285714285714285
02-08 20:00,0.016666666666666666
02-08 21:00,0.01904761904761905
02-08 22:00,0.02142857142857143
02-08 23:00,0.014285714285714285
03-08 00:00,0.009523809523809525
03-08 01:00,0.009523809523809525
03-08 02:00,0.009523809523809525
03-08 03:00,0.007142857142857143
03-08 04:00,0.007142857142857143
03-08 05:00,0.014285714285714285
03-08 06:00,0.030952380952380953
03-08 07:00,0.0380952380952381
03-08 08:00,0.03333333333333333
03-08 09:00,0.02619047619047619
03-08 10:00,0.02142857142857143
03-08 11:00,0.016666666666666666
03-08 12:00,0.011904761904761904
03-08 13:00,0.011904761904761904
03-08 14:00,0.011904761904761904
03-08 15:00,0.011904761904761904
03-08 16:00,0.011904761904761904
03-08 17:00,0.014285714285714285
03-08 18:00,0.014285714285714285
03-08 19:00,0.014285714285714285
03-08 20:00,0.016666666666666666
03-08 21:00,0.01904761904761905
03-08 22:00,0.01904761904761905
03-08 23:00,0.014285714285714285
04-08 00:00,0.014285714285714285
04-08 01:00,0.011904761904761904
04-08 02:00,0.011904761904761904
04-08 03:00,0.011904761904761904
04-08 04:00,0.009523809523809525
04-08 05:00,0.011904761904761904
04-08 06:00,0.011904761904761904
04-08 07:00,0.01904761904761905
04-08 08:00,0.04047619047619048
04-08 09:00,0.04285714285714286
04-08 10:00,0.0380952380952381
04-08 11:00,0.0380952380952381
04-08 12:00,0.03333333333333333
04-08 13:00,0.023809523809523808
04-08 14:00,0.016666666666666666
04-08 15:00,0.014285714285714285
04-08 16:00,0.016666666666666666
04-08 17:00,0.016666666666666666
04-08 18:00,0.01904761904761905
04-08 19:00,0.016666666666666666
04-08 20:00,0.016666666666666666
04-08 21:00,0.016666666666666666
04-08 22:00,0.016666666666666666
04-08 23:00,0.016666666666666666
05-08 00:00,0.014285714285714285
05-08 01:00,0.011904761904761904
05-08 02:00,0.011904761904761904
05-08 03:00,0.009523809523809525
05-08 04:00,0.009523809523809525
05-08 05:00,0.011904761904761904
05-08 06:00,0.011904761904761904
05-08 07:00,0.01904761904761905
05-08 08:00,0.03571428571428571
05-08 09:00,0.04047619047619048
05-08 10:00,0.04047619047619048
05-08 11:00,0.03571428571428571
05-08 12:00,0.030952380952380953
05-08 13:00,0.023809523809523808
05-08 14:00,0.01904761904761905
05-08 15:00,0.014285714285714285
05-08 16:00,0.016666666666666666
05-08 17:00,0.016666666666666666
05-08 18:00,0.01904761904761905
05-08 19:00,0.016666666666666666
05-08 20:00,0.016666666666666666
05-08 21:00,0.016666666666666666
05-08 22:00,0.016666666666666666
05-08 23:00,0.014285714285714285
06-08 00:00,0.009523809523809525
06-08 01:00,0.009523809523809525
06-08 02:00,0.007142857142857143
06-08 03:00,0.007142857142857143
06-08 04:00,0.009523809523809525
06-08 05:00,0.014285714285714285
06-08 06:00,0.03333333333333333
06-08 07:00,0.0380952380952381
06-08 08:00,0.030952380952380953
06-08 09:00,0.02619047619047619
06-08 10:00,0.02142857142857143
06-08 11:00,0.016666666666666666
06-08 12:00,0.014285714285714285
06-08 13:00,0.011904761904761904
06-08 14:00,0.009523809523809525
06-08 15:00,0.011904761904761904
06-08 16:00,0.011904761904761904
06-08 17:00,0.014285714285714285
06-08 18:00,0.014285714285714285
06-08 19:00,0.016666666666666666
06-08 20:00,0.016666666666666666
06-08 21:00,0.01904761904761905
06-08 22:00,0.01904761904761905
06-08 23:00,0.016666666666666666
07-08 00:00,0.011904761904761904
07-08 01:00,0.009523809523809525
07-08 02:00,0.007142857142857143
07-08 03:00,0.007142857142857143
07-08 04:00,0.007142857142857143
07-08 05:00,0.016666666666666666
07-08 06:00,0.03333333333333333
07-08 07:00,0.03571428571428571
07-08 08:00,0.03333333333333333
07-08 09:00,0.02619047619047619
07-08 10:00,0.02142857142857143
07-08 11:00,0.014285714285714285
07-08 12:00,0.014285714285714285
07-08 13:00,0.011904761904761904
07-08 14:00,0.011904761904761904
07-08 15:00,0.011904761904761904
07-08 16:00,0.011904761904761904
07-08 17:00,0.014285714285714285
07-08 18:00,0.014285714285714285
07-08 19:00,0.016666666666666666
07-08 20:00,0.016666666666666666
07-08 21:00,0.016666666666666666
07-08 22:00,0.01904761904761905
07-08 23:00,0.014285714285714285
08-08 00:00,0.011904761904761904
08-08 01:00,0.009523809523809525
08-08 02:00,0.009523809523809525
08-08 03:00,0.007142857142857143
08-08 04:00,0.009523809523809525
08-08 05:00,0.014285714285714285
08-08 06:00,0.03333333333333333
08-08 07:00,0.0380952380952381
08-08 08:00,0.030952380952380953
08-08 09:00,0.02619047619047619
08-08 10:00,0.02142857142857143
08-08 11:00,0.016666666666666666
08-08 12:00,0.014285714285714285
08-08 13:00,0.011904761904761904
08-08 14:00,0.011904761904761904
08-08 15:00,0.011904761904761904
08-08 16:00,0.011904761904761904
08-08 17:00,0.014285714285714285
08-08 18:00,0.014285714285714285
08-08 19:00,0.014285714285714285
08-08 20:00,0.01904761904761905
08-08 21:00,0.01904761904761905
08-08 22:00,0.01904761904761905
08-08 23:00,0.014285714285714285
09-08 00:00,0.011904761904761904
09-08 01:00,0.009523809523809525
09-08 02:00,0.007142857142857143
09-08 03:00,0.007142857142857143
09-08 04:00,0.009523809523809525
09-08 05:00,0.014285714285714285
09-08 06:00,0.03571428571428571
09-08 07:00,0.03571428571428571
09-08 08:00,0.03333333333333333
09-08 09:00,0.02857142857142857
09-08 10:00,0.02142857142857143
09-08 11:00,0.016666666666666666
09-08 12:00,0.011904761904761904
09-08 13:00,0.011904761904761904
09-08 14:00,0.011904761904761904
09-08 15:00,0.011904761904761904
09-08 16:00,0.014285714285714285
09-08 17:00,0.014285714285714285
09-08 18:00,0.014285714285714285
09-08 19:00,0.014285714285714285
09-08 20:00,0.01904761904761905
09-08 21:00,0.01904761904761905
09-08 22:00,0.01904761904761905
09-08 23:00,0.014285714285714285
10-08 00:00,0.011904761904761904
10-08 01:00,0.009523809523809525
10-08 02:00,0.007142857142857143
10-08 03:00,0.007142857142857143
10-08 04:00,0.009523809523809525
10-08 05:00,0.014285714285714285
10-08 06:00,0.02857142857142857
10-08 07:00,0.0380952380952381
10-08 08:00,0.03333333333333333
10-08 09:00,0.02619047619047619
10-08 10:00,0.02142857142857143
10-08 11:00,0.016666666666666666
10-08 12:00,0.011904761904761904
10-08 13:00,0.011904761904761904
10-08 14:00,0.009523809523809525
10-08 15:00,0.011904761904761904
10-08 16:00,0.014285714285714285
10-08 17:00,0.014285714285714285
10-08 18:00,0.014285714285714285
10-08 19:00,0.016666666666666666
10-08 20:00,0.016666666666666666
10-08 21:00,0.01904761904761905
10-08 22:00,0.01904761904761905
10-08 23:00,0.016666666666666666
11-08 00:00,0.014285714285714285
11-08 01:00,0.011904761904761904
11-08 02:00,0.011904761904761904
11-08 03:00,0.009523809523809525
11-08 04:00,0.009523809523809525
11-08 05:00,0.011904761904761904
11-08 06:00,0.011904761904761904
11-08 07:00,0.02142857142857143
11-08 08:00,0.0380952380952381
11-08 09:00,0.04047619047619048
11-08 10:00,0.04047619047619048
11-08 11:00,0.03571428571428571
11-08 12:00,0.03333333333333333
11-08 13:00,0.023809523809523808
11-08 14:00,0.01904761904761905
11-08 15:00,0.016666666666666666
11-08 16:00,0.016666666666666666
11-08 17:00,0.014285714285714285
11-08 18:00,0.016666666666666666
11-08 19:00,0.01904761904761905
11-08 20:00,0.016666666666666666
11-08 21:00,0.016666666666666666
11-08 22:00,0.016666666666666666
11-08 23:00,0.014285714285714285
12-08 00:00,0.011904761904761904
12-08 01:00,0.011904761904761904
12-08 02:00,0.011904761904761904
12-08 03:00,0.011904761904761904
12-08 04:00,0.009523809523809525
12-08 05:00,0.011904761904761904
12-08 06:00,0.011904761904761904
12-08 07:00,0.01904761904761905
12-08 08:00,0.0380952380952381
12-08 09:00,0.04047619047619048
12-08 10:00,0.0380952380952381
12-08 11:00,0.03571428571428571
12-08 12:00,0.03571428571428571
12-08 13:00,0.02619047619047619
12-08 14:00,0.016666666666666666
12-08 15:00,0.014285714285714285
12-08 16:00,0.014285714285714285
12-08 17:00,0.016666666666666666
12-08 18:00,0.016666666666666666
12-08 19:00,0.016666666666666666
12-08 20:00,0.016666666666666666
12-08 21:00,0.016666666666666666
12-08 22:00,0.014285714285714285
12-08 23:00,0.014285714285714285
13-08 00:00,0.011904761904761904
13-08 01:00,0.009523809523809525
13-08 02:00,0.009523809523809525
13-08 03:00,0.007142857142857143
13-08 04:00,0.009523809523809525
13-08 05:00,0.014285714285714285
13-08 06:00,0.03571428571428571
13-08 07:00,0.0380952380952381
13-08 08:00,0.03333333333333333
13-08 09:00,0.02619047619047619
13-08 10:00,0.023809523809523808
13-08 11:00,0.016666666666666666
13-08 12:00,0.011904761904761904
13-08 13:00,0.011904761904761904
13-08 14:00,0.011904761904761904
13-08 15:00,0.011904761904761904
13-08 16:00,0.014285714285714285
13-08 17:00,0.014285714285714285
13-08 18:00,0.014285714285714285
13-08 19:00,0.016666666666666666
13-08 20:00,0.016666666666666666
13-08 21:00,0.01904761904761905
13-08 22:00,0.01904761904761905
13-08 23:00,0.014285714285714285
14-08 00:00,0.011904761904761904
14-08 01:00,0.009523809523809525
14-08 02:00,0.009523809523809525
14-08 03:00,0.009523809523809525
14-08 04:00,0.009523809523809525
14-08 05:00,0.014285714285714285
14-08 06:00,0.03333333333333333
14-08 07:00,0.03571428571428571
14-08 08:00,0.030952380952380953
14-08 09:00,0.02619047619047619
14-08 10:00,0.02142857142857143
14-08 11:00,0.016666666666666666
14-08 12:00,0.011904761904761904
14-08 13:00,0.011904761904761904
14-08 14:00,0.011904761904761904
14-08 15:00,0.011904761904761904
14-08 16:00,0.011904761904761904
14-08 17:00,0.014285714285714285
14-08 18:00,0.014285714285714285
14-08 19:00,0.016666666666666666
14-08 20:00,0.016666666666666666
14-08 21:00,0.01904761904761905
14-08 22:00,0.01904761904761905
14-08 23:00,0.016666666666666666
15-08 00:00,0.011904761904761904
15-08 01:00,0.009523809523809525
15-08 02:00,0.007142857142857143
15-08 03:00,0.007142857142857143
15-08 04:00,0.009523809523809525
15-08 05:00,0.014285714285714285
15-08 06:00,0.03333333333333333
15-08 07:00,0.03571428571428571
15-08 08:00,0.03333333333333333
15-08 09:00,0.02619047619047619
15-08 10:00,0.02142857142857143
15-08 11:00,0.014285714285714285
15-08 12:00,0.011904761904761904
15-08 13:00,0.011904761904761904
15-08 14:00,0.011904761904761904
15-08 15:00,0.011904761904761904
15-08 16:00,0.014285714285714285
15-08 17:00,0.011904761904761904
15-08 18:00,0.014285714285714285
15-08 19:00,0.014285714285714285
15-08 20:00,0.01904761904761905
15-08 21:00,0.01904761904761905
15-08 22:00,0.01904761904761905
15-08 23:00,0.016666666666666666
16-08 00:00,0.011904761904761904
16-08 01:00,0.009523809523809525
16-08 02:00,0.009523809523809525
16-08 03:00,0.007142857142857143
16-08 04:00,0.007142857142857143
16-08 05:00,0.014285714285714285
16-08 06:00,0.03333333333333333
16-08 07:00,0.03571428571428571
16-08 08:00,0.02857142857142857
16-08 09:00,0.02857142857142857
16-08 10:00,0.02142857142857143
16-08 11:00,0.016666666666666666
16-08 12:00,0.014285714285714285
16-08 13:00,0.011904761904761904
16-08 14:00,0.011904761904761904
16-08 15:00,0.011904761904761904
16-08 16:00,0.011904761904761904
16-08 17:00,0.014285714285714285
16-08 18:00,0.014285714285714285
16-08 19:00,0.016666666666666666
16-08 20:00,0.01904761904761905
16-08 21:00,0.01904761904761905
16-08 22:00,0.01904761904761905
16-08 23:00,0.014285714285714285
17-08 00:00,0.011904761904761904
17-08 01:00,0.009523809523809525
17-08 02:00,0.007142857142857143
17-08 03:00,0.007142857142857143
17-08 04:00,0.009523809523809525
17-08 05:00,0.014285714285714285
17-08 06:00,0.03333333333333333
17-08 07:00,0.03571428571428571
17-08 08:00,0.03333333333333333
17-08 09:00,0.02619047619047619
17-08 10:00,0.02142857142857143
17-08 11:00,0.014285714285714285
17-08 12:00,0.014285714285714285
17-08 13:00,0.011904761904761904
17-08 14:00,0.011904761904761904
17-08 15:00,0.011904761904761904
17-08 16:00,0.014285714285714285
17-08 17:00,0.014285714285714285
17-08 18:00,0.014285714285714285
17-08 19:00,0.014285714285714285
17-08 20:00,0.016666666666666666
17-08 21:00,0.01904761904761905
17-08 22:00,0.02142857142857143
17-08 23:00,0.016666666666666666
18-08 00:00,0.014285714285714285
18-08 01:00,0.011904761904761904
18-08 02:00,0.011904761904761904
18-08 03:00,0.009523809523809525
18-08 04:00,0.009523809523809525
18-08 05:00,0.011904761904761904
18-08 06:00,0.011904761904761904
18-08 07:00,0.01904761904761905
18-08 08:00,0.0380952380952381
18-08 09:00,0.04285714285714286
18-08 10:00,0.04285714285714286
18-08 11:00,0.0380952380952381
18-08 12:00,0.030952380952380953
18-08 13:00,0.02619047619047619
18-08 14:00,0.01904761904761905
18-08 15:00,0.016666666666666666
18-08 16:00,0.014285714285714285
18-08 17:00,0.01904761904761905
18-08 18:00,0.016666666666666666
18-08 19:00,0.01904761904761905
18-08 20:00,0.014285714285714285
18-08 21:00,0.01904761904761905
18-08 22:00,0.014285714285714285
18-08 23:00,0.014285714285714285
19-08 00:00,0.014285714285714285
19-08 01:00,0.011904761904761904
19-08 02:00,0.011904761904761904
19-08 03:00,0.009523809523809525
19-08 04:00,0.009523809523809525
19-08 05:00,0.009523809523809525
19-08 06:00,0.011904761904761904
19-08 07:00,0.01904761904761905
19-08 08:00,0.0380952380952381
19-08 09:00,0.04047619047619048
19-08 10:00,0.04285714285714286
19-08 11:00,0.03571428571428571
19-08 12:00,0.030952380952380953
19-08 13:00,0.023809523809523808
19-08 14:00,0.016666666666666666
19-08 15:00,0.014285714285714285
19-08 16:00,0.016666666666666666
19-08 17:00,0.016666666666666666
19-08 18:00,0.016666666666666666
19-08 19:00,0.016666666666666666
19-08 20:00,0.016666666666666666
19-08 21:00,0.016666666666666666
19-08 22:00,0.016666666666666666
19-08 23:00,0.014285714285714285
20-08 00:00,0.011904761904761904
20-08 01:00,0.009523809523809525
20-08 02:00,0.009523809523809525
20-08 03:00,0.007142857142857143
20-08 04:00,0.009523809523809525
20-08 05:00,0.014285714285714285
20-08 06:00,0.030952380952380953
20-08 07:00,0.03571428571428571
20-08 08:00,0.030952380952380953
20-08 09:00,0.02619047619047619
20-08 10:00,0.02142857142857143
20-08 11:00,0.016666666666666666
20-08 12:00,0.014285714285714285
20-08 13:00,0.011904761904761904
20-08 14:00,0.011904761904761904
20-08 15:00,0.011904761904761904
20-08 16:00,0.014285714285714285
20-08 17:00,0.014285714285714285
20-08 18:00,0.014285714285714285
20-08 19:00,0.014285714285714285
20-08 20:00,0.016666666666666666
20-08 21:00,0.01904761904761905
20-08 22:00,0.01904761904761905
20-08 23:00,0.014285714285714285
21-08 00:00,0.011904761904761904
21-08 01:00,0.009523809523809525
21-08 02:00,0.007142857142857143
21-08 03:00,0.007142857142857143
21-08 04:00,0.009523809523809525
21-08 05:00,0.014285714285714285
21-08 06:00,0.030952380952380953
21-08 07:00,0.03571428571428571
21-08 08:00,0.030952380952380953
21-08 09:00,0.02619047619047619
21-08 10:00,0.02142857142857143
21-08 11:00,0.01904761904761905
21-08 12:00,0.011904761904761904
21-08 13:00,0.011904761904761904
21-08 14:00,0.011904761904761904
21-08 15:00,0.011904761904761904
21-08 16:00,0.011904761904761904
21-08 17:00,0.014285714285714285
21-08 18:00,0.014285714285714285
21-08 19:00,0.014285714285714285
21-08 20:00,0.016666666666666666
21-08 21:00,0.01904761904761905
21-08 22:00,0.01904761904761905
21-08 23:00,0.016666666666666666
22-08 00:00,0.011904761904761904
22-08 01:00,0.009523809523809525
22-08 02:00,0.007142857142857143
22-08 03:00,0.007142857142857143
22-08 04:00,0.007142857142857143
22-08 05:00,0.014285714285714285
22-08 06:00,0.030952380952380953
22-08 07:00,0.03571428571428571
22-08 08:00,0.030952380952380953
22-08 09:00,0.02619047619047619
22-08 10:00,0.02142857142857143
22-08 11:00,0.016666666666666666
22-08 12:00,0.011904761904761904
22-08 13:00,0.011904761904761904
22-08 14:00,0.011904761904761904
22-08 15:00,0.011904761904761904
22-08 16:00,0.014285714285714285
22-08 17:00,0.014285714285714285
22-08 18:00,0.014285714285714285
22-08 19:00,0.014285714285714285
22-08 20:00,0.01904761904761905
22-08 21:00,0.01904761904761905
22-08 22:00,0.01904761904761905
22-08 23:00,0.016666666666666666
23-08 00:00,0.011904761904761904
23-08 01:00,0.009523809523809525
23-08 02:00,0.009523809523809525
23-08 03:00,0.009523809523809525
23-08 04:00,0.009523809523809525
23-08 05:00,0.014285714285714285
23-08 06:00,0.03333333333333333
23-08 07:00,0.0380952380952381
23-08 08:00,0.03571428571428571
23-08 09:00,0.02857142857142857
23-08 10:00,0.02142857142857143
23-08 11:00,0.016666666666666666
23-08 12:00,0.011904761904761904
23-08 13:00,0.011904761904761904
23-08 14:00,0.011904761904761904
23-08 15:00,0.011904761904761904
23-08 16:00,0.011904761904761904
23-08 17:00,0.014285714285714285
23-08 18:00,0.014285714285714285
23-08 19:00,0.016666666666666666
23-08 20:00,0.01904761904761905
23-08 21:00,0.01904761904761905
23-08 22:00,0.01904761904761905
23-08 23:00,0.016666666666666666
24-08 00:00,0.011904761904761904
24-08 01:00,0.009523809523809525
24-08 02:00,0.009523809523809525
24-08 03:00,0.007142857142857143
24-08 04:00,0.009523809523809525
24-08 05:00,0.016666666666666666
24-08 06:00,0.03333333333333333
24-08 07:00,0.03571428571428571
24-08 08:00,0.030952380952380953
24-08 09:00,0.02857142857142857
24-08 10:00,0.02142857142857143
24-08 11:00,0.014285714285714285
24-08 12:00,0.014285714285714285
24-08 13:00,0.011904761904761904
24-08 14:00,0.009523809523809525
24-08 15:00,0.011904761904761904
24-08 16:00,0.011904761904761904
24-08 17:00,0.014285714285714285
24-08 18:00,0.014285714285714285
24-08 19:00,0.016666666666666666
24-08 20:00,0.016666666666666666
24-08 21:00,0.01904761904761905
24-08 22:00,0.01904761904761905
24-08 23:00,0.014285714285714285
25-08 00:00,0.014285714285714285
25-08 01:00,0.011904761904761904
25-08 02:00,0.011904761904761904
25-08 03:00,0.011904761904761904
25-08 04:00,0.009523809523809525
25-08 05:00,0.011904761904761904
25-08 06:00,0.011904761904761904
25-08 07:00,0.01904761904761905
25-08 08:00,0.04047619047619048
25-08 09:00,0.04047619047619048
25-08 10:00,0.04285714285714286
25-08 11:00,0.04047619047619048
25-08 12:00,0.030952380952380953
25-08 13:00,0.02619047619047619
25-08 14:00,0.016666666666666666
25-08 15:00,0.014285714285714285
25-08 16:00,0.016666666666666666
25-08 17:00,0.016666666666666666
25-08 18:00,0.01904761904761905
25-08 19:00,0.01904761904761905
25-08 20:00,0.016666666666666666
25-08 21:00,0.016666666666666666
25-08 22:00,0.016666666666666666
25-08 23:00,0.016666666666666666
26-08 00:00,0.014285714285714285
26-08 01:00,0.011904761904761904
26-08 02:00,0.011904761904761904
26-08 03:00,0.011904761904761904
26-08 04:00,0.011904761904761904
26-08 05:00,0.011904761904761904
26-08 06:00,0.011904761904761904
26-08 07:00,0.01904761904761905
26-08 08:00,0.0380952380952381
26-08 09:00,0.04523809523809524
26-08 10:00,0.04285714285714286
26-08 11:00,0.03571428571428571
26-08 12:00,0.030952380952380953
26-08 13:00,0.02619047619047619
26-08 14:00,0.01904761904761905
26-08 15:00,0.016666666666666666
26-08 16:00,0.016666666666666666
26-08 17:00,0.016666666666666666
26-08 18:00,0.01904761904761905
26-08 19:00,0.01904761904761905
26-08 20:00,0.016666666666666666
26-08 21:00,0.014285714285714285
26-08 22:00,0.016666666666666666
26-08 23:00,0.016666666666666666
27-08 00:00,0.011904761904761904
27-08 01:00,0.009523809523809525
27-08 02:00,0.007142857142857143
27-08 03:00,0.009523809523809525
27-08 04:00,0.007142857142857143
27-08 05:00,0.014285714285714285
27-08 06:00,0.030952380952380953
27-08 07:00,0.03571428571428571
27-08 08:00,0.03333333333333333
27-08 09:00,0.02619047619047619
27-08 10:00,0.02142857142857143
27-08 11:00,0.014285714285714285
27-08 12:00,0.011904761904761904
27-08 13:00,0.011904761904761904
27-08 14:00,0.011904761904761904
27-08 15:00,0.011904761904761904
27-08 16:00,0.011904761904761904
27-08 17:00,0.014285714285714285
27-08 18:00,0.014285714285714285
27-08 19:00,0.016666666666666666
27-08 20:00,0.01904761904761905
27-08 21:00,0.01904761904761905
27-08 22:00,0.01904761904761905
27-08 23:00,0.014285714285714285
28-08 00:00,0.011904761904761904
28-08 01:00,0.009523809523809525
28-08 02:00,0.007142857142857143
28-08 03:00,0.007142857142857143
28-08 04:00,0.009523809523809525
28-08 05:00,0.014285714285714285
28-08 06:00,0.03571428571428571
28-08 07:00,0.0380952380952381
28-08 08:00,0.03333333333333333
28-08 09:00,0.02857142857142857
28-08 10:00,0.02142857142857143
28-08 11:00,0.016666666666666666
28-08 12:00,0.011904761904761904
28-08 13:00,0.011904761904761904
28-08 14:00,0.011904761904761904
28-08 15:00,0.011904761904761904
28-08 16:00,0.011904761904761904
28-08 17:00,0.014285714285714285
28-08 18:00,0.014285714285714285
28-08 19:00,0.014285714285714285
28-08 20:00,0.01904761904761905
28-08 21:00,0.01904761904761905
28-08 22:00,0.02142857142857143
28-08 23:00,0.014285714285714285
29-08 00:00,0.011904761904761904
29-08 01:00,0.009523809523809525
29-08 02:00,0.007142857142857143
29-08 03:00,0.007142857142857143
29-08 04:00,0.009523809523809525
29-08 05:00,0.014285714285714285
29-08 06:00,0.03333333333333333
29-08 07:00,0.03571428571428571
29-08 08:00,0.03571428571428571
29-08 09:00,0.02619047619047619
29-08 10:00,0.02142857142857143
29-08 11:00,0.01904761904761905
29-08 12:00,0.014285714285714285
29-08 13:00,0.011904761904761904
29-08 14:00,0.011904761904761904
29-08 15:00,0.009523809523809525
29-08 16:00,0.014285714285714285
29-08 17:00,0.014285714285714285
29-08 18:00,0.014285714285714285
29-08 19:00,0.016666666666666666
29-08 20:00,0.016666666666666666
29-08 21:00,0.01904761904761905
29-08 22:00,0.01904761904761905
29-08 23:00,0.014285714285714285
30-08 00:00,0.011904761904761904
30-08 01:00,0.011904761904761904
30-08 02:00,0.009523809523809525
30-08 03:00,0.007142857142857143
30-08 04:00,0.007142857142857143
30-08 05:00,0.014285714285714285
30-08 06:00,0.030952380952380953
30-08 07:00,0.0380952380952381
30-08 08:00,0.03333333333333333
30-08 09:00,0.02619047619047619
30-08 10:00,0.02142857142857143
30-08 11:00,0.016666666666666666
30-08 12:00,0.014285714285714285
30-08 13:00,0.009523809523809525
30-08 14:00,0.011904761904761904
30-08 15:00,0.011904761904761904
30-08 16:00,0.014285714285714285
30-08 17:00,0.011904761904761904
30-08 18:00,0.014285714285714285
30-08 19:00,0.016666666666666666
30-08 20:00,0.01904761904761905
30-08 21:00,0.01904761904761905
30-08 22:00,0.01904761904761905
30-08 23:00,0.014285714285714285
31-08 00:00,0.011904761904761904
31-08 01:00,0.009523809523809525
31-08 02:00,0.009523809523809525
31-08 03:00,0.007142857142857143
31-08 04:00,0.007142857142857143
31-08 05:00,0.014285714285714285
31-08 06:00,0.02857142857142857
31-08 07:00,0.0380952380952381
31-08 08:00,0.03333333333333333
31-08 09:00,0.02619047619047619
31-08 10:00,0.02142857142857143
31-08 11:00,0.016666666666666666
31-08 12:00,0.014285714285714285
31-08 13:00,0.011904761904761904
31-08 14:00,0.011904761904761904
31-08 15:00,0.011904761904761904
31-08 16:00,0.014285714285714285
31-08 17:00,0.014285714285714285
31-08 18:00,0.014285714285714285
31-08 19:00,0.016666666666666666
31-08 20:00,0.01904761904761905
31-08 21:00,0.016666666666666666
31-08 22:00,0.02142857142857143
31-08 23:00,0.014285714285714285
01-09 00:00,0.014285714285714285
01-09 01:00,0.011904761904761904
01-09 02:00,0.011904761904761904
01-09 03:00,0.009523809523809525
01-09 04:00,0.009523809523809525
01-09 05:00,0.009523809523809525
01-09 06:00,0.011904761904761904
01-09 07:00,0.01904761904761905
01-09 08:00,0.04047619047619048
01-09 09:00,0.04285714285714286
01-09 10:00,0.04047619047619048
01-09 11:00,0.04047619047619048
01-09 12:00,0.03333333333333333
01-09 13:00,0.02857142857142857
01-09 14:00,0.01904761904761905
01-09 15:00,0.014285714285714285
01-09 16:00,0.016666666666666666
01-09 17:00,0.014285714285714285
01-09 18:00,0.01904761904761905
01-09 19:00,0.01904761904761905
01-09 20:00,0.016666666666666666
01-09 21:00,0.016666666666666666
01-09 22:00,0.016666666666666666
01-09 23:00,0.016666666666666666
02-09 00:00,0.014285714285714285
02-09 01:00,0.011904761904761904
02-09 02:00,0.011904761904761904
02-09 03:00,0.011904761904761904
02-09 04:00,0.011904761904761904
02-09 05:00,0.011904761904761904
02-09 06:00,0.011904761904761904
02-09 07:00,0.02142857142857143
02-09 08:00,0.0380952380952381
02-09 09:00,0.04285714285714286
02-09 10:00,0.04285714285714286
02-09 11:00,0.04047619047619048
02-09 12:00,0.03333333333333333
02-09 13:00,0.02619047619047619
02-09 14:00,0.01904761904761905
02-09 15:00,0.014285714285714285
02-09 16:00,0.016666666666666666
02-09 17:00,0.016666666666666666
02-09 18:00,0.01904761904761905
02-09 19:00,0.01904761904761905
02-09 20:00,0.016666666666666666
02-09 21:00,0.016666666666666666
02-09 22:00,0.016666666666666666
02-09 23:00,0.016666666666666666
03-09 00:00,0.011904761904761904
03-09 01:00,0.009523809523809525
03-09 02:00,0.009523809523809525
03-09 03:00,0.009523809523809525
03-09 04:00,0.009523809523809525
03-09 05:00,0.014285714285714285
03-09 06:00,0.030952380952380953
03-09 07:00,0.03571428571428571
03-09 08:00,0.03571428571428571
03-09 09:00,0.02619047619047619
03-09 10:00,0.02142857142857143
03-09 11:00,0.016666666666666666
03-09 12:00,0.014285714285714285
03-09 13:00,0.011904761904761904
03-09 14:00,0.011904761904761904
03-09 15:00,0.014285714285714285
03-09 16:00,0.014285714285714285
03-09 17:00,0.014285714285714285
03-09 18:00,0.014285714285714285
03-09 19:00,0.016666666666666666
03-09 20:00,0.016666666666666666
03-09 21:00,0.01904761904761905
03-09 22:00,0.02142857142857143
03-09 23:00,0.014285714285714285
04-09 00:00,0.011904761904761904
04-09 01:00,0.009523809523809525
04-09 02:00,0.009523809523809525
04-09 03:00,0.007142857142857143
04-09 04:00,0.007142857142857143
04-09 05:00,0.014285714285714285
04-09 06:00,0.03333333333333333
04-09 07:00,0.04047619047619048
04-09 08:00,0.03571428571428571
04-09 09:00,0.02857142857142857
04-09 10:00,0.02142857142857143
04-09 11:00,0.016666666666666666
04-09 12:00,0.014285714285714285
04-09 13:00,0.014285714285714285
04-09 14:00,0.011904761904761904
04-09 15:00,0.011904761904761904
04-09 16:00,0.014285714285714285
04-09 17:00,0.014285714285714285
04-09 18:00,0.014285714285714285
04-09 19:00,0.016666666666666666
04-09 20:00,0.01904761904761905
04-09 21:00,0.01904761904761905
04-09 22:00,0.01904761904761905
04-09 23:00,0.016666666666666666
05-09 00:00,0.011904761904761904
05-09 01:00,0.009523809523809525
05-09 02:00,0.007142857142857143
05-09 03:00,0.007142857142857143
05-09 04:00,0.009523809523809525
05-09 05:00,0.014285714285714285
05-09 06:00,0.03333333333333333
05-09 07:00,0.0380952380952381
05-09 08:00,0.03571428571428571
05-09 09:00,0.02857142857142857
05-09 10:00,0.02142857142857143
05-09 11:00,0.016666666666666666
05-09 12:00,0.011904761904761904
05-09 13:00,0.011904761904761904
05-09 14:00,0.011904761904761904
05-09 15:00,0.014285714285714285
05-09 16:00,0.011904761904761904
05-09 17:00,0.014285714285714285
05-09 18:00,0.014285714285714285
05-09 19:00,0.016666666666666666
05-09 20:00,0.01904761904761905
05-09 21:00,0.01904761904761905
05-09 22:00,0.01904761904761905
05-09 23:00,0.016666666666666666
06-09 00:00,0.011904761904761904
06-09 01:00,0.009523809523809525
06-09 02:00,0.009523809523809525
06-09 03:00,0.007142857142857143
06-09 04:00,0.009523809523809525
06-09 05:00,0.014285714285714285
06-09 06:00,0.030952380952380953
06-09 07:00,0.0380952380952381
06-09 08:00,0.03571428571428571
06-09 09:00,0.02619047619047619
06-09 10:00,0.02142857142857143
06-09 11:00,0.016666666666666666
06-09 12:00,0.014285714285714285
06-09 13:00,0.011904761904761904
06-09 14:00,0.011904761904761904
06-09 15:00,0.011904761904761904
06-09 16:00,0.011904761904761904
06-09 17:00,0.014285714285714285
06-09 18:00,0.014285714285714285
06-09 19:00,0.016666666666666666
06-09 20:00,0.016666666666666666
06-09 21:00,0.01904761904761905
06-09 22:00,0.01904761904761905
06-09 23:00,0.016666666666666666
07-09 00:00,0.011904761904761904
07-09 01:00,0.009523809523809525
07-09 02:00,0.009523809523809525
07-09 03:00,0.009523809523809525
07-09 04:00,0.009523809523809525
07-09 05:00,0.016666666666666666
07-09 06:00,0.03333333333333333
07-09 07:00,0.03571428571428571
07-09 08:00,0.03333333333333333
07-09 09:00,0.02619047619047619
07-09 10:00,0.02142857142857143
07-09 11:00,0.01904761904761905
07-09 12:00,0.014285714285714285
07-09 13:00,0.011904761904761904
07-09 14:00,0.011904761904761904
07-09 15:00,0.011904761904761904
07-09 16:00,0.014285714285714285
07-09 17:00,0.014285714285714285
07-09 18:00,0.014285714285714285
07-09 19:00,0.016666666666666666
07-09 20:00,0.01904761904761905
07-09 21:00,0.01904761904761905
07-09 22:00,0.01904761904761905
07-09 23:00,0.016666666666666666
08-09 00:00,0.014285714285714285
08-09 01:00,0.011904761904761904
08-09 02:00,0.011904761904761904
08-09 03:00,0.011904761904761904
08-09 04:00,0.009523809523809525
08-09 05:00,0.011904761904761904
08-09 06:00,0.011904761904761904
08-09 07:00,0.01904761904761905
08-09 08:00,0.04047619047619048
08-09 09:00,0.04047619047619048
08-09 10:00,0.0380952380952381
08-09 11:00,0.0380952380952381
08-09 12:00,0.03333333333333333
08-09 13:00,0.02619047619047619
08-09 14:00,0.01904761904761905
08-09 15:00,0.014285714285714285
08-09 16:00,0.016666666666666666
08-09 17:00,0.016666666666666666
08-09 18:00,0.01904761904761905
08-09 19:00,0.01904761904761905
08-09 20:00,0.016666666666666666
08-09 21:00,0.016666666666666666
08-09 22:00,0.016666666666666666
08-09 23:00,0.016666666666666666
09-09 00:00,0.014285714285714285
09-09 01:00,0.011904761904761904
09-09 02:00,0.011904761904761904
09-09 03:00,0.009523809523809525
09-09 04:00,0.011904761904761904
09-09 05:00,0.011904761904761904
09-09 06:00,0.011904761904761904
09-09 07:00,0.02142857142857143
09-09 08:00,0.04285714285714286
09-09 09:00,0.04285714285714286
09-09 10:00,0.04523809523809524
09-09 11:00,0.04047619047619048
09-09 12:00,0.03333333333333333
09-09 13:00,0.02857142857142857
09-09 14:00,0.01904761904761905
09-09 15:00,0.014285714285714285
09-09 16:00,0.016666666666666666
09-09 17:00,0.01904761904761905
09-09 18:00,0.01904761904761905
09-09 19:00,0.01904761904761905
09-09 20:00,0.016666666666666666
09-09 21:00,0.016666666666666666
09-09 22:00,0.016666666666666666
09-09 23:00,0.016666666666666666
10-09 00:00,0.011904761904761904
10-09 01:00,0.009523809523809525
10-09 02:00,0.009523809523809525
10-09 03:00,0.007142857142857143
10-09 04:00,0.009523809523809525
10-09 05:00,0.014285714285714285
10-09 06:00,0.03571428571428571
10-09 07:00,0.0380952380952381
10-09 08:00,0.03571428571428571
10-09 09:00,0.02857142857142857
10-09 10:00,0.02142857142857143
10-09 11:00,0.016666666666666666
10-09 12:00,0.011904761904761904
10-09 13:00,0.011904761904761904
10-09 14:00,0.011904761904761904
10-09 15:00,0.011904761904761904
10-09 16:00,0.014285714285714285
10-09 17:00,0.014285714285714285
10-09 18:00,0.014285714285714285
10-09 19:00,0.016666666666666666
10-09 20:00,0.01904761904761905
10-09 21:00,0.01904761904761905
10-09 22:00,0.02142857142857143
10-09 23:00,0.016666666666666666
11-09 00:00,0.011904761904761904
11-09 01:00,0.009523809523809525
11-09 02:00,0.009523809523809525
11-09 03:00,0.009523809523809525
11-09 04:00,0.007142857142857143
11-09 05:00,0.014285714285714285
11-09 06:00,0.03571428571428571
11-09 07:00,0.03571428571428571
11-09 08:00,0.03571428571428571
11-09 09:00,0.02857142857142857
11-09 10:00,0.02142857142857143
11-09 11:00,0.016666666666666666
11-09 12:00,0.014285714285714285
11-09 13:00,0.011904761904761904
11-09 14:00,0.011904761904761904
11-09 15:00,0.011904761904761904
11-09 16:00,0.011904761904761904
11-09 17:00,0.014285714285714285
11-09 18:00,0.016666666666666666
11-09 19:00,0.014285714285714285
11-09 20:00,0.01904761904761905
11-09 21:00,0.02142857142857143
11-09 22:00,0.02142857142857143
11-09 23:00,0.014285714285714285
12-09 00:00,0.011904761904761904
12-09 01:00,0.011904761904761904
12-09 02:00,0.007142857142857143
12-09 03:00,0.007142857142857143
12-09 04:00,0.009523809523809525
12-09 05:00,0.014285714285714285
12-09 06:00,0.03333333333333333
12-09 07:00,0.04047619047619048
12-09 08:00,0.03333333333333333
12-09 09:00,0.02857142857142857
12-09 10:00,0.02142857142857143
12-09 11:00,0.016666666666666666
12-09 12:00,0.011904761904761904
12-09 13:00,0.011904761904761904
12-09 14:00,0.011904761904761904
12-09 15:00,0.011904761904761904
12-09 16:00,0.014285714285714285
12-09 17:00,0.014285714285714285
12-09 18:00,0.016666666666666666
12-09 19:00,0.016666666666666666
12-09 20:00,0.01904761904761905
12-09 21:00,0.01904761904761905
12-09 22:00,0.02142857142857143
12-09 23:00,0.016666666666666666
13-09 00:00,0.011904761904761904
13-09 01:00,0.011904761904761904
13-09 02:00,0.009523809523809525
13-09 03:00,0.009523809523809525
13-09 04:00,0.009523809523809525
13-09 05:00,0.014285714285714285
13-09 06:00,0.03333333333333333
13-09 07:00,0.0380952380952381
13-09 08:00,0.03333333333333333
13-09 09:00,0.02857142857142857
13-09 10:00,0.023809523809523808
13-09 11:00,0.016666666666666666
13-09 12:00,0.014285714285714285
13-09 13:00,0.011904761904761904
13-09 14:00,0.011904761904761904
13-09 15:00,0.011904761904761904
13-09 16:00,0.011904761904761904
13-09 17:00,0.014285714285714285
13-09 18:00,0.014285714285714285
13-09 19:00,0.016666666666666666
13-09 20:00,0.01904761904761905
13-09 21:00,0.01904761904761905
13-09 22:00,0.01904761904761905
13-09 23:00,0.014285714285714285
14-09 00:00,0.011904761904761904
14-09 01:00,0.011904761904761904
14-09 02:00,0.009523809523809525
14-09 03:00,0.009523809523809525
14-09 04:00,0.009523809523809525
14-09 05:00,0.014285714285714285
14-09 06:00,0.03571428571428571
14-09 07:00,0.0380952380952381
14-09 08:00,0.03333333333333333
14-09 09:00,0.02857142857142857
14-09 10:00,0.02142857142857143
14-09 11:00,0.016666666666666666
14-09 12:00,0.011904761904761904
14-09 13:00,0.011904761904761904
14-09 14:00,0.011904761904761904
14-09 15:00,0.011904761904761904
14-09 16:00,0.011904761904761904
14-09 17:00,0.014285714285714285
14-09 18:00,0.016666666666666666
14-09 19:00,0.016666666666666666
14-09 20:00,0.01904761904761905
14-09 21:00,0.01904761904761905
14-09 22:00,0.01904761904761905
14-09 23:00,0.016666666666666666
15-09 00:00,0.014285714285714285
15-09 01:00,0.014285714285714285
15-09 02:00,0.011904761904761904
15-09 03:00,0.009523809523809525
15-09 04:00,0.011904761904761904
15-09 05:00,0.011904761904761904
15-09 06:00,0.011904761904761904
15-09 07:00,0.02142857142857143
15-09 08:00,0.04047619047619048
15-09 09:00,0.04523809523809524
15-09 10:00,0.04047619047619048
15-09 11:00,0.04047619047619048
15-09 12:00,0.03333333333333333
15-09 13:00,0.02619047619047619
15-09 14:00,0.016666666666666666
15-09 15:00,0.016666666666666666
15-09 16:00,0.016666666666666666
15-09 17:00,0.016666666666666666
15-09 18:00,0.01904761904761905
15-09 19:00,0.01904761904761905
15-09 20:00,0.01904761904761905
15-09 21:00,0.016666666666666666
15-09 22:00,0.016666666666666666
15-09 23:00,0.016666666666666666
16-09 00:00,0.014285714285714285
16-09 01:00,0.014285714285714285
16-09 02:00,0.011904761904761904
16-09 03:00,0.011904761904761904
16-09 04:00,0.011904761904761904
16-09 05:00,0.011904761904761904
16-09 06:00,0.011904761904761904
16-09 07:00,0.02142857142857143
16-09 08:00,0.0380952380952381
16-09 09:00,0.047619047619047616
16-09 10:00,0.04523809523809524
16-09 11:00,0.03333333333333333
16-09 12:00,0.03571428571428571
16-09 13:00,0.02619047619047619
16-09 14:00,0.01904761904761905
16-09 15:00,0.016666666666666666
16-09 16:00,0.016666666666666666
16-09 17:00,0.016666666666666666
16-09 18:00,0.01904761904761905
16-09 19:00,0.016666666666666666
16-09 20:00,0.016666666666666666
16-09 21:00,0.016666666666666666
16-09 22:00,0.01904761904761905
16-09 23:00,0.016666666666666666
17-09 00:00,0.011904761904761904
17-09 01:00,0.009523809523809525
17-09 02:00,0.009523809523809525
17-09 03:00,0.007142857142857143
17-09 04:00,0.007142857142857143
17-09 05:00,0.014285714285714285
17-09 06:00,0.03571428571428571
17-09 07:00,0.0380952380952381
17-09 08:00,0.03333333333333333
17-09 09:00,0.02619047619047619
17-09 10:00,0.02142857142857143
17-09 11:00,0.01904761904761905
17-09 12:00,0.014285714285714285
17-09 13:00,0.011904761904761904
17-09 14:00,0.011904761904761904
17-09 15:00,0.011904761904761904
17-09 16:00,0.014285714285714285
17-09 17:00,0.014285714285714285
17-09 18:00,0.014285714285714285
17-09 19:00,0.016666666666666666
17-09 20:00,0.016666666666666666
17-09 21:00,0.01904761904761905
17-09 22:00,0.01904761904761905
17-09 23:00,0.016666666666666666
18-09 00:00,0.011904761904761904
18-09 01:00,0.009523809523809525
18-09 02:00,0.009523809523809525
18-09 03:00,0.007142857142857143
18-09 04:00,0.009523809523809525
18-09 05:00,0.014285714285714285
18-09 06:00,0.03333333333333333
18-09 07:00,0.0380952380952381
18-09 08:00,0.03333333333333333
18-09 09:00,0.02619047619047619
18-09 10:00,0.02142857142857143
18-09 11:00,0.016666666666666666
18-09 12:00,0.014285714285714285
18-09 13:00,0.011904761904761904
18-09 14:00,0.011904761904761904
18-09 15:00,0.011904761904761904
18-09 16:00,0.014285714285714285
18-09 17:00,0.014285714285714285
18-09 18:00,0.014285714285714285
18-09 19:00,0.016666666666666666
18-09 20:00,0.01904761904761905
18-09 21:00,0.01904761904761905
18-09 22:00,0.02142857142857143
18-09 23:00,0.016666666666666666
19-09 00:00,0.011904761904761904
19-09 01:00,0.011904761904761904
19-09 02:00,0.009523809523809525
19-09 03:00,0.007142857142857143
19-09 04:00,0.009523809523809525
19-09 05:00,0.014285714285714285
19-09 06:00,0.03571428571428571
19-09 07:00,0.0380952380952381
19-09 08:00,0.03333333333333333
19-09 09:00,0.02857142857142857
19-09 10:00,0.023809523809523808
19-09 11:00,0.016666666666666666
19-09 12:00,0.011904761904761904
19-09 13:00,0.011904761904761904
19-09 14:00,0.011904761904761904
19-09 15:00,0.011904761904761904
19-09 16:00,0.014285714285714285
19-09 17:00,0.014285714285714285
19-09 18:00,0.014285714285714285
19-09 19:00,0.016666666666666666
19-09 20:00,0.01904761904761905
19-09 21:00,0.01904761904761905
19-09 22:00,0.01904761904761905
19-09 23:00,0.014285714285714285
20-09 00:00,0.011904761904761904
20-09 01:00,0.009523809523809525
20-09 02:00,0.007142857142857143
20-09 03:00,0.009523809523809525
20-09 04:00,0.009523809523809525
20-09 05:00,0.014285714285714285
20-09 06:00,0.03571428571428571
20-09 07:00,0.0380952380952381
20-09 08:00,0.03571428571428571
20-09 09:00,0.02857142857142857
20-09 10:00,0.023809523809523808
20-09 11:00,0.016666666666666666
20-09 12:00,0.014285714285714285
20-09 13:00,0.011904761904761904
20-09 14:00,0.011904761904761904
20-09 15:00,0.011904761904761904
20-09 16:00,0.014285714285714285
20-09 17:00,0.014285714285714285
20-09 18:00,0.016666666666666666
20-09 19:00,0.016666666666666666
20-09 20:00,0.01904761904761905
20-09 21:00,0.01904761904761905
20-09 22:00,0.02142857142857143
20-09 23:00,0.016666666666666666
21-09 00:00,0.011904761904761904
21-09 01:00,0.009523809523809525
21-09 02:00,0.009523809523809525
21-09 03:00,0.009523809523809525
21-09 04:00,0.009523809523809525
21-09 05:00,0.016666666666666666
21-09 06:00,0.03571428571428571
21-09 07:00,0.04047619047619048
21-09 08:00,0.03571428571428571
21-09 09:00,0.02857142857142857
21-09 10:00,0.023809523809523808
21-09 11:00,0.016666666666666666
21-09 12:00,0.014285714285714285
21-09 13:00,0.011904761904761904
21-09 14:00,0.011904761904761904
21-09 15:00,0.011904761904761904
21-09 16:00,0.014285714285714285
21-09 17:00,0.014285714285714285
21-09 18:00,0.014285714285714285
21-09 19:00,0.016666666666666666
21-09 20:00,0.01904761904761905
21-09 21:00,0.01904761904761905
21-09 22:00,0.01904761904761905
21-09 23:00,0.016666666666666666
22-09 00:00,0.014285714285714285
22-09 01:00,0.014285714285714285
22-09 02:00,0.011904761904761904
22-09 03:00,0.011904761904761904
22-09 04:00,0.009523809523809525
22-09 05:00,0.011904761904761904
22-09 06:00,0.014285714285714285
22-09 07:00,0.02142857142857143
22-09 08:00,0.04047619047619048
22-09 09:00,0.04523809523809524
22-09 10:00,0.04285714285714286
22-09 11:00,0.0380952380952381
22-09 12:00,0.03571428571428571
22-09 13:00,0.02619047619047619
22-09 14:00,0.01904761904761905
22-09 15:00,0.016666666666666666
22-09 16:00,0.016666666666666666
22-09 17:00,0.01904761904761905
22-09 18:00,0.01904761904761905
22-09 19:00,0.016666666666666666
22-09 20:00,0.016666666666666666
22-09 21:00,0.016666666666666666
22-09 22:00,0.016666666666666666
22-09 23:00,0.014285714285714285
23-09 00:00,0.011904761904761904
23-09 01:00,0.014285714285714285
23-09 02:00,0.011904761904761904
23-09 03:00,0.011904761904761904
23-09 04:00,0.011904761904761904
23-09 05:00,0.009523809523809525
23-09 06:00,0.011904761904761904
23-09 07:00,0.02142857142857143
23-09 08:00,0.04285714285714286
23-09 09:00,0.04523809523809524
23-09 10:00,0.04523809523809524
23-09 11:00,0.04047619047619048
23-09 12:00,0.03571428571428571
23-09 13:00,0.02857142857142857
23-09 14:00,0.01904761904761905
23-09 15:00,0.014285714285714285
23-09 16:00,0.016666666666666666
23-09 17:00,0.01904761904761905
23-09 18:00,0.01904761904761905
23-09 19:00,0.01904761904761905
23-09 20:00,0.016666666666666666
23-09 21:00,0.016666666666666666
23-09 22:00,0.01904761904761905
23-09 23:00,0.016666666666666666
24-09 00:00,0.011904761904761904
24-09 01:00,0.011904761904761904
24-09 02:00,0.007142857142857143
24-09 03:00,0.009523809523809525
24-09 04:00,0.009523809523809525
24-09 05:00,0.014285714285714285
24-09 06:00,0.03333333333333333
24-09 07:00,0.04047619047619048
24-09 08:00,0.03333333333333333
24-09 09:00,0.02857142857142857
24-09 10:00,0.02142857142857143
24-09 11:00,0.016666666666666666
24-09 12:00,0.014285714285714285
24-09 13:00,0.011904761904761904
24-09 14:00,0.011904761904761904
24-09 15:00,0.011904761904761904
24-09 16:00,0.011904761904761904
24-09 17:00,0.014285714285714285
24-09 18:00,0.016666666666666666
24-09 19:00,0.016666666666666666
24-09 20:00,0.01904761904761905
24-09 21:00,0.02142857142857143
24-09 22:00,0.02142857142857143
24-09 23:00,0.014285714285714285
25-09 00:00,0.011904761904761904
25-09 01:00,0.011904761904761904
25-09 02:00,0.009523809523809525
25-09 03:00,0.009523809523809525
25-09 04:00,0.009523809523809525
25-09 05:00,0.014285714285714285
25-09 06:00,0.03571428571428571
25-09 07:00,0.04047619047619048
25-09 08:00,0.03571428571428571
25-09 09:00,0.030952380952380953
25-09 10:00,0.02142857142857143
25-09 11:00,0.01904761904761905
25-09 12:00,0.014285714285714285
25-09 13:00,0.011904761904761904
25-09 14:00,0.011904761904761904
25-09 15:00,0.011904761904761904
25-09 16:00,0.014285714285714285
25-09 17:00,0.014285714285714285
25-09 18:00,0.016666666666666666
25-09 19:00,0.016666666666666666
25-09 20:00,0.01904761904761905
25-09 21:00,0.01904761904761905
25-09 22:00,0.01904761904761905
25-09 23:00,0.016666666666666666
26-09 00:00,0.011904761904761904
26-09 01:00,0.009523809523809525
26-09 02:00,0.007142857142857143
26-09 03:00,0.009523809523809525
26-09 04:00,0.009523809523809525
26-09 05:00,0.014285714285714285
26-09 06:00,0.03571428571428571
26-09 07:00,0.0380952380952381
26-09 08:00,0.030952380952380953
26-09 09:00,0.02857142857142857
26-09 10:00,0.02142857142857143
26-09 11:00,0.01904761904761905
26-09 12:00,0.014285714285714285
26-09 13:00,0.011904761904761904
26-09 14:00,0.011904761904761904
26-09 15:00,0.011904761904761904
26-09 16:00,0.014285714285714285
26-09 17:00,0.014285714285714285
26-09 18:00,0.014285714285714285
26-09 19:00,0.016666666666666666
26-09 20:00,0.01904761904761905
26-09 21:00,0.01904761904761905
26-09 22:00,0.02142857142857143
26-09 23:00,0.014285714285714285
27-09 00:00,0.014285714285714285
27-09 01:00,0.009523809523809525
27-09 02:00,0.009523809523809525
27-09 03:00,0.009523809523809525
27-09 04:00,0.009523809523809525
27-09 05:00,0.016666666666666666
27-09 06:00,0.03333333333333333
27-09 07:00,0.04047619047619048
27-09 08:00,0.03571428571428571
27-09 09:00,0.02857142857142857
27-09 10:00,0.023809523809523808
27-09 11:00,0.01904761904761905
27-09 12:00,0.014285714285714285
27-09 13:00,0.014285714285714285
27-09 14:00,0.011904761904761904
27-09 15:00,0.011904761904761904
27-09 16:00,0.014285714285714285
27-09 17:00,0.014285714285714285
27-09 18:00,0.014285714285714285
27-09 19:00,0.016666666666666666
27-09 20:00,0.01904761904761905
27-09 21:00,0.01904761904761905
27-09 22:00,0.01904761904761905
27-09 23:00,0.016666666666666666
28-09 00:00,0.011904761904761904
28-09 01:00,0.011904761904761904
28-09 02:00,0.009523809523809525
28-09 03:00,0.007142857142857143
28-09 04:00,0.007142857142857143
28-09 05:00,0.014285714285714285
28-09 06:00,0.03571428571428571
28-09 07:00,0.04047619047619048
28-09 08:00,0.0380952380952381
28-09 09:00,0.02857142857142857
28-09 10:00,0.023809523809523808
28-09 11:00,0.014285714285714285
28-09 12:00,0.014285714285714285
28-09 13:00,0.011904761904761904
28-09 14:00,0.011904761904761904
28-09 15:00,0.014285714285714285
28-09 16:00,0.014285714285714285
28-09 17:00,0.014285714285714285
28-09 18:00,0.014285714285714285
28-09 19:00,0.014285714285714285
28-09 20:00,0.016666666666666666
28-09 21:00,0.01904761904761905
28-09 22:00,0.02142857142857143
28-09 23:00,0.01904761904761905
29-09 00:00,0.016666666666666666
29-09 01:00,0.011904761904761904
29-09 02:00,0.011904761904761904
29-09 03:00,0.011904761904761904
29-09 04:00,0.011904761904761904
29-09 05:00,0.011904761904761904
29-09 06:00,0.011904761904761904
29-09 07:00,0.02142857142857143
29-09 08:00,0.0380952380952381
29-09 09:00,0.04285714285714286
29-09 10:00,0.04285714285714286
29-09 11:00,0.03571428571428571
29-09 12:00,0.03333333333333333
29-09 13:00,0.02857142857142857
29-09 14:00,0.01904761904761905
29-09 15:00,0.016666666666666666
29-09 16:00,0.016666666666666666
29-09 17:00,0.016666666666666666
29-09 18:00,0.01904761904761905
29-09 19:00,0.01904761904761905
29-09 20:00,0.016666666666666666
29-09 21:00,0.016666666666666666
29-09 22:00,0.016666666666666666
29-09 23:00,0.016666666666666666
30-09 00:00,0.014285714285714285
30-09 01:00,0.014285714285714285
30-09 02:00,0.011904761904761904
30-09 03:00,0.009523809523809525
30-09 04:00,0.011904761904761904
30-09 05:00,0.011904761904761904
30-09 06:00,0.011904761904761904
30-09 07:00,0.02142857142857143
30-09 08:00,0.0380952380952381
30-09 09:00,0.04523809523809524
30-09 10:00,0.04285714285714286
30-09 11:00,0.04285714285714286
30-09 12:00,0.03571428571428571
30-09 13:00,0.02857142857142857
30-09 14:00,0.01904761904761905
30-09 15:00,0.014285714285714285
30-09 16:00,0.016666666666666666
30-09 17:00,0.01904761904761905
30-09 18:00,0.01904761904761905
30-09 19:00,0.01904761904761905
30-09 20:00,0.016666666666666666
30-09 21:00,0.01904761904761905
30-09 22:00,0.01904761904761905
30-09 23:00,0.016666666666666666
01-10 00:00,0.011904761904761904
01-10 01:00,0.011904761904761904
01-10 02:00,0.009523809523809525
01-10 03:00,0.007142857142857143
01-10 04:00,0.009523809523809525
01-10 05:00,0.016666666666666666
01-10 06:00,0.03571428571428571
01-10 07:00,0.0380952380952381
01-10 08:00,0.03333333333333333
01-10 09:00,0.02857142857142857
01-10 10:00,0.02142857142857143
01-10 11:00,0.016666666666666666
01-10 12:00,0.014285714285714285
01-10 13:00,0.014285714285714285
01-10 14:00,0.011904761904761904
01-10 15:00,0.011904761904761904
01-10 16:00,0.014285714285714285
01-10 17:00,0.014285714285714285
01-10 18:00,0.014285714285714285
01-10 19:00,0.014285714285714285
01-10 20:00,0.01904761904761905
01-10 21:00,0.01904761904761905
01-10 22:00,0.02142857142857143
01-10 23:00,0.016666666666666666
02-10 00:00,0.011904761904761904
02-10 01:00,0.011904761904761904
02-10 02:00,0.009523809523809525
02-10 03:00,0.007142857142857143
02-10 04:00,0.009523809523809525
02-10 05:00,0.016666666666666666
02-10 06:00,0.03333333333333333
02-10 07:00,0.04047619047619048
02-10 08:00,0.03333333333333333
02-10 09:00,0.030952380952380953
02-10 10:00,0.02142857142857143
02-10 11:00,0.016666666666666666
02-10 12:00,0.014285714285714285
02-10 13:00,0.011904761904761904
02-10 14:00,0.011904761904761904
02-10 15:00,0.011904761904761904
02-10 16:00,0.014285714285714285
02-10 17:00,0.014285714285714285
02-10 18:00,0.014285714285714285
02-10 19:00,0.016666666666666666
02-10 20:00,0.01904761904761905
02-10 21:00,0.01904761904761905
02-10 22:00,0.01904761904761905
02-10 23:00,0.016666666666666666
03-10 00:00,0.014285714285714285
03-10 01:00,0.011904761904761904
03-10 02:00,0.011904761904761904
03-10 03:00,0.011904761904761904
03-10 04:00,0.009523809523809525
03-10 05:00,0.011904761904761904
03-10 06:00,0.014285714285714285
03-10 07:00,0.02142857142857143
03-10 08:00,0.04285714285714286
03-10 09:00,0.04523809523809524
03-10 10:00,0.04523809523809524
03-10 11:00,0.0380952380952381
03-10 12:00,0.03571428571428571
03-10 13:00,0.02619047619047619
03-10 14:00,0.01904761904761905
03-10 15:00,0.01904761904761905
03-10 16:00,0.01904761904761905
03-10 17:00,0.016666666666666666
03-10 18:00,0.01904761904761905
03-10 19:00,0.01904761904761905
03-10 20:00,0.016666666666666666
03-10 21:00,0.01904761904761905
03-10 22:00,0.01904761904761905
03-10 23:00,0.016666666666666666
04-10 00:00,0.011904761904761904
04-10 01:00,0.011904761904761904
04-10 02:00,0.009523809523809525
04-10 03:00,0.007142857142857143
04-10 04:00,0.009523809523809525
04-10 05:00,0.016666666666666666
04-10 06:00,0.03571428571428571
04-10 07:00,0.0380952380952381
04-10 08:00,0.03571428571428571
04-10 09:00,0.02857142857142857
04-10 10:00,0.023809523809523808
04-10 11:00,0.01904761904761905
04-10 12:00,0.014285714285714285
04-10 13:00,0.011904761904761904
04-10 14:00,0.011904761904761904
04-10 15:00,0.014285714285714285
04-10 16:00,0.014285714285714285
04-10 17:00,0.014285714285714285
04-10 18:00,0.016666666666666666
04-10 19:00,0.016666666666666666
04-10 20:00,0.01904761904761905
04-10 21:00,0.02142857142857143
04-10 22:00,0.02142857142857143
04-10 23:00,0.016666666666666666
05-10 00:00,0.011904761904761904
05-10 01:00,0.011904761904761904
05-10 02:00,0.007142857142857143
05-10 03:00,0.009523809523809525
05-10 04:00,0.009523809523809525
05-10 05:00,0.014285714285714285
05-10 06:00,0.03571428571428571
05-10 07:00,0.04047619047619048
05-10 08:00,0.03571428571428571
05-10 09:00,0.02857142857142857
05-10 10:00,0.023809523809523808
05-10 11:00,0.016666666666666666
05-10 12:00,0.014285714285714285
05-10 13:00,0.014285714285714285
05-10 14:00,0.011904761904761904
05-10 15:00,0.014285714285714285
05-10 16:00,0.014285714285714285
05-10 17:00,0.016666666666666666
05-10 18:00,0.014285714285714285
05-10 19:00,0.01904761904761905
05-10 20:00,0.01904761904761905
05-10 21:00,0.01904761904761905
05-10 22:00,0.01904761904761905
05-10 23:00,0.01904761904761905
06-10 00:00,0.014285714285714285
06-10 01:00,0.011904761904761904
06-10 02:00,0.011904761904761904
06-10 03:00,0.011904761904761904
06-10 04:00,0.011904761904761904
06-10 05:00,0.011904761904761904
06-10 06:00,0.011904761904761904
06-10 07:00,0.02142857142857143
06-10 08:00,0.04047619047619048
06-10 09:00,0.04523809523809524
06-10 10:00,0.04523809523809524
06-10 11:00,0.0380952380952381
06-10 12:00,0.03571428571428571
06-10 13:00,0.02857142857142857
06-10 14:00,0.01904761904761905
06-10 15:00,0.016666666666666666
06-10 16:00,0.01904761904761905
06-10 17:00,0.016666666666666666
06-10 18:00,0.01904761904761905
06-10 19:00,0.02142857142857143
06-10 20:00,0.01904761904761905
06-10 21:00,0.016666666666666666
06-10 22:00,0.016666666666666666
06-10 23:00,0.016666666666666666
07-10 00:00,0.014285714285714285
07-10 01:00,0.014285714285714285
07-10 02:00,0.011904761904761904
07-10 03:00,0.011904761904761904
07-10 04:00,0.011904761904761904
07-10 05:00,0.011904761904761904
07-10 06:00,0.011904761904761904
07-10 07:00,0.02142857142857143
07-10 08:00,0.04285714285714286
07-10 09:00,0.04523809523809524
07-10 10:00,0.04047619047619048
07-10 11:00,0.04047619047619048
07-10 12:00,0.03571428571428571
07-10 13:00,0.02857142857142857
07-10 14:00,0.01904761904761905
07-10 15:00,0.016666666666666666
07-10 16:00,0.016666666666666666
07-10 17:00,0.016666666666666666
07-10 18:00,0.01904761904761905
07-10 19:00,0.01904761904761905
07-10 20:00,0.01904761904761905
07-10 21:00,0.016666666666666666
07-10 22:00,0.01904761904761905
07-10 23:00,0.016666666666666666
08-10 00:00,0.011904761904761904
08-10 01:00,0.009523809523809525
08-10 02:00,0.009523809523809525
08-10 03:00,0.009523809523809525
08-10 04:00,0.009523809523809525
08-10 05:00,0.016666666666666666
08-10 06:00,0.03571428571428571
08-10 07:00,0.0380952380952381
08-10 08:00,0.0380952380952381
08-10 09:00,0.030952380952380953
08-10 10:00,0.023809523809523808
08-10 11:00,0.01904761904761905
08-10 12:00,0.014285714285714285
08-10 13:00,0.014285714285714285
08-10 14:00,0.011904761904761904
08-10 15:00,0.011904761904761904
08-10 16:00,0.014285714285714285
08-10 17:00,0.014285714285714285
08-10 18:00,0.014285714285714285
08-10 19:00,0.01904761904761905
08-10 20:00,0.01904761904761905
08-10 21:00,0.01904761904761905
08-10 22:00,0.01904761904761905
08-10 23:00,0.016666666666666666
09-10 00:00,0.011904761904761904
09-10 01:00,0.011904761904761904
09-10 02:00,0.007142857142857143
09-10 03:00,0.007142857142857143
09-10 04:00,0.009523809523809525
09-10 05:00,0.014285714285714285
09-10 06:00,0.05
09-10 07:00,0.04285714285714286
09-10 08:00,0.03333333333333333
09-10 09:00,0.030952380952380953
09-10 10:00,0.023809523809523808
09-10 11:00,0.01904761904761905
09-10 12:00,0.014285714285714285
09-10 13:00,0.014285714285714285
09-10 14:00,0.011904761904761904
09-10 15:00,0.011904761904761904
09-10 16:00,0.014285714285714285
09-10 17:00,0.014285714285714285
09-10 18:00,0.016666666666666666
09-10 19:00,0.016666666666666666
09-10 20:00,0.02142857142857143
09-10 21:00,0.01904761904761905
09-10 22:00,0.02142857142857143
09-10 23:00,0.016666666666666666
10-10 00:00,0.01904761904761905
10-10 01:00,0.030952380952380953
10-10 02:00,0.03333333333333333
10-10 03:00,0.05952380952380952
10-10 04:00,0.06190476190476191
10-10 05:00,0.0976190476190476
10-10 06:00,0.15952380952380954
10-10 07:00,0.13333333333333333
10-10 08:00,0.054761904761904755
10-10 09:00,0.04523809523809524
10-10 10:00,0.04047619047619048
10-10 11:00,0.03571428571428571
10-10 12:00,0.02857142857142857
10-10 13:00,0.02619047619047619
10-10 14:00,0.02619047619047619
10-10 15:00,0.02619047619047619
10-10 16:00,0.030952380952380953
10-10 17:00,0.030952380952380953
10-10 18:00,0.03571428571428571
10-10 19:00,0.03571428571428571
10-10 20:00,0.04047619047619048
10-10 21:00,0.04285714285714286
10-10 22:00,0.030952380952380953
10-10 23:00,0.02619047619047619
11-10 00:00,0.03571428571428571
11-10 01:00,0.08571428571428572
11-10 02:00,0.05714285714285714
11-10 03:00,0.05238095238095238
11-10 04:00,0.030952380952380953
11-10 05:00,0.0380952380952381
11-10 06:00,0.047619047619047616
11-10 07:00,0.047619047619047616
11-10 08:00,0.04285714285714286
11-10 09:00,0.0380952380952381
11-10 10:00,0.03333333333333333
11-10 11:00,0.02619047619047619
11-10 12:00,0.023809523809523808
11-10 13:00,0.01904761904761905
11-10 14:00,0.02142857142857143
11-10 15:00,0.023809523809523808
11-10 16:00,0.023809523809523808
11-10 17:00,0.023809523809523808
11-10 18:00,0.02857142857142857
11-10 19:00,0.02857142857142857
11-10 20:00,0.030952380952380953
11-10 21:00,0.03333333333333333
11-10 22:00,0.02619047619047619
11-10 23:00,0.016666666666666666
12-10 00:00,0.011904761904761904
12-10 01:00,0.009523809523809525
12-10 02:00,0.009523809523809525
12-10 03:00,0.007142857142857143
12-10 04:00,0.009523809523809525
12-10 05:00,0.014285714285714285
12-10 06:00,0.04047619047619048
12-10 07:00,0.04047619047619048
12-10 08:00,0.03571428571428571
12-10 09:00,0.030952380952380953
12-10 10:00,0.023809523809523808
12-10 11:00,0.01904761904761905
12-10 12:00,0.014285714285714285
12-10 13:00,0.011904761904761904
12-10 14:00,0.011904761904761904
12-10 15:00,0.011904761904761904
12-10 16:00,0.014285714285714285
12-10 17:00,0.014285714285714285
12-10 18:00,0.016666666666666666
12-10 19:00,0.01904761904761905
12-10 20:00,0.01904761904761905
12-10 21:00,0.02142857142857143
12-10 22:00,0.0380952380952381
12-10 23:00,0.01904761904761905
13-10 00:00,0.016666666666666666
13-10 01:00,0.016666666666666666
13-10 02:00,0.014285714285714285
13-10 03:00,0.014285714285714285
13-10 04:00,0.05952380952380952
13-10 05:00,0.05952380952380952
13-10 06:00,0.02142857142857143
13-10 07:00,0.02619047619047619
13-10 08:00,0.05
13-10 09:00,0.05
13-10 10:00,0.04285714285714286
13-10 11:00,0.04285714285714286
13-10 12:00,0.04047619047619048
13-10 13:00,0.030952380952380953
13-10 14:00,0.02619047619047619
13-10 15:00,0.02142857142857143
13-10 16:00,0.02142857142857143
13-10 17:00,0.023809523809523808
13-10 18:00,0.02619047619047619
13-10 19:00,0.023809523809523808
13-10 20:00,0.023809523809523808
13-10 21:00,0.02142857142857143
13-10 22:00,0.02142857142857143
13-10 23:00,0.01904761904761905
14-10 00:00,0.014285714285714285
14-10 01:00,0.014285714285714285
14-10 02:00,0.011904761904761904
14-10 03:00,0.009523809523809525
14-10 04:00,0.009523809523809525
14-10 05:00,0.011904761904761904
14-10 06:00,0.011904761904761904
14-10 07:00,0.02142857142857143
14-10 08:00,0.04285714285714286
14-10 09:00,0.04523809523809524
14-10 10:00,0.04523809523809524
14-10 11:00,0.04523809523809524
14-10 12:00,0.03571428571428571
14-10 13:00,0.02857142857142857
14-10 14:00,0.01904761904761905
14-10 15:00,0.016666666666666666
14-10 16:00,0.016666666666666666
14-10 17:00,0.01904761904761905
14-10 18:00,0.01904761904761905
14-10 19:00,0.01904761904761905
14-10 20:00,0.01904761904761905
14-10 21:00,0.016666666666666666
14-10 22:00,0.01904761904761905
14-10 23:00,0.016666666666666666
15-10 00:00,0.011904761904761904
15-10 01:00,0.011904761904761904
15-10 02:00,0.009523809523809525
15-10 03:00,0.009523809523809525
15-10 04:00,0.009523809523809525
15-10 05:00,0.016666666666666666
15-10 06:00,0.03571428571428571
15-10 07:00,0.04285714285714286
15-10 08:00,0.03571428571428571
15-10 09:00,0.02857142857142857
15-10 10:00,0.02142857142857143
15-10 11:00,0.016666666666666666
15-10 12:00,0.014285714285714285
15-10 13:00,0.014285714285714285
15-10 14:00,0.011904761904761904
15-10 15:00,0.014285714285714285
15-10 16:00,0.014285714285714285
15-10 17:00,0.014285714285714285
15-10 18:00,0.014285714285714285
15-10 19:00,0.016666666666666666
15-10 20:00,0.01904761904761905
15-10 21:00,0.02142857142857143
15-10 22:00,0.02142857142857143
15-10 23:00,0.016666666666666666
16-10 00:00,0.011904761904761904
16-10 01:00,0.011904761904761904
16-10 02:00,0.009523809523809525
16-10 03:00,0.009523809523809525
16-10 04:00,0.02619047619047619
16-10 05:00,0.016666666666666666
16-10 06:00,0.0380952380952381
16-10 07:00,0.0380952380952381
16-10 08:00,0.03571428571428571
16-10 09:00,0.030952380952380953
16-10 10:00,0.023809523809523808
16-10 11:00,0.016666666666666666
16-10 12:00,0.014285714285714285
16-10 13:00,0.014285714285714285
16-10 14:00,0.011904761904761904
16-10 15:00,0.011904761904761904
16-10 16:00,0.014285714285714285
16-10 17:00,0.016666666666666666
16-10 18:00,0.016666666666666666
16-10 19:00,0.016666666666666666
16-10 20:00,0.02142857142857143
16-10 21:00,0.01904761904761905
16-10 22:00,0.01904761904761905
16-10 23:00,0.016666666666666666
17-10 00:00,0.014285714285714285
17-10 01:00,0.011904761904761904
17-10 02:00,0.009523809523809525
17-10 03:00,0.007142857142857143
17-10 04:00,0.009523809523809525
17-10 05:00,0.016666666666666666
17-10 06:00,0.0380952380952381
17-10 07:00,0.03571428571428571
17-10 08:00,0.03333333333333333
17-10 09:00,0.03333333333333333
17-10 10:00,0.023809523809523808
17-10 11:00,0.01904761904761905
17-10 12:00,0.014285714285714285
17-10 13:00,0.011904761904761904
17-10 14:00,0.011904761904761904
17-10 15:00,0.011904761904761904
17-10 16:00,0.014285714285714285
17-10 17:00,0.014285714285714285
17-10 18:00,0.016666666666666666
17-10 19:00,0.016666666666666666
17-10 20:00,0.01904761904761905
17-10 21:00,0.02142857142857143
17-10 22:00,0.02142857142857143
17-10 23:00,0.01904761904761905
18-10 00:00,0.011904761904761904
18-10 01:00,0.011904761904761904
18-10 02:00,0.009523809523809525
18-10 03:00,0.009523809523809525
18-10 04:00,0.009523809523809525
18-10 05:00,0.016666666666666666
18-10 06:00,0.0380952380952381
18-10 07:00,0.04047619047619048
18-10 08:00,0.03571428571428571
18-10 09:00,0.030952380952380953
18-10 10:00,0.023809523809523808
18-10 11:00,0.01904761904761905
18-10 12:00,0.014285714285714285
18-10 13:00,0.014285714285714285
18-10 14:00,0.014285714285714285
18-10 15:00,0.014285714285714285
18-10 16:00,0.014285714285714285
18-10 17:00,0.016666666666666666
18-10 18:00,0.016666666666666666
18-10 19:00,0.016666666666666666
18-10 20:00,0.01904761904761905
18-10 21:00,0.02142857142857143
18-10 22:00,0.02142857142857143
18-10 23:00,0.01904761904761905
19-10 00:00,0.011904761904761904
19-10 01:00,0.011904761904761904
19-10 02:00,0.009523809523809525
19-10 03:00,0.007142857142857143
19-10 04:00,0.009523809523809525
19-10 05:00,0.014285714285714285
19-10 06:00,0.03333333333333333
19-10 07:00,0.04285714285714286
19-10 08:00,0.03571428571428571
19-10 09:00,0.02857142857142857
19-10 10:00,0.023809523809523808
19-10 11:00,0.01904761904761905
19-10 12:00,0.014285714285714285
19-10 13:00,0.014285714285714285
19-10 14:00,0.014285714285714285
19-10 15:00,0.011904761904761904
19-10 16:00,0.014285714285714285
19-10 17:00,0.014285714285714285
19-10 18:00,0.014285714285714285
19-10 19:00,0.016666666666666666
19-10 20:00,0.01904761904761905
19-10 21:00,0.02142857142857143
19-10 22:00,0.02142857142857143
19-10 23:00,0.016666666666666666
20-10 00:00,0.014285714285714285
20-10 01:00,0.014285714285714285
20-10 02:00,0.011904761904761904
20-10 03:00,0.011904761904761904
20-10 04:00,0.011904761904761904
20-10 05:00,0.011904761904761904
20-10 06:00,0.014285714285714285
20-10 07:00,0.02142857142857143
20-10 08:00,0.04047619047619048
20-10 09:00,0.04523809523809524
20-10 10:00,0.04523809523809524
20-10 11:00,0.04047619047619048
20-10 12:00,0.03571428571428571
20-10 13:00,0.02619047619047619
20-10 14:00,0.01904761904761905
20-10 15:00,0.016666666666666666
20-10 16:00,0.01904761904761905
20-10 17:00,0.01904761904761905
20-10 18:00,0.01904761904761905
20-10 19:00,0.01904761904761905
20-10 20:00,0.01904761904761905
20-10 21:00,0.016666666666666666
20-10 22:00,0.01904761904761905
20-10 23:00,0.016666666666666666
21-10 00:00,0.014285714285714285
21-10 01:00,0.014285714285714285
21-10 02:00,0.011904761904761904
21-10 03:00,0.011904761904761904
21-10 04:00,0.011904761904761904
21-10 05:00,0.011904761904761904
21-10 06:00,0.014285714285714285
21-10 07:00,0.02142857142857143
21-10 08:00,0.04523809523809524
21-10 09:00,0.047619047619047616
21-10 10:00,0.047619047619047616
21-10 11:00,0.04047619047619048
21-10 12:00,0.03571428571428571
21-10 13:00,0.030952380952380953
21-10 14:00,0.01904761904761905
21-10 15:00,0.016666666666666666
21-10 16:00,0.016666666666666666
21-10 17:00,0.01904761904761905
21-10 18:00,0.02142857142857143
21-10 19:00,0.01904761904761905
21-10 20:00,0.01904761904761905
21-10 21:00,0.01904761904761905
21-10 22:00,0.01904761904761905
21-10 23:00,0.016666666666666666
22-10 00:00,0.011904761904761904
22-10 01:00,0.011904761904761904
22-10 02:00,0.009523809523809525
22-10 03:00,0.009523809523809525
22-10 04:00,0.009523809523809525
22-10 05:00,0.016666666666666666
22-10 06:00,0.0380952380952381
22-10 07:00,0.0380952380952381
22-10 08:00,0.03333333333333333
22-10 09:00,0.030952380952380953
22-10 10:00,0.023809523809523808
22-10 11:00,0.01904761904761905
22-10 12:00,0.014285714285714285
22-10 13:00,0.014285714285714285
22-10 14:00,0.011904761904761904
22-10 15:00,0.011904761904761904
22-10 16:00,0.014285714285714285
22-10 17:00,0.014285714285714285
22-10 18:00,0.014285714285714285
22-10 19:00,0.016666666666666666
22-10 20:00,0.01904761904761905
22-10 21:00,0.02142857142857143
22-10 22:00,0.02142857142857143
22-10 23:00,0.016666666666666666
23-10 00:00,0.011904761904761904
23-10 01:00,0.011904761904761904
23-10 02:00,0.009523809523809525
23-10 03:00,0.009523809523809525
23-10 04:00,0.009523809523809525
23-10 05:00,0.016666666666666666
23-10 06:00,0.03571428571428571
23-10 07:00,0.04047619047619048
23-10 08:00,0.03571428571428571
23-10 09:00,0.02857142857142857
23-10 10:00,0.023809523809523808
23-10 11:00,0.01904761904761905
23-10 12:00,0.014285714285714285
23-10 13:00,0.011904761904761904
23-10 14:00,0.014285714285714285
23-10 15:00,0.014285714285714285
23-10 16:00,0.014285714285714285
23-10 17:00,0.016666666666666666
23-10 18:00,0.016666666666666666
23-10 19:00,0.016666666666666666
23-10 20:00,0.01904761904761905
23-10 21:00,0.02142857142857143
23-10 22:00,0.02142857142857143
23-10 23:00,0.01904761904761905
24-10 00:00,0.016666666666666666
24-10 01:00,0.03333333333333333
24-10 02:00,0.030952380952380953
24-10 03:00,0.011904761904761904
24-10 04:00,0.06190476190476191
24-10 05:00,0.06904761904761905
24-10 06:00,0.09523809523809523
24-10 07:00,0.13095238095238096
24-10 08:00,0.05
24-10 09:00,0.04523809523809524
24-10 10:00,0.03333333333333333
24-10 11:00,0.030952380952380953
24-10 12:00,0.023809523809523808
24-10 13:00,0.02142857142857143
24-10 14:00,0.02142857142857143
24-10 15:00,0.02142857142857143
24-10 16:00,0.023809523809523808
24-10 17:00,0.02857142857142857
24-10 18:00,0.02857142857142857
24-10 19:00,0.02857142857142857
24-10 20:00,0.030952380952380953
24-10 21:00,0.03571428571428571
24-10 22:00,0.02857142857142857
24-10 23:00,0.02142857142857143
25-10 00:00,0.01904761904761905
25-10 01:00,0.03333333333333333
25-10 02:00,0.030952380952380953
25-10 03:00,0.030952380952380953
25-10 04:00,0.06190476190476191
25-10 05:00,0.07142857142857142
25-10 06:00,0.0976190476190476
25-10 07:00,0.0976190476190476
25-10 08:00,0.047619047619047616
25-10 09:00,0.0380952380952381
25-10 10:00,0.03333333333333333
25-10 11:00,0.02857142857142857
25-10 12:00,0.023809523809523808
25-10 13:00,0.023809523809523808
25-10 14:00,0.02142857142857143
25-10 15:00,0.023809523809523808
25-10 16:00,0.023809523809523808
25-10 17:00,0.023809523809523808
25-10 18:00,0.02857142857142857
25-10 19:00,0.02857142857142857
25-10 20:00,0.030952380952380953
25-10 21:00,0.030952380952380953
25-10 22:00,0.02619047619047619
25-10 23:00,0.023809523809523808
26-10 00:00,0.011904761904761904
26-10 01:00,0.009523809523809525
26-10 02:00,0.009523809523809525
26-10 03:00,0.009523809523809525
26-10 04:00,0.009523809523809525
26-10 05:00,0.014285714285714285
26-10 06:00,0.03571428571428571
26-10 07:00,0.04047619047619048
26-10 08:00,0.03571428571428571
26-10 09:00,0.02857142857142857
26-10 10:00,0.023809523809523808
26-10 11:00,0.02142857142857143
26-10 12:00,0.014285714285714285
26-10 13:00,0.014285714285714285
26-10 14:00,0.014285714285714285
26-10 15:00,0.011904761904761904
26-10 16:00,0.014285714285714285
26-10 17:00,0.016666666666666666
26-10 18:00,0.016666666666666666
26-10 19:00,0.016666666666666666
26-10 20:00,0.02142857142857143
26-10 21:00,0.02142857142857143
26-10 22:00,0.02142857142857143
26-10 23:00,0.016666666666666666
27-10 00:00,0.014285714285714285
27-10 01:00,0.014285714285714285
27-10 02:00,0.011904761904761904
27-10 03:00,0.011904761904761904
27-10 04:00,0.011904761904761904
27-10 05:00,0.011904761904761904
27-10 06:00,0.011904761904761904
27-10 07:00,0.02142857142857143
27-10 08:00,0.04523809523809524
27-10 09:00,0.04523809523809524
27-10 10:00,0.047619047619047616
27-10 11:00,0.04285714285714286
27-10 12:00,0.03571428571428571
27-10 13:00,0.030952380952380953
27-10 14:00,0.01904761904761905
27-10 15:00,0.016666666666666666
27-10 16:00,0.016666666666666666
27-10 17:00,0.01904761904761905
27-10 18:00,0.01904761904761905
27-10 19:00,0.01904761904761905
27-10 20:00,0.01904761904761905
27-10 21:00,0.01904761904761905
27-10 22:00,0.01904761904761905
27-10 23:00,0.016666666666666666
28-10 00:00,0.016666666666666666
28-10 01:00,0.011904761904761904
28-10 02:00,0.011904761904761904
28-10 03:00,0.011904761904761904
28-10 04:00,0.011904761904761904
28-10 05:00,0.011904761904761904
28-10 06:00,0.014285714285714285
28-10 07:00,0.02142857142857143
28-10 08:00,0.04285714285714286
28-10 09:00,0.05
28-10 10:00,0.04285714285714286
28-10 11:00,0.0380952380952381
28-10 12:00,0.03333333333333333
28-10 13:00,0.02857142857142857
28-10 14:00,0.01904761904761905
28-10 15:00,0.016666666666666666
28-10 16:00,0.01904761904761905
28-10 17:00,0.01904761904761905
28-10 18:00,0.02142857142857143
28-10 19:00,0.01904761904761905
28-10 20:00,0.016666666666666666
28-10 21:00,0.01904761904761905
28-10 22:00,0.016666666666666666
28-10 23:00,0.016666666666666666
29-10 00:00,0.011904761904761904
29-10 01:00,0.011904761904761904
29-10 02:00,0.009523809523809525
29-10 03:00,0.009523809523809525
29-10 04:00,0.009523809523809525
29-10 05:00,0.016666666666666666
29-10 06:00,0.0380952380952381
29-10 07:00,0.04047619047619048
29-10 08:00,0.03571428571428571
29-10 09:00,0.02619047619047619
29-10 10:00,0.023809523809523808
29-10 11:00,0.01904761904761905
29-10 12:00,0.014285714285714285
29-10 13:00,0.014285714285714285
29-10 14:00,0.011904761904761904
29-10 15:00,0.014285714285714285
29-10 16:00,0.014285714285714285
29-10 17:00,0.016666666666666666
29-10 18:00,0.016666666666666666
29-10 19:00,0.01904761904761905
29-10 20:00,0.02142857142857143
29-10 21:00,0.01904761904761905
29-10 22:00,0.02142857142857143
29-10 23:00,0.01904761904761905
30-10 00:00,0.011904761904761904
30-10 01:00,0.011904761904761904
30-10 02:00,0.009523809523809525
30-10 03:00,0.009523809523809525
30-10 04:00,0.009523809523809525
30-10 05:00,0.016666666666666666
30-10 06:00,0.03571428571428571
30-10 07:00,0.04047619047619048
30-10 08:00,0.0380952380952381
30-10 09:00,0.02857142857142857
30-10 10:00,0.023809523809523808
30-10 11:00,0.01904761904761905
30-10 12:00,0.014285714285714285
30-10 13:00,0.014285714285714285
30-10 14:00,0.014285714285714285
30-10 15:00,0.014285714285714285
30-10 16:00,0.014285714285714285
30-10 17:00,0.016666666666666666
30-10 18:00,0.01904761904761905
30-10 19:00,0.01904761904761905
30-10 20:00,0.01904761904761905
30-10 21:00,0.02142857142857143
30-10 22:00,0.02142857142857143
30-10 23:00,0.01904761904761905
31-10 00:00,0.014285714285714285
31-10 01:00,0.011904761904761904
31-10 02:00,0.009523809523809525
31-10 03:00,0.009523809523809525
31-10 04:00,0.009523809523809525
31-10 05:00,0.016666666666666666
31-10 06:00,0.03571428571428571
31-10 07:00,0.04285714285714286
31-10 08:00,0.04047619047619048
31-10 09:00,0.030952380952380953
31-10 10:00,0.023809523809523808
31-10 11:00,0.016666666666666666
31-10 12:00,0.014285714285714285
31-10 13:00,0.014285714285714285
31-10 14:00,0.011904761904761904
31-10 15:00,0.014285714285714285
31-10 16:00,0.014285714285714285
31-10 17:00,0.014285714285714285
31-10 18:00,0.016666666666666666
31-10 19:00,0.016666666666666666
31-10 20:00,0.01904761904761905
31-10 21:00,0.01904761904761905
31-10 22:00,0.02142857142857143
31-10 23:00,0.016666666666666666
01-11 00:00,0.10476190476190476
01-11 01:00,0.0976190476190476
01-11 02:00,0.11190476190476191
01-11 03:00,0.1261904761904762
01-11 04:00,0.11666666666666667
01-11 05:00,0.1523809523809524
01-11 06:00,0.20476190476190476
01-11 07:00,0.18095238095238095
01-11 08:00,0.15952380952380954
01-11 09:00,0.11190476190476191
01-11 10:00,0.09285714285714286
01-11 11:00,0.08571428571428572
01-11 12:00,0.07380952380952381
01-11 13:00,0.06666666666666667
01-11 14:00,0.06190476190476191
01-11 15:00,0.054761904761904755
01-11 16:00,0.05714285714285714
01-11 17:00,0.0642857142857143
01-11 18:00,0.06904761904761905
01-11 19:00,0.06904761904761905
01-11 20:00,0.07142857142857142
01-11 21:00,0.07142857142857142
01-11 22:00,0.04285714285714286
01-11 23:00,0.03571428571428571
02-11 00:00,0.016666666666666666
02-11 01:00,0.02857142857142857
02-11 02:00,0.05714285714285714
02-11 03:00,0.030952380952380953
02-11 04:00,0.05714285714285714
02-11 05:00,0.06904761904761905
02-11 06:00,0.0642857142857143
02-11 07:00,0.05238095238095238
02-11 08:00,0.04523809523809524
02-11 09:00,0.04047619047619048
02-11 10:00,0.03333333333333333
02-11 11:00,0.02857142857142857
02-11 12:00,0.02142857142857143
02-11 13:00,0.01904761904761905
02-11 14:00,0.01904761904761905
02-11 15:00,0.02142857142857143
02-11 16:00,0.023809523809523808
02-11 17:00,0.023809523809523808
02-11 18:00,0.02619047619047619
02-11 19:00,0.02857142857142857
02-11 20:00,0.02857142857142857
02-11 21:00,0.030952380952380953
02-11 22:00,0.02619047619047619
02-11 23:00,0.01904761904761905
03-11 00:00,0.014285714285714285
03-11 01:00,0.014285714285714285
03-11 02:00,0.011904761904761904
03-11 03:00,0.011904761904761904
03-11 04:00,0.011904761904761904
03-11 05:00,0.011904761904761904
03-11 06:00,0.014285714285714285
03-11 07:00,0.023809523809523808
03-11 08:00,0.04285714285714286
03-11 09:00,0.047619047619047616
03-11 10:00,0.04523809523809524
03-11 11:00,0.04285714285714286
03-11 12:00,0.0380952380952381
03-11 13:00,0.02857142857142857
03-11 14:00,0.02142857142857143
03-11 15:00,0.016666666666666666
03-11 16:00,0.016666666666666666
03-11 17:00,0.01904761904761905
03-11 18:00,0.01904761904761905
03-11 19:00,0.02142857142857143
03-11 20:00,0.01904761904761905
03-11 21:00,0.01904761904761905
03-11 22:00,0.01904761904761905
03-11 23:00,0.016666666666666666
04-11 00:00,0.016666666666666666
04-11 01:00,0.014285714285714285
04-11 02:00,0.011904761904761904
04-11 03:00,0.011904761904761904
04-11 04:00,0.011904761904761904
04-11 05:00,0.011904761904761904
04-11 06:00,0.014285714285714285
04-11 07:00,0.02142857142857143
04-11 08:00,0.04285714285714286
04-11 09:00,0.05
04-11 10:00,0.047619047619047616
04-11 11:00,0.04047619047619048
04-11 12:00,0.03333333333333333
04-11 13:00,0.02857142857142857
04-11 14:00,0.02142857142857143
04-11 15:00,0.016666666666666666
04-11 16:00,0.01904761904761905
04-11 17:00,0.01904761904761905
04-11 18:00,0.02142857142857143
04-11 19:00,0.01904761904761905
04-11 20:00,0.01904761904761905
04-11 21:00,0.01904761904761905
04-11 22:00,0.016666666666666666
04-11 23:00,0.016666666666666666
05-11 00:00,0.014285714285714285
05-11 01:00,0.011904761904761904
05-11 02:00,0.009523809523809525
05-11 03:00,0.009523809523809525
05-11 04:00,0.009523809523809525
05-11 05:00,0.016666666666666666
05-11 06:00,0.0380952380952381
05-11 07:00,0.04047619047619048
05-11 08:00,0.03571428571428571
05-11 09:00,0.02857142857142857
05-11 10:00,0.023809523809523808
05-11 11:00,0.01904761904761905
05-11 12:00,0.014285714285714285
05-11 13:00,0.014285714285714285
05-11 14:00,0.014285714285714285
05-11 15:00,0.014285714285714285
05-11 16:00,0.014285714285714285
05-11 17:00,0.014285714285714285
05-11 18:00,0.016666666666666666
05-11 19:00,0.01904761904761905
05-11 20:00,0.01904761904761905
05-11 21:00,0.02142857142857143
05-11 22:00,0.02142857142857143
05-11 23:00,0.016666666666666666
06-11 00:00,0.014285714285714285
06-11 01:00,0.011904761904761904
06-11 02:00,0.009523809523809525
06-11 03:00,0.007142857142857143
06-11 04:00,0.009523809523809525
06-11 05:00,0.016666666666666666
06-11 06:00,0.03571428571428571
06-11 07:00,0.04523809523809524
06-11 08:00,0.0380952380952381
06-11 09:00,0.030952380952380953
06-11 10:00,0.023809523809523808
06-11 11:00,0.01904761904761905
06-11 12:00,0.014285714285714285
06-11 13:00,0.014285714285714285
06-11 14:00,0.014285714285714285
06-11 15:00,0.014285714285714285
06-11 16:00,0.014285714285714285
06-11 17:00,0.016666666666666666
06-11 18:00,0.016666666666666666
06-11 19:00,0.01904761904761905
06-11 20:00,0.02142857142857143
06-11 21:00,0.02142857142857143
06-11 22:00,0.02142857142857143
06-11 23:00,0.016666666666666666
07-11 00:00,0.011904761904761904
07-11 01:00,0.011904761904761904
07-11 02:00,0.009523809523809525
07-11 03:00,0.009523809523809525
07-11 04:00,0.009523809523809525
07-11 05:00,0.016666666666666666
07-11 06:00,0.0380952380952381
07-11 07:00,0.04285714285714286
07-11 08:00,0.04047619047619048
07-11 09:00,0.03333333333333333
07-11 10:00,0.023809523809523808
07-11 11:00,0.01904761904761905
07-11 12:00,0.014285714285714285
07-11 13:00,0.014285714285714285
07-11 14:00,0.014285714285714285
07-11 15:00,0.011904761904761904
07-11 16:00,0.014285714285714285
07-11 17:00,0.016666666666666666
07-11 18:00,0.016666666666666666
07-11 19:00,0.01904761904761905
07-11 20:00,0.02142857142857143
07-11 21:00,0.02142857142857143
07-11 22:00,0.02142857142857143
07-11 23:00,0.016666666666666666
08-11 00:00,0.014285714285714285
08-11 01:00,0.011904761904761904
08-11 02:00,0.009523809523809525
08-11 03:00,0.009523809523809525
08-11 04:00,0.009523809523809525
08-11 05:00,0.01904761904761905
08-11 06:00,0.03571428571428571
08-11 07:00,0.04285714285714286
08-11 08:00,0.03571428571428571
08-11 09:00,0.030952380952380953
08-11 10:00,0.023809523809523808
08-11 11:00,0.02142857142857143
08-11 12:00,0.014285714285714285
08-11 13:00,0.014285714285714285
08-11 14:00,0.014285714285714285
08-11 15:00,0.014285714285714285
08-11 16:00,0.014285714285714285
08-11 17:00,0.016666666666666666
08-11 18:00,0.016666666666666666
08-11 19:00,0.016666666666666666
08-11 20:00,0.01904761904761905
08-11 21:00,0.02142857142857143
08-11 22:00,0.02142857142857143
08-11 23:00,0.016666666666666666
09-11 00:00,0.011904761904761904
09-11 01:00,0.011904761904761904
09-11 02:00,0.009523809523809525
09-11 03:00,0.009523809523809525
09-11 04:00,0.009523809523809525
09-11 05:00,0.016666666666666666
09-11 06:00,0.0380952380952381
09-11 07:00,0.04285714285714286
09-11 08:00,0.03571428571428571
09-11 09:00,0.030952380952380953
09-11 10:00,0.023809523809523808
09-11 11:00,0.01904761904761905
09-11 12:00,0.014285714285714285
09-11 13:00,0.014285714285714285
09-11 14:00,0.014285714285714285
09-11 15:00,0.014285714285714285
09-11 16:00,0.014285714285714285
09-11 17:00,0.016666666666666666
09-11 18:00,0.016666666666666666
09-11 19:00,0.01904761904761905
09-11 20:00,0.01904761904761905
09-11 21:00,0.02142857142857143
09-11 22:00,0.02142857142857143
09-11 23:00,0.01904761904761905
10-11 00:00,0.016666666666666666
10-11 01:00,0.014285714285714285
10-11 02:00,0.011904761904761904
10-11 03:00,0.011904761904761904
10-11 04:00,0.011904761904761904
10-11 05:00,0.011904761904761904
10-11 06:00,0.014285714285714285
10-11 07:00,0.02142857142857143
10-11 08:00,0.04285714285714286
10-11 09:00,0.05
10-11 10:00,0.047619047619047616
10-11 11:00,0.04285714285714286
10-11 12:00,0.03571428571428571
10-11 13:00,0.030952380952380953
10-11 14:00,0.02142857142857143
10-11 15:00,0.016666666666666666
10-11 16:00,0.01904761904761905
10-11 17:00,0.01904761904761905
10-11 18:00,0.01904761904761905
10-11 19:00,0.01904761904761905
10-11 20:00,0.01904761904761905
10-11 21:00,0.01904761904761905
10-11 22:00,0.01904761904761905
10-11 23:00,0.01904761904761905
11-11 00:00,0.016666666666666666
11-11 01:00,0.014285714285714285
11-11 02:00,0.014285714285714285
11-11 03:00,0.011904761904761904
11-11 04:00,0.011904761904761904
11-11 05:00,0.011904761904761904
11-11 06:00,0.014285714285714285
11-11 07:00,0.023809523809523808
11-11 08:00,0.04285714285714286
11-11 09:00,0.047619047619047616
11-11 10:00,0.047619047619047616
11-11 11:00,0.04047619047619048
11-11 12:00,0.0380952380952381
11-11 13:00,0.030952380952380953
11-11 14:00,0.02142857142857143
11-11 15:00,0.016666666666666666
11-11 16:00,0.01904761904761905
11-11 17:00,0.01904761904761905
11-11 18:00,0.01904761904761905
11-11 19:00,0.02142857142857143
11-11 20:00,0.01904761904761905
11-11 21:00,0.01904761904761905
11-11 22:00,0.01904761904761905
11-11 23:00,0.016666666666666666
12-11 00:00,0.014285714285714285
12-11 01:00,0.011904761904761904
12-11 02:00,0.009523809523809525
12-11 03:00,0.009523809523809525
12-11 04:00,0.009523809523809525
12-11 05:00,0.016666666666666666
12-11 06:00,0.04047619047619048
12-11 07:00,0.04285714285714286
12-11 08:00,0.03571428571428571
12-11 09:00,0.030952380952380953
12-11 10:00,0.023809523809523808
12-11 11:00,0.01904761904761905
12-11 12:00,0.014285714285714285
12-11 13:00,0.014285714285714285
12-11 14:00,0.014285714285714285
12-11 15:00,0.014285714285714285
12-11 16:00,0.014285714285714285
12-11 17:00,0.014285714285714285
12-11 18:00,0.016666666666666666
12-11 19:00,0.01904761904761905
12-11 20:00,0.01904761904761905
12-11 21:00,0.02142857142857143
12-11 22:00,0.02142857142857143
12-11 23:00,0.01904761904761905
13-11 00:00,0.014285714285714285
13-11 01:00,0.011904761904761904
13-11 02:00,0.009523809523809525
13-11 03:00,0.009523809523809525
13-11 04:00,0.011904761904761904
13-11 05:00,0.02142857142857143
13-11 06:00,0.054761904761904755
13-11 07:00,0.0642857142857143
13-11 08:00,0.05714285714285714
13-11 09:00,0.03333333333333333
13-11 10:00,0.02619047619047619
13-11 11:00,0.02142857142857143
13-11 12:00,0.016666666666666666
13-11 13:00,0.016666666666666666
13-11 14:00,0.014285714285714285
13-11 15:00,0.014285714285714285
13-11 16:00,0.016666666666666666
13-11 17:00,0.01904761904761905
13-11 18:00,0.01904761904761905
13-11 19:00,0.01904761904761905
13-11 20:00,0.02142857142857143
13-11 21:00,0.023809523809523808
13-11 22:00,0.023809523809523808
13-11 23:00,0.01904761904761905
14-11 00:00,0.04523809523809524
14-11 01:00,0.06666666666666667
14-11 02:00,0.0642857142857143
14-11 03:00,0.10238095238095238
14-11 04:00,0.09523809523809523
14-11 05:00,0.14761904761904762
14-11 06:00,0.16904761904761903
14-11 07:00,0.16666666666666666
14-11 08:00,0.14047619047619048
14-11 09:00,0.08095238095238096
14-11 10:00,0.06190476190476191
14-11 11:00,0.05714285714285714
14-11 12:00,0.05
14-11 13:00,0.047619047619047616
14-11 14:00,0.04523809523809524
14-11 15:00,0.047619047619047616
14-11 16:00,0.05
14-11 17:00,0.05714285714285714
14-11 18:00,0.0642857142857143
14-11 19:00,0.0642857142857143
14-11 20:00,0.08333333333333333
14-11 21:00,0.10952380952380951
14-11 22:00,0.11190476190476191
14-11 23:00,0.12380952380952381
15-11 00:00,0.13571428571428573
15-11 01:00,0.15952380952380954
15-11 02:00,0.15714285714285714
15-11 03:00,0.15714285714285714
15-11 04:00,0.16428571428571428
15-11 05:00,0.21428571428571427
15-11 06:00,0.27380952380952384
15-11 07:00,0.27142857142857146
15-11 08:00,0.2523809523809524
15-11 09:00,0.2
15-11 10:00,0.11666666666666667
15-11 11:00,0.09285714285714286
15-11 12:00,0.08571428571428572
15-11 13:00,0.08571428571428572
15-11 14:00,0.08333333333333333
15-11 15:00,0.07380952380952381
15-11 16:00,0.09047619047619047
15-11 17:00,0.0976190476190476
15-11 18:00,0.14523809523809522
15-11 19:00,0.1619047619047619
15-11 20:00,0.18095238095238095
15-11 21:00,0.20952380952380953
15-11 22:00,0.16428571428571428
15-11 23:00,0.1738095238095238
16-11 00:00,0.20714285714285713
16-11 01:00,0.23095238095238094
16-11 02:00,0.2261904761904762
16-11 03:00,0.2571428571428572
16-11 04:00,0.2857142857142857
16-11 05:00,0.34523809523809523
16-11 06:00,0.4619047619047619
16-11 07:00,0.4714285714285714
16-11 08:00,0.43809523809523804
16-11 09:00,0.3357142857142857
16-11 10:00,0.33809523809523806
16-11 11:00,0.3404761904761905
16-11 12:00,0.29285714285714287
16-11 13:00,0.29047619047619044
16-11 14:00,0.2833333333333333
16-11 15:00,0.28809523809523807
16-11 16:00,0.3119047619047619
16-11 17:00,0.32142857142857145
16-11 18:00,0.3476190476190476
16-11 19:00,0.36904761904761907
16-11 20:00,0.35
16-11 21:00,0.35
16-11 22:00,0.22857142857142856
16-11 23:00,0.2
17-11 00:00,0.1738095238095238
17-11 01:00,0.17857142857142858
17-11 02:00,0.19285714285714284
17-11 03:00,0.18571428571428572
17-11 04:00,0.20476190476190476
17-11 05:00,0.2523809523809524
17-11 06:00,0.3357142857142857
17-11 07:00,0.3261904761904762
17-11 08:00,0.3119047619047619
17-11 09:00,0.33095238095238094
17-11 10:00,0.29285714285714287
17-11 11:00,0.27142857142857146
17-11 12:00,0.24285714285714283
17-11 13:00,0.23095238095238094
17-11 14:00,0.2261904761904762
17-11 15:00,0.21904761904761902
17-11 16:00,0.22857142857142856
17-11 17:00,0.23809523809523808
17-11 18:00,0.27380952380952384
17-11 19:00,0.28095238095238095
17-11 20:00,0.25476190476190474
17-11 21:00,0.2357142857142857
17-11 22:00,0.14761904761904762
17-11 23:00,0.1380952380952381
18-11 00:00,0.11190476190476191
18-11 01:00,0.12142857142857141
18-11 02:00,0.11904761904761904
18-11 03:00,0.10952380952380951
18-11 04:00,0.1261904761904762
18-11 05:00,0.19285714285714284
18-11 06:00,0.24047619047619045
18-11 07:00,0.24047619047619045
18-11 08:00,0.28095238095238095
18-11 09:00,0.2119047619047619
18-11 10:00,0.23809523809523808
18-11 11:00,0.1880952380952381
18-11 12:00,0.17857142857142858
18-11 13:00,0.15
18-11 14:00,0.15
18-11 15:00,0.13571428571428573
18-11 16:00,0.14761904761904762
18-11 17:00,0.1523809523809524
18-11 18:00,0.16428571428571428
18-11 19:00,0.1523809523809524
18-11 20:00,0.16666666666666666
18-11 21:00,0.1523809523809524
18-11 22:00,0.14285714285714285
18-11 23:00,0.14523809523809522
19-11 00:00,0.11428571428571428
19-11 01:00,0.09523809523809523
19-11 02:00,0.09285714285714286
19-11 03:00,0.09285714285714286
19-11 04:00,0.09523809523809523
19-11 05:00,0.08333333333333333
19-11 06:00,0.11666666666666667
19-11 07:00,0.13095238095238096
19-11 08:00,0.11190476190476191
19-11 09:00,0.07142857142857142
19-11 10:00,0.06190476190476191
19-11 11:00,0.047619047619047616
19-11 12:00,0.04285714285714286
19-11 13:00,0.0380952380952381
19-11 14:00,0.03571428571428571
19-11 15:00,0.0380952380952381
19-11 16:00,0.04047619047619048
19-11 17:00,0.04523809523809524
19-11 18:00,0.05
19-11 19:00,0.05238095238095238
19-11 20:00,0.05
19-11 21:00,0.05952380952380952
19-11 22:00,0.03571428571428571
19-11 23:00,0.030952380952380953
20-11 00:00,0.014285714285714285
20-11 01:00,0.011904761904761904
20-11 02:00,0.009523809523809525
20-11 03:00,0.009523809523809525
20-11 04:00,0.009523809523809525
20-11 05:00,0.016666666666666666
20-11 06:00,0.0380952380952381
20-11 07:00,0.04285714285714286
20-11 08:00,0.0380952380952381
20-11 09:00,0.03333333333333333
20-11 10:00,0.02619047619047619
20-11 11:00,0.01904761904761905
20-11 12:00,0.014285714285714285
20-11 13:00,0.014285714285714285
20-11 14:00,0.011904761904761904
20-11 15:00,0.014285714285714285
20-11 16:00,0.014285714285714285
20-11 17:00,0.014285714285714285
20-11 18:00,0.016666666666666666
20-11 19:00,0.01904761904761905
20-11 20:00,0.02142857142857143
20-11 21:00,0.02142857142857143
20-11 22:00,0.02142857142857143
20-11 23:00,0.016666666666666666
21-11 00:00,0.014285714285714285
21-11 01:00,0.011904761904761904
21-11 02:00,0.009523809523809525
21-11 03:00,0.009523809523809525
21-11 04:00,0.011904761904761904
21-11 05:00,0.01904761904761905
21-11 06:00,0.04285714285714286
21-11 07:00,0.05952380952380952
21-11 08:00,0.06190476190476191
21-11 09:00,0.05
21-11 10:00,0.02619047619047619
21-11 11:00,0.02142857142857143
21-11 12:00,0.016666666666666666
21-11 13:00,0.016666666666666666
21-11 14:00,0.016666666666666666
21-11 15:00,0.016666666666666666
21-11 16:00,0.016666666666666666
21-11 17:00,0.01904761904761905
21-11 18:00,0.01904761904761905
21-11 19:00,0.02142857142857143
21-11 20:00,0.023809523809523808
21-11 21:00,0.023809523809523808
21-11 22:00,0.023809523809523808
21-11 23:00,0.016666666666666666
22-11 00:00,0.014285714285714285
22-11 01:00,0.011904761904761904
22-11 02:00,0.009523809523809525
22-11 03:00,0.009523809523809525
22-11 04:00,0.009523809523809525
22-11 05:00,0.016666666666666666
22-11 06:00,0.0380952380952381
22-11 07:00,0.04285714285714286
22-11 08:00,0.04047619047619048
22-11 09:00,0.030952380952380953
22-11 10:00,0.023809523809523808
22-11 11:00,0.01904761904761905
22-11 12:00,0.014285714285714285
22-11 13:00,0.014285714285714285
22-11 14:00,0.014285714285714285
22-11 15:00,0.014285714285714285
22-11 16:00,0.014285714285714285
22-11 17:00,0.016666666666666666
22-11 18:00,0.016666666666666666
22-11 19:00,0.01904761904761905
22-11 20:00,0.02142857142857143
22-11 21:00,0.01904761904761905
22-11 22:00,0.023809523809523808
22-11 23:00,0.016666666666666666
23-11 00:00,0.014285714285714285
23-11 01:00,0.014285714285714285
23-11 02:00,0.02857142857142857
23-11 03:00,0.011904761904761904
23-11 04:00,0.011904761904761904
23-11 05:00,0.02142857142857143
23-11 06:00,0.04523809523809524
23-11 07:00,0.05
23-11 08:00,0.047619047619047616
23-11 09:00,0.03571428571428571
23-11 10:00,0.030952380952380953
23-11 11:00,0.023809523809523808
23-11 12:00,0.01904761904761905
23-11 13:00,0.01904761904761905
23-11 14:00,0.01904761904761905
23-11 15:00,0.016666666666666666
23-11 16:00,0.01904761904761905
23-11 17:00,0.02142857142857143
23-11 18:00,0.023809523809523808
23-11 19:00,0.02619047619047619
23-11 20:00,0.04523809523809524
23-11 21:00,0.02857142857142857
23-11 22:00,0.04523809523809524
23-11 23:00,0.08571428571428572
24-11 00:00,0.1380952380952381
24-11 01:00,0.1261904761904762
24-11 02:00,0.13095238095238096
24-11 03:00,0.1380952380952381
24-11 04:00,0.1619047619047619
24-11 05:00,0.21428571428571427
24-11 06:00,0.22380952380952382
24-11 07:00,0.1880952380952381
24-11 08:00,0.21666666666666665
24-11 09:00,0.19761904761904764
24-11 10:00,0.12142857142857141
24-11 11:00,0.0976190476190476
24-11 12:00,0.08095238095238096
24-11 13:00,0.0761904761904762
24-11 14:00,0.06904761904761905
24-11 15:00,0.06190476190476191
24-11 16:00,0.06666666666666667
24-11 17:00,0.07380952380952381
24-11 18:00,0.07142857142857142
24-11 19:00,0.08571428571428572
24-11 20:00,0.08333333333333333
24-11 21:00,0.07857142857142857
24-11 22:00,0.05
24-11 23:00,0.03571428571428571
25-11 00:00,0.014285714285714285
25-11 01:00,0.014285714285714285
25-11 02:00,0.011904761904761904
25-11 03:00,0.011904761904761904
25-11 04:00,0.011904761904761904
25-11 05:00,0.014285714285714285
25-11 06:00,0.014285714285714285
25-11 07:00,0.023809523809523808
25-11 08:00,0.04523809523809524
25-11 09:00,0.05238095238095238
25-11 10:00,0.04523809523809524
25-11 11:00,0.04285714285714286
25-11 12:00,0.04047619047619048
25-11 13:00,0.02857142857142857
25-11 14:00,0.01904761904761905
25-11 15:00,0.01904761904761905
25-11 16:00,0.01904761904761905
25-11 17:00,0.01904761904761905
25-11 18:00,0.02142857142857143
25-11 19:00,0.01904761904761905
25-11 20:00,0.01904761904761905
25-11 21:00,0.01904761904761905
25-11 22:00,0.01904761904761905
25-11 23:00,0.016666666666666666
26-11 00:00,0.014285714285714285
26-11 01:00,0.011904761904761904
26-11 02:00,0.009523809523809525
26-11 03:00,0.009523809523809525
26-11 04:00,0.009523809523809525
26-11 05:00,0.016666666666666666
26-11 06:00,0.0380952380952381
26-11 07:00,0.04285714285714286
26-11 08:00,0.0380952380952381
26-11 09:00,0.03333333333333333
26-11 10:00,0.023809523809523808
26-11 11:00,0.01904761904761905
26-11 12:00,0.016666666666666666
26-11 13:00,0.014285714285714285
26-11 14:00,0.014285714285714285
26-11 15:00,0.014285714285714285
26-11 16:00,0.014285714285714285
26-11 17:00,0.016666666666666666
26-11 18:00,0.016666666666666666
26-11 19:00,0.01904761904761905
26-11 20:00,0.02142857142857143
26-11 21:00,0.02142857142857143
26-11 22:00,0.023809523809523808
26-11 23:00,0.01904761904761905
27-11 00:00,0.014285714285714285
27-11 01:00,0.011904761904761904
27-11 02:00,0.009523809523809525
27-11 03:00,0.009523809523809525
27-11 04:00,0.011904761904761904
27-11 05:00,0.01904761904761905
27-11 06:00,0.05952380952380952
27-11 07:00,0.06190476190476191
27-11 08:00,0.054761904761904755
27-11 09:00,0.03571428571428571
27-11 10:00,0.02857142857142857
27-11 11:00,0.02142857142857143
27-11 12:00,0.016666666666666666
27-11 13:00,0.016666666666666666
27-11 14:00,0.016666666666666666
27-11 15:00,0.016666666666666666
27-11 16:00,0.016666666666666666
27-11 17:00,0.01904761904761905
27-11 18:00,0.02142857142857143
27-11 19:00,0.02142857142857143
27-11 20:00,0.02142857142857143
27-11 21:00,0.023809523809523808
27-11 22:00,0.023809523809523808
27-11 23:00,0.01904761904761905
28-11 00:00,0.014285714285714285
28-11 01:00,0.011904761904761904
28-11 02:00,0.009523809523809525
28-11 03:00,0.009523809523809525
28-11 04:00,0.009523809523809525
28-11 05:00,0.016666666666666666
28-11 06:00,0.04047619047619048
28-11 07:00,0.0380952380952381
28-11 08:00,0.04047619047619048
28-11 09:00,0.030952380952380953
28-11 10:00,0.023809523809523808
28-11 11:00,0.01904761904761905
28-11 12:00,0.014285714285714285
28-11 13:00,0.014285714285714285
28-11 14:00,0.014285714285714285
28-11 15:00,0.011904761904761904
28-11 16:00,0.016666666666666666
28-11 17:00,0.016666666666666666
28-11 18:00,0.016666666666666666
28-11 19:00,0.01904761904761905
28-11 20:00,0.02142857142857143
28-11 21:00,0.023809523809523808
28-11 22:00,0.02142857142857143
28-11 23:00,0.01904761904761905
29-11 00:00,0.011904761904761904
29-11 01:00,0.011904761904761904
29-11 02:00,0.009523809523809525
29-11 03:00,0.009523809523809525
29-11 04:00,0.009523809523809525
29-11 05:00,0.01904761904761905
29-11 06:00,0.04047619047619048
29-11 07:00,0.04285714285714286
29-11 08:00,0.03571428571428571
29-11 09:00,0.030952380952380953
29-11 10:00,0.02619047619047619
29-11 11:00,0.01904761904761905
29-11 12:00,0.016666666666666666
29-11 13:00,0.014285714285714285
29-11 14:00,0.011904761904761904
29-11 15:00,0.014285714285714285
29-11 16:00,0.014285714285714285
29-11 17:00,0.016666666666666666
29-11 18:00,0.016666666666666666
29-11 19:00,0.01904761904761905
29-11 20:00,0.02142857142857143
29-11 21:00,0.02142857142857143
29-11 22:00,0.02142857142857143
29-11 23:00,0.016666666666666666
30-11 00:00,0.016666666666666666
30-11 01:00,0.014285714285714285
30-11 02:00,0.011904761904761904
30-11 03:00,0.011904761904761904
30-11 04:00,0.011904761904761904
30-11 05:00,0.02142857142857143
30-11 06:00,0.04285714285714286
30-11 07:00,0.047619047619047616
30-11 08:00,0.04523809523809524
30-11 09:00,0.03571428571428571
30-11 10:00,0.030952380952380953
30-11 11:00,0.02619047619047619
30-11 12:00,0.01904761904761905
30-11 13:00,0.03571428571428571
30-11 14:00,0.03333333333333333
30-11 15:00,0.01904761904761905
30-11 16:00,0.01904761904761905
30-11 17:00,0.01904761904761905
30-11 18:00,0.04285714285714286
30-11 19:00,0.047619047619047616
30-11 20:00,0.05952380952380952
30-11 21:00,0.04523809523809524
30-11 22:00,0.02857142857142857
30-11 23:00,0.02142857142857143
01-12 00:00,0.016666666666666666
01-12 01:00,0.014285714285714285
01-12 02:00,0.014285714285714285
01-12 03:00,0.014285714285714285
01-12 04:00,0.011904761904761904
01-12 05:00,0.011904761904761904
01-12 06:00,0.014285714285714285
01-12 07:00,0.023809523809523808
01-12 08:00,0.04285714285714286
01-12 09:00,0.047619047619047616
01-12 10:00,0.04523809523809524
01-12 11:00,0.04523809523809524
01-12 12:00,0.0380952380952381
01-12 13:00,0.030952380952380953
01-12 14:00,0.02142857142857143
01-12 15:00,0.01904761904761905
01-12 16:00,0.01904761904761905
01-12 17:00,0.02142857142857143
01-12 18:00,0.02142857142857143
01-12 19:00,0.02142857142857143
01-12 20:00,0.02142857142857143
01-12 21:00,0.01904761904761905
01-12 22:00,0.01904761904761905
01-12 23:00,0.01904761904761905
02-12 00:00,0.016666666666666666
02-12 01:00,0.014285714285714285
02-12 02:00,0.014285714285714285
02-12 03:00,0.014285714285714285
02-12 04:00,0.011904761904761904
02-12 05:00,0.011904761904761904
02-12 06:00,0.014285714285714285
02-12 07:00,0.023809523809523808
02-12 08:00,0.0380952380952381
02-12 09:00,0.047619047619047616
02-12 10:00,0.04523809523809524
02-12 11:00,0.04285714285714286
02-12 12:00,0.0380952380952381
02-12 13:00,0.030952380952380953
02-12 14:00,0.01904761904761905
02-12 15:00,0.01904761904761905
02-12 16:00,0.01904761904761905
02-12 17:00,0.01904761904761905
02-12 18:00,0.02142857142857143
02-12 19:00,0.01904761904761905
02-12 20:00,0.01904761904761905
02-12 21:00,0.02142857142857143
02-12 22:00,0.01904761904761905
02-12 23:00,0.01904761904761905
03-12 00:00,0.014285714285714285
03-12 01:00,0.011904761904761904
03-12 02:00,0.009523809523809525
03-12 03:00,0.009523809523809525
03-12 04:00,0.009523809523809525
03-12 05:00,0.016666666666666666
03-12 06:00,0.0380952380952381
03-12 07:00,0.04285714285714286
03-12 08:00,0.04047619047619048
03-12 09:00,0.02857142857142857
03-12 10:00,0.02619047619047619
03-12 11:00,0.01904761904761905
03-12 12:00,0.014285714285714285
03-12 13:00,0.014285714285714285
03-12 14:00,0.014285714285714285
03-12 15:00,0.014285714285714285
03-12 16:00,0.014285714285714285
03-12 17:00,0.016666666666666666
03-12 18:00,0.016666666666666666
03-12 19:00,0.01904761904761905
03-12 20:00,0.02142857142857143
03-12 21:00,0.02142857142857143
03-12 22:00,0.02142857142857143
03-12 23:00,0.01904761904761905
04-12 00:00,0.011904761904761904
04-12 01:00,0.011904761904761904
04-12 02:00,0.009523809523809525
04-12 03:00,0.009523809523809525
04-12 04:00,0.011904761904761904
04-12 05:00,0.02142857142857143
04-12 06:00,0.04047619047619048
04-12 07:00,0.04523809523809524
04-12 08:00,0.04047619047619048
04-12 09:00,0.03333333333333333
04-12 10:00,0.02857142857142857
04-12 11:00,0.02142857142857143
04-12 12:00,0.016666666666666666
04-12 13:00,0.016666666666666666
04-12 14:00,0.016666666666666666
04-12 15:00,0.016666666666666666
04-12 16:00,0.016666666666666666
04-12 17:00,0.01904761904761905
04-12 18:00,0.01904761904761905
04-12 19:00,0.04047619047619048
04-12 20:00,0.04047619047619048
04-12 21:00,0.04047619047619048
04-12 22:00,0.02619047619047619
04-12 23:00,0.016666666666666666
05-12 00:00,0.014285714285714285
05-12 01:00,0.011904761904761904
05-12 02:00,0.009523809523809525
05-12 03:00,0.009523809523809525
05-12 04:00,0.009523809523809525
05-12 05:00,0.01904761904761905
05-12 06:00,0.03571428571428571
05-12 07:00,0.04047619047619048
05-12 08:00,0.0380952380952381
05-12 09:00,0.030952380952380953
05-12 10:00,0.02619047619047619
05-12 11:00,0.01904761904761905
05-12 12:00,0.014285714285714285
05-12 13:00,0.014285714285714285
05-12 14:00,0.011904761904761904
05-12 15:00,0.014285714285714285
05-12 16:00,0.014285714285714285
05-12 17:00,0.016666666666666666
05-12 18:00,0.016666666666666666
05-12 19:00,0.01904761904761905
05-12 20:00,0.02142857142857143
05-12 21:00,0.02142857142857143
05-12 22:00,0.01904761904761905
05-12 23:00,0.01904761904761905
06-12 00:00,0.014285714285714285
06-12 01:00,0.011904761904761904
06-12 02:00,0.009523809523809525
06-12 03:00,0.009523809523809525
06-12 04:00,0.009523809523809525
06-12 05:00,0.01904761904761905
06-12 06:00,0.0380952380952381
06-12 07:00,0.04285714285714286
06-12 08:00,0.0380952380952381
06-12 09:00,0.03571428571428571
06-12 10:00,0.02619047619047619
06-12 11:00,0.01904761904761905
06-12 12:00,0.016666666666666666
06-12 13:00,0.014285714285714285
06-12 14:00,0.014285714285714285
06-12 15:00,0.014285714285714285
06-12 16:00,0.014285714285714285
06-12 17:00,0.01904761904761905
06-12 18:00,0.016666666666666666
06-12 19:00,0.016666666666666666
06-12 20:00,0.02142857142857143
06-12 21:00,0.02142857142857143
06-12 22:00,0.02142857142857143
06-12 23:00,0.01904761904761905
07-12 00:00,0.014285714285714285
07-12 01:00,0.011904761904761904
07-12 02:00,0.009523809523809525
07-12 03:00,0.009523809523809525
07-12 04:00,0.009523809523809525
07-12 05:00,0.01904761904761905
07-12 06:00,0.0380952380952381
07-12 07:00,0.04285714285714286
07-12 08:00,0.0380952380952381
07-12 09:00,0.03333333333333333
07-12 10:00,0.023809523809523808
07-12 11:00,0.01904761904761905
07-12 12:00,0.014285714285714285
07-12 13:00,0.014285714285714285
07-12 14:00,0.014285714285714285
07-12 15:00,0.014285714285714285
07-12 16:00,0.014285714285714285
07-12 17:00,0.016666666666666666
07-12 18:00,0.01904761904761905
07-12 19:00,0.02142857142857143
07-12 20:00,0.02142857142857143
07-12 21:00,0.02142857142857143
07-12 22:00,0.023809523809523808
07-12 23:00,0.016666666666666666
08-12 00:00,0.016666666666666666
08-12 01:00,0.014285714285714285
08-12 02:00,0.014285714285714285
08-12 03:00,0.011904761904761904
08-12 04:00,0.011904761904761904
08-12 05:00,0.011904761904761904
08-12 06:00,0.011904761904761904
08-12 07:00,0.023809523809523808
08-12 08:00,0.04523809523809524
08-12 09:00,0.047619047619047616
08-12 10:00,0.047619047619047616
08-12 11:00,0.04285714285714286
08-12 12:00,0.04047619047619048
08-12 13:00,0.02857142857142857
08-12 14:00,0.02142857142857143
08-12 15:00,0.01904761904761905
08-12 16:00,0.01904761904761905
08-12 17:00,0.01904761904761905
08-12 18:00,0.02142857142857143
08-12 19:00,0.02142857142857143
08-12 20:00,0.01904761904761905
08-12 21:00,0.01904761904761905
08-12 22:00,0.01904761904761905
08-12 23:00,0.01904761904761905
09-12 00:00,0.01904761904761905
09-12 01:00,0.03333333333333333
09-12 02:00,0.014285714285714285
09-12 03:00,0.016666666666666666
09-12 04:00,0.014285714285714285
09-12 05:00,0.014285714285714285
09-12 06:00,0.016666666666666666
09-12 07:00,0.02857142857142857
09-12 08:00,0.05
09-12 09:00,0.05714285714285714
09-12 10:00,0.054761904761904755
09-12 11:00,0.04523809523809524
09-12 12:00,0.04047619047619048
09-12 13:00,0.030952380952380953
09-12 14:00,0.023809523809523808
09-12 15:00,0.023809523809523808
09-12 16:00,0.023809523809523808
09-12 17:00,0.023809523809523808
09-12 18:00,0.02619047619047619
09-12 19:00,0.023809523809523808
09-12 20:00,0.04047619047619048
09-12 21:00,0.0380952380952381
09-12 22:00,0.0380952380952381
09-12 23:00,0.01904761904761905
10-12 00:00,0.02142857142857143
10-12 01:00,0.03571428571428571
10-12 02:00,0.0642857142857143
10-12 03:00,0.05952380952380952
10-12 04:00,0.0642857142857143
10-12 05:00,0.08571428571428572
10-12 06:00,0.1523809523809524
10-12 07:00,0.14761904761904762
10-12 08:00,0.13571428571428573
10-12 09:00,0.09523809523809523
10-12 10:00,0.047619047619047616
10-12 11:00,0.0380952380952381
10-12 12:00,0.03333333333333333
10-12 13:00,0.03571428571428571
10-12 14:00,0.02857142857142857
10-12 15:00,0.03333333333333333
10-12 16:00,0.0380952380952381
10-12 17:00,0.0380952380952381
10-12 18:00,0.0380952380952381
10-12 19:00,0.04285714285714286
10-12 20:00,0.04523809523809524
10-12 21:00,0.04523809523809524
10-12 22:00,0.03333333333333333
10-12 23:00,0.02857142857142857
11-12 00:00,0.01904761904761905
11-12 01:00,0.030952380952380953
11-12 02:00,0.030952380952380953
11-12 03:00,0.030952380952380953
11-12 04:00,0.03333333333333333
11-12 05:00,0.07142857142857142
11-12 06:00,0.10476190476190476
11-12 07:00,0.1
11-12 08:00,0.09523809523809523
11-12 09:00,0.06190476190476191
11-12 10:00,0.05714285714285714
11-12 11:00,0.030952380952380953
11-12 12:00,0.02857142857142857
11-12 13:00,0.02619047619047619
11-12 14:00,0.02619047619047619
11-12 15:00,0.02142857142857143
11-12 16:00,0.02619047619047619
11-12 17:00,0.030952380952380953
11-12 18:00,0.030952380952380953
11-12 19:00,0.03333333333333333
11-12 20:00,0.0380952380952381
11-12 21:00,0.03571428571428571
11-12 22:00,0.02857142857142857
11-12 23:00,0.023809523809523808
12-12 00:00,0.014285714285714285
12-12 01:00,0.011904761904761904
12-12 02:00,0.009523809523809525
12-12 03:00,0.009523809523809525
12-12 04:00,0.009523809523809525
12-12 05:00,0.01904761904761905
12-12 06:00,0.04047619047619048
12-12 07:00,0.04047619047619048
12-12 08:00,0.0380952380952381
12-12 09:00,0.030952380952380953
12-12 10:00,0.023809523809523808
12-12 11:00,0.01904761904761905
12-12 12:00,0.014285714285714285
12-12 13:00,0.014285714285714285
12-12 14:00,0.014285714285714285
12-12 15:00,0.014285714285714285
12-12 16:00,0.014285714285714285
12-12 17:00,0.016666666666666666
12-12 18:00,0.01904761904761905
12-12 19:00,0.01904761904761905
12-12 20:00,0.02142857142857143
12-12 21:00,0.023809523809523808
12-12 22:00,0.023809523809523808
12-12 23:00,0.016666666666666666
13-12 00:00,0.016666666666666666
13-12 01:00,0.014285714285714285
13-12 02:00,0.011904761904761904
13-12 03:00,0.011904761904761904
13-12 04:00,0.014285714285714285
13-12 05:00,0.023809523809523808
13-12 06:00,0.07142857142857142
13-12 07:00,0.06904761904761905
13-12 08:00,0.06666666666666667
13-12 09:00,0.0380952380952381
13-12 10:00,0.030952380952380953
13-12 11:00,0.02619047619047619
13-12 12:00,0.02142857142857143
13-12 13:00,0.02142857142857143
13-12 14:00,0.02142857142857143
13-12 15:00,0.02142857142857143
13-12 16:00,0.02142857142857143
13-12 17:00,0.023809523809523808
13-12 18:00,0.04523809523809524
13-12 19:00,0.04285714285714286
13-12 20:00,0.04285714285714286
13-12 21:00,0.047619047619047616
13-12 22:00,0.04285714285714286
13-12 23:00,0.0380952380952381
14-12 00:00,0.08095238095238096
14-12 01:00,0.0761904761904762
14-12 02:00,0.07857142857142857
14-12 03:00,0.07857142857142857
14-12 04:00,0.08571428571428572
14-12 05:00,0.15
14-12 06:00,0.18571428571428572
14-12 07:00,0.20714285714285713
14-12 08:00,0.1738095238095238
14-12 09:00,0.1619047619047619
14-12 10:00,0.15476190476190477
14-12 11:00,0.13333333333333333
14-12 12:00,0.12142857142857141
14-12 13:00,0.10714285714285714
14-12 14:00,0.08333333333333333
14-12 15:00,0.08333333333333333
14-12 16:00,0.0880952380952381
14-12 17:00,0.12142857142857141
14-12 18:00,0.11666666666666667
14-12 19:00,0.15714285714285714
14-12 20:00,0.16904761904761903
14-12 21:00,0.15714285714285714
14-12 22:00,0.1523809523809524
14-12 23:00,0.11904761904761904
15-12 00:00,0.1761904761904762
15-12 01:00,0.1738095238095238
15-12 02:00,0.16428571428571428
15-12 03:00,0.17857142857142858
15-12 04:00,0.22142857142857145
15-12 05:00,0.32857142857142857
15-12 06:00,0.42857142857142855
15-12 07:00,0.4333333333333333
15-12 08:00,0.3642857142857143
15-12 09:00,0.41428571428571426
15-12 10:00,0.33095238095238094
15-12 11:00,0.28809523809523807
15-12 12:00,0.25
15-12 13:00,0.2857142857142857
15-12 14:00,0.22142857142857145
15-12 15:00,0.24285714285714283
15-12 16:00,0.30952380952380953
15-12 17:00,0.3595238095238095
15-12 18:00,0.38095238095238093
15-12 19:00,0.40238095238095234
15-12 20:00,0.3976190476190476
15-12 21:00,0.44999999999999996
15-12 22:00,0.3190476190476191
15-12 23:00,0.2642857142857143
16-12 00:00,0.3238095238095238
16-12 01:00,0.2976190476190476
16-12 02:00,0.3142857142857143
16-12 03:00,0.29047619047619044
16-12 04:00,0.34285714285714286
16-12 05:00,0.3952380952380953
16-12 06:00,0.5119047619047619
16-12 07:00,0.430952380952381
16-12 08:00,0.4452380952380952
16-12 09:00,0.37857142857142856
16-12 10:00,0.33809523809523806
16-12 11:00,0.3523809523809524
16-12 12:00,0.29047619047619044
16-12 13:00,0.30238095238095236
16-12 14:00,0.2761904761904762
16-12 15:00,0.2785714285714286
16-12 16:00,0.3047619047619048
16-12 17:00,0.3119047619047619
16-12 18:00,0.3238095238095238
16-12 19:00,0.33809523809523806
16-12 20:00,0.3476190476190476
16-12 21:00,0.3333333333333333
16-12 22:00,0.19285714285714284
16-12 23:00,0.15
17-12 00:00,0.12142857142857141
17-12 01:00,0.1261904761904762
17-12 02:00,0.1523809523809524
17-12 03:00,0.14285714285714285
17-12 04:00,0.15476190476190477
17-12 05:00,0.20714285714285713
17-12 06:00,0.28809523809523807
17-12 07:00,0.24761904761904763
17-12 08:00,0.22857142857142856
17-12 09:00,0.21904761904761902
17-12 10:00,0.20476190476190476
17-12 11:00,0.19761904761904764
17-12 12:00,0.18571428571428572
17-12 13:00,0.1738095238095238
17-12 14:00,0.1738095238095238
17-12 15:00,0.20476190476190476
17-12 16:00,0.22380952380952382
17-12 17:00,0.2261904761904762
17-12 18:00,0.23095238095238094
17-12 19:00,0.25476190476190474
17-12 20:00,0.2357142857142857
17-12 21:00,0.24523809523809526
17-12 22:00,0.21428571428571427
17-12 23:00,0.18333333333333335
18-12 00:00,0.19047619047619047
18-12 01:00,0.1880952380952381
18-12 02:00,0.18571428571428572
18-12 03:00,0.18095238095238095
18-12 04:00,0.1952380952380952
18-12 05:00,0.3047619047619048
18-12 06:00,0.430952380952381
18-12 07:00,0.38333333333333336
18-12 08:00,0.33809523809523806
18-12 09:00,0.3261904761904762
18-12 10:00,0.3595238095238095
18-12 11:00,0.29285714285714287
18-12 12:00,0.28809523809523807
18-12 13:00,0.30238095238095236
18-12 14:00,0.2690476190476191
18-12 15:00,0.30714285714285716
18-12 16:00,0.29047619047619044
18-12 17:00,0.2976190476190476
18-12 18:00,0.30714285714285716
18-12 19:00,0.3238095238095238
18-12 20:00,0.30238095238095236
18-12 21:00,0.32142857142857145
18-12 22:00,0.22857142857142856
18-12 23:00,0.2
19-12 00:00,0.18333333333333335
19-12 01:00,0.1738095238095238
19-12 02:00,0.19047619047619047
19-12 03:00,0.18095238095238095
19-12 04:00,0.19047619047619047
19-12 05:00,0.2976190476190476
19-12 06:00,0.3666666666666667
19-12 07:00,0.38333333333333336
19-12 08:00,0.29047619047619044
19-12 09:00,0.2619047619047619
19-12 10:00,0.27142857142857146
19-12 11:00,0.3
19-12 12:00,0.27142857142857146
19-12 13:00,0.2619047619047619
19-12 14:00,0.25952380952380955
19-12 15:00,0.2761904761904762
19-12 16:00,0.2690476190476191
19-12 17:00,0.2761904761904762
19-12 18:00,0.3047619047619048
19-12 19:00,0.3119047619047619
19-12 20:00,0.30952380952380953
19-12 21:00,0.3238095238095238
19-12 22:00,0.21428571428571427
19-12 23:00,0.20238095238095238
20-12 00:00,0.21428571428571427
20-12 01:00,0.19761904761904764
20-12 02:00,0.20952380952380953
20-12 03:00,0.24523809523809526
20-12 04:00,0.24047619047619045
20-12 05:00,0.3523809523809524
20-12 06:00,0.4642857142857143
20-12 07:00,0.43809523809523804
20-12 08:00,0.38333333333333336
20-12 09:00,0.35714285714285715
20-12 10:00,0.3738095238095238
20-12 11:00,0.37142857142857144
20-12 12:00,0.3666666666666667
20-12 13:00,0.3119047619047619
20-12 14:00,0.3238095238095238
20-12 15:00,0.35
20-12 16:00,0.37857142857142856
20-12 17:00,0.37142857142857144
20-12 18:00,0.40476190476190477
20-12 19:00,0.45952380952380956
20-12 20:00,0.4238095238095238
20-12 21:00,0.43809523809523804
20-12 22:00,0.3547619047619048
20-12 23:00,0.2857142857142857
21-12 00:00,0.32142857142857145
21-12 01:00,0.32142857142857145
21-12 02:00,0.32857142857142857
21-12 03:00,0.3547619047619048
21-12 04:00,0.3523809523809524
21-12 05:00,0.4714285714285714
21-12 06:00,0.6214285714285714
21-12 07:00,0.5833333333333334
21-12 08:00,0.5904761904761905
21-12 09:00,0.5214285714285714
21-12 10:00,0.4880952380952381
21-12 11:00,0.5142857142857143
21-12 12:00,0.4809523809523809
21-12 13:00,0.4904761904761905
21-12 14:00,0.5380952380952382
21-12 15:00,0.49523809523809526
21-12 16:00,0.48571428571428565
21-12 17:00,0.5214285714285714
21-12 18:00,0.5095238095238095
21-12 19:00,0.5547619047619048
21-12 20:00,0.6071428571428571
21-12 21:00,0.5976190476190476
21-12 22:00,0.41428571428571426
21-12 23:00,0.36904761904761907
22-12 00:00,0.3738095238095238
22-12 01:00,0.39285714285714285
22-12 02:00,0.36904761904761907
22-12 03:00,0.3880952380952381
22-12 04:00,0.4666666666666667
22-12 05:00,0.6047619047619047
22-12 06:00,0.7166666666666667
22-12 07:00,0.6761904761904761
22-12 08:00,0.5809523809523809
22-12 09:00,0.5666666666666667
22-12 10:00,0.5666666666666667
22-12 11:00,0.5761904761904761
22-12 12:00,0.5214285714285714
22-12 13:00,0.49761904761904757
22-12 14:00,0.5047619047619047
22-12 15:00,0.5404761904761904
22-12 16:00,0.5380952380952382
22-12 17:00,0.5357142857142857
22-12 18:00,0.5904761904761905
22-12 19:00,0.5952380952380952
22-12 20:00,0.6071428571428571
22-12 21:00,0.6238095238095238
22-12 22:00,0.4071428571428572
22-12 23:00,0.3738095238095238
23-12 00:00,0.3
23-12 01:00,0.30238095238095236
23-12 02:00,0.30952380952380953
23-12 03:00,0.3261904761904762
23-12 04:00,0.35
23-12 05:00,0.4904761904761905
23-12 06:00,0.5976190476190476
23-12 07:00,0.6071428571428571
23-12 08:00,0.5619047619047619
23-12 09:00,0.4928571428571428
23-12 10:00,0.48571428571428565
23-12 11:00,0.4523809523809524
23-12 12:00,0.36904761904761907
23-12 13:00,0.3357142857142857
23-12 14:00,0.3190476190476191
23-12 15:00,0.33809523809523806
23-12 16:00,0.35714285714285715
23-12 17:00,0.4
23-12 18:00,0.3642857142857143
23-12 19:00,0.3523809523809524
23-12 20:00,0.3357142857142857
23-12 21:00,0.3904761904761904
23-12 22:00,0.24285714285714283
23-12 23:00,0.20476190476190476
24-12 00:00,0.14761904761904762
24-12 01:00,0.14761904761904762
24-12 02:00,0.15476190476190477
24-12 03:00,0.15714285714285714
24-12 04:00,0.17142857142857143
24-12 05:00,0.19761904761904764
24-12 06:00,0.24285714285714283
24-12 07:00,0.24047619047619045
24-12 08:00,0.2642857142857143
24-12 09:00,0.25
24-12 10:00,0.23095238095238094
24-12 11:00,0.25952380952380955
24-12 12:00,0.2261904761904762
24-12 13:00,0.1952380952380952
24-12 14:00,0.18095238095238095
24-12 15:00,0.20238095238095238
24-12 16:00,0.19761904761904764
24-12 17:00,0.2
24-12 18:00,0.21428571428571427
24-12 19:00,0.20238095238095238
24-12 20:00,0.21904761904761902
24-12 21:00,0.21666666666666665
24-12 22:00,0.14761904761904762
24-12 23:00,0.1285714285714286
25-12 00:00,0.12380952380952381
25-12 01:00,0.12380952380952381
25-12 02:00,0.1261904761904762
25-12 03:00,0.14285714285714285
25-12 04:00,0.1380952380952381
25-12 05:00,0.22380952380952382
25-12 06:00,0.3166666666666667
25-12 07:00,0.3261904761904762
25-12 08:00,0.32142857142857145
25-12 09:00,0.29047619047619044
25-12 10:00,0.2761904761904762
25-12 11:00,0.24047619047619045
25-12 12:00,0.20952380952380953
25-12 13:00,0.18095238095238095
25-12 14:00,0.18095238095238095
25-12 15:00,0.20714285714285713
25-12 16:00,0.23809523809523808
25-12 17:00,0.2761904761904762
25-12 18:00,0.2976190476190476
25-12 19:00,0.30238095238095236
25-12 20:00,0.3190476190476191
25-12 21:00,0.32142857142857145
25-12 22:00,0.21666666666666665
25-12 23:00,0.2523809523809524
26-12 00:00,0.24047619047619045
26-12 01:00,0.24761904761904763
26-12 02:00,0.2571428571428572
26-12 03:00,0.27142857142857146
26-12 04:00,0.25476190476190474
26-12 05:00,0.3238095238095238
26-12 06:00,0.44761904761904764
26-12 07:00,0.41428571428571426
26-12 08:00,0.44047619047619047
26-12 09:00,0.43809523809523804
26-12 10:00,0.3238095238095238
26-12 11:00,0.30952380952380953
26-12 12:00,0.24523809523809526
26-12 13:00,0.27142857142857146
26-12 14:00,0.2690476190476191
26-12 15:00,0.24523809523809526
26-12 16:00,0.24523809523809526
26-12 17:00,0.26666666666666666
26-12 18:00,0.2690476190476191
26-12 19:00,0.28095238095238095
26-12 20:00,0.2761904761904762
26-12 21:00,0.2690476190476191
26-12 22:00,0.1738095238095238
26-12 23:00,0.14047619047619048
27-12 00:00,0.18571428571428572
27-12 01:00,0.14523809523809522
27-12 02:00,0.13571428571428573
27-12 03:00,0.15
27-12 04:00,0.15952380952380954
27-12 05:00,0.24285714285714283
27-12 06:00,0.30714285714285716
27-12 07:00,0.32142857142857145
27-12 08:00,0.27142857142857146
27-12 09:00,0.27380952380952384
27-12 10:00,0.27142857142857146
27-12 11:00,0.2261904761904762
27-12 12:00,0.18095238095238095
27-12 13:00,0.18095238095238095
27-12 14:00,0.1761904761904762
27-12 15:00,0.17857142857142858
27-12 16:00,0.15476190476190477
27-12 17:00,0.19285714285714284
27-12 18:00,0.24761904761904763
27-12 19:00,0.24285714285714283
27-12 20:00,0.27380952380952384
27-12 21:00,0.25
27-12 22:00,0.1619047619047619
27-12 23:00,0.13095238095238096
28-12 00:00,0.0976190476190476
28-12 01:00,0.09523809523809523
28-12 02:00,0.09285714285714286
28-12 03:00,0.09285714285714286
28-12 04:00,0.06904761904761905
28-12 05:00,0.09285714285714286
28-12 06:00,0.12142857142857141
28-12 07:00,0.1
28-12 08:00,0.09047619047619047
28-12 09:00,0.08095238095238096
28-12 10:00,0.054761904761904755
28-12 11:00,0.04523809523809524
28-12 12:00,0.0380952380952381
28-12 13:00,0.0380952380952381
28-12 14:00,0.0380952380952381
28-12 15:00,0.0380952380952381
28-12 16:00,0.04047619047619048
28-12 17:00,0.04523809523809524
28-12 18:00,0.05
28-12 19:00,0.06904761904761905
28-12 20:00,0.0976190476190476
28-12 21:00,0.06904761904761905
28-12 22:00,0.05714285714285714
28-12 23:00,0.047619047619047616
29-12 00:00,0.07857142857142857
29-12 01:00,0.10476190476190476
29-12 02:00,0.10476190476190476
29-12 03:00,0.12380952380952381
29-12 04:00,0.1380952380952381
29-12 05:00,0.18333333333333335
29-12 06:00,0.21666666666666665
29-12 07:00,0.2119047619047619
29-12 08:00,0.19761904761904764
29-12 09:00,0.1380952380952381
29-12 10:00,0.14761904761904762
29-12 11:00,0.09523809523809523
29-12 12:00,0.0880952380952381
29-12 13:00,0.08095238095238096
29-12 14:00,0.06666666666666667
29-12 15:00,0.06666666666666667
29-12 16:00,0.06904761904761905
29-12 17:00,0.07380952380952381
29-12 18:00,0.0976190476190476
29-12 19:00,0.08095238095238096
29-12 20:00,0.07857142857142857
29-12 21:00,0.0976190476190476
29-12 22:00,0.06904761904761905
29-12 23:00,0.08333333333333333
30-12 00:00,0.06190476190476191
30-12 01:00,0.06904761904761905
30-12 02:00,0.0642857142857143
30-12 03:00,0.0976190476190476
30-12 04:00,0.06904761904761905
30-12 05:00,0.08571428571428572
30-12 06:00,0.10476190476190476
30-12 07:00,0.11190476190476191
30-12 08:00,0.14047619047619048
30-12 09:00,0.13333333333333333
30-12 10:00,0.09523809523809523
30-12 11:00,0.07142857142857142
30-12 12:00,0.05952380952380952
30-12 13:00,0.05714285714285714
30-12 14:00,0.047619047619047616
30-12 15:00,0.04523809523809524
30-12 16:00,0.05238095238095238
30-12 17:00,0.05238095238095238
30-12 18:00,0.05
30-12 19:00,0.05238095238095238
30-12 20:00,0.05952380952380952
30-12 21:00,0.05238095238095238
30-12 22:00,0.05238095238095238
30-12 23:00,0.04285714285714286
31-12 00:00,0.05238095238095238
31-12 01:00,0.047619047619047616
31-12 02:00,0.04523809523809524
31-12 03:00,0.047619047619047616
31-12 04:00,0.08095238095238096
31-12 05:00,0.1
31-12 06:00,0.10238095238095238
31-12 07:00,0.10476190476190476
31-12 08:00,0.10952380952380951
31-12 09:00,0.11666666666666667
31-12 10:00,0.11190476190476191
31-12 11:00,0.10476190476190476
31-12 12:00,0.09285714285714286
31-12 13:00,0.09047619047619047
31-12 14:00,0.08571428571428572
31-12 15:00,0.10476190476190476
31-12 16:00,0.10714285714285714
31-12 17:00,0.14523809523809522
31-12 18:00,0.1523809523809524
31-12 19:00,0.12142857142857141
31-12 20:00,0.15
31-12 21:00,0.14047619047619048
31-12 22:00,0.14523809523809522
31-12 23:00,0.14285714285714285
